diputado_id,74,803,815,917,948,953,971,973,975,976,990,991,999,1002,1003,1009,1012,1013,1016,1017,1019,1021,1022,1025,1028,1030,1034,1035,1036,1037,1038,1040,1044,1046,1048,1049,1050,1054,1056,1057,1058,1059,1062,1065,1067,1068,1073,1076,1077,1081,1082,1086,1087,1094,1096,1097,1098,1099,1100,1101,1102,1103,1104,1105,1106,1107,1108,1109,1110,1111,1112,1113,1114,1115,1116,1117,1118,1119,1120,1121,1122,1123,1124,1125,1126,1127,1128,1129,1131,1132,1133,1135,1136,1137,1138,1139,1140,1142,1143,1144,1146,1147,1148,1149,1150,1151,1153,1154,1155,1156,1158,1159,1160,1161,1162,1163,1164,1165,1166,1167,1168,1169,1170,1171,1172,1173,1174,1175,1176,1177,1178,1179,1180,1182,1183
74,0.0,0.0,1.0,1.0,0.0,0.16666666666666663,0.16666666666666663,0.0,0.0,1.0,0.0,0.0,0.16666666666666663,0.0,1.0,1.0,0.0,0.0,0.0,0.9166666666666666,0.33333333333333337,0.16666666666666663,1.0,1.0,1.0,1.0,0.0,0.0,0.0,0.0,0.0,1.0,0.0,0.16666666666666663,0.0,0.0,0.16666666666666663,0.5,0.0,0.0,0.0,0.16666666666666663,0.0,1.0,0.16666666666666663,0.0,0.0,0.0,0.0,0.25,1.0,0.0,0.0,0.9166666666666666,0.0,0.0,0.9166666666666666,0.0,1.0,0.0,0.9166666666666666,0.0,1.0,0.0,0.5,0.0,0.16666666666666663,1.0,0.0,1.0,0.0,1.0,0.0,0.0,0.0,0.0,0.0,0.33333333333333337,0.16666666666666663,1.0,0.0,1.0,0.0,0.0,1.0,0.0,0.0,0.0,0.9166666666666666,0.41666666666666663,1.0,1.0,0.33333333333333337,0.0,0.9166666666666666,1.0,1.0,0.0,0.8333333333333334,1.0,1.0,0.0,0.0,0.16666666666666663,1.0,0.0,0.0,1.0,0.08333333333333337,0.0,1.0,0.0,0.0,0.0,0.0,0.25,0.0,1.0,0.16666666666666663,0.0,0.0,0.0,1.0,0.0,1.0,0.0,1.0,0.0,1.0,0.0,0.0,0.0,0.0,0.0,1.0
803,0.0,0.0,1.0,0.9230769230769231,0.07692307692307687,0.23076923076923073,0.23076923076923073,0.0,0.07692307692307687,0.9230769230769231,0.0,0.07692307692307687,0.23076923076923073,0.0,0.9230769230769231,0.9230769230769231,0.07692307692307687,0.07692307692307687,0.07692307692307687,0.9166666666666666,0.3076923076923077,0.16666666666666663,1.0,0.9230769230769231,1.0,1.0,0.07692307692307687,0.07692307692307687,0.07692307692307687,0.07692307692307687,0.07692307692307687,1.0,0.07692307692307687,0.23076923076923073,0.07692307692307687,0.07692307692307687,0.16666666666666663,0.5384615384615384,0.07692307692307687,0.07692307692307687,0.0,0.23076923076923073,0.07692307692307687,0.9230769230769231,0.23076923076923073,0.07692307692307687,0.07692307692307687,0.0,0.0,0.3076923076923077,1.0,0.0,0.07692307692307687,0.8461538461538461,0.07692307692307687,0.07692307692307687,0.9230769230769231,0.07692307692307687,0.9230769230769231,0.07692307692307687,0.9166666666666666,0.07692307692307687,0.9230769230769231,0.07692307692307687,0.5384615384615384,0.0,0.23076923076923073,0.9230769230769231,0.07692307692307687,1.0,0.0,0.9230769230769231,0.07692307692307687,0.0,0.07692307692307687,0.07692307692307687,0.07692307692307687,0.3846153846153846,0.23076923076923073,0.9230769230769231,0.07692307692307687,0.9230769230769231,0.0,0.07692307692307687,1.0,0.07692307692307687,0.07692307692307687,0.07692307692307687,0.9230769230769231,0.46153846153846156,0.9230769230769231,1.0,0.3846153846153846,0.0,0.9166666666666666,1.0,1.0,0.07692307692307687,0.7692307692307692,1.0,0.9230769230769231,0.07692307692307687,0.07692307692307687,0.23076923076923073,1.0,0.0,0.07692307692307687,1.0,0.15384615384615385,0.07692307692307687,1.0,0.07692307692307687,0.07692307692307687,0.07692307692307687,0.07692307692307687,0.3076923076923077,0.0,0.9230769230769231,0.23076923076923073,0.07692307692307687,0.07692307692307687,0.07692307692307687,0.9230769230769231,0.07692307692307687,0.9230769230769231,0.07692307692307687,1.0,0.07692307692307687,1.0,0.0,0.07692307692307687,0.07692307692307687,0.07692307692307687,0.07692307692307687,1.0
815,1.0,1.0,0.0,0.07692307692307687,0.9230769230769231,0.7692307692307692,0.7692307692307692,1.0,1.0,0.07692307692307687,1.0,1.0,0.8461538461538461,1.0,0.07692307692307687,0.07692307692307687,1.0,1.0,1.0,0.08333333333333337,0.7692307692307692,0.8333333333333334,0.08333333333333337,0.07692307692307687,0.46153846153846156,0.08333333333333337,1.0,1.0,1.0,1.0,1.0,0.0,1.0,0.7692307692307692,1.0,1.0,0.8333333333333334,0.9230769230769231,1.0,1.0,1.0,0.7692307692307692,1.0,0.15384615384615385,0.7692307692307692,1.0,1.0,1.0,1.0,0.7692307692307692,0.0,1.0,1.0,0.15384615384615385,1.0,1.0,0.07692307692307687,0.9230769230769231,0.07692307692307687,1.0,0.08333333333333337,1.0,0.07692307692307687,1.0,0.46153846153846156,1.0,0.7692307692307692,0.3076923076923077,1.0,0.0,1.0,0.23076923076923073,1.0,1.0,1.0,1.0,1.0,0.8461538461538461,0.7692307692307692,0.15384615384615385,1.0,0.07692307692307687,1.0,1.0,0.0,1.0,1.0,1.0,0.3846153846153846,0.6153846153846154,0.07692307692307687,0.0,0.6923076923076923,1.0,0.08333333333333337,0.0,0.0,1.0,0.23076923076923073,0.0,0.07692307692307687,1.0,1.0,0.7692307692307692,0.0,1.0,1.0,0.0,1.0,1.0,0.0,1.0,1.0,1.0,1.0,0.6923076923076923,1.0,0.07692307692307687,0.8461538461538461,1.0,1.0,1.0,0.07692307692307687,1.0,0.07692307692307687,1.0,0.0,0.9230769230769231,0.0,1.0,0.9230769230769231,1.0,1.0,1.0,0.0
917,1.0,0.9230769230769231,0.07692307692307687,0.0,1.0,0.8461538461538461,0.8461538461538461,1.0,1.0,0.0,1.0,1.0,0.8461538461538461,1.0,0.0,0.0,1.0,1.0,1.0,0.08333333333333337,0.6923076923076923,0.8333333333333334,0.08333333333333337,0.0,0.5384615384615384,0.08333333333333337,1.0,1.0,1.0,1.0,1.0,0.0,1.0,0.8461538461538461,1.0,1.0,0.8333333333333334,1.0,1.0,1.0,1.0,0.8461538461538461,1.0,0.07692307692307687,0.8461538461538461,1.0,1.0,1.0,1.0,0.7692307692307692,0.0,1.0,1.0,0.07692307692307687,1.0,1.0,0.15384615384615385,1.0,0.0,1.0,0.08333333333333337,1.0,0.0,1.0,0.5384615384615384,1.0,0.8461538461538461,0.23076923076923073,1.0,0.07692307692307687,1.0,0.15384615384615385,1.0,1.0,1.0,1.0,1.0,0.9230769230769231,0.8461538461538461,0.07692307692307687,1.0,0.0,1.0,1.0,0.07692307692307687,1.0,1.0,1.0,0.46153846153846156,0.6923076923076923,0.0,0.07692307692307687,0.7692307692307692,1.0,0.08333333333333337,0.07692307692307687,0.07692307692307687,1.0,0.15384615384615385,0.07692307692307687,0.0,1.0,1.0,0.8461538461538461,0.0,1.0,1.0,0.0,1.0,1.0,0.0,1.0,1.0,1.0,1.0,0.7692307692307692,1.0,0.0,0.8461538461538461,1.0,1.0,1.0,0.0,1.0,0.0,1.0,0.07692307692307687,1.0,0.07692307692307687,1.0,1.0,1.0,1.0,1.0,0.07692307692307687
948,0.0,0.07692307692307687,0.9230769230769231,1.0,0.0,0.15384615384615385,0.15384615384615385,0.0,0.07692307692307687,1.0,0.0,0.07692307692307687,0.23076923076923073,0.0,1.0,1.0,0.07692307692307687,0.07692307692307687,0.07692307692307687,0.9166666666666666,0.3846153846153846,0.16666666666666663,1.0,1.0,0.9230769230769231,1.0,0.07692307692307687,0.07692307692307687,0.07692307692307687,0.07692307692307687,0.07692307692307687,1.0,0.07692307692307687,0.15384615384615385,0.07692307692307687,0.07692307692307687,0.16666666666666663,0.46153846153846156,0.07692307692307687,0.07692307692307687,0.0,0.15384615384615385,0.07692307692307687,1.0,0.15384615384615385,0.07692307692307687,0.07692307692307687,0.0,0.0,0.3076923076923077,1.0,0.0,0.07692307692307687,0.9230769230769231,0.07692307692307687,0.07692307692307687,0.8461538461538461,0.0,1.0,0.07692307692307687,0.9166666666666666,0.07692307692307687,1.0,0.07692307692307687,0.46153846153846156,0.0,0.15384615384615385,1.0,0.07692307692307687,0.9230769230769231,0.0,1.0,0.07692307692307687,0.0,0.07692307692307687,0.07692307692307687,0.07692307692307687,0.3076923076923077,0.15384615384615385,1.0,0.07692307692307687,1.0,0.0,0.07692307692307687,0.9230769230769231,0.07692307692307687,0.07692307692307687,0.07692307692307687,0.8461538461538461,0.3846153846153846,1.0,0.9230769230769231,0.3076923076923077,0.0,0.9166666666666666,0.9230769230769231,0.9230769230769231,0.07692307692307687,0.8461538461538461,0.9230769230769231,1.0,0.07692307692307687,0.07692307692307687,0.15384615384615385,1.0,0.0,0.07692307692307687,1.0,0.15384615384615385,0.07692307692307687,1.0,0.07692307692307687,0.07692307692307687,0.07692307692307687,0.07692307692307687,0.23076923076923073,0.0,1.0,0.23076923076923073,0.07692307692307687,0.07692307692307687,0.07692307692307687,1.0,0.07692307692307687,1.0,0.07692307692307687,0.9230769230769231,0.0,0.9230769230769231,0.0,0.0,0.07692307692307687,0.07692307692307687,0.07692307692307687,0.9230769230769231
953,0.16666666666666663,0.23076923076923073,0.7692307692307692,0.8461538461538461,0.15384615384615385,0.0,0.0,0.16666666666666663,0.23076923076923073,0.8461538461538461,0.16666666666666663,0.23076923076923073,0.07692307692307687,0.16666666666666663,0.8461538461538461,0.8461538461538461,0.23076923076923073,0.23076923076923073,0.23076923076923073,0.75,0.23076923076923073,0.0,0.8333333333333334,0.8461538461538461,0.7692307692307692,0.8333333333333334,0.23076923076923073,0.23076923076923073,0.23076923076923073,0.23076923076923073,0.23076923076923073,0.8333333333333334,0.23076923076923073,0.0,0.23076923076923073,0.23076923076923073,0.0,0.46153846153846156,0.23076923076923073,0.23076923076923073,0.16666666666666663,0.0,0.23076923076923073,0.8461538461538461,0.0,0.23076923076923073,0.23076923076923073,0.16666666666666663,0.16666666666666663,0.15384615384615385,0.8333333333333334,0.16666666666666663,0.23076923076923073,0.7692307692307692,0.23076923076923073,0.23076923076923073,0.6923076923076923,0.15384615384615385,0.8461538461538461,0.23076923076923073,0.75,0.23076923076923073,0.8461538461538461,0.23076923076923073,0.3076923076923077,0.16666666666666663,0.0,0.8461538461538461,0.23076923076923073,0.7692307692307692,0.16666666666666663,0.8461538461538461,0.23076923076923073,0.16666666666666663,0.23076923076923073,0.23076923076923073,0.23076923076923073,0.23076923076923073,0.0,0.8461538461538461,0.23076923076923073,0.8461538461538461,0.16666666666666663,0.23076923076923073,0.7692307692307692,0.23076923076923073,0.23076923076923073,0.23076923076923073,0.6923076923076923,0.23076923076923073,0.8461538461538461,0.7692307692307692,0.15384615384615385,0.16666666666666663,0.75,0.7692307692307692,0.7692307692307692,0.23076923076923073,0.6923076923076923,0.7692307692307692,0.8461538461538461,0.23076923076923073,0.23076923076923073,0.0,0.8333333333333334,0.16666666666666663,0.23076923076923073,0.8333333333333334,0.23076923076923073,0.23076923076923073,0.8333333333333334,0.23076923076923073,0.23076923076923073,0.23076923076923073,0.23076923076923073,0.07692307692307687,0.16666666666666663,0.8461538461538461,0.3846153846153846,0.23076923076923073,0.23076923076923073,0.23076923076923073,0.8461538461538461,0.23076923076923073,0.8461538461538461,0.23076923076923073,0.7692307692307692,0.15384615384615385,0.7692307692307692,0.16666666666666663,0.15384615384615385,0.23076923076923073,0.23076923076923073,0.23076923076923073,0.7692307692307692
971,0.16666666666666663,0.23076923076923073,0.7692307692307692,0.8461538461538461,0.15384615384615385,0.0,0.0,0.16666666666666663,0.23076923076923073,0.8461538461538461,0.16666666666666663,0.23076923076923073,0.07692307692307687,0.16666666666666663,0.8461538461538461,0.8461538461538461,0.23076923076923073,0.23076923076923073,0.23076923076923073,0.75,0.23076923076923073,0.0,0.8333333333333334,0.8461538461538461,0.7692307692307692,0.8333333333333334,0.23076923076923073,0.23076923076923073,0.23076923076923073,0.23076923076923073,0.23076923076923073,0.8333333333333334,0.23076923076923073,0.0,0.23076923076923073,0.23076923076923073,0.0,0.46153846153846156,0.23076923076923073,0.23076923076923073,0.16666666666666663,0.0,0.23076923076923073,0.8461538461538461,0.0,0.23076923076923073,0.23076923076923073,0.16666666666666663,0.16666666666666663,0.15384615384615385,0.8333333333333334,0.16666666666666663,0.23076923076923073,0.7692307692307692,0.23076923076923073,0.23076923076923073,0.6923076923076923,0.15384615384615385,0.8461538461538461,0.23076923076923073,0.75,0.23076923076923073,0.8461538461538461,0.23076923076923073,0.3076923076923077,0.16666666666666663,0.0,0.8461538461538461,0.23076923076923073,0.7692307692307692,0.16666666666666663,0.8461538461538461,0.23076923076923073,0.16666666666666663,0.23076923076923073,0.23076923076923073,0.23076923076923073,0.23076923076923073,0.0,0.8461538461538461,0.23076923076923073,0.8461538461538461,0.16666666666666663,0.23076923076923073,0.7692307692307692,0.23076923076923073,0.23076923076923073,0.23076923076923073,0.6923076923076923,0.23076923076923073,0.8461538461538461,0.7692307692307692,0.15384615384615385,0.16666666666666663,0.75,0.7692307692307692,0.7692307692307692,0.23076923076923073,0.6923076923076923,0.7692307692307692,0.8461538461538461,0.23076923076923073,0.23076923076923073,0.0,0.8333333333333334,0.16666666666666663,0.23076923076923073,0.8333333333333334,0.23076923076923073,0.23076923076923073,0.8333333333333334,0.23076923076923073,0.23076923076923073,0.23076923076923073,0.23076923076923073,0.07692307692307687,0.16666666666666663,0.8461538461538461,0.3846153846153846,0.23076923076923073,0.23076923076923073,0.23076923076923073,0.8461538461538461,0.23076923076923073,0.8461538461538461,0.23076923076923073,0.7692307692307692,0.15384615384615385,0.7692307692307692,0.16666666666666663,0.15384615384615385,0.23076923076923073,0.23076923076923073,0.23076923076923073,0.7692307692307692
973,0.0,0.0,1.0,1.0,0.0,0.16666666666666663,0.16666666666666663,0.0,0.0,1.0,0.0,0.0,0.16666666666666663,0.0,1.0,1.0,0.0,0.0,0.0,0.9166666666666666,0.33333333333333337,0.16666666666666663,1.0,1.0,1.0,1.0,0.0,0.0,0.0,0.0,0.0,1.0,0.0,0.16666666666666663,0.0,0.0,0.16666666666666663,0.5,0.0,0.0,0.0,0.16666666666666663,0.0,1.0,0.16666666666666663,0.0,0.0,0.0,0.0,0.25,1.0,0.0,0.0,0.9166666666666666,0.0,0.0,0.9166666666666666,0.0,1.0,0.0,0.9166666666666666,0.0,1.0,0.0,0.5,0.0,0.16666666666666663,1.0,0.0,1.0,0.0,1.0,0.0,0.0,0.0,0.0,0.0,0.33333333333333337,0.16666666666666663,1.0,0.0,1.0,0.0,0.0,1.0,0.0,0.0,0.0,0.9166666666666666,0.41666666666666663,1.0,1.0,0.33333333333333337,0.0,0.9166666666666666,1.0,1.0,0.0,0.8333333333333334,1.0,1.0,0.0,0.0,0.16666666666666663,1.0,0.0,0.0,1.0,0.08333333333333337,0.0,1.0,0.0,0.0,0.0,0.0,0.25,0.0,1.0,0.16666666666666663,0.0,0.0,0.0,1.0,0.0,1.0,0.0,1.0,0.0,1.0,0.0,0.0,0.0,0.0,0.0,1.0
975,0.0,0.07692307692307687,1.0,1.0,0.07692307692307687,0.23076923076923073,0.23076923076923073,0.0,0.0,1.0,0.0,0.0,0.15384615384615385,0.0,1.0,1.0,0.0,0.0,0.0,0.9166666666666666,0.3846153846153846,0.16666666666666663,1.0,1.0,1.0,1.0,0.0,0.0,0.0,0.0,0.0,1.0,0.0,0.23076923076923073,0.0,0.0,0.16666666666666663,0.5384615384615384,0.0,0.0,0.0,0.23076923076923073,0.0,1.0,0.23076923076923073,0.0,0.0,0.0,0.0,0.23076923076923073,1.0,0.0,0.0,0.9230769230769231,0.0,0.0,0.9230769230769231,0.07692307692307687,1.0,0.0,0.9166666666666666,0.0,1.0,0.0,0.5384615384615384,0.0,0.23076923076923073,1.0,0.0,1.0,0.0,1.0,0.0,0.0,0.0,0.0,0.0,0.3846153846153846,0.23076923076923073,1.0,0.0,1.0,0.0,0.0,1.0,0.0,0.0,0.0,0.9230769230769231,0.46153846153846156,1.0,1.0,0.3846153846153846,0.0,0.9166666666666666,1.0,1.0,0.0,0.8461538461538461,1.0,1.0,0.0,0.0,0.23076923076923073,1.0,0.0,0.0,1.0,0.07692307692307687,0.0,1.0,0.0,0.0,0.0,0.0,0.3076923076923077,0.0,1.0,0.15384615384615385,0.0,0.0,0.0,1.0,0.0,1.0,0.0,1.0,0.07692307692307687,1.0,0.0,0.07692307692307687,0.0,0.0,0.0,1.0
976,1.0,0.9230769230769231,0.07692307692307687,0.0,1.0,0.8461538461538461,0.8461538461538461,1.0,1.0,0.0,1.0,1.0,0.8461538461538461,1.0,0.0,0.0,1.0,1.0,1.0,0.08333333333333337,0.6923076923076923,0.8333333333333334,0.08333333333333337,0.0,0.5384615384615384,0.08333333333333337,1.0,1.0,1.0,1.0,1.0,0.0,1.0,0.8461538461538461,1.0,1.0,0.8333333333333334,1.0,1.0,1.0,1.0,0.8461538461538461,1.0,0.07692307692307687,0.8461538461538461,1.0,1.0,1.0,1.0,0.7692307692307692,0.0,1.0,1.0,0.07692307692307687,1.0,1.0,0.15384615384615385,1.0,0.0,1.0,0.08333333333333337,1.0,0.0,1.0,0.5384615384615384,1.0,0.8461538461538461,0.23076923076923073,1.0,0.07692307692307687,1.0,0.15384615384615385,1.0,1.0,1.0,1.0,1.0,0.9230769230769231,0.8461538461538461,0.07692307692307687,1.0,0.0,1.0,1.0,0.07692307692307687,1.0,1.0,1.0,0.46153846153846156,0.6923076923076923,0.0,0.07692307692307687,0.7692307692307692,1.0,0.08333333333333337,0.07692307692307687,0.07692307692307687,1.0,0.15384615384615385,0.07692307692307687,0.0,1.0,1.0,0.8461538461538461,0.0,1.0,1.0,0.0,1.0,1.0,0.0,1.0,1.0,1.0,1.0,0.7692307692307692,1.0,0.0,0.8461538461538461,1.0,1.0,1.0,0.0,1.0,0.0,1.0,0.07692307692307687,1.0,0.07692307692307687,1.0,1.0,1.0,1.0,1.0,0.07692307692307687
990,0.0,0.0,1.0,1.0,0.0,0.16666666666666663,0.16666666666666663,0.0,0.0,1.0,0.0,0.0,0.16666666666666663,0.0,1.0,1.0,0.0,0.0,0.0,0.9166666666666666,0.33333333333333337,0.16666666666666663,1.0,1.0,1.0,1.0,0.0,0.0,0.0,0.0,0.0,1.0,0.0,0.16666666666666663,0.0,0.0,0.16666666666666663,0.5,0.0,0.0,0.0,0.16666666666666663,0.0,1.0,0.16666666666666663,0.0,0.0,0.0,0.0,0.25,1.0,0.0,0.0,0.9166666666666666,0.0,0.0,0.9166666666666666,0.0,1.0,0.0,0.9166666666666666,0.0,1.0,0.0,0.5,0.0,0.16666666666666663,1.0,0.0,1.0,0.0,1.0,0.0,0.0,0.0,0.0,0.0,0.33333333333333337,0.16666666666666663,1.0,0.0,1.0,0.0,0.0,1.0,0.0,0.0,0.0,0.9166666666666666,0.41666666666666663,1.0,1.0,0.33333333333333337,0.0,0.9166666666666666,1.0,1.0,0.0,0.8333333333333334,1.0,1.0,0.0,0.0,0.16666666666666663,1.0,0.0,0.0,1.0,0.08333333333333337,0.0,1.0,0.0,0.0,0.0,0.0,0.25,0.0,1.0,0.16666666666666663,0.0,0.0,0.0,1.0,0.0,1.0,0.0,1.0,0.0,1.0,0.0,0.0,0.0,0.0,0.0,1.0
991,0.0,0.07692307692307687,1.0,1.0,0.07692307692307687,0.23076923076923073,0.23076923076923073,0.0,0.0,1.0,0.0,0.0,0.15384615384615385,0.0,1.0,1.0,0.0,0.0,0.0,0.9166666666666666,0.3846153846153846,0.16666666666666663,1.0,1.0,1.0,1.0,0.0,0.0,0.0,0.0,0.0,1.0,0.0,0.23076923076923073,0.0,0.0,0.16666666666666663,0.5384615384615384,0.0,0.0,0.0,0.23076923076923073,0.0,1.0,0.23076923076923073,0.0,0.0,0.0,0.0,0.23076923076923073,1.0,0.0,0.0,0.9230769230769231,0.0,0.0,0.9230769230769231,0.07692307692307687,1.0,0.0,0.9166666666666666,0.0,1.0,0.0,0.5384615384615384,0.0,0.23076923076923073,1.0,0.0,1.0,0.0,1.0,0.0,0.0,0.0,0.0,0.0,0.3846153846153846,0.23076923076923073,1.0,0.0,1.0,0.0,0.0,1.0,0.0,0.0,0.0,0.9230769230769231,0.46153846153846156,1.0,1.0,0.3846153846153846,0.0,0.9166666666666666,1.0,1.0,0.0,0.8461538461538461,1.0,1.0,0.0,0.0,0.23076923076923073,1.0,0.0,0.0,1.0,0.07692307692307687,0.0,1.0,0.0,0.0,0.0,0.0,0.3076923076923077,0.0,1.0,0.15384615384615385,0.0,0.0,0.0,1.0,0.0,1.0,0.0,1.0,0.07692307692307687,1.0,0.0,0.07692307692307687,0.0,0.0,0.0,1.0
999,0.16666666666666663,0.23076923076923073,0.8461538461538461,0.8461538461538461,0.23076923076923073,0.07692307692307687,0.07692307692307687,0.16666666666666663,0.15384615384615385,0.8461538461538461,0.16666666666666663,0.15384615384615385,0.0,0.16666666666666663,0.8461538461538461,0.8461538461538461,0.15384615384615385,0.15384615384615385,0.15384615384615385,0.75,0.23076923076923073,0.0,0.8333333333333334,0.8461538461538461,0.8461538461538461,0.8333333333333334,0.15384615384615385,0.15384615384615385,0.15384615384615385,0.15384615384615385,0.15384615384615385,0.8333333333333334,0.15384615384615385,0.07692307692307687,0.15384615384615385,0.15384615384615385,0.0,0.5384615384615384,0.15384615384615385,0.15384615384615385,0.16666666666666663,0.07692307692307687,0.15384615384615385,0.8461538461538461,0.07692307692307687,0.15384615384615385,0.15384615384615385,0.16666666666666663,0.16666666666666663,0.07692307692307687,0.8333333333333334,0.16666666666666663,0.15384615384615385,0.7692307692307692,0.15384615384615385,0.15384615384615385,0.7692307692307692,0.23076923076923073,0.8461538461538461,0.15384615384615385,0.75,0.15384615384615385,0.8461538461538461,0.15384615384615385,0.3846153846153846,0.16666666666666663,0.07692307692307687,0.8461538461538461,0.15384615384615385,0.8461538461538461,0.16666666666666663,0.8461538461538461,0.15384615384615385,0.16666666666666663,0.15384615384615385,0.15384615384615385,0.15384615384615385,0.3076923076923077,0.07692307692307687,0.8461538461538461,0.15384615384615385,0.8461538461538461,0.16666666666666663,0.15384615384615385,0.8461538461538461,0.15384615384615385,0.15384615384615385,0.15384615384615385,0.7692307692307692,0.3076923076923077,0.8461538461538461,0.8461538461538461,0.23076923076923073,0.16666666666666663,0.75,0.8461538461538461,0.8461538461538461,0.15384615384615385,0.6923076923076923,0.8461538461538461,0.8461538461538461,0.15384615384615385,0.15384615384615385,0.07692307692307687,0.8333333333333334,0.16666666666666663,0.15384615384615385,0.8333333333333334,0.15384615384615385,0.15384615384615385,0.8333333333333334,0.15384615384615385,0.15384615384615385,0.15384615384615385,0.15384615384615385,0.15384615384615385,0.16666666666666663,0.8461538461538461,0.3076923076923077,0.15384615384615385,0.15384615384615385,0.15384615384615385,0.8461538461538461,0.15384615384615385,0.8461538461538461,0.15384615384615385,0.8461538461538461,0.23076923076923073,0.8461538461538461,0.16666666666666663,0.23076923076923073,0.15384615384615385,0.15384615384615385,0.15384615384615385,0.8461538461538461
1002,0.0,0.0,1.0,1.0,0.0,0.16666666666666663,0.16666666666666663,0.0,0.0,1.0,0.0,0.0,0.16666666666666663,0.0,1.0,1.0,0.0,0.0,0.0,0.9166666666666666,0.33333333333333337,0.16666666666666663,1.0,1.0,1.0,1.0,0.0,0.0,0.0,0.0,0.0,1.0,0.0,0.16666666666666663,0.0,0.0,0.16666666666666663,0.5,0.0,0.0,0.0,0.16666666666666663,0.0,1.0,0.16666666666666663,0.0,0.0,0.0,0.0,0.25,1.0,0.0,0.0,0.9166666666666666,0.0,0.0,0.9166666666666666,0.0,1.0,0.0,0.9166666666666666,0.0,1.0,0.0,0.5,0.0,0.16666666666666663,1.0,0.0,1.0,0.0,1.0,0.0,0.0,0.0,0.0,0.0,0.33333333333333337,0.16666666666666663,1.0,0.0,1.0,0.0,0.0,1.0,0.0,0.0,0.0,0.9166666666666666,0.41666666666666663,1.0,1.0,0.33333333333333337,0.0,0.9166666666666666,1.0,1.0,0.0,0.8333333333333334,1.0,1.0,0.0,0.0,0.16666666666666663,1.0,0.0,0.0,1.0,0.08333333333333337,0.0,1.0,0.0,0.0,0.0,0.0,0.25,0.0,1.0,0.16666666666666663,0.0,0.0,0.0,1.0,0.0,1.0,0.0,1.0,0.0,1.0,0.0,0.0,0.0,0.0,0.0,1.0
1003,1.0,0.9230769230769231,0.07692307692307687,0.0,1.0,0.8461538461538461,0.8461538461538461,1.0,1.0,0.0,1.0,1.0,0.8461538461538461,1.0,0.0,0.0,1.0,1.0,1.0,0.08333333333333337,0.6923076923076923,0.8333333333333334,0.08333333333333337,0.0,0.5384615384615384,0.08333333333333337,1.0,1.0,1.0,1.0,1.0,0.0,1.0,0.8461538461538461,1.0,1.0,0.8333333333333334,1.0,1.0,1.0,1.0,0.8461538461538461,1.0,0.07692307692307687,0.8461538461538461,1.0,1.0,1.0,1.0,0.7692307692307692,0.0,1.0,1.0,0.07692307692307687,1.0,1.0,0.15384615384615385,1.0,0.0,1.0,0.08333333333333337,1.0,0.0,1.0,0.5384615384615384,1.0,0.8461538461538461,0.23076923076923073,1.0,0.07692307692307687,1.0,0.15384615384615385,1.0,1.0,1.0,1.0,1.0,0.9230769230769231,0.8461538461538461,0.07692307692307687,1.0,0.0,1.0,1.0,0.07692307692307687,1.0,1.0,1.0,0.46153846153846156,0.6923076923076923,0.0,0.07692307692307687,0.7692307692307692,1.0,0.08333333333333337,0.07692307692307687,0.07692307692307687,1.0,0.15384615384615385,0.07692307692307687,0.0,1.0,1.0,0.8461538461538461,0.0,1.0,1.0,0.0,1.0,1.0,0.0,1.0,1.0,1.0,1.0,0.7692307692307692,1.0,0.0,0.8461538461538461,1.0,1.0,1.0,0.0,1.0,0.0,1.0,0.07692307692307687,1.0,0.07692307692307687,1.0,1.0,1.0,1.0,1.0,0.07692307692307687
1009,1.0,0.9230769230769231,0.07692307692307687,0.0,1.0,0.8461538461538461,0.8461538461538461,1.0,1.0,0.0,1.0,1.0,0.8461538461538461,1.0,0.0,0.0,1.0,1.0,1.0,0.08333333333333337,0.6923076923076923,0.8333333333333334,0.08333333333333337,0.0,0.5384615384615384,0.08333333333333337,1.0,1.0,1.0,1.0,1.0,0.0,1.0,0.8461538461538461,1.0,1.0,0.8333333333333334,1.0,1.0,1.0,1.0,0.8461538461538461,1.0,0.07692307692307687,0.8461538461538461,1.0,1.0,1.0,1.0,0.7692307692307692,0.0,1.0,1.0,0.07692307692307687,1.0,1.0,0.15384615384615385,1.0,0.0,1.0,0.08333333333333337,1.0,0.0,1.0,0.5384615384615384,1.0,0.8461538461538461,0.23076923076923073,1.0,0.07692307692307687,1.0,0.15384615384615385,1.0,1.0,1.0,1.0,1.0,0.9230769230769231,0.8461538461538461,0.07692307692307687,1.0,0.0,1.0,1.0,0.07692307692307687,1.0,1.0,1.0,0.46153846153846156,0.6923076923076923,0.0,0.07692307692307687,0.7692307692307692,1.0,0.08333333333333337,0.07692307692307687,0.07692307692307687,1.0,0.15384615384615385,0.07692307692307687,0.0,1.0,1.0,0.8461538461538461,0.0,1.0,1.0,0.0,1.0,1.0,0.0,1.0,1.0,1.0,1.0,0.7692307692307692,1.0,0.0,0.8461538461538461,1.0,1.0,1.0,0.0,1.0,0.0,1.0,0.07692307692307687,1.0,0.07692307692307687,1.0,1.0,1.0,1.0,1.0,0.07692307692307687
1012,0.0,0.07692307692307687,1.0,1.0,0.07692307692307687,0.23076923076923073,0.23076923076923073,0.0,0.0,1.0,0.0,0.0,0.15384615384615385,0.0,1.0,1.0,0.0,0.0,0.0,0.9166666666666666,0.3846153846153846,0.16666666666666663,1.0,1.0,1.0,1.0,0.0,0.0,0.0,0.0,0.0,1.0,0.0,0.23076923076923073,0.0,0.0,0.16666666666666663,0.5384615384615384,0.0,0.0,0.0,0.23076923076923073,0.0,1.0,0.23076923076923073,0.0,0.0,0.0,0.0,0.23076923076923073,1.0,0.0,0.0,0.9230769230769231,0.0,0.0,0.9230769230769231,0.07692307692307687,1.0,0.0,0.9166666666666666,0.0,1.0,0.0,0.5384615384615384,0.0,0.23076923076923073,1.0,0.0,1.0,0.0,1.0,0.0,0.0,0.0,0.0,0.0,0.3846153846153846,0.23076923076923073,1.0,0.0,1.0,0.0,0.0,1.0,0.0,0.0,0.0,0.9230769230769231,0.46153846153846156,1.0,1.0,0.3846153846153846,0.0,0.9166666666666666,1.0,1.0,0.0,0.8461538461538461,1.0,1.0,0.0,0.0,0.23076923076923073,1.0,0.0,0.0,1.0,0.07692307692307687,0.0,1.0,0.0,0.0,0.0,0.0,0.3076923076923077,0.0,1.0,0.15384615384615385,0.0,0.0,0.0,1.0,0.0,1.0,0.0,1.0,0.07692307692307687,1.0,0.0,0.07692307692307687,0.0,0.0,0.0,1.0
1013,0.0,0.07692307692307687,1.0,1.0,0.07692307692307687,0.23076923076923073,0.23076923076923073,0.0,0.0,1.0,0.0,0.0,0.15384615384615385,0.0,1.0,1.0,0.0,0.0,0.0,0.9166666666666666,0.3846153846153846,0.16666666666666663,1.0,1.0,1.0,1.0,0.0,0.0,0.0,0.0,0.0,1.0,0.0,0.23076923076923073,0.0,0.0,0.16666666666666663,0.5384615384615384,0.0,0.0,0.0,0.23076923076923073,0.0,1.0,0.23076923076923073,0.0,0.0,0.0,0.0,0.23076923076923073,1.0,0.0,0.0,0.9230769230769231,0.0,0.0,0.9230769230769231,0.07692307692307687,1.0,0.0,0.9166666666666666,0.0,1.0,0.0,0.5384615384615384,0.0,0.23076923076923073,1.0,0.0,1.0,0.0,1.0,0.0,0.0,0.0,0.0,0.0,0.3846153846153846,0.23076923076923073,1.0,0.0,1.0,0.0,0.0,1.0,0.0,0.0,0.0,0.9230769230769231,0.46153846153846156,1.0,1.0,0.3846153846153846,0.0,0.9166666666666666,1.0,1.0,0.0,0.8461538461538461,1.0,1.0,0.0,0.0,0.23076923076923073,1.0,0.0,0.0,1.0,0.07692307692307687,0.0,1.0,0.0,0.0,0.0,0.0,0.3076923076923077,0.0,1.0,0.15384615384615385,0.0,0.0,0.0,1.0,0.0,1.0,0.0,1.0,0.07692307692307687,1.0,0.0,0.07692307692307687,0.0,0.0,0.0,1.0
1016,0.0,0.07692307692307687,1.0,1.0,0.07692307692307687,0.23076923076923073,0.23076923076923073,0.0,0.0,1.0,0.0,0.0,0.15384615384615385,0.0,1.0,1.0,0.0,0.0,0.0,0.9166666666666666,0.3846153846153846,0.16666666666666663,1.0,1.0,1.0,1.0,0.0,0.0,0.0,0.0,0.0,1.0,0.0,0.23076923076923073,0.0,0.0,0.16666666666666663,0.5384615384615384,0.0,0.0,0.0,0.23076923076923073,0.0,1.0,0.23076923076923073,0.0,0.0,0.0,0.0,0.23076923076923073,1.0,0.0,0.0,0.9230769230769231,0.0,0.0,0.9230769230769231,0.07692307692307687,1.0,0.0,0.9166666666666666,0.0,1.0,0.0,0.5384615384615384,0.0,0.23076923076923073,1.0,0.0,1.0,0.0,1.0,0.0,0.0,0.0,0.0,0.0,0.3846153846153846,0.23076923076923073,1.0,0.0,1.0,0.0,0.0,1.0,0.0,0.0,0.0,0.9230769230769231,0.46153846153846156,1.0,1.0,0.3846153846153846,0.0,0.9166666666666666,1.0,1.0,0.0,0.8461538461538461,1.0,1.0,0.0,0.0,0.23076923076923073,1.0,0.0,0.0,1.0,0.07692307692307687,0.0,1.0,0.0,0.0,0.0,0.0,0.3076923076923077,0.0,1.0,0.15384615384615385,0.0,0.0,0.0,1.0,0.0,1.0,0.0,1.0,0.07692307692307687,1.0,0.0,0.07692307692307687,0.0,0.0,0.0,1.0
1017,0.9166666666666666,0.9166666666666666,0.08333333333333337,0.08333333333333337,0.9166666666666666,0.75,0.75,0.9166666666666666,0.9166666666666666,0.08333333333333337,0.9166666666666666,0.9166666666666666,0.75,0.9166666666666666,0.08333333333333337,0.08333333333333337,0.9166666666666666,0.9166666666666666,0.9166666666666666,0.0,0.8333333333333334,0.75,0.16666666666666663,0.08333333333333337,0.5,0.16666666666666663,0.9166666666666666,0.9166666666666666,0.9166666666666666,0.9166666666666666,0.9166666666666666,0.08333333333333337,0.9166666666666666,0.75,0.9166666666666666,0.9166666666666666,0.75,0.9166666666666666,0.9166666666666666,0.9166666666666666,0.9166666666666666,0.75,0.9166666666666666,0.16666666666666663,0.75,0.9166666666666666,0.9166666666666666,0.9166666666666666,0.9166666666666666,0.6666666666666667,0.08333333333333337,0.9166666666666666,0.9166666666666666,0.16666666666666663,0.9166666666666666,0.9166666666666666,0.16666666666666663,0.9166666666666666,0.08333333333333337,0.9166666666666666,0.16666666666666663,0.9166666666666666,0.08333333333333337,0.9166666666666666,0.41666666666666663,0.9166666666666666,0.75,0.33333333333333337,0.9166666666666666,0.08333333333333337,0.9166666666666666,0.25,0.9166666666666666,0.9166666666666666,0.9166666666666666,0.9166666666666666,0.9166666666666666,0.8333333333333334,0.75,0.16666666666666663,0.9166666666666666,0.08333333333333337,0.9166666666666666,0.9166666666666666,0.08333333333333337,0.9166666666666666,0.9166666666666666,0.9166666666666666,0.41666666666666663,0.75,0.08333333333333337,0.08333333333333337,0.75,0.9166666666666666,0.16666666666666663,0.08333333333333337,0.08333333333333337,0.9166666666666666,0.25,0.08333333333333337,0.08333333333333337,0.9166666666666666,0.9166666666666666,0.75,0.08333333333333337,0.9166666666666666,0.9166666666666666,0.08333333333333337,0.9166666666666666,0.9166666666666666,0.08333333333333337,0.9166666666666666,0.9166666666666666,0.9166666666666666,0.9166666666666666,0.8333333333333334,0.9166666666666666,0.08333333333333337,0.75,0.9166666666666666,0.9166666666666666,0.9166666666666666,0.08333333333333337,0.9166666666666666,0.08333333333333337,0.9166666666666666,0.08333333333333337,0.9166666666666666,0.08333333333333337,0.9166666666666666,0.9166666666666666,0.9166666666666666,0.9166666666666666,0.9166666666666666,0.08333333333333337
1019,0.33333333333333337,0.3076923076923077,0.7692307692307692,0.6923076923076923,0.3846153846153846,0.23076923076923073,0.23076923076923073,0.33333333333333337,0.3846153846153846,0.6923076923076923,0.33333333333333337,0.3846153846153846,0.23076923076923073,0.33333333333333337,0.6923076923076923,0.6923076923076923,0.3846153846153846,0.3846153846153846,0.3846153846153846,0.8333333333333334,0.0,0.16666666666666663,0.6666666666666667,0.6923076923076923,0.7692307692307692,0.6666666666666667,0.3846153846153846,0.3846153846153846,0.3846153846153846,0.3846153846153846,0.3846153846153846,0.75,0.3846153846153846,0.23076923076923073,0.3846153846153846,0.3846153846153846,0.16666666666666663,0.6923076923076923,0.3846153846153846,0.3846153846153846,0.33333333333333337,0.23076923076923073,0.3846153846153846,0.6923076923076923,0.23076923076923073,0.3846153846153846,0.3846153846153846,0.33333333333333337,0.33333333333333337,0.23076923076923073,0.75,0.33333333333333337,0.3846153846153846,0.6153846153846154,0.3846153846153846,0.3846153846153846,0.7692307692307692,0.3846153846153846,0.6923076923076923,0.3846153846153846,0.75,0.3846153846153846,0.6923076923076923,0.3846153846153846,0.46153846153846156,0.33333333333333337,0.23076923076923073,0.6923076923076923,0.3846153846153846,0.7692307692307692,0.33333333333333337,0.6923076923076923,0.3846153846153846,0.33333333333333337,0.3846153846153846,0.3846153846153846,0.3846153846153846,0.46153846153846156,0.23076923076923073,0.6923076923076923,0.3846153846153846,0.6923076923076923,0.33333333333333337,0.3846153846153846,0.7692307692307692,0.3846153846153846,0.3846153846153846,0.3846153846153846,0.6923076923076923,0.23076923076923073,0.6923076923076923,0.7692307692307692,0.3076923076923077,0.33333333333333337,0.6666666666666667,0.7692307692307692,0.7692307692307692,0.3846153846153846,0.5384615384615384,0.7692307692307692,0.6923076923076923,0.3846153846153846,0.3846153846153846,0.23076923076923073,0.75,0.33333333333333337,0.3846153846153846,0.75,0.3846153846153846,0.3846153846153846,0.75,0.3846153846153846,0.3846153846153846,0.3846153846153846,0.3846153846153846,0.15384615384615385,0.33333333333333337,0.6923076923076923,0.46153846153846156,0.3846153846153846,0.3846153846153846,0.3846153846153846,0.6923076923076923,0.3846153846153846,0.6923076923076923,0.3846153846153846,0.7692307692307692,0.3846153846153846,0.7692307692307692,0.33333333333333337,0.3846153846153846,0.3846153846153846,0.3846153846153846,0.3846153846153846,0.7692307692307692
1021,0.16666666666666663,0.16666666666666663,0.8333333333333334,0.8333333333333334,0.16666666666666663,0.0,0.0,0.16666666666666663,0.16666666666666663,0.8333333333333334,0.16666666666666663,0.16666666666666663,0.0,0.16666666666666663,0.8333333333333334,0.8333333333333334,0.16666666666666663,0.16666666666666663,0.16666666666666663,0.75,0.16666666666666663,0.0,0.8333333333333334,0.8333333333333334,0.8333333333333334,0.8333333333333334,0.16666666666666663,0.16666666666666663,0.16666666666666663,0.16666666666666663,0.16666666666666663,0.8333333333333334,0.16666666666666663,0.0,0.16666666666666663,0.16666666666666663,0.0,0.5,0.16666666666666663,0.16666666666666663,0.16666666666666663,0.0,0.16666666666666663,0.8333333333333334,0.0,0.16666666666666663,0.16666666666666663,0.16666666666666663,0.16666666666666663,0.08333333333333337,0.8333333333333334,0.16666666666666663,0.16666666666666663,0.75,0.16666666666666663,0.16666666666666663,0.75,0.16666666666666663,0.8333333333333334,0.16666666666666663,0.75,0.16666666666666663,0.8333333333333334,0.16666666666666663,0.33333333333333337,0.16666666666666663,0.0,0.8333333333333334,0.16666666666666663,0.8333333333333334,0.16666666666666663,0.8333333333333334,0.16666666666666663,0.16666666666666663,0.16666666666666663,0.16666666666666663,0.16666666666666663,0.25,0.0,0.8333333333333334,0.16666666666666663,0.8333333333333334,0.16666666666666663,0.16666666666666663,0.8333333333333334,0.16666666666666663,0.16666666666666663,0.16666666666666663,0.75,0.25,0.8333333333333334,0.8333333333333334,0.16666666666666663,0.16666666666666663,0.75,0.8333333333333334,0.8333333333333334,0.16666666666666663,0.6666666666666667,0.8333333333333334,0.8333333333333334,0.16666666666666663,0.16666666666666663,0.0,0.8333333333333334,0.16666666666666663,0.16666666666666663,0.8333333333333334,0.16666666666666663,0.16666666666666663,0.8333333333333334,0.16666666666666663,0.16666666666666663,0.16666666666666663,0.16666666666666663,0.08333333333333337,0.16666666666666663,0.8333333333333334,0.33333333333333337,0.16666666666666663,0.16666666666666663,0.16666666666666663,0.8333333333333334,0.16666666666666663,0.8333333333333334,0.16666666666666663,0.8333333333333334,0.16666666666666663,0.8333333333333334,0.16666666666666663,0.16666666666666663,0.16666666666666663,0.16666666666666663,0.16666666666666663,0.8333333333333334
1022,1.0,1.0,0.08333333333333337,0.08333333333333337,1.0,0.8333333333333334,0.8333333333333334,1.0,1.0,0.08333333333333337,1.0,1.0,0.8333333333333334,1.0,0.08333333333333337,0.08333333333333337,1.0,1.0,1.0,0.16666666666666663,0.6666666666666667,0.8333333333333334,0.0,0.08333333333333337,0.41666666666666663,0.0,1.0,1.0,1.0,1.0,1.0,0.08333333333333337,1.0,0.8333333333333334,1.0,1.0,0.8333333333333334,1.0,1.0,1.0,1.0,0.8333333333333334,1.0,0.16666666666666663,0.8333333333333334,1.0,1.0,1.0,1.0,0.8333333333333334,0.08333333333333337,1.0,1.0,0.16666666666666663,1.0,1.0,0.08333333333333337,1.0,0.08333333333333337,1.0,0.08333333333333337,1.0,0.08333333333333337,1.0,0.5833333333333333,1.0,0.8333333333333334,0.33333333333333337,1.0,0.08333333333333337,1.0,0.25,1.0,1.0,1.0,1.0,1.0,0.9166666666666666,0.8333333333333334,0.16666666666666663,1.0,0.08333333333333337,1.0,1.0,0.08333333333333337,1.0,1.0,1.0,0.33333333333333337,0.75,0.08333333333333337,0.08333333333333337,0.75,1.0,0.16666666666666663,0.08333333333333337,0.08333333333333337,1.0,0.25,0.08333333333333337,0.08333333333333337,1.0,1.0,0.8333333333333334,0.08333333333333337,1.0,1.0,0.08333333333333337,1.0,1.0,0.08333333333333337,1.0,1.0,1.0,1.0,0.75,1.0,0.08333333333333337,0.9166666666666666,1.0,1.0,1.0,0.08333333333333337,1.0,0.08333333333333337,1.0,0.08333333333333337,1.0,0.08333333333333337,1.0,1.0,1.0,1.0,1.0,0.08333333333333337
1025,1.0,0.9230769230769231,0.07692307692307687,0.0,1.0,0.8461538461538461,0.8461538461538461,1.0,1.0,0.0,1.0,1.0,0.8461538461538461,1.0,0.0,0.0,1.0,1.0,1.0,0.08333333333333337,0.6923076923076923,0.8333333333333334,0.08333333333333337,0.0,0.5384615384615384,0.08333333333333337,1.0,1.0,1.0,1.0,1.0,0.0,1.0,0.8461538461538461,1.0,1.0,0.8333333333333334,1.0,1.0,1.0,1.0,0.8461538461538461,1.0,0.07692307692307687,0.8461538461538461,1.0,1.0,1.0,1.0,0.7692307692307692,0.0,1.0,1.0,0.07692307692307687,1.0,1.0,0.15384615384615385,1.0,0.0,1.0,0.08333333333333337,1.0,0.0,1.0,0.5384615384615384,1.0,0.8461538461538461,0.23076923076923073,1.0,0.07692307692307687,1.0,0.15384615384615385,1.0,1.0,1.0,1.0,1.0,0.9230769230769231,0.8461538461538461,0.07692307692307687,1.0,0.0,1.0,1.0,0.07692307692307687,1.0,1.0,1.0,0.46153846153846156,0.6923076923076923,0.0,0.07692307692307687,0.7692307692307692,1.0,0.08333333333333337,0.07692307692307687,0.07692307692307687,1.0,0.15384615384615385,0.07692307692307687,0.0,1.0,1.0,0.8461538461538461,0.0,1.0,1.0,0.0,1.0,1.0,0.0,1.0,1.0,1.0,1.0,0.7692307692307692,1.0,0.0,0.8461538461538461,1.0,1.0,1.0,0.0,1.0,0.0,1.0,0.07692307692307687,1.0,0.07692307692307687,1.0,1.0,1.0,1.0,1.0,0.07692307692307687
1028,1.0,1.0,0.46153846153846156,0.5384615384615384,0.9230769230769231,0.7692307692307692,0.7692307692307692,1.0,1.0,0.5384615384615384,1.0,1.0,0.8461538461538461,1.0,0.5384615384615384,0.5384615384615384,1.0,1.0,1.0,0.5,0.7692307692307692,0.8333333333333334,0.41666666666666663,0.5384615384615384,0.0,0.41666666666666663,1.0,1.0,1.0,1.0,1.0,0.5,1.0,0.7692307692307692,1.0,1.0,0.8333333333333334,0.7692307692307692,1.0,1.0,1.0,0.7692307692307692,1.0,0.6153846153846154,0.7692307692307692,1.0,1.0,1.0,1.0,0.8461538461538461,0.5,1.0,1.0,0.6153846153846154,1.0,1.0,0.46153846153846156,0.9230769230769231,0.5384615384615384,1.0,0.5,1.0,0.5384615384615384,1.0,0.6153846153846154,1.0,0.7692307692307692,0.6153846153846154,1.0,0.46153846153846156,1.0,0.5384615384615384,1.0,1.0,1.0,1.0,1.0,0.6923076923076923,0.7692307692307692,0.46153846153846156,1.0,0.5384615384615384,1.0,1.0,0.46153846153846156,1.0,1.0,1.0,0.15384615384615385,0.7692307692307692,0.5384615384615384,0.46153846153846156,0.6153846153846154,1.0,0.5,0.46153846153846156,0.46153846153846156,1.0,0.5384615384615384,0.46153846153846156,0.5384615384615384,1.0,1.0,0.7692307692307692,0.5,1.0,1.0,0.5,1.0,1.0,0.5,1.0,1.0,1.0,1.0,0.7692307692307692,1.0,0.5384615384615384,1.0,1.0,1.0,1.0,0.5384615384615384,1.0,0.5384615384615384,1.0,0.46153846153846156,0.9230769230769231,0.46153846153846156,1.0,0.9230769230769231,1.0,1.0,1.0,0.46153846153846156
1030,1.0,1.0,0.08333333333333337,0.08333333333333337,1.0,0.8333333333333334,0.8333333333333334,1.0,1.0,0.08333333333333337,1.0,1.0,0.8333333333333334,1.0,0.08333333333333337,0.08333333333333337,1.0,1.0,1.0,0.16666666666666663,0.6666666666666667,0.8333333333333334,0.0,0.08333333333333337,0.41666666666666663,0.0,1.0,1.0,1.0,1.0,1.0,0.08333333333333337,1.0,0.8333333333333334,1.0,1.0,0.8333333333333334,1.0,1.0,1.0,1.0,0.8333333333333334,1.0,0.16666666666666663,0.8333333333333334,1.0,1.0,1.0,1.0,0.8333333333333334,0.08333333333333337,1.0,1.0,0.16666666666666663,1.0,1.0,0.08333333333333337,1.0,0.08333333333333337,1.0,0.08333333333333337,1.0,0.08333333333333337,1.0,0.5833333333333333,1.0,0.8333333333333334,0.33333333333333337,1.0,0.08333333333333337,1.0,0.25,1.0,1.0,1.0,1.0,1.0,0.9166666666666666,0.8333333333333334,0.16666666666666663,1.0,0.08333333333333337,1.0,1.0,0.08333333333333337,1.0,1.0,1.0,0.33333333333333337,0.75,0.08333333333333337,0.08333333333333337,0.75,1.0,0.16666666666666663,0.08333333333333337,0.08333333333333337,1.0,0.25,0.08333333333333337,0.08333333333333337,1.0,1.0,0.8333333333333334,0.08333333333333337,1.0,1.0,0.08333333333333337,1.0,1.0,0.08333333333333337,1.0,1.0,1.0,1.0,0.75,1.0,0.08333333333333337,0.9166666666666666,1.0,1.0,1.0,0.08333333333333337,1.0,0.08333333333333337,1.0,0.08333333333333337,1.0,0.08333333333333337,1.0,1.0,1.0,1.0,1.0,0.08333333333333337
1034,0.0,0.07692307692307687,1.0,1.0,0.07692307692307687,0.23076923076923073,0.23076923076923073,0.0,0.0,1.0,0.0,0.0,0.15384615384615385,0.0,1.0,1.0,0.0,0.0,0.0,0.9166666666666666,0.3846153846153846,0.16666666666666663,1.0,1.0,1.0,1.0,0.0,0.0,0.0,0.0,0.0,1.0,0.0,0.23076923076923073,0.0,0.0,0.16666666666666663,0.5384615384615384,0.0,0.0,0.0,0.23076923076923073,0.0,1.0,0.23076923076923073,0.0,0.0,0.0,0.0,0.23076923076923073,1.0,0.0,0.0,0.9230769230769231,0.0,0.0,0.9230769230769231,0.07692307692307687,1.0,0.0,0.9166666666666666,0.0,1.0,0.0,0.5384615384615384,0.0,0.23076923076923073,1.0,0.0,1.0,0.0,1.0,0.0,0.0,0.0,0.0,0.0,0.3846153846153846,0.23076923076923073,1.0,0.0,1.0,0.0,0.0,1.0,0.0,0.0,0.0,0.9230769230769231,0.46153846153846156,1.0,1.0,0.3846153846153846,0.0,0.9166666666666666,1.0,1.0,0.0,0.8461538461538461,1.0,1.0,0.0,0.0,0.23076923076923073,1.0,0.0,0.0,1.0,0.07692307692307687,0.0,1.0,0.0,0.0,0.0,0.0,0.3076923076923077,0.0,1.0,0.15384615384615385,0.0,0.0,0.0,1.0,0.0,1.0,0.0,1.0,0.07692307692307687,1.0,0.0,0.07692307692307687,0.0,0.0,0.0,1.0
1035,0.0,0.07692307692307687,1.0,1.0,0.07692307692307687,0.23076923076923073,0.23076923076923073,0.0,0.0,1.0,0.0,0.0,0.15384615384615385,0.0,1.0,1.0,0.0,0.0,0.0,0.9166666666666666,0.3846153846153846,0.16666666666666663,1.0,1.0,1.0,1.0,0.0,0.0,0.0,0.0,0.0,1.0,0.0,0.23076923076923073,0.0,0.0,0.16666666666666663,0.5384615384615384,0.0,0.0,0.0,0.23076923076923073,0.0,1.0,0.23076923076923073,0.0,0.0,0.0,0.0,0.23076923076923073,1.0,0.0,0.0,0.9230769230769231,0.0,0.0,0.9230769230769231,0.07692307692307687,1.0,0.0,0.9166666666666666,0.0,1.0,0.0,0.5384615384615384,0.0,0.23076923076923073,1.0,0.0,1.0,0.0,1.0,0.0,0.0,0.0,0.0,0.0,0.3846153846153846,0.23076923076923073,1.0,0.0,1.0,0.0,0.0,1.0,0.0,0.0,0.0,0.9230769230769231,0.46153846153846156,1.0,1.0,0.3846153846153846,0.0,0.9166666666666666,1.0,1.0,0.0,0.8461538461538461,1.0,1.0,0.0,0.0,0.23076923076923073,1.0,0.0,0.0,1.0,0.07692307692307687,0.0,1.0,0.0,0.0,0.0,0.0,0.3076923076923077,0.0,1.0,0.15384615384615385,0.0,0.0,0.0,1.0,0.0,1.0,0.0,1.0,0.07692307692307687,1.0,0.0,0.07692307692307687,0.0,0.0,0.0,1.0
1036,0.0,0.07692307692307687,1.0,1.0,0.07692307692307687,0.23076923076923073,0.23076923076923073,0.0,0.0,1.0,0.0,0.0,0.15384615384615385,0.0,1.0,1.0,0.0,0.0,0.0,0.9166666666666666,0.3846153846153846,0.16666666666666663,1.0,1.0,1.0,1.0,0.0,0.0,0.0,0.0,0.0,1.0,0.0,0.23076923076923073,0.0,0.0,0.16666666666666663,0.5384615384615384,0.0,0.0,0.0,0.23076923076923073,0.0,1.0,0.23076923076923073,0.0,0.0,0.0,0.0,0.23076923076923073,1.0,0.0,0.0,0.9230769230769231,0.0,0.0,0.9230769230769231,0.07692307692307687,1.0,0.0,0.9166666666666666,0.0,1.0,0.0,0.5384615384615384,0.0,0.23076923076923073,1.0,0.0,1.0,0.0,1.0,0.0,0.0,0.0,0.0,0.0,0.3846153846153846,0.23076923076923073,1.0,0.0,1.0,0.0,0.0,1.0,0.0,0.0,0.0,0.9230769230769231,0.46153846153846156,1.0,1.0,0.3846153846153846,0.0,0.9166666666666666,1.0,1.0,0.0,0.8461538461538461,1.0,1.0,0.0,0.0,0.23076923076923073,1.0,0.0,0.0,1.0,0.07692307692307687,0.0,1.0,0.0,0.0,0.0,0.0,0.3076923076923077,0.0,1.0,0.15384615384615385,0.0,0.0,0.0,1.0,0.0,1.0,0.0,1.0,0.07692307692307687,1.0,0.0,0.07692307692307687,0.0,0.0,0.0,1.0
1037,0.0,0.07692307692307687,1.0,1.0,0.07692307692307687,0.23076923076923073,0.23076923076923073,0.0,0.0,1.0,0.0,0.0,0.15384615384615385,0.0,1.0,1.0,0.0,0.0,0.0,0.9166666666666666,0.3846153846153846,0.16666666666666663,1.0,1.0,1.0,1.0,0.0,0.0,0.0,0.0,0.0,1.0,0.0,0.23076923076923073,0.0,0.0,0.16666666666666663,0.5384615384615384,0.0,0.0,0.0,0.23076923076923073,0.0,1.0,0.23076923076923073,0.0,0.0,0.0,0.0,0.23076923076923073,1.0,0.0,0.0,0.9230769230769231,0.0,0.0,0.9230769230769231,0.07692307692307687,1.0,0.0,0.9166666666666666,0.0,1.0,0.0,0.5384615384615384,0.0,0.23076923076923073,1.0,0.0,1.0,0.0,1.0,0.0,0.0,0.0,0.0,0.0,0.3846153846153846,0.23076923076923073,1.0,0.0,1.0,0.0,0.0,1.0,0.0,0.0,0.0,0.9230769230769231,0.46153846153846156,1.0,1.0,0.3846153846153846,0.0,0.9166666666666666,1.0,1.0,0.0,0.8461538461538461,1.0,1.0,0.0,0.0,0.23076923076923073,1.0,0.0,0.0,1.0,0.07692307692307687,0.0,1.0,0.0,0.0,0.0,0.0,0.3076923076923077,0.0,1.0,0.15384615384615385,0.0,0.0,0.0,1.0,0.0,1.0,0.0,1.0,0.07692307692307687,1.0,0.0,0.07692307692307687,0.0,0.0,0.0,1.0
1038,0.0,0.07692307692307687,1.0,1.0,0.07692307692307687,0.23076923076923073,0.23076923076923073,0.0,0.0,1.0,0.0,0.0,0.15384615384615385,0.0,1.0,1.0,0.0,0.0,0.0,0.9166666666666666,0.3846153846153846,0.16666666666666663,1.0,1.0,1.0,1.0,0.0,0.0,0.0,0.0,0.0,1.0,0.0,0.23076923076923073,0.0,0.0,0.16666666666666663,0.5384615384615384,0.0,0.0,0.0,0.23076923076923073,0.0,1.0,0.23076923076923073,0.0,0.0,0.0,0.0,0.23076923076923073,1.0,0.0,0.0,0.9230769230769231,0.0,0.0,0.9230769230769231,0.07692307692307687,1.0,0.0,0.9166666666666666,0.0,1.0,0.0,0.5384615384615384,0.0,0.23076923076923073,1.0,0.0,1.0,0.0,1.0,0.0,0.0,0.0,0.0,0.0,0.3846153846153846,0.23076923076923073,1.0,0.0,1.0,0.0,0.0,1.0,0.0,0.0,0.0,0.9230769230769231,0.46153846153846156,1.0,1.0,0.3846153846153846,0.0,0.9166666666666666,1.0,1.0,0.0,0.8461538461538461,1.0,1.0,0.0,0.0,0.23076923076923073,1.0,0.0,0.0,1.0,0.07692307692307687,0.0,1.0,0.0,0.0,0.0,0.0,0.3076923076923077,0.0,1.0,0.15384615384615385,0.0,0.0,0.0,1.0,0.0,1.0,0.0,1.0,0.07692307692307687,1.0,0.0,0.07692307692307687,0.0,0.0,0.0,1.0
1040,1.0,1.0,0.0,0.0,1.0,0.8333333333333334,0.8333333333333334,1.0,1.0,0.0,1.0,1.0,0.8333333333333334,1.0,0.0,0.0,1.0,1.0,1.0,0.08333333333333337,0.75,0.8333333333333334,0.08333333333333337,0.0,0.5,0.08333333333333337,1.0,1.0,1.0,1.0,1.0,0.0,1.0,0.8333333333333334,1.0,1.0,0.8333333333333334,1.0,1.0,1.0,1.0,0.8333333333333334,1.0,0.08333333333333337,0.8333333333333334,1.0,1.0,1.0,1.0,0.75,0.0,1.0,1.0,0.08333333333333337,1.0,1.0,0.08333333333333337,1.0,0.0,1.0,0.08333333333333337,1.0,0.0,1.0,0.5,1.0,0.8333333333333334,0.25,1.0,0.0,1.0,0.16666666666666663,1.0,1.0,1.0,1.0,1.0,0.9166666666666666,0.8333333333333334,0.08333333333333337,1.0,0.0,1.0,1.0,0.0,1.0,1.0,1.0,0.41666666666666663,0.6666666666666667,0.0,0.0,0.75,1.0,0.08333333333333337,0.0,0.0,1.0,0.16666666666666663,0.0,0.0,1.0,1.0,0.8333333333333334,0.0,1.0,1.0,0.0,1.0,1.0,0.0,1.0,1.0,1.0,1.0,0.75,1.0,0.0,0.8333333333333334,1.0,1.0,1.0,0.0,1.0,0.0,1.0,0.0,1.0,0.0,1.0,1.0,1.0,1.0,1.0,0.0
1044,0.0,0.07692307692307687,1.0,1.0,0.07692307692307687,0.23076923076923073,0.23076923076923073,0.0,0.0,1.0,0.0,0.0,0.15384615384615385,0.0,1.0,1.0,0.0,0.0,0.0,0.9166666666666666,0.3846153846153846,0.16666666666666663,1.0,1.0,1.0,1.0,0.0,0.0,0.0,0.0,0.0,1.0,0.0,0.23076923076923073,0.0,0.0,0.16666666666666663,0.5384615384615384,0.0,0.0,0.0,0.23076923076923073,0.0,1.0,0.23076923076923073,0.0,0.0,0.0,0.0,0.23076923076923073,1.0,0.0,0.0,0.9230769230769231,0.0,0.0,0.9230769230769231,0.07692307692307687,1.0,0.0,0.9166666666666666,0.0,1.0,0.0,0.5384615384615384,0.0,0.23076923076923073,1.0,0.0,1.0,0.0,1.0,0.0,0.0,0.0,0.0,0.0,0.3846153846153846,0.23076923076923073,1.0,0.0,1.0,0.0,0.0,1.0,0.0,0.0,0.0,0.9230769230769231,0.46153846153846156,1.0,1.0,0.3846153846153846,0.0,0.9166666666666666,1.0,1.0,0.0,0.8461538461538461,1.0,1.0,0.0,0.0,0.23076923076923073,1.0,0.0,0.0,1.0,0.07692307692307687,0.0,1.0,0.0,0.0,0.0,0.0,0.3076923076923077,0.0,1.0,0.15384615384615385,0.0,0.0,0.0,1.0,0.0,1.0,0.0,1.0,0.07692307692307687,1.0,0.0,0.07692307692307687,0.0,0.0,0.0,1.0
1046,0.16666666666666663,0.23076923076923073,0.7692307692307692,0.8461538461538461,0.15384615384615385,0.0,0.0,0.16666666666666663,0.23076923076923073,0.8461538461538461,0.16666666666666663,0.23076923076923073,0.07692307692307687,0.16666666666666663,0.8461538461538461,0.8461538461538461,0.23076923076923073,0.23076923076923073,0.23076923076923073,0.75,0.23076923076923073,0.0,0.8333333333333334,0.8461538461538461,0.7692307692307692,0.8333333333333334,0.23076923076923073,0.23076923076923073,0.23076923076923073,0.23076923076923073,0.23076923076923073,0.8333333333333334,0.23076923076923073,0.0,0.23076923076923073,0.23076923076923073,0.0,0.46153846153846156,0.23076923076923073,0.23076923076923073,0.16666666666666663,0.0,0.23076923076923073,0.8461538461538461,0.0,0.23076923076923073,0.23076923076923073,0.16666666666666663,0.16666666666666663,0.15384615384615385,0.8333333333333334,0.16666666666666663,0.23076923076923073,0.7692307692307692,0.23076923076923073,0.23076923076923073,0.6923076923076923,0.15384615384615385,0.8461538461538461,0.23076923076923073,0.75,0.23076923076923073,0.8461538461538461,0.23076923076923073,0.3076923076923077,0.16666666666666663,0.0,0.8461538461538461,0.23076923076923073,0.7692307692307692,0.16666666666666663,0.8461538461538461,0.23076923076923073,0.16666666666666663,0.23076923076923073,0.23076923076923073,0.23076923076923073,0.23076923076923073,0.0,0.8461538461538461,0.23076923076923073,0.8461538461538461,0.16666666666666663,0.23076923076923073,0.7692307692307692,0.23076923076923073,0.23076923076923073,0.23076923076923073,0.6923076923076923,0.23076923076923073,0.8461538461538461,0.7692307692307692,0.15384615384615385,0.16666666666666663,0.75,0.7692307692307692,0.7692307692307692,0.23076923076923073,0.6923076923076923,0.7692307692307692,0.8461538461538461,0.23076923076923073,0.23076923076923073,0.0,0.8333333333333334,0.16666666666666663,0.23076923076923073,0.8333333333333334,0.23076923076923073,0.23076923076923073,0.8333333333333334,0.23076923076923073,0.23076923076923073,0.23076923076923073,0.23076923076923073,0.07692307692307687,0.16666666666666663,0.8461538461538461,0.3846153846153846,0.23076923076923073,0.23076923076923073,0.23076923076923073,0.8461538461538461,0.23076923076923073,0.8461538461538461,0.23076923076923073,0.7692307692307692,0.15384615384615385,0.7692307692307692,0.16666666666666663,0.15384615384615385,0.23076923076923073,0.23076923076923073,0.23076923076923073,0.7692307692307692
1048,0.0,0.07692307692307687,1.0,1.0,0.07692307692307687,0.23076923076923073,0.23076923076923073,0.0,0.0,1.0,0.0,0.0,0.15384615384615385,0.0,1.0,1.0,0.0,0.0,0.0,0.9166666666666666,0.3846153846153846,0.16666666666666663,1.0,1.0,1.0,1.0,0.0,0.0,0.0,0.0,0.0,1.0,0.0,0.23076923076923073,0.0,0.0,0.16666666666666663,0.5384615384615384,0.0,0.0,0.0,0.23076923076923073,0.0,1.0,0.23076923076923073,0.0,0.0,0.0,0.0,0.23076923076923073,1.0,0.0,0.0,0.9230769230769231,0.0,0.0,0.9230769230769231,0.07692307692307687,1.0,0.0,0.9166666666666666,0.0,1.0,0.0,0.5384615384615384,0.0,0.23076923076923073,1.0,0.0,1.0,0.0,1.0,0.0,0.0,0.0,0.0,0.0,0.3846153846153846,0.23076923076923073,1.0,0.0,1.0,0.0,0.0,1.0,0.0,0.0,0.0,0.9230769230769231,0.46153846153846156,1.0,1.0,0.3846153846153846,0.0,0.9166666666666666,1.0,1.0,0.0,0.8461538461538461,1.0,1.0,0.0,0.0,0.23076923076923073,1.0,0.0,0.0,1.0,0.07692307692307687,0.0,1.0,0.0,0.0,0.0,0.0,0.3076923076923077,0.0,1.0,0.15384615384615385,0.0,0.0,0.0,1.0,0.0,1.0,0.0,1.0,0.07692307692307687,1.0,0.0,0.07692307692307687,0.0,0.0,0.0,1.0
1049,0.0,0.07692307692307687,1.0,1.0,0.07692307692307687,0.23076923076923073,0.23076923076923073,0.0,0.0,1.0,0.0,0.0,0.15384615384615385,0.0,1.0,1.0,0.0,0.0,0.0,0.9166666666666666,0.3846153846153846,0.16666666666666663,1.0,1.0,1.0,1.0,0.0,0.0,0.0,0.0,0.0,1.0,0.0,0.23076923076923073,0.0,0.0,0.16666666666666663,0.5384615384615384,0.0,0.0,0.0,0.23076923076923073,0.0,1.0,0.23076923076923073,0.0,0.0,0.0,0.0,0.23076923076923073,1.0,0.0,0.0,0.9230769230769231,0.0,0.0,0.9230769230769231,0.07692307692307687,1.0,0.0,0.9166666666666666,0.0,1.0,0.0,0.5384615384615384,0.0,0.23076923076923073,1.0,0.0,1.0,0.0,1.0,0.0,0.0,0.0,0.0,0.0,0.3846153846153846,0.23076923076923073,1.0,0.0,1.0,0.0,0.0,1.0,0.0,0.0,0.0,0.9230769230769231,0.46153846153846156,1.0,1.0,0.3846153846153846,0.0,0.9166666666666666,1.0,1.0,0.0,0.8461538461538461,1.0,1.0,0.0,0.0,0.23076923076923073,1.0,0.0,0.0,1.0,0.07692307692307687,0.0,1.0,0.0,0.0,0.0,0.0,0.3076923076923077,0.0,1.0,0.15384615384615385,0.0,0.0,0.0,1.0,0.0,1.0,0.0,1.0,0.07692307692307687,1.0,0.0,0.07692307692307687,0.0,0.0,0.0,1.0
1050,0.16666666666666663,0.16666666666666663,0.8333333333333334,0.8333333333333334,0.16666666666666663,0.0,0.0,0.16666666666666663,0.16666666666666663,0.8333333333333334,0.16666666666666663,0.16666666666666663,0.0,0.16666666666666663,0.8333333333333334,0.8333333333333334,0.16666666666666663,0.16666666666666663,0.16666666666666663,0.75,0.16666666666666663,0.0,0.8333333333333334,0.8333333333333334,0.8333333333333334,0.8333333333333334,0.16666666666666663,0.16666666666666663,0.16666666666666663,0.16666666666666663,0.16666666666666663,0.8333333333333334,0.16666666666666663,0.0,0.16666666666666663,0.16666666666666663,0.0,0.5,0.16666666666666663,0.16666666666666663,0.16666666666666663,0.0,0.16666666666666663,0.8333333333333334,0.0,0.16666666666666663,0.16666666666666663,0.16666666666666663,0.16666666666666663,0.08333333333333337,0.8333333333333334,0.16666666666666663,0.16666666666666663,0.75,0.16666666666666663,0.16666666666666663,0.75,0.16666666666666663,0.8333333333333334,0.16666666666666663,0.75,0.16666666666666663,0.8333333333333334,0.16666666666666663,0.33333333333333337,0.16666666666666663,0.0,0.8333333333333334,0.16666666666666663,0.8333333333333334,0.16666666666666663,0.8333333333333334,0.16666666666666663,0.16666666666666663,0.16666666666666663,0.16666666666666663,0.16666666666666663,0.25,0.0,0.8333333333333334,0.16666666666666663,0.8333333333333334,0.16666666666666663,0.16666666666666663,0.8333333333333334,0.16666666666666663,0.16666666666666663,0.16666666666666663,0.75,0.25,0.8333333333333334,0.8333333333333334,0.16666666666666663,0.16666666666666663,0.75,0.8333333333333334,0.8333333333333334,0.16666666666666663,0.6666666666666667,0.8333333333333334,0.8333333333333334,0.16666666666666663,0.16666666666666663,0.0,0.8333333333333334,0.16666666666666663,0.16666666666666663,0.8333333333333334,0.16666666666666663,0.16666666666666663,0.8333333333333334,0.16666666666666663,0.16666666666666663,0.16666666666666663,0.16666666666666663,0.08333333333333337,0.16666666666666663,0.8333333333333334,0.33333333333333337,0.16666666666666663,0.16666666666666663,0.16666666666666663,0.8333333333333334,0.16666666666666663,0.8333333333333334,0.16666666666666663,0.8333333333333334,0.16666666666666663,0.8333333333333334,0.16666666666666663,0.16666666666666663,0.16666666666666663,0.16666666666666663,0.16666666666666663,0.8333333333333334
1054,0.5,0.5384615384615384,0.9230769230769231,1.0,0.46153846153846156,0.46153846153846156,0.46153846153846156,0.5,0.5384615384615384,1.0,0.5,0.5384615384615384,0.5384615384615384,0.5,1.0,1.0,0.5384615384615384,0.5384615384615384,0.5384615384615384,0.9166666666666666,0.6923076923076923,0.5,1.0,1.0,0.7692307692307692,1.0,0.5384615384615384,0.5384615384615384,0.5384615384615384,0.5384615384615384,0.5384615384615384,1.0,0.5384615384615384,0.46153846153846156,0.5384615384615384,0.5384615384615384,0.5,0.0,0.5384615384615384,0.5384615384615384,0.5,0.46153846153846156,0.5384615384615384,0.9230769230769231,0.46153846153846156,0.5384615384615384,0.5384615384615384,0.5,0.5,0.6153846153846154,1.0,0.5,0.5384615384615384,0.9230769230769231,0.5384615384615384,0.5384615384615384,0.8461538461538461,0.46153846153846156,1.0,0.5384615384615384,0.9166666666666666,0.5384615384615384,1.0,0.5384615384615384,0.6153846153846154,0.5,0.46153846153846156,0.7692307692307692,0.5384615384615384,0.9230769230769231,0.5,0.8461538461538461,0.5384615384615384,0.5,0.5384615384615384,0.5384615384615384,0.5384615384615384,0.23076923076923073,0.46153846153846156,0.9230769230769231,0.5384615384615384,1.0,0.5,0.5384615384615384,0.9230769230769231,0.5384615384615384,0.5384615384615384,0.5384615384615384,0.7692307692307692,0.6923076923076923,1.0,0.9230769230769231,0.6153846153846154,0.5,0.9166666666666666,0.9230769230769231,0.9230769230769231,0.5384615384615384,0.9230769230769231,0.9230769230769231,1.0,0.5384615384615384,0.5384615384615384,0.46153846153846156,1.0,0.5,0.5384615384615384,1.0,0.46153846153846156,0.5384615384615384,1.0,0.5384615384615384,0.5384615384615384,0.5384615384615384,0.5384615384615384,0.5384615384615384,0.5,1.0,0.6923076923076923,0.5384615384615384,0.5384615384615384,0.5384615384615384,1.0,0.5384615384615384,1.0,0.5384615384615384,0.9230769230769231,0.46153846153846156,0.9230769230769231,0.5,0.46153846153846156,0.5384615384615384,0.5384615384615384,0.5384615384615384,0.9230769230769231
1056,0.0,0.07692307692307687,1.0,1.0,0.07692307692307687,0.23076923076923073,0.23076923076923073,0.0,0.0,1.0,0.0,0.0,0.15384615384615385,0.0,1.0,1.0,0.0,0.0,0.0,0.9166666666666666,0.3846153846153846,0.16666666666666663,1.0,1.0,1.0,1.0,0.0,0.0,0.0,0.0,0.0,1.0,0.0,0.23076923076923073,0.0,0.0,0.16666666666666663,0.5384615384615384,0.0,0.0,0.0,0.23076923076923073,0.0,1.0,0.23076923076923073,0.0,0.0,0.0,0.0,0.23076923076923073,1.0,0.0,0.0,0.9230769230769231,0.0,0.0,0.9230769230769231,0.07692307692307687,1.0,0.0,0.9166666666666666,0.0,1.0,0.0,0.5384615384615384,0.0,0.23076923076923073,1.0,0.0,1.0,0.0,1.0,0.0,0.0,0.0,0.0,0.0,0.3846153846153846,0.23076923076923073,1.0,0.0,1.0,0.0,0.0,1.0,0.0,0.0,0.0,0.9230769230769231,0.46153846153846156,1.0,1.0,0.3846153846153846,0.0,0.9166666666666666,1.0,1.0,0.0,0.8461538461538461,1.0,1.0,0.0,0.0,0.23076923076923073,1.0,0.0,0.0,1.0,0.07692307692307687,0.0,1.0,0.0,0.0,0.0,0.0,0.3076923076923077,0.0,1.0,0.15384615384615385,0.0,0.0,0.0,1.0,0.0,1.0,0.0,1.0,0.07692307692307687,1.0,0.0,0.07692307692307687,0.0,0.0,0.0,1.0
1057,0.0,0.07692307692307687,1.0,1.0,0.07692307692307687,0.23076923076923073,0.23076923076923073,0.0,0.0,1.0,0.0,0.0,0.15384615384615385,0.0,1.0,1.0,0.0,0.0,0.0,0.9166666666666666,0.3846153846153846,0.16666666666666663,1.0,1.0,1.0,1.0,0.0,0.0,0.0,0.0,0.0,1.0,0.0,0.23076923076923073,0.0,0.0,0.16666666666666663,0.5384615384615384,0.0,0.0,0.0,0.23076923076923073,0.0,1.0,0.23076923076923073,0.0,0.0,0.0,0.0,0.23076923076923073,1.0,0.0,0.0,0.9230769230769231,0.0,0.0,0.9230769230769231,0.07692307692307687,1.0,0.0,0.9166666666666666,0.0,1.0,0.0,0.5384615384615384,0.0,0.23076923076923073,1.0,0.0,1.0,0.0,1.0,0.0,0.0,0.0,0.0,0.0,0.3846153846153846,0.23076923076923073,1.0,0.0,1.0,0.0,0.0,1.0,0.0,0.0,0.0,0.9230769230769231,0.46153846153846156,1.0,1.0,0.3846153846153846,0.0,0.9166666666666666,1.0,1.0,0.0,0.8461538461538461,1.0,1.0,0.0,0.0,0.23076923076923073,1.0,0.0,0.0,1.0,0.07692307692307687,0.0,1.0,0.0,0.0,0.0,0.0,0.3076923076923077,0.0,1.0,0.15384615384615385,0.0,0.0,0.0,1.0,0.0,1.0,0.0,1.0,0.07692307692307687,1.0,0.0,0.07692307692307687,0.0,0.0,0.0,1.0
1058,0.0,0.0,1.0,1.0,0.0,0.16666666666666663,0.16666666666666663,0.0,0.0,1.0,0.0,0.0,0.16666666666666663,0.0,1.0,1.0,0.0,0.0,0.0,0.9166666666666666,0.33333333333333337,0.16666666666666663,1.0,1.0,1.0,1.0,0.0,0.0,0.0,0.0,0.0,1.0,0.0,0.16666666666666663,0.0,0.0,0.16666666666666663,0.5,0.0,0.0,0.0,0.16666666666666663,0.0,1.0,0.16666666666666663,0.0,0.0,0.0,0.0,0.25,1.0,0.0,0.0,0.9166666666666666,0.0,0.0,0.9166666666666666,0.0,1.0,0.0,0.9166666666666666,0.0,1.0,0.0,0.5,0.0,0.16666666666666663,1.0,0.0,1.0,0.0,1.0,0.0,0.0,0.0,0.0,0.0,0.33333333333333337,0.16666666666666663,1.0,0.0,1.0,0.0,0.0,1.0,0.0,0.0,0.0,0.9166666666666666,0.41666666666666663,1.0,1.0,0.33333333333333337,0.0,0.9166666666666666,1.0,1.0,0.0,0.8333333333333334,1.0,1.0,0.0,0.0,0.16666666666666663,1.0,0.0,0.0,1.0,0.08333333333333337,0.0,1.0,0.0,0.0,0.0,0.0,0.25,0.0,1.0,0.16666666666666663,0.0,0.0,0.0,1.0,0.0,1.0,0.0,1.0,0.0,1.0,0.0,0.0,0.0,0.0,0.0,1.0
1059,0.16666666666666663,0.23076923076923073,0.7692307692307692,0.8461538461538461,0.15384615384615385,0.0,0.0,0.16666666666666663,0.23076923076923073,0.8461538461538461,0.16666666666666663,0.23076923076923073,0.07692307692307687,0.16666666666666663,0.8461538461538461,0.8461538461538461,0.23076923076923073,0.23076923076923073,0.23076923076923073,0.75,0.23076923076923073,0.0,0.8333333333333334,0.8461538461538461,0.7692307692307692,0.8333333333333334,0.23076923076923073,0.23076923076923073,0.23076923076923073,0.23076923076923073,0.23076923076923073,0.8333333333333334,0.23076923076923073,0.0,0.23076923076923073,0.23076923076923073,0.0,0.46153846153846156,0.23076923076923073,0.23076923076923073,0.16666666666666663,0.0,0.23076923076923073,0.8461538461538461,0.0,0.23076923076923073,0.23076923076923073,0.16666666666666663,0.16666666666666663,0.15384615384615385,0.8333333333333334,0.16666666666666663,0.23076923076923073,0.7692307692307692,0.23076923076923073,0.23076923076923073,0.6923076923076923,0.15384615384615385,0.8461538461538461,0.23076923076923073,0.75,0.23076923076923073,0.8461538461538461,0.23076923076923073,0.3076923076923077,0.16666666666666663,0.0,0.8461538461538461,0.23076923076923073,0.7692307692307692,0.16666666666666663,0.8461538461538461,0.23076923076923073,0.16666666666666663,0.23076923076923073,0.23076923076923073,0.23076923076923073,0.23076923076923073,0.0,0.8461538461538461,0.23076923076923073,0.8461538461538461,0.16666666666666663,0.23076923076923073,0.7692307692307692,0.23076923076923073,0.23076923076923073,0.23076923076923073,0.6923076923076923,0.23076923076923073,0.8461538461538461,0.7692307692307692,0.15384615384615385,0.16666666666666663,0.75,0.7692307692307692,0.7692307692307692,0.23076923076923073,0.6923076923076923,0.7692307692307692,0.8461538461538461,0.23076923076923073,0.23076923076923073,0.0,0.8333333333333334,0.16666666666666663,0.23076923076923073,0.8333333333333334,0.23076923076923073,0.23076923076923073,0.8333333333333334,0.23076923076923073,0.23076923076923073,0.23076923076923073,0.23076923076923073,0.07692307692307687,0.16666666666666663,0.8461538461538461,0.3846153846153846,0.23076923076923073,0.23076923076923073,0.23076923076923073,0.8461538461538461,0.23076923076923073,0.8461538461538461,0.23076923076923073,0.7692307692307692,0.15384615384615385,0.7692307692307692,0.16666666666666663,0.15384615384615385,0.23076923076923073,0.23076923076923073,0.23076923076923073,0.7692307692307692
1062,0.0,0.07692307692307687,1.0,1.0,0.07692307692307687,0.23076923076923073,0.23076923076923073,0.0,0.0,1.0,0.0,0.0,0.15384615384615385,0.0,1.0,1.0,0.0,0.0,0.0,0.9166666666666666,0.3846153846153846,0.16666666666666663,1.0,1.0,1.0,1.0,0.0,0.0,0.0,0.0,0.0,1.0,0.0,0.23076923076923073,0.0,0.0,0.16666666666666663,0.5384615384615384,0.0,0.0,0.0,0.23076923076923073,0.0,1.0,0.23076923076923073,0.0,0.0,0.0,0.0,0.23076923076923073,1.0,0.0,0.0,0.9230769230769231,0.0,0.0,0.9230769230769231,0.07692307692307687,1.0,0.0,0.9166666666666666,0.0,1.0,0.0,0.5384615384615384,0.0,0.23076923076923073,1.0,0.0,1.0,0.0,1.0,0.0,0.0,0.0,0.0,0.0,0.3846153846153846,0.23076923076923073,1.0,0.0,1.0,0.0,0.0,1.0,0.0,0.0,0.0,0.9230769230769231,0.46153846153846156,1.0,1.0,0.3846153846153846,0.0,0.9166666666666666,1.0,1.0,0.0,0.8461538461538461,1.0,1.0,0.0,0.0,0.23076923076923073,1.0,0.0,0.0,1.0,0.07692307692307687,0.0,1.0,0.0,0.0,0.0,0.0,0.3076923076923077,0.0,1.0,0.15384615384615385,0.0,0.0,0.0,1.0,0.0,1.0,0.0,1.0,0.07692307692307687,1.0,0.0,0.07692307692307687,0.0,0.0,0.0,1.0
1065,1.0,0.9230769230769231,0.15384615384615385,0.07692307692307687,1.0,0.8461538461538461,0.8461538461538461,1.0,1.0,0.07692307692307687,1.0,1.0,0.8461538461538461,1.0,0.07692307692307687,0.07692307692307687,1.0,1.0,1.0,0.16666666666666663,0.6923076923076923,0.8333333333333334,0.16666666666666663,0.07692307692307687,0.6153846153846154,0.16666666666666663,1.0,1.0,1.0,1.0,1.0,0.08333333333333337,1.0,0.8461538461538461,1.0,1.0,0.8333333333333334,0.9230769230769231,1.0,1.0,1.0,0.8461538461538461,1.0,0.0,0.8461538461538461,1.0,1.0,1.0,1.0,0.7692307692307692,0.08333333333333337,1.0,1.0,0.15384615384615385,1.0,1.0,0.23076923076923073,1.0,0.07692307692307687,1.0,0.16666666666666663,1.0,0.07692307692307687,1.0,0.5384615384615384,1.0,0.8461538461538461,0.15384615384615385,1.0,0.15384615384615385,1.0,0.23076923076923073,1.0,1.0,1.0,1.0,1.0,0.9230769230769231,0.8461538461538461,0.15384615384615385,1.0,0.07692307692307687,1.0,1.0,0.15384615384615385,1.0,1.0,1.0,0.5384615384615384,0.6923076923076923,0.07692307692307687,0.15384615384615385,0.7692307692307692,1.0,0.16666666666666663,0.15384615384615385,0.15384615384615385,1.0,0.23076923076923073,0.15384615384615385,0.07692307692307687,1.0,1.0,0.8461538461538461,0.08333333333333337,1.0,1.0,0.08333333333333337,1.0,1.0,0.08333333333333337,1.0,1.0,1.0,1.0,0.7692307692307692,1.0,0.07692307692307687,0.8461538461538461,1.0,1.0,1.0,0.07692307692307687,1.0,0.07692307692307687,1.0,0.15384615384615385,1.0,0.15384615384615385,1.0,1.0,1.0,1.0,1.0,0.15384615384615385
1067,0.16666666666666663,0.23076923076923073,0.7692307692307692,0.8461538461538461,0.15384615384615385,0.0,0.0,0.16666666666666663,0.23076923076923073,0.8461538461538461,0.16666666666666663,0.23076923076923073,0.07692307692307687,0.16666666666666663,0.8461538461538461,0.8461538461538461,0.23076923076923073,0.23076923076923073,0.23076923076923073,0.75,0.23076923076923073,0.0,0.8333333333333334,0.8461538461538461,0.7692307692307692,0.8333333333333334,0.23076923076923073,0.23076923076923073,0.23076923076923073,0.23076923076923073,0.23076923076923073,0.8333333333333334,0.23076923076923073,0.0,0.23076923076923073,0.23076923076923073,0.0,0.46153846153846156,0.23076923076923073,0.23076923076923073,0.16666666666666663,0.0,0.23076923076923073,0.8461538461538461,0.0,0.23076923076923073,0.23076923076923073,0.16666666666666663,0.16666666666666663,0.15384615384615385,0.8333333333333334,0.16666666666666663,0.23076923076923073,0.7692307692307692,0.23076923076923073,0.23076923076923073,0.6923076923076923,0.15384615384615385,0.8461538461538461,0.23076923076923073,0.75,0.23076923076923073,0.8461538461538461,0.23076923076923073,0.3076923076923077,0.16666666666666663,0.0,0.8461538461538461,0.23076923076923073,0.7692307692307692,0.16666666666666663,0.8461538461538461,0.23076923076923073,0.16666666666666663,0.23076923076923073,0.23076923076923073,0.23076923076923073,0.23076923076923073,0.0,0.8461538461538461,0.23076923076923073,0.8461538461538461,0.16666666666666663,0.23076923076923073,0.7692307692307692,0.23076923076923073,0.23076923076923073,0.23076923076923073,0.6923076923076923,0.23076923076923073,0.8461538461538461,0.7692307692307692,0.15384615384615385,0.16666666666666663,0.75,0.7692307692307692,0.7692307692307692,0.23076923076923073,0.6923076923076923,0.7692307692307692,0.8461538461538461,0.23076923076923073,0.23076923076923073,0.0,0.8333333333333334,0.16666666666666663,0.23076923076923073,0.8333333333333334,0.23076923076923073,0.23076923076923073,0.8333333333333334,0.23076923076923073,0.23076923076923073,0.23076923076923073,0.23076923076923073,0.07692307692307687,0.16666666666666663,0.8461538461538461,0.3846153846153846,0.23076923076923073,0.23076923076923073,0.23076923076923073,0.8461538461538461,0.23076923076923073,0.8461538461538461,0.23076923076923073,0.7692307692307692,0.15384615384615385,0.7692307692307692,0.16666666666666663,0.15384615384615385,0.23076923076923073,0.23076923076923073,0.23076923076923073,0.7692307692307692
1068,0.0,0.07692307692307687,1.0,1.0,0.07692307692307687,0.23076923076923073,0.23076923076923073,0.0,0.0,1.0,0.0,0.0,0.15384615384615385,0.0,1.0,1.0,0.0,0.0,0.0,0.9166666666666666,0.3846153846153846,0.16666666666666663,1.0,1.0,1.0,1.0,0.0,0.0,0.0,0.0,0.0,1.0,0.0,0.23076923076923073,0.0,0.0,0.16666666666666663,0.5384615384615384,0.0,0.0,0.0,0.23076923076923073,0.0,1.0,0.23076923076923073,0.0,0.0,0.0,0.0,0.23076923076923073,1.0,0.0,0.0,0.9230769230769231,0.0,0.0,0.9230769230769231,0.07692307692307687,1.0,0.0,0.9166666666666666,0.0,1.0,0.0,0.5384615384615384,0.0,0.23076923076923073,1.0,0.0,1.0,0.0,1.0,0.0,0.0,0.0,0.0,0.0,0.3846153846153846,0.23076923076923073,1.0,0.0,1.0,0.0,0.0,1.0,0.0,0.0,0.0,0.9230769230769231,0.46153846153846156,1.0,1.0,0.3846153846153846,0.0,0.9166666666666666,1.0,1.0,0.0,0.8461538461538461,1.0,1.0,0.0,0.0,0.23076923076923073,1.0,0.0,0.0,1.0,0.07692307692307687,0.0,1.0,0.0,0.0,0.0,0.0,0.3076923076923077,0.0,1.0,0.15384615384615385,0.0,0.0,0.0,1.0,0.0,1.0,0.0,1.0,0.07692307692307687,1.0,0.0,0.07692307692307687,0.0,0.0,0.0,1.0
1073,0.0,0.07692307692307687,1.0,1.0,0.07692307692307687,0.23076923076923073,0.23076923076923073,0.0,0.0,1.0,0.0,0.0,0.15384615384615385,0.0,1.0,1.0,0.0,0.0,0.0,0.9166666666666666,0.3846153846153846,0.16666666666666663,1.0,1.0,1.0,1.0,0.0,0.0,0.0,0.0,0.0,1.0,0.0,0.23076923076923073,0.0,0.0,0.16666666666666663,0.5384615384615384,0.0,0.0,0.0,0.23076923076923073,0.0,1.0,0.23076923076923073,0.0,0.0,0.0,0.0,0.23076923076923073,1.0,0.0,0.0,0.9230769230769231,0.0,0.0,0.9230769230769231,0.07692307692307687,1.0,0.0,0.9166666666666666,0.0,1.0,0.0,0.5384615384615384,0.0,0.23076923076923073,1.0,0.0,1.0,0.0,1.0,0.0,0.0,0.0,0.0,0.0,0.3846153846153846,0.23076923076923073,1.0,0.0,1.0,0.0,0.0,1.0,0.0,0.0,0.0,0.9230769230769231,0.46153846153846156,1.0,1.0,0.3846153846153846,0.0,0.9166666666666666,1.0,1.0,0.0,0.8461538461538461,1.0,1.0,0.0,0.0,0.23076923076923073,1.0,0.0,0.0,1.0,0.07692307692307687,0.0,1.0,0.0,0.0,0.0,0.0,0.3076923076923077,0.0,1.0,0.15384615384615385,0.0,0.0,0.0,1.0,0.0,1.0,0.0,1.0,0.07692307692307687,1.0,0.0,0.07692307692307687,0.0,0.0,0.0,1.0
1076,0.0,0.0,1.0,1.0,0.0,0.16666666666666663,0.16666666666666663,0.0,0.0,1.0,0.0,0.0,0.16666666666666663,0.0,1.0,1.0,0.0,0.0,0.0,0.9166666666666666,0.33333333333333337,0.16666666666666663,1.0,1.0,1.0,1.0,0.0,0.0,0.0,0.0,0.0,1.0,0.0,0.16666666666666663,0.0,0.0,0.16666666666666663,0.5,0.0,0.0,0.0,0.16666666666666663,0.0,1.0,0.16666666666666663,0.0,0.0,0.0,0.0,0.25,1.0,0.0,0.0,0.9166666666666666,0.0,0.0,0.9166666666666666,0.0,1.0,0.0,0.9166666666666666,0.0,1.0,0.0,0.5,0.0,0.16666666666666663,1.0,0.0,1.0,0.0,1.0,0.0,0.0,0.0,0.0,0.0,0.33333333333333337,0.16666666666666663,1.0,0.0,1.0,0.0,0.0,1.0,0.0,0.0,0.0,0.9166666666666666,0.41666666666666663,1.0,1.0,0.33333333333333337,0.0,0.9166666666666666,1.0,1.0,0.0,0.8333333333333334,1.0,1.0,0.0,0.0,0.16666666666666663,1.0,0.0,0.0,1.0,0.08333333333333337,0.0,1.0,0.0,0.0,0.0,0.0,0.25,0.0,1.0,0.16666666666666663,0.0,0.0,0.0,1.0,0.0,1.0,0.0,1.0,0.0,1.0,0.0,0.0,0.0,0.0,0.0,1.0
1077,0.0,0.0,1.0,1.0,0.0,0.16666666666666663,0.16666666666666663,0.0,0.0,1.0,0.0,0.0,0.16666666666666663,0.0,1.0,1.0,0.0,0.0,0.0,0.9166666666666666,0.33333333333333337,0.16666666666666663,1.0,1.0,1.0,1.0,0.0,0.0,0.0,0.0,0.0,1.0,0.0,0.16666666666666663,0.0,0.0,0.16666666666666663,0.5,0.0,0.0,0.0,0.16666666666666663,0.0,1.0,0.16666666666666663,0.0,0.0,0.0,0.0,0.25,1.0,0.0,0.0,0.9166666666666666,0.0,0.0,0.9166666666666666,0.0,1.0,0.0,0.9166666666666666,0.0,1.0,0.0,0.5,0.0,0.16666666666666663,1.0,0.0,1.0,0.0,1.0,0.0,0.0,0.0,0.0,0.0,0.33333333333333337,0.16666666666666663,1.0,0.0,1.0,0.0,0.0,1.0,0.0,0.0,0.0,0.9166666666666666,0.41666666666666663,1.0,1.0,0.33333333333333337,0.0,0.9166666666666666,1.0,1.0,0.0,0.8333333333333334,1.0,1.0,0.0,0.0,0.16666666666666663,1.0,0.0,0.0,1.0,0.08333333333333337,0.0,1.0,0.0,0.0,0.0,0.0,0.25,0.0,1.0,0.16666666666666663,0.0,0.0,0.0,1.0,0.0,1.0,0.0,1.0,0.0,1.0,0.0,0.0,0.0,0.0,0.0,1.0
1081,0.25,0.3076923076923077,0.7692307692307692,0.7692307692307692,0.3076923076923077,0.15384615384615385,0.15384615384615385,0.25,0.23076923076923073,0.7692307692307692,0.25,0.23076923076923073,0.07692307692307687,0.25,0.7692307692307692,0.7692307692307692,0.23076923076923073,0.23076923076923073,0.23076923076923073,0.6666666666666667,0.23076923076923073,0.08333333333333337,0.8333333333333334,0.7692307692307692,0.8461538461538461,0.8333333333333334,0.23076923076923073,0.23076923076923073,0.23076923076923073,0.23076923076923073,0.23076923076923073,0.75,0.23076923076923073,0.15384615384615385,0.23076923076923073,0.23076923076923073,0.08333333333333337,0.6153846153846154,0.23076923076923073,0.23076923076923073,0.25,0.15384615384615385,0.23076923076923073,0.7692307692307692,0.15384615384615385,0.23076923076923073,0.23076923076923073,0.25,0.25,0.0,0.75,0.25,0.23076923076923073,0.6923076923076923,0.23076923076923073,0.23076923076923073,0.8461538461538461,0.3076923076923077,0.7692307692307692,0.23076923076923073,0.8333333333333334,0.23076923076923073,0.7692307692307692,0.23076923076923073,0.3076923076923077,0.25,0.15384615384615385,0.7692307692307692,0.23076923076923073,0.7692307692307692,0.25,0.7692307692307692,0.23076923076923073,0.25,0.23076923076923073,0.23076923076923073,0.23076923076923073,0.3846153846153846,0.15384615384615385,0.7692307692307692,0.23076923076923073,0.7692307692307692,0.25,0.23076923076923073,0.7692307692307692,0.23076923076923073,0.23076923076923073,0.23076923076923073,0.7692307692307692,0.23076923076923073,0.7692307692307692,0.7692307692307692,0.3076923076923077,0.25,0.6666666666666667,0.7692307692307692,0.7692307692307692,0.23076923076923073,0.6153846153846154,0.7692307692307692,0.7692307692307692,0.23076923076923073,0.23076923076923073,0.15384615384615385,0.75,0.25,0.23076923076923073,0.75,0.23076923076923073,0.23076923076923073,0.75,0.23076923076923073,0.23076923076923073,0.23076923076923073,0.23076923076923073,0.23076923076923073,0.25,0.7692307692307692,0.23076923076923073,0.23076923076923073,0.23076923076923073,0.23076923076923073,0.7692307692307692,0.23076923076923073,0.7692307692307692,0.23076923076923073,0.7692307692307692,0.3076923076923077,0.7692307692307692,0.25,0.3076923076923077,0.23076923076923073,0.23076923076923073,0.23076923076923073,0.7692307692307692
1082,1.0,1.0,0.0,0.0,1.0,0.8333333333333334,0.8333333333333334,1.0,1.0,0.0,1.0,1.0,0.8333333333333334,1.0,0.0,0.0,1.0,1.0,1.0,0.08333333333333337,0.75,0.8333333333333334,0.08333333333333337,0.0,0.5,0.08333333333333337,1.0,1.0,1.0,1.0,1.0,0.0,1.0,0.8333333333333334,1.0,1.0,0.8333333333333334,1.0,1.0,1.0,1.0,0.8333333333333334,1.0,0.08333333333333337,0.8333333333333334,1.0,1.0,1.0,1.0,0.75,0.0,1.0,1.0,0.08333333333333337,1.0,1.0,0.08333333333333337,1.0,0.0,1.0,0.08333333333333337,1.0,0.0,1.0,0.5,1.0,0.8333333333333334,0.25,1.0,0.0,1.0,0.16666666666666663,1.0,1.0,1.0,1.0,1.0,0.9166666666666666,0.8333333333333334,0.08333333333333337,1.0,0.0,1.0,1.0,0.0,1.0,1.0,1.0,0.41666666666666663,0.6666666666666667,0.0,0.0,0.75,1.0,0.08333333333333337,0.0,0.0,1.0,0.16666666666666663,0.0,0.0,1.0,1.0,0.8333333333333334,0.0,1.0,1.0,0.0,1.0,1.0,0.0,1.0,1.0,1.0,1.0,0.75,1.0,0.0,0.8333333333333334,1.0,1.0,1.0,0.0,1.0,0.0,1.0,0.0,1.0,0.0,1.0,1.0,1.0,1.0,1.0,0.0
1086,0.0,0.0,1.0,1.0,0.0,0.16666666666666663,0.16666666666666663,0.0,0.0,1.0,0.0,0.0,0.16666666666666663,0.0,1.0,1.0,0.0,0.0,0.0,0.9166666666666666,0.33333333333333337,0.16666666666666663,1.0,1.0,1.0,1.0,0.0,0.0,0.0,0.0,0.0,1.0,0.0,0.16666666666666663,0.0,0.0,0.16666666666666663,0.5,0.0,0.0,0.0,0.16666666666666663,0.0,1.0,0.16666666666666663,0.0,0.0,0.0,0.0,0.25,1.0,0.0,0.0,0.9166666666666666,0.0,0.0,0.9166666666666666,0.0,1.0,0.0,0.9166666666666666,0.0,1.0,0.0,0.5,0.0,0.16666666666666663,1.0,0.0,1.0,0.0,1.0,0.0,0.0,0.0,0.0,0.0,0.33333333333333337,0.16666666666666663,1.0,0.0,1.0,0.0,0.0,1.0,0.0,0.0,0.0,0.9166666666666666,0.41666666666666663,1.0,1.0,0.33333333333333337,0.0,0.9166666666666666,1.0,1.0,0.0,0.8333333333333334,1.0,1.0,0.0,0.0,0.16666666666666663,1.0,0.0,0.0,1.0,0.08333333333333337,0.0,1.0,0.0,0.0,0.0,0.0,0.25,0.0,1.0,0.16666666666666663,0.0,0.0,0.0,1.0,0.0,1.0,0.0,1.0,0.0,1.0,0.0,0.0,0.0,0.0,0.0,1.0
1087,0.0,0.07692307692307687,1.0,1.0,0.07692307692307687,0.23076923076923073,0.23076923076923073,0.0,0.0,1.0,0.0,0.0,0.15384615384615385,0.0,1.0,1.0,0.0,0.0,0.0,0.9166666666666666,0.3846153846153846,0.16666666666666663,1.0,1.0,1.0,1.0,0.0,0.0,0.0,0.0,0.0,1.0,0.0,0.23076923076923073,0.0,0.0,0.16666666666666663,0.5384615384615384,0.0,0.0,0.0,0.23076923076923073,0.0,1.0,0.23076923076923073,0.0,0.0,0.0,0.0,0.23076923076923073,1.0,0.0,0.0,0.9230769230769231,0.0,0.0,0.9230769230769231,0.07692307692307687,1.0,0.0,0.9166666666666666,0.0,1.0,0.0,0.5384615384615384,0.0,0.23076923076923073,1.0,0.0,1.0,0.0,1.0,0.0,0.0,0.0,0.0,0.0,0.3846153846153846,0.23076923076923073,1.0,0.0,1.0,0.0,0.0,1.0,0.0,0.0,0.0,0.9230769230769231,0.46153846153846156,1.0,1.0,0.3846153846153846,0.0,0.9166666666666666,1.0,1.0,0.0,0.8461538461538461,1.0,1.0,0.0,0.0,0.23076923076923073,1.0,0.0,0.0,1.0,0.07692307692307687,0.0,1.0,0.0,0.0,0.0,0.0,0.3076923076923077,0.0,1.0,0.15384615384615385,0.0,0.0,0.0,1.0,0.0,1.0,0.0,1.0,0.07692307692307687,1.0,0.0,0.07692307692307687,0.0,0.0,0.0,1.0
1094,0.9166666666666666,0.8461538461538461,0.15384615384615385,0.07692307692307687,0.9230769230769231,0.7692307692307692,0.7692307692307692,0.9166666666666666,0.9230769230769231,0.07692307692307687,0.9166666666666666,0.9230769230769231,0.7692307692307692,0.9166666666666666,0.07692307692307687,0.07692307692307687,0.9230769230769231,0.9230769230769231,0.9230769230769231,0.16666666666666663,0.6153846153846154,0.75,0.16666666666666663,0.07692307692307687,0.6153846153846154,0.16666666666666663,0.9230769230769231,0.9230769230769231,0.9230769230769231,0.9230769230769231,0.9230769230769231,0.08333333333333337,0.9230769230769231,0.7692307692307692,0.9230769230769231,0.9230769230769231,0.75,0.9230769230769231,0.9230769230769231,0.9230769230769231,0.9166666666666666,0.7692307692307692,0.9230769230769231,0.15384615384615385,0.7692307692307692,0.9230769230769231,0.9230769230769231,0.9166666666666666,0.9166666666666666,0.6923076923076923,0.08333333333333337,0.9166666666666666,0.9230769230769231,0.0,0.9230769230769231,0.9230769230769231,0.23076923076923073,0.9230769230769231,0.07692307692307687,0.9230769230769231,0.16666666666666663,0.9230769230769231,0.07692307692307687,0.9230769230769231,0.6153846153846154,0.9166666666666666,0.7692307692307692,0.3076923076923077,0.9230769230769231,0.15384615384615385,0.9166666666666666,0.23076923076923073,0.9230769230769231,0.9166666666666666,0.9230769230769231,0.9230769230769231,0.9230769230769231,0.8461538461538461,0.7692307692307692,0.15384615384615385,0.9230769230769231,0.07692307692307687,0.9166666666666666,0.9230769230769231,0.15384615384615385,0.9230769230769231,0.9230769230769231,0.9230769230769231,0.5384615384615384,0.6923076923076923,0.07692307692307687,0.15384615384615385,0.8461538461538461,0.9166666666666666,0.16666666666666663,0.15384615384615385,0.15384615384615385,0.9230769230769231,0.23076923076923073,0.15384615384615385,0.07692307692307687,0.9230769230769231,0.9230769230769231,0.7692307692307692,0.08333333333333337,0.9166666666666666,0.9230769230769231,0.08333333333333337,0.9230769230769231,0.9230769230769231,0.08333333333333337,0.9230769230769231,0.9230769230769231,0.9230769230769231,0.9230769230769231,0.6923076923076923,0.9166666666666666,0.07692307692307687,0.7692307692307692,0.9230769230769231,0.9230769230769231,0.9230769230769231,0.07692307692307687,0.9230769230769231,0.07692307692307687,0.9230769230769231,0.15384615384615385,0.9230769230769231,0.15384615384615385,0.9166666666666666,0.9230769230769231,0.9230769230769231,0.9230769230769231,0.9230769230769231,0.15384615384615385
1096,0.0,0.07692307692307687,1.0,1.0,0.07692307692307687,0.23076923076923073,0.23076923076923073,0.0,0.0,1.0,0.0,0.0,0.15384615384615385,0.0,1.0,1.0,0.0,0.0,0.0,0.9166666666666666,0.3846153846153846,0.16666666666666663,1.0,1.0,1.0,1.0,0.0,0.0,0.0,0.0,0.0,1.0,0.0,0.23076923076923073,0.0,0.0,0.16666666666666663,0.5384615384615384,0.0,0.0,0.0,0.23076923076923073,0.0,1.0,0.23076923076923073,0.0,0.0,0.0,0.0,0.23076923076923073,1.0,0.0,0.0,0.9230769230769231,0.0,0.0,0.9230769230769231,0.07692307692307687,1.0,0.0,0.9166666666666666,0.0,1.0,0.0,0.5384615384615384,0.0,0.23076923076923073,1.0,0.0,1.0,0.0,1.0,0.0,0.0,0.0,0.0,0.0,0.3846153846153846,0.23076923076923073,1.0,0.0,1.0,0.0,0.0,1.0,0.0,0.0,0.0,0.9230769230769231,0.46153846153846156,1.0,1.0,0.3846153846153846,0.0,0.9166666666666666,1.0,1.0,0.0,0.8461538461538461,1.0,1.0,0.0,0.0,0.23076923076923073,1.0,0.0,0.0,1.0,0.07692307692307687,0.0,1.0,0.0,0.0,0.0,0.0,0.3076923076923077,0.0,1.0,0.15384615384615385,0.0,0.0,0.0,1.0,0.0,1.0,0.0,1.0,0.07692307692307687,1.0,0.0,0.07692307692307687,0.0,0.0,0.0,1.0
1097,0.0,0.07692307692307687,1.0,1.0,0.07692307692307687,0.23076923076923073,0.23076923076923073,0.0,0.0,1.0,0.0,0.0,0.15384615384615385,0.0,1.0,1.0,0.0,0.0,0.0,0.9166666666666666,0.3846153846153846,0.16666666666666663,1.0,1.0,1.0,1.0,0.0,0.0,0.0,0.0,0.0,1.0,0.0,0.23076923076923073,0.0,0.0,0.16666666666666663,0.5384615384615384,0.0,0.0,0.0,0.23076923076923073,0.0,1.0,0.23076923076923073,0.0,0.0,0.0,0.0,0.23076923076923073,1.0,0.0,0.0,0.9230769230769231,0.0,0.0,0.9230769230769231,0.07692307692307687,1.0,0.0,0.9166666666666666,0.0,1.0,0.0,0.5384615384615384,0.0,0.23076923076923073,1.0,0.0,1.0,0.0,1.0,0.0,0.0,0.0,0.0,0.0,0.3846153846153846,0.23076923076923073,1.0,0.0,1.0,0.0,0.0,1.0,0.0,0.0,0.0,0.9230769230769231,0.46153846153846156,1.0,1.0,0.3846153846153846,0.0,0.9166666666666666,1.0,1.0,0.0,0.8461538461538461,1.0,1.0,0.0,0.0,0.23076923076923073,1.0,0.0,0.0,1.0,0.07692307692307687,0.0,1.0,0.0,0.0,0.0,0.0,0.3076923076923077,0.0,1.0,0.15384615384615385,0.0,0.0,0.0,1.0,0.0,1.0,0.0,1.0,0.07692307692307687,1.0,0.0,0.07692307692307687,0.0,0.0,0.0,1.0
1098,0.9166666666666666,0.9230769230769231,0.07692307692307687,0.15384615384615385,0.8461538461538461,0.6923076923076923,0.6923076923076923,0.9166666666666666,0.9230769230769231,0.15384615384615385,0.9166666666666666,0.9230769230769231,0.7692307692307692,0.9166666666666666,0.15384615384615385,0.15384615384615385,0.9230769230769231,0.9230769230769231,0.9230769230769231,0.16666666666666663,0.7692307692307692,0.75,0.08333333333333337,0.15384615384615385,0.46153846153846156,0.08333333333333337,0.9230769230769231,0.9230769230769231,0.9230769230769231,0.9230769230769231,0.9230769230769231,0.08333333333333337,0.9230769230769231,0.6923076923076923,0.9230769230769231,0.9230769230769231,0.75,0.8461538461538461,0.9230769230769231,0.9230769230769231,0.9166666666666666,0.6923076923076923,0.9230769230769231,0.23076923076923073,0.6923076923076923,0.9230769230769231,0.9230769230769231,0.9166666666666666,0.9166666666666666,0.8461538461538461,0.08333333333333337,0.9166666666666666,0.9230769230769231,0.23076923076923073,0.9230769230769231,0.9230769230769231,0.0,0.8461538461538461,0.15384615384615385,0.9230769230769231,0.0,0.9230769230769231,0.15384615384615385,0.9230769230769231,0.5384615384615384,0.9166666666666666,0.6923076923076923,0.3846153846153846,0.9230769230769231,0.07692307692307687,0.9166666666666666,0.3076923076923077,0.9230769230769231,0.9166666666666666,0.9230769230769231,0.9230769230769231,0.9230769230769231,0.7692307692307692,0.6923076923076923,0.23076923076923073,0.9230769230769231,0.15384615384615385,0.9166666666666666,0.9230769230769231,0.07692307692307687,0.9230769230769231,0.9230769230769231,0.9230769230769231,0.3846153846153846,0.6923076923076923,0.15384615384615385,0.07692307692307687,0.6153846153846154,0.9166666666666666,0.16666666666666663,0.07692307692307687,0.07692307692307687,0.9230769230769231,0.3076923076923077,0.07692307692307687,0.15384615384615385,0.9230769230769231,0.9230769230769231,0.6923076923076923,0.08333333333333337,0.9166666666666666,0.9230769230769231,0.08333333333333337,0.9230769230769231,0.9230769230769231,0.08333333333333337,0.9230769230769231,0.9230769230769231,0.9230769230769231,0.9230769230769231,0.6153846153846154,0.9166666666666666,0.15384615384615385,0.9230769230769231,0.9230769230769231,0.9230769230769231,0.9230769230769231,0.15384615384615385,0.9230769230769231,0.15384615384615385,0.9230769230769231,0.07692307692307687,0.8461538461538461,0.07692307692307687,0.9166666666666666,0.8461538461538461,0.9230769230769231,0.9230769230769231,0.9230769230769231,0.07692307692307687
1099,0.0,0.07692307692307687,0.9230769230769231,1.0,0.0,0.15384615384615385,0.15384615384615385,0.0,0.07692307692307687,1.0,0.0,0.07692307692307687,0.23076923076923073,0.0,1.0,1.0,0.07692307692307687,0.07692307692307687,0.07692307692307687,0.9166666666666666,0.3846153846153846,0.16666666666666663,1.0,1.0,0.9230769230769231,1.0,0.07692307692307687,0.07692307692307687,0.07692307692307687,0.07692307692307687,0.07692307692307687,1.0,0.07692307692307687,0.15384615384615385,0.07692307692307687,0.07692307692307687,0.16666666666666663,0.46153846153846156,0.07692307692307687,0.07692307692307687,0.0,0.15384615384615385,0.07692307692307687,1.0,0.15384615384615385,0.07692307692307687,0.07692307692307687,0.0,0.0,0.3076923076923077,1.0,0.0,0.07692307692307687,0.9230769230769231,0.07692307692307687,0.07692307692307687,0.8461538461538461,0.0,1.0,0.07692307692307687,0.9166666666666666,0.07692307692307687,1.0,0.07692307692307687,0.46153846153846156,0.0,0.15384615384615385,1.0,0.07692307692307687,0.9230769230769231,0.0,1.0,0.07692307692307687,0.0,0.07692307692307687,0.07692307692307687,0.07692307692307687,0.3076923076923077,0.15384615384615385,1.0,0.07692307692307687,1.0,0.0,0.07692307692307687,0.9230769230769231,0.07692307692307687,0.07692307692307687,0.07692307692307687,0.8461538461538461,0.3846153846153846,1.0,0.9230769230769231,0.3076923076923077,0.0,0.9166666666666666,0.9230769230769231,0.9230769230769231,0.07692307692307687,0.8461538461538461,0.9230769230769231,1.0,0.07692307692307687,0.07692307692307687,0.15384615384615385,1.0,0.0,0.07692307692307687,1.0,0.15384615384615385,0.07692307692307687,1.0,0.07692307692307687,0.07692307692307687,0.07692307692307687,0.07692307692307687,0.23076923076923073,0.0,1.0,0.23076923076923073,0.07692307692307687,0.07692307692307687,0.07692307692307687,1.0,0.07692307692307687,1.0,0.07692307692307687,0.9230769230769231,0.0,0.9230769230769231,0.0,0.0,0.07692307692307687,0.07692307692307687,0.07692307692307687,0.9230769230769231
1100,1.0,0.9230769230769231,0.07692307692307687,0.0,1.0,0.8461538461538461,0.8461538461538461,1.0,1.0,0.0,1.0,1.0,0.8461538461538461,1.0,0.0,0.0,1.0,1.0,1.0,0.08333333333333337,0.6923076923076923,0.8333333333333334,0.08333333333333337,0.0,0.5384615384615384,0.08333333333333337,1.0,1.0,1.0,1.0,1.0,0.0,1.0,0.8461538461538461,1.0,1.0,0.8333333333333334,1.0,1.0,1.0,1.0,0.8461538461538461,1.0,0.07692307692307687,0.8461538461538461,1.0,1.0,1.0,1.0,0.7692307692307692,0.0,1.0,1.0,0.07692307692307687,1.0,1.0,0.15384615384615385,1.0,0.0,1.0,0.08333333333333337,1.0,0.0,1.0,0.5384615384615384,1.0,0.8461538461538461,0.23076923076923073,1.0,0.07692307692307687,1.0,0.15384615384615385,1.0,1.0,1.0,1.0,1.0,0.9230769230769231,0.8461538461538461,0.07692307692307687,1.0,0.0,1.0,1.0,0.07692307692307687,1.0,1.0,1.0,0.46153846153846156,0.6923076923076923,0.0,0.07692307692307687,0.7692307692307692,1.0,0.08333333333333337,0.07692307692307687,0.07692307692307687,1.0,0.15384615384615385,0.07692307692307687,0.0,1.0,1.0,0.8461538461538461,0.0,1.0,1.0,0.0,1.0,1.0,0.0,1.0,1.0,1.0,1.0,0.7692307692307692,1.0,0.0,0.8461538461538461,1.0,1.0,1.0,0.0,1.0,0.0,1.0,0.07692307692307687,1.0,0.07692307692307687,1.0,1.0,1.0,1.0,1.0,0.07692307692307687
1101,0.0,0.07692307692307687,1.0,1.0,0.07692307692307687,0.23076923076923073,0.23076923076923073,0.0,0.0,1.0,0.0,0.0,0.15384615384615385,0.0,1.0,1.0,0.0,0.0,0.0,0.9166666666666666,0.3846153846153846,0.16666666666666663,1.0,1.0,1.0,1.0,0.0,0.0,0.0,0.0,0.0,1.0,0.0,0.23076923076923073,0.0,0.0,0.16666666666666663,0.5384615384615384,0.0,0.0,0.0,0.23076923076923073,0.0,1.0,0.23076923076923073,0.0,0.0,0.0,0.0,0.23076923076923073,1.0,0.0,0.0,0.9230769230769231,0.0,0.0,0.9230769230769231,0.07692307692307687,1.0,0.0,0.9166666666666666,0.0,1.0,0.0,0.5384615384615384,0.0,0.23076923076923073,1.0,0.0,1.0,0.0,1.0,0.0,0.0,0.0,0.0,0.0,0.3846153846153846,0.23076923076923073,1.0,0.0,1.0,0.0,0.0,1.0,0.0,0.0,0.0,0.9230769230769231,0.46153846153846156,1.0,1.0,0.3846153846153846,0.0,0.9166666666666666,1.0,1.0,0.0,0.8461538461538461,1.0,1.0,0.0,0.0,0.23076923076923073,1.0,0.0,0.0,1.0,0.07692307692307687,0.0,1.0,0.0,0.0,0.0,0.0,0.3076923076923077,0.0,1.0,0.15384615384615385,0.0,0.0,0.0,1.0,0.0,1.0,0.0,1.0,0.07692307692307687,1.0,0.0,0.07692307692307687,0.0,0.0,0.0,1.0
1102,0.9166666666666666,0.9166666666666666,0.08333333333333337,0.08333333333333337,0.9166666666666666,0.75,0.75,0.9166666666666666,0.9166666666666666,0.08333333333333337,0.9166666666666666,0.9166666666666666,0.75,0.9166666666666666,0.08333333333333337,0.08333333333333337,0.9166666666666666,0.9166666666666666,0.9166666666666666,0.16666666666666663,0.75,0.75,0.08333333333333337,0.08333333333333337,0.5,0.08333333333333337,0.9166666666666666,0.9166666666666666,0.9166666666666666,0.9166666666666666,0.9166666666666666,0.08333333333333337,0.9166666666666666,0.75,0.9166666666666666,0.9166666666666666,0.75,0.9166666666666666,0.9166666666666666,0.9166666666666666,0.9166666666666666,0.75,0.9166666666666666,0.16666666666666663,0.75,0.9166666666666666,0.9166666666666666,0.9166666666666666,0.9166666666666666,0.8333333333333334,0.08333333333333337,0.9166666666666666,0.9166666666666666,0.16666666666666663,0.9166666666666666,0.9166666666666666,0.0,0.9166666666666666,0.08333333333333337,0.9166666666666666,0.0,0.9166666666666666,0.08333333333333337,0.9166666666666666,0.5833333333333333,0.9166666666666666,0.75,0.33333333333333337,0.9166666666666666,0.08333333333333337,0.9166666666666666,0.25,0.9166666666666666,0.9166666666666666,0.9166666666666666,0.9166666666666666,0.9166666666666666,0.8333333333333334,0.75,0.16666666666666663,0.9166666666666666,0.08333333333333337,0.9166666666666666,0.9166666666666666,0.08333333333333337,0.9166666666666666,0.9166666666666666,0.9166666666666666,0.41666666666666663,0.75,0.08333333333333337,0.08333333333333337,0.6666666666666667,0.9166666666666666,0.16666666666666663,0.08333333333333337,0.08333333333333337,0.9166666666666666,0.25,0.08333333333333337,0.08333333333333337,0.9166666666666666,0.9166666666666666,0.75,0.08333333333333337,0.9166666666666666,0.9166666666666666,0.08333333333333337,0.9166666666666666,0.9166666666666666,0.08333333333333337,0.9166666666666666,0.9166666666666666,0.9166666666666666,0.9166666666666666,0.6666666666666667,0.9166666666666666,0.08333333333333337,0.9166666666666666,0.9166666666666666,0.9166666666666666,0.9166666666666666,0.08333333333333337,0.9166666666666666,0.08333333333333337,0.9166666666666666,0.08333333333333337,0.9166666666666666,0.08333333333333337,0.9166666666666666,0.9166666666666666,0.9166666666666666,0.9166666666666666,0.9166666666666666,0.08333333333333337
1103,0.0,0.07692307692307687,1.0,1.0,0.07692307692307687,0.23076923076923073,0.23076923076923073,0.0,0.0,1.0,0.0,0.0,0.15384615384615385,0.0,1.0,1.0,0.0,0.0,0.0,0.9166666666666666,0.3846153846153846,0.16666666666666663,1.0,1.0,1.0,1.0,0.0,0.0,0.0,0.0,0.0,1.0,0.0,0.23076923076923073,0.0,0.0,0.16666666666666663,0.5384615384615384,0.0,0.0,0.0,0.23076923076923073,0.0,1.0,0.23076923076923073,0.0,0.0,0.0,0.0,0.23076923076923073,1.0,0.0,0.0,0.9230769230769231,0.0,0.0,0.9230769230769231,0.07692307692307687,1.0,0.0,0.9166666666666666,0.0,1.0,0.0,0.5384615384615384,0.0,0.23076923076923073,1.0,0.0,1.0,0.0,1.0,0.0,0.0,0.0,0.0,0.0,0.3846153846153846,0.23076923076923073,1.0,0.0,1.0,0.0,0.0,1.0,0.0,0.0,0.0,0.9230769230769231,0.46153846153846156,1.0,1.0,0.3846153846153846,0.0,0.9166666666666666,1.0,1.0,0.0,0.8461538461538461,1.0,1.0,0.0,0.0,0.23076923076923073,1.0,0.0,0.0,1.0,0.07692307692307687,0.0,1.0,0.0,0.0,0.0,0.0,0.3076923076923077,0.0,1.0,0.15384615384615385,0.0,0.0,0.0,1.0,0.0,1.0,0.0,1.0,0.07692307692307687,1.0,0.0,0.07692307692307687,0.0,0.0,0.0,1.0
1104,1.0,0.9230769230769231,0.07692307692307687,0.0,1.0,0.8461538461538461,0.8461538461538461,1.0,1.0,0.0,1.0,1.0,0.8461538461538461,1.0,0.0,0.0,1.0,1.0,1.0,0.08333333333333337,0.6923076923076923,0.8333333333333334,0.08333333333333337,0.0,0.5384615384615384,0.08333333333333337,1.0,1.0,1.0,1.0,1.0,0.0,1.0,0.8461538461538461,1.0,1.0,0.8333333333333334,1.0,1.0,1.0,1.0,0.8461538461538461,1.0,0.07692307692307687,0.8461538461538461,1.0,1.0,1.0,1.0,0.7692307692307692,0.0,1.0,1.0,0.07692307692307687,1.0,1.0,0.15384615384615385,1.0,0.0,1.0,0.08333333333333337,1.0,0.0,1.0,0.5384615384615384,1.0,0.8461538461538461,0.23076923076923073,1.0,0.07692307692307687,1.0,0.15384615384615385,1.0,1.0,1.0,1.0,1.0,0.9230769230769231,0.8461538461538461,0.07692307692307687,1.0,0.0,1.0,1.0,0.07692307692307687,1.0,1.0,1.0,0.46153846153846156,0.6923076923076923,0.0,0.07692307692307687,0.7692307692307692,1.0,0.08333333333333337,0.07692307692307687,0.07692307692307687,1.0,0.15384615384615385,0.07692307692307687,0.0,1.0,1.0,0.8461538461538461,0.0,1.0,1.0,0.0,1.0,1.0,0.0,1.0,1.0,1.0,1.0,0.7692307692307692,1.0,0.0,0.8461538461538461,1.0,1.0,1.0,0.0,1.0,0.0,1.0,0.07692307692307687,1.0,0.07692307692307687,1.0,1.0,1.0,1.0,1.0,0.07692307692307687
1105,0.0,0.07692307692307687,1.0,1.0,0.07692307692307687,0.23076923076923073,0.23076923076923073,0.0,0.0,1.0,0.0,0.0,0.15384615384615385,0.0,1.0,1.0,0.0,0.0,0.0,0.9166666666666666,0.3846153846153846,0.16666666666666663,1.0,1.0,1.0,1.0,0.0,0.0,0.0,0.0,0.0,1.0,0.0,0.23076923076923073,0.0,0.0,0.16666666666666663,0.5384615384615384,0.0,0.0,0.0,0.23076923076923073,0.0,1.0,0.23076923076923073,0.0,0.0,0.0,0.0,0.23076923076923073,1.0,0.0,0.0,0.9230769230769231,0.0,0.0,0.9230769230769231,0.07692307692307687,1.0,0.0,0.9166666666666666,0.0,1.0,0.0,0.5384615384615384,0.0,0.23076923076923073,1.0,0.0,1.0,0.0,1.0,0.0,0.0,0.0,0.0,0.0,0.3846153846153846,0.23076923076923073,1.0,0.0,1.0,0.0,0.0,1.0,0.0,0.0,0.0,0.9230769230769231,0.46153846153846156,1.0,1.0,0.3846153846153846,0.0,0.9166666666666666,1.0,1.0,0.0,0.8461538461538461,1.0,1.0,0.0,0.0,0.23076923076923073,1.0,0.0,0.0,1.0,0.07692307692307687,0.0,1.0,0.0,0.0,0.0,0.0,0.3076923076923077,0.0,1.0,0.15384615384615385,0.0,0.0,0.0,1.0,0.0,1.0,0.0,1.0,0.07692307692307687,1.0,0.0,0.07692307692307687,0.0,0.0,0.0,1.0
1106,0.5,0.5384615384615384,0.46153846153846156,0.5384615384615384,0.46153846153846156,0.3076923076923077,0.3076923076923077,0.5,0.5384615384615384,0.5384615384615384,0.5,0.5384615384615384,0.3846153846153846,0.5,0.5384615384615384,0.5384615384615384,0.5384615384615384,0.5384615384615384,0.5384615384615384,0.41666666666666663,0.46153846153846156,0.33333333333333337,0.5833333333333333,0.5384615384615384,0.6153846153846154,0.5833333333333333,0.5384615384615384,0.5384615384615384,0.5384615384615384,0.5384615384615384,0.5384615384615384,0.5,0.5384615384615384,0.3076923076923077,0.5384615384615384,0.5384615384615384,0.33333333333333337,0.6153846153846154,0.5384615384615384,0.5384615384615384,0.5,0.3076923076923077,0.5384615384615384,0.5384615384615384,0.3076923076923077,0.5384615384615384,0.5384615384615384,0.5,0.5,0.3076923076923077,0.5,0.5,0.5384615384615384,0.6153846153846154,0.5384615384615384,0.5384615384615384,0.5384615384615384,0.46153846153846156,0.5384615384615384,0.5384615384615384,0.5833333333333333,0.5384615384615384,0.5384615384615384,0.5384615384615384,0.0,0.5,0.3076923076923077,0.6923076923076923,0.5384615384615384,0.46153846153846156,0.5,0.6923076923076923,0.5384615384615384,0.5,0.5384615384615384,0.5384615384615384,0.5384615384615384,0.46153846153846156,0.3076923076923077,0.6153846153846154,0.5384615384615384,0.5384615384615384,0.5,0.5384615384615384,0.46153846153846156,0.5384615384615384,0.5384615384615384,0.5384615384615384,0.5384615384615384,0.3076923076923077,0.5384615384615384,0.46153846153846156,0.3076923076923077,0.5,0.41666666666666663,0.46153846153846156,0.46153846153846156,0.5384615384615384,0.3846153846153846,0.46153846153846156,0.5384615384615384,0.5384615384615384,0.5384615384615384,0.3076923076923077,0.5,0.5,0.5384615384615384,0.5,0.5384615384615384,0.5384615384615384,0.5,0.5384615384615384,0.5384615384615384,0.5384615384615384,0.5384615384615384,0.3846153846153846,0.5,0.5384615384615384,0.5384615384615384,0.5384615384615384,0.5384615384615384,0.5384615384615384,0.5384615384615384,0.5384615384615384,0.5384615384615384,0.5384615384615384,0.46153846153846156,0.46153846153846156,0.46153846153846156,0.5,0.46153846153846156,0.5384615384615384,0.5384615384615384,0.5384615384615384,0.46153846153846156
1107,0.0,0.0,1.0,1.0,0.0,0.16666666666666663,0.16666666666666663,0.0,0.0,1.0,0.0,0.0,0.16666666666666663,0.0,1.0,1.0,0.0,0.0,0.0,0.9166666666666666,0.33333333333333337,0.16666666666666663,1.0,1.0,1.0,1.0,0.0,0.0,0.0,0.0,0.0,1.0,0.0,0.16666666666666663,0.0,0.0,0.16666666666666663,0.5,0.0,0.0,0.0,0.16666666666666663,0.0,1.0,0.16666666666666663,0.0,0.0,0.0,0.0,0.25,1.0,0.0,0.0,0.9166666666666666,0.0,0.0,0.9166666666666666,0.0,1.0,0.0,0.9166666666666666,0.0,1.0,0.0,0.5,0.0,0.16666666666666663,1.0,0.0,1.0,0.0,1.0,0.0,0.0,0.0,0.0,0.0,0.33333333333333337,0.16666666666666663,1.0,0.0,1.0,0.0,0.0,1.0,0.0,0.0,0.0,0.9166666666666666,0.41666666666666663,1.0,1.0,0.33333333333333337,0.0,0.9166666666666666,1.0,1.0,0.0,0.8333333333333334,1.0,1.0,0.0,0.0,0.16666666666666663,1.0,0.0,0.0,1.0,0.08333333333333337,0.0,1.0,0.0,0.0,0.0,0.0,0.25,0.0,1.0,0.16666666666666663,0.0,0.0,0.0,1.0,0.0,1.0,0.0,1.0,0.0,1.0,0.0,0.0,0.0,0.0,0.0,1.0
1108,0.16666666666666663,0.23076923076923073,0.7692307692307692,0.8461538461538461,0.15384615384615385,0.0,0.0,0.16666666666666663,0.23076923076923073,0.8461538461538461,0.16666666666666663,0.23076923076923073,0.07692307692307687,0.16666666666666663,0.8461538461538461,0.8461538461538461,0.23076923076923073,0.23076923076923073,0.23076923076923073,0.75,0.23076923076923073,0.0,0.8333333333333334,0.8461538461538461,0.7692307692307692,0.8333333333333334,0.23076923076923073,0.23076923076923073,0.23076923076923073,0.23076923076923073,0.23076923076923073,0.8333333333333334,0.23076923076923073,0.0,0.23076923076923073,0.23076923076923073,0.0,0.46153846153846156,0.23076923076923073,0.23076923076923073,0.16666666666666663,0.0,0.23076923076923073,0.8461538461538461,0.0,0.23076923076923073,0.23076923076923073,0.16666666666666663,0.16666666666666663,0.15384615384615385,0.8333333333333334,0.16666666666666663,0.23076923076923073,0.7692307692307692,0.23076923076923073,0.23076923076923073,0.6923076923076923,0.15384615384615385,0.8461538461538461,0.23076923076923073,0.75,0.23076923076923073,0.8461538461538461,0.23076923076923073,0.3076923076923077,0.16666666666666663,0.0,0.8461538461538461,0.23076923076923073,0.7692307692307692,0.16666666666666663,0.8461538461538461,0.23076923076923073,0.16666666666666663,0.23076923076923073,0.23076923076923073,0.23076923076923073,0.23076923076923073,0.0,0.8461538461538461,0.23076923076923073,0.8461538461538461,0.16666666666666663,0.23076923076923073,0.7692307692307692,0.23076923076923073,0.23076923076923073,0.23076923076923073,0.6923076923076923,0.23076923076923073,0.8461538461538461,0.7692307692307692,0.15384615384615385,0.16666666666666663,0.75,0.7692307692307692,0.7692307692307692,0.23076923076923073,0.6923076923076923,0.7692307692307692,0.8461538461538461,0.23076923076923073,0.23076923076923073,0.0,0.8333333333333334,0.16666666666666663,0.23076923076923073,0.8333333333333334,0.23076923076923073,0.23076923076923073,0.8333333333333334,0.23076923076923073,0.23076923076923073,0.23076923076923073,0.23076923076923073,0.07692307692307687,0.16666666666666663,0.8461538461538461,0.3846153846153846,0.23076923076923073,0.23076923076923073,0.23076923076923073,0.8461538461538461,0.23076923076923073,0.8461538461538461,0.23076923076923073,0.7692307692307692,0.15384615384615385,0.7692307692307692,0.16666666666666663,0.15384615384615385,0.23076923076923073,0.23076923076923073,0.23076923076923073,0.7692307692307692
1109,1.0,0.9230769230769231,0.3076923076923077,0.23076923076923073,1.0,0.8461538461538461,0.8461538461538461,1.0,1.0,0.23076923076923073,1.0,1.0,0.8461538461538461,1.0,0.23076923076923073,0.23076923076923073,1.0,1.0,1.0,0.33333333333333337,0.6923076923076923,0.8333333333333334,0.33333333333333337,0.23076923076923073,0.6153846153846154,0.33333333333333337,1.0,1.0,1.0,1.0,1.0,0.25,1.0,0.8461538461538461,1.0,1.0,0.8333333333333334,0.7692307692307692,1.0,1.0,1.0,0.8461538461538461,1.0,0.15384615384615385,0.8461538461538461,1.0,1.0,1.0,1.0,0.7692307692307692,0.25,1.0,1.0,0.3076923076923077,1.0,1.0,0.3846153846153846,1.0,0.23076923076923073,1.0,0.33333333333333337,1.0,0.23076923076923073,1.0,0.6923076923076923,1.0,0.8461538461538461,0.0,1.0,0.3076923076923077,1.0,0.07692307692307687,1.0,1.0,1.0,1.0,1.0,0.8461538461538461,0.8461538461538461,0.15384615384615385,1.0,0.23076923076923073,1.0,1.0,0.3076923076923077,1.0,1.0,1.0,0.5384615384615384,0.6923076923076923,0.23076923076923073,0.3076923076923077,0.7692307692307692,1.0,0.33333333333333337,0.3076923076923077,0.3076923076923077,1.0,0.3846153846153846,0.3076923076923077,0.23076923076923073,1.0,1.0,0.8461538461538461,0.25,1.0,1.0,0.25,1.0,1.0,0.25,1.0,1.0,1.0,1.0,0.7692307692307692,1.0,0.23076923076923073,0.8461538461538461,1.0,1.0,1.0,0.23076923076923073,1.0,0.23076923076923073,1.0,0.3076923076923077,1.0,0.3076923076923077,1.0,1.0,1.0,1.0,1.0,0.3076923076923077
1110,0.0,0.07692307692307687,1.0,1.0,0.07692307692307687,0.23076923076923073,0.23076923076923073,0.0,0.0,1.0,0.0,0.0,0.15384615384615385,0.0,1.0,1.0,0.0,0.0,0.0,0.9166666666666666,0.3846153846153846,0.16666666666666663,1.0,1.0,1.0,1.0,0.0,0.0,0.0,0.0,0.0,1.0,0.0,0.23076923076923073,0.0,0.0,0.16666666666666663,0.5384615384615384,0.0,0.0,0.0,0.23076923076923073,0.0,1.0,0.23076923076923073,0.0,0.0,0.0,0.0,0.23076923076923073,1.0,0.0,0.0,0.9230769230769231,0.0,0.0,0.9230769230769231,0.07692307692307687,1.0,0.0,0.9166666666666666,0.0,1.0,0.0,0.5384615384615384,0.0,0.23076923076923073,1.0,0.0,1.0,0.0,1.0,0.0,0.0,0.0,0.0,0.0,0.3846153846153846,0.23076923076923073,1.0,0.0,1.0,0.0,0.0,1.0,0.0,0.0,0.0,0.9230769230769231,0.46153846153846156,1.0,1.0,0.3846153846153846,0.0,0.9166666666666666,1.0,1.0,0.0,0.8461538461538461,1.0,1.0,0.0,0.0,0.23076923076923073,1.0,0.0,0.0,1.0,0.07692307692307687,0.0,1.0,0.0,0.0,0.0,0.0,0.3076923076923077,0.0,1.0,0.15384615384615385,0.0,0.0,0.0,1.0,0.0,1.0,0.0,1.0,0.07692307692307687,1.0,0.0,0.07692307692307687,0.0,0.0,0.0,1.0
1111,1.0,1.0,0.0,0.07692307692307687,0.9230769230769231,0.7692307692307692,0.7692307692307692,1.0,1.0,0.07692307692307687,1.0,1.0,0.8461538461538461,1.0,0.07692307692307687,0.07692307692307687,1.0,1.0,1.0,0.08333333333333337,0.7692307692307692,0.8333333333333334,0.08333333333333337,0.07692307692307687,0.46153846153846156,0.08333333333333337,1.0,1.0,1.0,1.0,1.0,0.0,1.0,0.7692307692307692,1.0,1.0,0.8333333333333334,0.9230769230769231,1.0,1.0,1.0,0.7692307692307692,1.0,0.15384615384615385,0.7692307692307692,1.0,1.0,1.0,1.0,0.7692307692307692,0.0,1.0,1.0,0.15384615384615385,1.0,1.0,0.07692307692307687,0.9230769230769231,0.07692307692307687,1.0,0.08333333333333337,1.0,0.07692307692307687,1.0,0.46153846153846156,1.0,0.7692307692307692,0.3076923076923077,1.0,0.0,1.0,0.23076923076923073,1.0,1.0,1.0,1.0,1.0,0.8461538461538461,0.7692307692307692,0.15384615384615385,1.0,0.07692307692307687,1.0,1.0,0.0,1.0,1.0,1.0,0.3846153846153846,0.6153846153846154,0.07692307692307687,0.0,0.6923076923076923,1.0,0.08333333333333337,0.0,0.0,1.0,0.23076923076923073,0.0,0.07692307692307687,1.0,1.0,0.7692307692307692,0.0,1.0,1.0,0.0,1.0,1.0,0.0,1.0,1.0,1.0,1.0,0.6923076923076923,1.0,0.07692307692307687,0.8461538461538461,1.0,1.0,1.0,0.07692307692307687,1.0,0.07692307692307687,1.0,0.0,0.9230769230769231,0.0,1.0,0.9230769230769231,1.0,1.0,1.0,0.0
1112,0.0,0.0,1.0,1.0,0.0,0.16666666666666663,0.16666666666666663,0.0,0.0,1.0,0.0,0.0,0.16666666666666663,0.0,1.0,1.0,0.0,0.0,0.0,0.9166666666666666,0.33333333333333337,0.16666666666666663,1.0,1.0,1.0,1.0,0.0,0.0,0.0,0.0,0.0,1.0,0.0,0.16666666666666663,0.0,0.0,0.16666666666666663,0.5,0.0,0.0,0.0,0.16666666666666663,0.0,1.0,0.16666666666666663,0.0,0.0,0.0,0.0,0.25,1.0,0.0,0.0,0.9166666666666666,0.0,0.0,0.9166666666666666,0.0,1.0,0.0,0.9166666666666666,0.0,1.0,0.0,0.5,0.0,0.16666666666666663,1.0,0.0,1.0,0.0,1.0,0.0,0.0,0.0,0.0,0.0,0.33333333333333337,0.16666666666666663,1.0,0.0,1.0,0.0,0.0,1.0,0.0,0.0,0.0,0.9166666666666666,0.41666666666666663,1.0,1.0,0.33333333333333337,0.0,0.9166666666666666,1.0,1.0,0.0,0.8333333333333334,1.0,1.0,0.0,0.0,0.16666666666666663,1.0,0.0,0.0,1.0,0.08333333333333337,0.0,1.0,0.0,0.0,0.0,0.0,0.25,0.0,1.0,0.16666666666666663,0.0,0.0,0.0,1.0,0.0,1.0,0.0,1.0,0.0,1.0,0.0,0.0,0.0,0.0,0.0,1.0
1113,1.0,0.9230769230769231,0.23076923076923073,0.15384615384615385,1.0,0.8461538461538461,0.8461538461538461,1.0,1.0,0.15384615384615385,1.0,1.0,0.8461538461538461,1.0,0.15384615384615385,0.15384615384615385,1.0,1.0,1.0,0.25,0.6923076923076923,0.8333333333333334,0.25,0.15384615384615385,0.5384615384615384,0.25,1.0,1.0,1.0,1.0,1.0,0.16666666666666663,1.0,0.8461538461538461,1.0,1.0,0.8333333333333334,0.8461538461538461,1.0,1.0,1.0,0.8461538461538461,1.0,0.23076923076923073,0.8461538461538461,1.0,1.0,1.0,1.0,0.7692307692307692,0.16666666666666663,1.0,1.0,0.23076923076923073,1.0,1.0,0.3076923076923077,1.0,0.15384615384615385,1.0,0.25,1.0,0.15384615384615385,1.0,0.6923076923076923,1.0,0.8461538461538461,0.07692307692307687,1.0,0.23076923076923073,1.0,0.0,1.0,1.0,1.0,1.0,1.0,0.8461538461538461,0.8461538461538461,0.07692307692307687,1.0,0.15384615384615385,1.0,1.0,0.23076923076923073,1.0,1.0,1.0,0.46153846153846156,0.6923076923076923,0.15384615384615385,0.23076923076923073,0.7692307692307692,1.0,0.25,0.23076923076923073,0.23076923076923073,1.0,0.3076923076923077,0.23076923076923073,0.15384615384615385,1.0,1.0,0.8461538461538461,0.16666666666666663,1.0,1.0,0.16666666666666663,1.0,1.0,0.16666666666666663,1.0,1.0,1.0,1.0,0.7692307692307692,1.0,0.15384615384615385,0.8461538461538461,1.0,1.0,1.0,0.15384615384615385,1.0,0.15384615384615385,1.0,0.23076923076923073,1.0,0.23076923076923073,1.0,1.0,1.0,1.0,1.0,0.23076923076923073
1114,0.0,0.07692307692307687,1.0,1.0,0.07692307692307687,0.23076923076923073,0.23076923076923073,0.0,0.0,1.0,0.0,0.0,0.15384615384615385,0.0,1.0,1.0,0.0,0.0,0.0,0.9166666666666666,0.3846153846153846,0.16666666666666663,1.0,1.0,1.0,1.0,0.0,0.0,0.0,0.0,0.0,1.0,0.0,0.23076923076923073,0.0,0.0,0.16666666666666663,0.5384615384615384,0.0,0.0,0.0,0.23076923076923073,0.0,1.0,0.23076923076923073,0.0,0.0,0.0,0.0,0.23076923076923073,1.0,0.0,0.0,0.9230769230769231,0.0,0.0,0.9230769230769231,0.07692307692307687,1.0,0.0,0.9166666666666666,0.0,1.0,0.0,0.5384615384615384,0.0,0.23076923076923073,1.0,0.0,1.0,0.0,1.0,0.0,0.0,0.0,0.0,0.0,0.3846153846153846,0.23076923076923073,1.0,0.0,1.0,0.0,0.0,1.0,0.0,0.0,0.0,0.9230769230769231,0.46153846153846156,1.0,1.0,0.3846153846153846,0.0,0.9166666666666666,1.0,1.0,0.0,0.8461538461538461,1.0,1.0,0.0,0.0,0.23076923076923073,1.0,0.0,0.0,1.0,0.07692307692307687,0.0,1.0,0.0,0.0,0.0,0.0,0.3076923076923077,0.0,1.0,0.15384615384615385,0.0,0.0,0.0,1.0,0.0,1.0,0.0,1.0,0.07692307692307687,1.0,0.0,0.07692307692307687,0.0,0.0,0.0,1.0
1115,0.0,0.0,1.0,1.0,0.0,0.16666666666666663,0.16666666666666663,0.0,0.0,1.0,0.0,0.0,0.16666666666666663,0.0,1.0,1.0,0.0,0.0,0.0,0.9166666666666666,0.33333333333333337,0.16666666666666663,1.0,1.0,1.0,1.0,0.0,0.0,0.0,0.0,0.0,1.0,0.0,0.16666666666666663,0.0,0.0,0.16666666666666663,0.5,0.0,0.0,0.0,0.16666666666666663,0.0,1.0,0.16666666666666663,0.0,0.0,0.0,0.0,0.25,1.0,0.0,0.0,0.9166666666666666,0.0,0.0,0.9166666666666666,0.0,1.0,0.0,0.9166666666666666,0.0,1.0,0.0,0.5,0.0,0.16666666666666663,1.0,0.0,1.0,0.0,1.0,0.0,0.0,0.0,0.0,0.0,0.33333333333333337,0.16666666666666663,1.0,0.0,1.0,0.0,0.0,1.0,0.0,0.0,0.0,0.9166666666666666,0.41666666666666663,1.0,1.0,0.33333333333333337,0.0,0.9166666666666666,1.0,1.0,0.0,0.8333333333333334,1.0,1.0,0.0,0.0,0.16666666666666663,1.0,0.0,0.0,1.0,0.08333333333333337,0.0,1.0,0.0,0.0,0.0,0.0,0.25,0.0,1.0,0.16666666666666663,0.0,0.0,0.0,1.0,0.0,1.0,0.0,1.0,0.0,1.0,0.0,0.0,0.0,0.0,0.0,1.0
1116,0.0,0.07692307692307687,1.0,1.0,0.07692307692307687,0.23076923076923073,0.23076923076923073,0.0,0.0,1.0,0.0,0.0,0.15384615384615385,0.0,1.0,1.0,0.0,0.0,0.0,0.9166666666666666,0.3846153846153846,0.16666666666666663,1.0,1.0,1.0,1.0,0.0,0.0,0.0,0.0,0.0,1.0,0.0,0.23076923076923073,0.0,0.0,0.16666666666666663,0.5384615384615384,0.0,0.0,0.0,0.23076923076923073,0.0,1.0,0.23076923076923073,0.0,0.0,0.0,0.0,0.23076923076923073,1.0,0.0,0.0,0.9230769230769231,0.0,0.0,0.9230769230769231,0.07692307692307687,1.0,0.0,0.9166666666666666,0.0,1.0,0.0,0.5384615384615384,0.0,0.23076923076923073,1.0,0.0,1.0,0.0,1.0,0.0,0.0,0.0,0.0,0.0,0.3846153846153846,0.23076923076923073,1.0,0.0,1.0,0.0,0.0,1.0,0.0,0.0,0.0,0.9230769230769231,0.46153846153846156,1.0,1.0,0.3846153846153846,0.0,0.9166666666666666,1.0,1.0,0.0,0.8461538461538461,1.0,1.0,0.0,0.0,0.23076923076923073,1.0,0.0,0.0,1.0,0.07692307692307687,0.0,1.0,0.0,0.0,0.0,0.0,0.3076923076923077,0.0,1.0,0.15384615384615385,0.0,0.0,0.0,1.0,0.0,1.0,0.0,1.0,0.07692307692307687,1.0,0.0,0.07692307692307687,0.0,0.0,0.0,1.0
1117,0.0,0.07692307692307687,1.0,1.0,0.07692307692307687,0.23076923076923073,0.23076923076923073,0.0,0.0,1.0,0.0,0.0,0.15384615384615385,0.0,1.0,1.0,0.0,0.0,0.0,0.9166666666666666,0.3846153846153846,0.16666666666666663,1.0,1.0,1.0,1.0,0.0,0.0,0.0,0.0,0.0,1.0,0.0,0.23076923076923073,0.0,0.0,0.16666666666666663,0.5384615384615384,0.0,0.0,0.0,0.23076923076923073,0.0,1.0,0.23076923076923073,0.0,0.0,0.0,0.0,0.23076923076923073,1.0,0.0,0.0,0.9230769230769231,0.0,0.0,0.9230769230769231,0.07692307692307687,1.0,0.0,0.9166666666666666,0.0,1.0,0.0,0.5384615384615384,0.0,0.23076923076923073,1.0,0.0,1.0,0.0,1.0,0.0,0.0,0.0,0.0,0.0,0.3846153846153846,0.23076923076923073,1.0,0.0,1.0,0.0,0.0,1.0,0.0,0.0,0.0,0.9230769230769231,0.46153846153846156,1.0,1.0,0.3846153846153846,0.0,0.9166666666666666,1.0,1.0,0.0,0.8461538461538461,1.0,1.0,0.0,0.0,0.23076923076923073,1.0,0.0,0.0,1.0,0.07692307692307687,0.0,1.0,0.0,0.0,0.0,0.0,0.3076923076923077,0.0,1.0,0.15384615384615385,0.0,0.0,0.0,1.0,0.0,1.0,0.0,1.0,0.07692307692307687,1.0,0.0,0.07692307692307687,0.0,0.0,0.0,1.0
1118,0.0,0.07692307692307687,1.0,1.0,0.07692307692307687,0.23076923076923073,0.23076923076923073,0.0,0.0,1.0,0.0,0.0,0.15384615384615385,0.0,1.0,1.0,0.0,0.0,0.0,0.9166666666666666,0.3846153846153846,0.16666666666666663,1.0,1.0,1.0,1.0,0.0,0.0,0.0,0.0,0.0,1.0,0.0,0.23076923076923073,0.0,0.0,0.16666666666666663,0.5384615384615384,0.0,0.0,0.0,0.23076923076923073,0.0,1.0,0.23076923076923073,0.0,0.0,0.0,0.0,0.23076923076923073,1.0,0.0,0.0,0.9230769230769231,0.0,0.0,0.9230769230769231,0.07692307692307687,1.0,0.0,0.9166666666666666,0.0,1.0,0.0,0.5384615384615384,0.0,0.23076923076923073,1.0,0.0,1.0,0.0,1.0,0.0,0.0,0.0,0.0,0.0,0.3846153846153846,0.23076923076923073,1.0,0.0,1.0,0.0,0.0,1.0,0.0,0.0,0.0,0.9230769230769231,0.46153846153846156,1.0,1.0,0.3846153846153846,0.0,0.9166666666666666,1.0,1.0,0.0,0.8461538461538461,1.0,1.0,0.0,0.0,0.23076923076923073,1.0,0.0,0.0,1.0,0.07692307692307687,0.0,1.0,0.0,0.0,0.0,0.0,0.3076923076923077,0.0,1.0,0.15384615384615385,0.0,0.0,0.0,1.0,0.0,1.0,0.0,1.0,0.07692307692307687,1.0,0.0,0.07692307692307687,0.0,0.0,0.0,1.0
1119,0.33333333333333337,0.3846153846153846,0.8461538461538461,0.9230769230769231,0.3076923076923077,0.23076923076923073,0.23076923076923073,0.33333333333333337,0.3846153846153846,0.9230769230769231,0.33333333333333337,0.3846153846153846,0.3076923076923077,0.33333333333333337,0.9230769230769231,0.9230769230769231,0.3846153846153846,0.3846153846153846,0.3846153846153846,0.8333333333333334,0.46153846153846156,0.25,0.9166666666666666,0.9230769230769231,0.6923076923076923,0.9166666666666666,0.3846153846153846,0.3846153846153846,0.3846153846153846,0.3846153846153846,0.3846153846153846,0.9166666666666666,0.3846153846153846,0.23076923076923073,0.3846153846153846,0.3846153846153846,0.25,0.23076923076923073,0.3846153846153846,0.3846153846153846,0.33333333333333337,0.23076923076923073,0.3846153846153846,0.9230769230769231,0.23076923076923073,0.3846153846153846,0.3846153846153846,0.33333333333333337,0.33333333333333337,0.3846153846153846,0.9166666666666666,0.33333333333333337,0.3846153846153846,0.8461538461538461,0.3846153846153846,0.3846153846153846,0.7692307692307692,0.3076923076923077,0.9230769230769231,0.3846153846153846,0.8333333333333334,0.3846153846153846,0.9230769230769231,0.3846153846153846,0.46153846153846156,0.33333333333333337,0.23076923076923073,0.8461538461538461,0.3846153846153846,0.8461538461538461,0.33333333333333337,0.8461538461538461,0.3846153846153846,0.33333333333333337,0.3846153846153846,0.3846153846153846,0.3846153846153846,0.0,0.23076923076923073,0.8461538461538461,0.3846153846153846,0.9230769230769231,0.33333333333333337,0.3846153846153846,0.8461538461538461,0.3846153846153846,0.3846153846153846,0.3846153846153846,0.6923076923076923,0.46153846153846156,0.9230769230769231,0.8461538461538461,0.3846153846153846,0.33333333333333337,0.8333333333333334,0.8461538461538461,0.8461538461538461,0.3846153846153846,0.8461538461538461,0.8461538461538461,0.9230769230769231,0.3846153846153846,0.3846153846153846,0.23076923076923073,0.9166666666666666,0.33333333333333337,0.3846153846153846,0.9166666666666666,0.3846153846153846,0.3846153846153846,0.9166666666666666,0.3846153846153846,0.3846153846153846,0.3846153846153846,0.3846153846153846,0.3076923076923077,0.33333333333333337,0.9230769230769231,0.5384615384615384,0.3846153846153846,0.3846153846153846,0.3846153846153846,0.9230769230769231,0.3846153846153846,0.9230769230769231,0.3846153846153846,0.8461538461538461,0.3076923076923077,0.8461538461538461,0.33333333333333337,0.3076923076923077,0.3846153846153846,0.3846153846153846,0.3846153846153846,0.8461538461538461
1120,0.16666666666666663,0.23076923076923073,0.7692307692307692,0.8461538461538461,0.15384615384615385,0.0,0.0,0.16666666666666663,0.23076923076923073,0.8461538461538461,0.16666666666666663,0.23076923076923073,0.07692307692307687,0.16666666666666663,0.8461538461538461,0.8461538461538461,0.23076923076923073,0.23076923076923073,0.23076923076923073,0.75,0.23076923076923073,0.0,0.8333333333333334,0.8461538461538461,0.7692307692307692,0.8333333333333334,0.23076923076923073,0.23076923076923073,0.23076923076923073,0.23076923076923073,0.23076923076923073,0.8333333333333334,0.23076923076923073,0.0,0.23076923076923073,0.23076923076923073,0.0,0.46153846153846156,0.23076923076923073,0.23076923076923073,0.16666666666666663,0.0,0.23076923076923073,0.8461538461538461,0.0,0.23076923076923073,0.23076923076923073,0.16666666666666663,0.16666666666666663,0.15384615384615385,0.8333333333333334,0.16666666666666663,0.23076923076923073,0.7692307692307692,0.23076923076923073,0.23076923076923073,0.6923076923076923,0.15384615384615385,0.8461538461538461,0.23076923076923073,0.75,0.23076923076923073,0.8461538461538461,0.23076923076923073,0.3076923076923077,0.16666666666666663,0.0,0.8461538461538461,0.23076923076923073,0.7692307692307692,0.16666666666666663,0.8461538461538461,0.23076923076923073,0.16666666666666663,0.23076923076923073,0.23076923076923073,0.23076923076923073,0.23076923076923073,0.0,0.8461538461538461,0.23076923076923073,0.8461538461538461,0.16666666666666663,0.23076923076923073,0.7692307692307692,0.23076923076923073,0.23076923076923073,0.23076923076923073,0.6923076923076923,0.23076923076923073,0.8461538461538461,0.7692307692307692,0.15384615384615385,0.16666666666666663,0.75,0.7692307692307692,0.7692307692307692,0.23076923076923073,0.6923076923076923,0.7692307692307692,0.8461538461538461,0.23076923076923073,0.23076923076923073,0.0,0.8333333333333334,0.16666666666666663,0.23076923076923073,0.8333333333333334,0.23076923076923073,0.23076923076923073,0.8333333333333334,0.23076923076923073,0.23076923076923073,0.23076923076923073,0.23076923076923073,0.07692307692307687,0.16666666666666663,0.8461538461538461,0.3846153846153846,0.23076923076923073,0.23076923076923073,0.23076923076923073,0.8461538461538461,0.23076923076923073,0.8461538461538461,0.23076923076923073,0.7692307692307692,0.15384615384615385,0.7692307692307692,0.16666666666666663,0.15384615384615385,0.23076923076923073,0.23076923076923073,0.23076923076923073,0.7692307692307692
1121,1.0,0.9230769230769231,0.15384615384615385,0.07692307692307687,1.0,0.8461538461538461,0.8461538461538461,1.0,1.0,0.07692307692307687,1.0,1.0,0.8461538461538461,1.0,0.07692307692307687,0.07692307692307687,1.0,1.0,1.0,0.16666666666666663,0.6923076923076923,0.8333333333333334,0.16666666666666663,0.07692307692307687,0.46153846153846156,0.16666666666666663,1.0,1.0,1.0,1.0,1.0,0.08333333333333337,1.0,0.8461538461538461,1.0,1.0,0.8333333333333334,0.9230769230769231,1.0,1.0,1.0,0.8461538461538461,1.0,0.15384615384615385,0.8461538461538461,1.0,1.0,1.0,1.0,0.7692307692307692,0.08333333333333337,1.0,1.0,0.15384615384615385,1.0,1.0,0.23076923076923073,1.0,0.07692307692307687,1.0,0.16666666666666663,1.0,0.07692307692307687,1.0,0.6153846153846154,1.0,0.8461538461538461,0.15384615384615385,1.0,0.15384615384615385,1.0,0.07692307692307687,1.0,1.0,1.0,1.0,1.0,0.8461538461538461,0.8461538461538461,0.0,1.0,0.07692307692307687,1.0,1.0,0.15384615384615385,1.0,1.0,1.0,0.3846153846153846,0.6923076923076923,0.07692307692307687,0.15384615384615385,0.7692307692307692,1.0,0.16666666666666663,0.15384615384615385,0.15384615384615385,1.0,0.23076923076923073,0.15384615384615385,0.07692307692307687,1.0,1.0,0.8461538461538461,0.08333333333333337,1.0,1.0,0.08333333333333337,1.0,1.0,0.08333333333333337,1.0,1.0,1.0,1.0,0.7692307692307692,1.0,0.07692307692307687,0.8461538461538461,1.0,1.0,1.0,0.07692307692307687,1.0,0.07692307692307687,1.0,0.15384615384615385,1.0,0.15384615384615385,1.0,1.0,1.0,1.0,1.0,0.15384615384615385
1122,0.0,0.07692307692307687,1.0,1.0,0.07692307692307687,0.23076923076923073,0.23076923076923073,0.0,0.0,1.0,0.0,0.0,0.15384615384615385,0.0,1.0,1.0,0.0,0.0,0.0,0.9166666666666666,0.3846153846153846,0.16666666666666663,1.0,1.0,1.0,1.0,0.0,0.0,0.0,0.0,0.0,1.0,0.0,0.23076923076923073,0.0,0.0,0.16666666666666663,0.5384615384615384,0.0,0.0,0.0,0.23076923076923073,0.0,1.0,0.23076923076923073,0.0,0.0,0.0,0.0,0.23076923076923073,1.0,0.0,0.0,0.9230769230769231,0.0,0.0,0.9230769230769231,0.07692307692307687,1.0,0.0,0.9166666666666666,0.0,1.0,0.0,0.5384615384615384,0.0,0.23076923076923073,1.0,0.0,1.0,0.0,1.0,0.0,0.0,0.0,0.0,0.0,0.3846153846153846,0.23076923076923073,1.0,0.0,1.0,0.0,0.0,1.0,0.0,0.0,0.0,0.9230769230769231,0.46153846153846156,1.0,1.0,0.3846153846153846,0.0,0.9166666666666666,1.0,1.0,0.0,0.8461538461538461,1.0,1.0,0.0,0.0,0.23076923076923073,1.0,0.0,0.0,1.0,0.07692307692307687,0.0,1.0,0.0,0.0,0.0,0.0,0.3076923076923077,0.0,1.0,0.15384615384615385,0.0,0.0,0.0,1.0,0.0,1.0,0.0,1.0,0.07692307692307687,1.0,0.0,0.07692307692307687,0.0,0.0,0.0,1.0
1123,1.0,0.9230769230769231,0.07692307692307687,0.0,1.0,0.8461538461538461,0.8461538461538461,1.0,1.0,0.0,1.0,1.0,0.8461538461538461,1.0,0.0,0.0,1.0,1.0,1.0,0.08333333333333337,0.6923076923076923,0.8333333333333334,0.08333333333333337,0.0,0.5384615384615384,0.08333333333333337,1.0,1.0,1.0,1.0,1.0,0.0,1.0,0.8461538461538461,1.0,1.0,0.8333333333333334,1.0,1.0,1.0,1.0,0.8461538461538461,1.0,0.07692307692307687,0.8461538461538461,1.0,1.0,1.0,1.0,0.7692307692307692,0.0,1.0,1.0,0.07692307692307687,1.0,1.0,0.15384615384615385,1.0,0.0,1.0,0.08333333333333337,1.0,0.0,1.0,0.5384615384615384,1.0,0.8461538461538461,0.23076923076923073,1.0,0.07692307692307687,1.0,0.15384615384615385,1.0,1.0,1.0,1.0,1.0,0.9230769230769231,0.8461538461538461,0.07692307692307687,1.0,0.0,1.0,1.0,0.07692307692307687,1.0,1.0,1.0,0.46153846153846156,0.6923076923076923,0.0,0.07692307692307687,0.7692307692307692,1.0,0.08333333333333337,0.07692307692307687,0.07692307692307687,1.0,0.15384615384615385,0.07692307692307687,0.0,1.0,1.0,0.8461538461538461,0.0,1.0,1.0,0.0,1.0,1.0,0.0,1.0,1.0,1.0,1.0,0.7692307692307692,1.0,0.0,0.8461538461538461,1.0,1.0,1.0,0.0,1.0,0.0,1.0,0.07692307692307687,1.0,0.07692307692307687,1.0,1.0,1.0,1.0,1.0,0.07692307692307687
1124,0.0,0.0,1.0,1.0,0.0,0.16666666666666663,0.16666666666666663,0.0,0.0,1.0,0.0,0.0,0.16666666666666663,0.0,1.0,1.0,0.0,0.0,0.0,0.9166666666666666,0.33333333333333337,0.16666666666666663,1.0,1.0,1.0,1.0,0.0,0.0,0.0,0.0,0.0,1.0,0.0,0.16666666666666663,0.0,0.0,0.16666666666666663,0.5,0.0,0.0,0.0,0.16666666666666663,0.0,1.0,0.16666666666666663,0.0,0.0,0.0,0.0,0.25,1.0,0.0,0.0,0.9166666666666666,0.0,0.0,0.9166666666666666,0.0,1.0,0.0,0.9166666666666666,0.0,1.0,0.0,0.5,0.0,0.16666666666666663,1.0,0.0,1.0,0.0,1.0,0.0,0.0,0.0,0.0,0.0,0.33333333333333337,0.16666666666666663,1.0,0.0,1.0,0.0,0.0,1.0,0.0,0.0,0.0,0.9166666666666666,0.41666666666666663,1.0,1.0,0.33333333333333337,0.0,0.9166666666666666,1.0,1.0,0.0,0.8333333333333334,1.0,1.0,0.0,0.0,0.16666666666666663,1.0,0.0,0.0,1.0,0.08333333333333337,0.0,1.0,0.0,0.0,0.0,0.0,0.25,0.0,1.0,0.16666666666666663,0.0,0.0,0.0,1.0,0.0,1.0,0.0,1.0,0.0,1.0,0.0,0.0,0.0,0.0,0.0,1.0
1125,0.0,0.07692307692307687,1.0,1.0,0.07692307692307687,0.23076923076923073,0.23076923076923073,0.0,0.0,1.0,0.0,0.0,0.15384615384615385,0.0,1.0,1.0,0.0,0.0,0.0,0.9166666666666666,0.3846153846153846,0.16666666666666663,1.0,1.0,1.0,1.0,0.0,0.0,0.0,0.0,0.0,1.0,0.0,0.23076923076923073,0.0,0.0,0.16666666666666663,0.5384615384615384,0.0,0.0,0.0,0.23076923076923073,0.0,1.0,0.23076923076923073,0.0,0.0,0.0,0.0,0.23076923076923073,1.0,0.0,0.0,0.9230769230769231,0.0,0.0,0.9230769230769231,0.07692307692307687,1.0,0.0,0.9166666666666666,0.0,1.0,0.0,0.5384615384615384,0.0,0.23076923076923073,1.0,0.0,1.0,0.0,1.0,0.0,0.0,0.0,0.0,0.0,0.3846153846153846,0.23076923076923073,1.0,0.0,1.0,0.0,0.0,1.0,0.0,0.0,0.0,0.9230769230769231,0.46153846153846156,1.0,1.0,0.3846153846153846,0.0,0.9166666666666666,1.0,1.0,0.0,0.8461538461538461,1.0,1.0,0.0,0.0,0.23076923076923073,1.0,0.0,0.0,1.0,0.07692307692307687,0.0,1.0,0.0,0.0,0.0,0.0,0.3076923076923077,0.0,1.0,0.15384615384615385,0.0,0.0,0.0,1.0,0.0,1.0,0.0,1.0,0.07692307692307687,1.0,0.0,0.07692307692307687,0.0,0.0,0.0,1.0
1126,1.0,1.0,0.0,0.07692307692307687,0.9230769230769231,0.7692307692307692,0.7692307692307692,1.0,1.0,0.07692307692307687,1.0,1.0,0.8461538461538461,1.0,0.07692307692307687,0.07692307692307687,1.0,1.0,1.0,0.08333333333333337,0.7692307692307692,0.8333333333333334,0.08333333333333337,0.07692307692307687,0.46153846153846156,0.08333333333333337,1.0,1.0,1.0,1.0,1.0,0.0,1.0,0.7692307692307692,1.0,1.0,0.8333333333333334,0.9230769230769231,1.0,1.0,1.0,0.7692307692307692,1.0,0.15384615384615385,0.7692307692307692,1.0,1.0,1.0,1.0,0.7692307692307692,0.0,1.0,1.0,0.15384615384615385,1.0,1.0,0.07692307692307687,0.9230769230769231,0.07692307692307687,1.0,0.08333333333333337,1.0,0.07692307692307687,1.0,0.46153846153846156,1.0,0.7692307692307692,0.3076923076923077,1.0,0.0,1.0,0.23076923076923073,1.0,1.0,1.0,1.0,1.0,0.8461538461538461,0.7692307692307692,0.15384615384615385,1.0,0.07692307692307687,1.0,1.0,0.0,1.0,1.0,1.0,0.3846153846153846,0.6153846153846154,0.07692307692307687,0.0,0.6923076923076923,1.0,0.08333333333333337,0.0,0.0,1.0,0.23076923076923073,0.0,0.07692307692307687,1.0,1.0,0.7692307692307692,0.0,1.0,1.0,0.0,1.0,1.0,0.0,1.0,1.0,1.0,1.0,0.6923076923076923,1.0,0.07692307692307687,0.8461538461538461,1.0,1.0,1.0,0.07692307692307687,1.0,0.07692307692307687,1.0,0.0,0.9230769230769231,0.0,1.0,0.9230769230769231,1.0,1.0,1.0,0.0
1127,0.0,0.07692307692307687,1.0,1.0,0.07692307692307687,0.23076923076923073,0.23076923076923073,0.0,0.0,1.0,0.0,0.0,0.15384615384615385,0.0,1.0,1.0,0.0,0.0,0.0,0.9166666666666666,0.3846153846153846,0.16666666666666663,1.0,1.0,1.0,1.0,0.0,0.0,0.0,0.0,0.0,1.0,0.0,0.23076923076923073,0.0,0.0,0.16666666666666663,0.5384615384615384,0.0,0.0,0.0,0.23076923076923073,0.0,1.0,0.23076923076923073,0.0,0.0,0.0,0.0,0.23076923076923073,1.0,0.0,0.0,0.9230769230769231,0.0,0.0,0.9230769230769231,0.07692307692307687,1.0,0.0,0.9166666666666666,0.0,1.0,0.0,0.5384615384615384,0.0,0.23076923076923073,1.0,0.0,1.0,0.0,1.0,0.0,0.0,0.0,0.0,0.0,0.3846153846153846,0.23076923076923073,1.0,0.0,1.0,0.0,0.0,1.0,0.0,0.0,0.0,0.9230769230769231,0.46153846153846156,1.0,1.0,0.3846153846153846,0.0,0.9166666666666666,1.0,1.0,0.0,0.8461538461538461,1.0,1.0,0.0,0.0,0.23076923076923073,1.0,0.0,0.0,1.0,0.07692307692307687,0.0,1.0,0.0,0.0,0.0,0.0,0.3076923076923077,0.0,1.0,0.15384615384615385,0.0,0.0,0.0,1.0,0.0,1.0,0.0,1.0,0.07692307692307687,1.0,0.0,0.07692307692307687,0.0,0.0,0.0,1.0
1128,0.0,0.07692307692307687,1.0,1.0,0.07692307692307687,0.23076923076923073,0.23076923076923073,0.0,0.0,1.0,0.0,0.0,0.15384615384615385,0.0,1.0,1.0,0.0,0.0,0.0,0.9166666666666666,0.3846153846153846,0.16666666666666663,1.0,1.0,1.0,1.0,0.0,0.0,0.0,0.0,0.0,1.0,0.0,0.23076923076923073,0.0,0.0,0.16666666666666663,0.5384615384615384,0.0,0.0,0.0,0.23076923076923073,0.0,1.0,0.23076923076923073,0.0,0.0,0.0,0.0,0.23076923076923073,1.0,0.0,0.0,0.9230769230769231,0.0,0.0,0.9230769230769231,0.07692307692307687,1.0,0.0,0.9166666666666666,0.0,1.0,0.0,0.5384615384615384,0.0,0.23076923076923073,1.0,0.0,1.0,0.0,1.0,0.0,0.0,0.0,0.0,0.0,0.3846153846153846,0.23076923076923073,1.0,0.0,1.0,0.0,0.0,1.0,0.0,0.0,0.0,0.9230769230769231,0.46153846153846156,1.0,1.0,0.3846153846153846,0.0,0.9166666666666666,1.0,1.0,0.0,0.8461538461538461,1.0,1.0,0.0,0.0,0.23076923076923073,1.0,0.0,0.0,1.0,0.07692307692307687,0.0,1.0,0.0,0.0,0.0,0.0,0.3076923076923077,0.0,1.0,0.15384615384615385,0.0,0.0,0.0,1.0,0.0,1.0,0.0,1.0,0.07692307692307687,1.0,0.0,0.07692307692307687,0.0,0.0,0.0,1.0
1129,0.0,0.07692307692307687,1.0,1.0,0.07692307692307687,0.23076923076923073,0.23076923076923073,0.0,0.0,1.0,0.0,0.0,0.15384615384615385,0.0,1.0,1.0,0.0,0.0,0.0,0.9166666666666666,0.3846153846153846,0.16666666666666663,1.0,1.0,1.0,1.0,0.0,0.0,0.0,0.0,0.0,1.0,0.0,0.23076923076923073,0.0,0.0,0.16666666666666663,0.5384615384615384,0.0,0.0,0.0,0.23076923076923073,0.0,1.0,0.23076923076923073,0.0,0.0,0.0,0.0,0.23076923076923073,1.0,0.0,0.0,0.9230769230769231,0.0,0.0,0.9230769230769231,0.07692307692307687,1.0,0.0,0.9166666666666666,0.0,1.0,0.0,0.5384615384615384,0.0,0.23076923076923073,1.0,0.0,1.0,0.0,1.0,0.0,0.0,0.0,0.0,0.0,0.3846153846153846,0.23076923076923073,1.0,0.0,1.0,0.0,0.0,1.0,0.0,0.0,0.0,0.9230769230769231,0.46153846153846156,1.0,1.0,0.3846153846153846,0.0,0.9166666666666666,1.0,1.0,0.0,0.8461538461538461,1.0,1.0,0.0,0.0,0.23076923076923073,1.0,0.0,0.0,1.0,0.07692307692307687,0.0,1.0,0.0,0.0,0.0,0.0,0.3076923076923077,0.0,1.0,0.15384615384615385,0.0,0.0,0.0,1.0,0.0,1.0,0.0,1.0,0.07692307692307687,1.0,0.0,0.07692307692307687,0.0,0.0,0.0,1.0
1131,0.9166666666666666,0.9230769230769231,0.3846153846153846,0.46153846153846156,0.8461538461538461,0.6923076923076923,0.6923076923076923,0.9166666666666666,0.9230769230769231,0.46153846153846156,0.9166666666666666,0.9230769230769231,0.7692307692307692,0.9166666666666666,0.46153846153846156,0.46153846153846156,0.9230769230769231,0.9230769230769231,0.9230769230769231,0.41666666666666663,0.6923076923076923,0.75,0.33333333333333337,0.46153846153846156,0.15384615384615385,0.33333333333333337,0.9230769230769231,0.9230769230769231,0.9230769230769231,0.9230769230769231,0.9230769230769231,0.41666666666666663,0.9230769230769231,0.6923076923076923,0.9230769230769231,0.9230769230769231,0.75,0.7692307692307692,0.9230769230769231,0.9230769230769231,0.9166666666666666,0.6923076923076923,0.9230769230769231,0.5384615384615384,0.6923076923076923,0.9230769230769231,0.9230769230769231,0.9166666666666666,0.9166666666666666,0.7692307692307692,0.41666666666666663,0.9166666666666666,0.9230769230769231,0.5384615384615384,0.9230769230769231,0.9230769230769231,0.3846153846153846,0.8461538461538461,0.46153846153846156,0.9230769230769231,0.41666666666666663,0.9230769230769231,0.46153846153846156,0.9230769230769231,0.5384615384615384,0.9166666666666666,0.6923076923076923,0.5384615384615384,0.9230769230769231,0.3846153846153846,0.9166666666666666,0.46153846153846156,0.9230769230769231,0.9166666666666666,0.9230769230769231,0.9230769230769231,0.9230769230769231,0.6923076923076923,0.6923076923076923,0.3846153846153846,0.9230769230769231,0.46153846153846156,0.9166666666666666,0.9230769230769231,0.3846153846153846,0.9230769230769231,0.9230769230769231,0.9230769230769231,0.0,0.6923076923076923,0.46153846153846156,0.3846153846153846,0.5384615384615384,0.9166666666666666,0.33333333333333337,0.3846153846153846,0.3846153846153846,0.9230769230769231,0.5384615384615384,0.3846153846153846,0.46153846153846156,0.9230769230769231,0.9230769230769231,0.6923076923076923,0.41666666666666663,0.9166666666666666,0.9230769230769231,0.41666666666666663,0.9230769230769231,0.9230769230769231,0.41666666666666663,0.9230769230769231,0.9230769230769231,0.9230769230769231,0.9230769230769231,0.6923076923076923,0.9166666666666666,0.46153846153846156,1.0,0.9230769230769231,0.9230769230769231,0.9230769230769231,0.46153846153846156,0.9230769230769231,0.46153846153846156,0.9230769230769231,0.3846153846153846,0.8461538461538461,0.3846153846153846,0.9166666666666666,0.8461538461538461,0.9230769230769231,0.9230769230769231,0.9230769230769231,0.3846153846153846
1132,0.41666666666666663,0.46153846153846156,0.6153846153846154,0.6923076923076923,0.3846153846153846,0.23076923076923073,0.23076923076923073,0.41666666666666663,0.46153846153846156,0.6923076923076923,0.41666666666666663,0.46153846153846156,0.3076923076923077,0.41666666666666663,0.6923076923076923,0.6923076923076923,0.46153846153846156,0.46153846153846156,0.46153846153846156,0.75,0.23076923076923073,0.25,0.75,0.6923076923076923,0.7692307692307692,0.75,0.46153846153846156,0.46153846153846156,0.46153846153846156,0.46153846153846156,0.46153846153846156,0.6666666666666667,0.46153846153846156,0.23076923076923073,0.46153846153846156,0.46153846153846156,0.25,0.6923076923076923,0.46153846153846156,0.46153846153846156,0.41666666666666663,0.23076923076923073,0.46153846153846156,0.6923076923076923,0.23076923076923073,0.46153846153846156,0.46153846153846156,0.41666666666666663,0.41666666666666663,0.23076923076923073,0.6666666666666667,0.41666666666666663,0.46153846153846156,0.6923076923076923,0.46153846153846156,0.46153846153846156,0.6923076923076923,0.3846153846153846,0.6923076923076923,0.46153846153846156,0.75,0.46153846153846156,0.6923076923076923,0.46153846153846156,0.3076923076923077,0.41666666666666663,0.23076923076923073,0.6923076923076923,0.46153846153846156,0.6153846153846154,0.41666666666666663,0.6923076923076923,0.46153846153846156,0.41666666666666663,0.46153846153846156,0.46153846153846156,0.46153846153846156,0.46153846153846156,0.23076923076923073,0.6923076923076923,0.46153846153846156,0.6923076923076923,0.41666666666666663,0.46153846153846156,0.6153846153846154,0.46153846153846156,0.46153846153846156,0.46153846153846156,0.6923076923076923,0.0,0.6923076923076923,0.6153846153846154,0.23076923076923073,0.41666666666666663,0.5833333333333333,0.6153846153846154,0.6153846153846154,0.46153846153846156,0.5384615384615384,0.6153846153846154,0.6923076923076923,0.46153846153846156,0.46153846153846156,0.23076923076923073,0.6666666666666667,0.41666666666666663,0.46153846153846156,0.6666666666666667,0.46153846153846156,0.46153846153846156,0.6666666666666667,0.46153846153846156,0.46153846153846156,0.46153846153846156,0.46153846153846156,0.15384615384615385,0.41666666666666663,0.6923076923076923,0.46153846153846156,0.46153846153846156,0.46153846153846156,0.46153846153846156,0.6923076923076923,0.46153846153846156,0.6923076923076923,0.46153846153846156,0.6153846153846154,0.3846153846153846,0.6153846153846154,0.41666666666666663,0.3846153846153846,0.46153846153846156,0.46153846153846156,0.46153846153846156,0.6153846153846154
1133,1.0,0.9230769230769231,0.07692307692307687,0.0,1.0,0.8461538461538461,0.8461538461538461,1.0,1.0,0.0,1.0,1.0,0.8461538461538461,1.0,0.0,0.0,1.0,1.0,1.0,0.08333333333333337,0.6923076923076923,0.8333333333333334,0.08333333333333337,0.0,0.5384615384615384,0.08333333333333337,1.0,1.0,1.0,1.0,1.0,0.0,1.0,0.8461538461538461,1.0,1.0,0.8333333333333334,1.0,1.0,1.0,1.0,0.8461538461538461,1.0,0.07692307692307687,0.8461538461538461,1.0,1.0,1.0,1.0,0.7692307692307692,0.0,1.0,1.0,0.07692307692307687,1.0,1.0,0.15384615384615385,1.0,0.0,1.0,0.08333333333333337,1.0,0.0,1.0,0.5384615384615384,1.0,0.8461538461538461,0.23076923076923073,1.0,0.07692307692307687,1.0,0.15384615384615385,1.0,1.0,1.0,1.0,1.0,0.9230769230769231,0.8461538461538461,0.07692307692307687,1.0,0.0,1.0,1.0,0.07692307692307687,1.0,1.0,1.0,0.46153846153846156,0.6923076923076923,0.0,0.07692307692307687,0.7692307692307692,1.0,0.08333333333333337,0.07692307692307687,0.07692307692307687,1.0,0.15384615384615385,0.07692307692307687,0.0,1.0,1.0,0.8461538461538461,0.0,1.0,1.0,0.0,1.0,1.0,0.0,1.0,1.0,1.0,1.0,0.7692307692307692,1.0,0.0,0.8461538461538461,1.0,1.0,1.0,0.0,1.0,0.0,1.0,0.07692307692307687,1.0,0.07692307692307687,1.0,1.0,1.0,1.0,1.0,0.07692307692307687
1135,1.0,1.0,0.0,0.07692307692307687,0.9230769230769231,0.7692307692307692,0.7692307692307692,1.0,1.0,0.07692307692307687,1.0,1.0,0.8461538461538461,1.0,0.07692307692307687,0.07692307692307687,1.0,1.0,1.0,0.08333333333333337,0.7692307692307692,0.8333333333333334,0.08333333333333337,0.07692307692307687,0.46153846153846156,0.08333333333333337,1.0,1.0,1.0,1.0,1.0,0.0,1.0,0.7692307692307692,1.0,1.0,0.8333333333333334,0.9230769230769231,1.0,1.0,1.0,0.7692307692307692,1.0,0.15384615384615385,0.7692307692307692,1.0,1.0,1.0,1.0,0.7692307692307692,0.0,1.0,1.0,0.15384615384615385,1.0,1.0,0.07692307692307687,0.9230769230769231,0.07692307692307687,1.0,0.08333333333333337,1.0,0.07692307692307687,1.0,0.46153846153846156,1.0,0.7692307692307692,0.3076923076923077,1.0,0.0,1.0,0.23076923076923073,1.0,1.0,1.0,1.0,1.0,0.8461538461538461,0.7692307692307692,0.15384615384615385,1.0,0.07692307692307687,1.0,1.0,0.0,1.0,1.0,1.0,0.3846153846153846,0.6153846153846154,0.07692307692307687,0.0,0.6923076923076923,1.0,0.08333333333333337,0.0,0.0,1.0,0.23076923076923073,0.0,0.07692307692307687,1.0,1.0,0.7692307692307692,0.0,1.0,1.0,0.0,1.0,1.0,0.0,1.0,1.0,1.0,1.0,0.6923076923076923,1.0,0.07692307692307687,0.8461538461538461,1.0,1.0,1.0,0.07692307692307687,1.0,0.07692307692307687,1.0,0.0,0.9230769230769231,0.0,1.0,0.9230769230769231,1.0,1.0,1.0,0.0
1136,0.33333333333333337,0.3846153846153846,0.6923076923076923,0.7692307692307692,0.3076923076923077,0.15384615384615385,0.15384615384615385,0.33333333333333337,0.3846153846153846,0.7692307692307692,0.33333333333333337,0.3846153846153846,0.23076923076923073,0.33333333333333337,0.7692307692307692,0.7692307692307692,0.3846153846153846,0.3846153846153846,0.3846153846153846,0.75,0.3076923076923077,0.16666666666666663,0.75,0.7692307692307692,0.6153846153846154,0.75,0.3846153846153846,0.3846153846153846,0.3846153846153846,0.3846153846153846,0.3846153846153846,0.75,0.3846153846153846,0.15384615384615385,0.3846153846153846,0.3846153846153846,0.16666666666666663,0.6153846153846154,0.3846153846153846,0.3846153846153846,0.33333333333333337,0.15384615384615385,0.3846153846153846,0.7692307692307692,0.15384615384615385,0.3846153846153846,0.3846153846153846,0.33333333333333337,0.33333333333333337,0.3076923076923077,0.75,0.33333333333333337,0.3846153846153846,0.8461538461538461,0.3846153846153846,0.3846153846153846,0.6153846153846154,0.3076923076923077,0.7692307692307692,0.3846153846153846,0.6666666666666667,0.3846153846153846,0.7692307692307692,0.3846153846153846,0.3076923076923077,0.33333333333333337,0.15384615384615385,0.7692307692307692,0.3846153846153846,0.6923076923076923,0.33333333333333337,0.7692307692307692,0.3846153846153846,0.33333333333333337,0.3846153846153846,0.3846153846153846,0.3846153846153846,0.3846153846153846,0.15384615384615385,0.7692307692307692,0.3846153846153846,0.7692307692307692,0.33333333333333337,0.3846153846153846,0.6923076923076923,0.3846153846153846,0.3846153846153846,0.3846153846153846,0.5384615384615384,0.23076923076923073,0.7692307692307692,0.6923076923076923,0.0,0.33333333333333337,0.6666666666666667,0.6923076923076923,0.6923076923076923,0.3846153846153846,0.6153846153846154,0.6923076923076923,0.7692307692307692,0.3846153846153846,0.3846153846153846,0.15384615384615385,0.75,0.33333333333333337,0.3846153846153846,0.75,0.3846153846153846,0.3846153846153846,0.75,0.3846153846153846,0.3846153846153846,0.3846153846153846,0.3846153846153846,0.15384615384615385,0.33333333333333337,0.7692307692307692,0.5384615384615384,0.3846153846153846,0.3846153846153846,0.3846153846153846,0.7692307692307692,0.3846153846153846,0.7692307692307692,0.3846153846153846,0.6923076923076923,0.3076923076923077,0.6923076923076923,0.33333333333333337,0.3076923076923077,0.3846153846153846,0.3846153846153846,0.3846153846153846,0.6923076923076923
1137,0.0,0.0,1.0,1.0,0.0,0.16666666666666663,0.16666666666666663,0.0,0.0,1.0,0.0,0.0,0.16666666666666663,0.0,1.0,1.0,0.0,0.0,0.0,0.9166666666666666,0.33333333333333337,0.16666666666666663,1.0,1.0,1.0,1.0,0.0,0.0,0.0,0.0,0.0,1.0,0.0,0.16666666666666663,0.0,0.0,0.16666666666666663,0.5,0.0,0.0,0.0,0.16666666666666663,0.0,1.0,0.16666666666666663,0.0,0.0,0.0,0.0,0.25,1.0,0.0,0.0,0.9166666666666666,0.0,0.0,0.9166666666666666,0.0,1.0,0.0,0.9166666666666666,0.0,1.0,0.0,0.5,0.0,0.16666666666666663,1.0,0.0,1.0,0.0,1.0,0.0,0.0,0.0,0.0,0.0,0.33333333333333337,0.16666666666666663,1.0,0.0,1.0,0.0,0.0,1.0,0.0,0.0,0.0,0.9166666666666666,0.41666666666666663,1.0,1.0,0.33333333333333337,0.0,0.9166666666666666,1.0,1.0,0.0,0.8333333333333334,1.0,1.0,0.0,0.0,0.16666666666666663,1.0,0.0,0.0,1.0,0.08333333333333337,0.0,1.0,0.0,0.0,0.0,0.0,0.25,0.0,1.0,0.16666666666666663,0.0,0.0,0.0,1.0,0.0,1.0,0.0,1.0,0.0,1.0,0.0,0.0,0.0,0.0,0.0,1.0
1138,0.9166666666666666,0.9166666666666666,0.08333333333333337,0.08333333333333337,0.9166666666666666,0.75,0.75,0.9166666666666666,0.9166666666666666,0.08333333333333337,0.9166666666666666,0.9166666666666666,0.75,0.9166666666666666,0.08333333333333337,0.08333333333333337,0.9166666666666666,0.9166666666666666,0.9166666666666666,0.16666666666666663,0.6666666666666667,0.75,0.16666666666666663,0.08333333333333337,0.5,0.16666666666666663,0.9166666666666666,0.9166666666666666,0.9166666666666666,0.9166666666666666,0.9166666666666666,0.08333333333333337,0.9166666666666666,0.75,0.9166666666666666,0.9166666666666666,0.75,0.9166666666666666,0.9166666666666666,0.9166666666666666,0.9166666666666666,0.75,0.9166666666666666,0.16666666666666663,0.75,0.9166666666666666,0.9166666666666666,0.9166666666666666,0.9166666666666666,0.6666666666666667,0.08333333333333337,0.9166666666666666,0.9166666666666666,0.16666666666666663,0.9166666666666666,0.9166666666666666,0.16666666666666663,0.9166666666666666,0.08333333333333337,0.9166666666666666,0.16666666666666663,0.9166666666666666,0.08333333333333337,0.9166666666666666,0.41666666666666663,0.9166666666666666,0.75,0.33333333333333337,0.9166666666666666,0.08333333333333337,0.9166666666666666,0.25,0.9166666666666666,0.9166666666666666,0.9166666666666666,0.9166666666666666,0.9166666666666666,0.8333333333333334,0.75,0.16666666666666663,0.9166666666666666,0.08333333333333337,0.9166666666666666,0.9166666666666666,0.08333333333333337,0.9166666666666666,0.9166666666666666,0.9166666666666666,0.33333333333333337,0.5833333333333333,0.08333333333333337,0.08333333333333337,0.6666666666666667,0.9166666666666666,0.0,0.08333333333333337,0.08333333333333337,0.9166666666666666,0.25,0.08333333333333337,0.08333333333333337,0.9166666666666666,0.9166666666666666,0.75,0.08333333333333337,0.9166666666666666,0.9166666666666666,0.08333333333333337,0.9166666666666666,0.9166666666666666,0.08333333333333337,0.9166666666666666,0.9166666666666666,0.9166666666666666,0.9166666666666666,0.6666666666666667,0.9166666666666666,0.08333333333333337,0.9166666666666666,0.9166666666666666,0.9166666666666666,0.9166666666666666,0.08333333333333337,0.9166666666666666,0.08333333333333337,0.9166666666666666,0.08333333333333337,0.9166666666666666,0.08333333333333337,0.9166666666666666,0.9166666666666666,0.9166666666666666,0.9166666666666666,0.9166666666666666,0.08333333333333337
1139,1.0,1.0,0.0,0.07692307692307687,0.9230769230769231,0.7692307692307692,0.7692307692307692,1.0,1.0,0.07692307692307687,1.0,1.0,0.8461538461538461,1.0,0.07692307692307687,0.07692307692307687,1.0,1.0,1.0,0.08333333333333337,0.7692307692307692,0.8333333333333334,0.08333333333333337,0.07692307692307687,0.46153846153846156,0.08333333333333337,1.0,1.0,1.0,1.0,1.0,0.0,1.0,0.7692307692307692,1.0,1.0,0.8333333333333334,0.9230769230769231,1.0,1.0,1.0,0.7692307692307692,1.0,0.15384615384615385,0.7692307692307692,1.0,1.0,1.0,1.0,0.7692307692307692,0.0,1.0,1.0,0.15384615384615385,1.0,1.0,0.07692307692307687,0.9230769230769231,0.07692307692307687,1.0,0.08333333333333337,1.0,0.07692307692307687,1.0,0.46153846153846156,1.0,0.7692307692307692,0.3076923076923077,1.0,0.0,1.0,0.23076923076923073,1.0,1.0,1.0,1.0,1.0,0.8461538461538461,0.7692307692307692,0.15384615384615385,1.0,0.07692307692307687,1.0,1.0,0.0,1.0,1.0,1.0,0.3846153846153846,0.6153846153846154,0.07692307692307687,0.0,0.6923076923076923,1.0,0.08333333333333337,0.0,0.0,1.0,0.23076923076923073,0.0,0.07692307692307687,1.0,1.0,0.7692307692307692,0.0,1.0,1.0,0.0,1.0,1.0,0.0,1.0,1.0,1.0,1.0,0.6923076923076923,1.0,0.07692307692307687,0.8461538461538461,1.0,1.0,1.0,0.07692307692307687,1.0,0.07692307692307687,1.0,0.0,0.9230769230769231,0.0,1.0,0.9230769230769231,1.0,1.0,1.0,0.0
1140,1.0,1.0,0.0,0.07692307692307687,0.9230769230769231,0.7692307692307692,0.7692307692307692,1.0,1.0,0.07692307692307687,1.0,1.0,0.8461538461538461,1.0,0.07692307692307687,0.07692307692307687,1.0,1.0,1.0,0.08333333333333337,0.7692307692307692,0.8333333333333334,0.08333333333333337,0.07692307692307687,0.46153846153846156,0.08333333333333337,1.0,1.0,1.0,1.0,1.0,0.0,1.0,0.7692307692307692,1.0,1.0,0.8333333333333334,0.9230769230769231,1.0,1.0,1.0,0.7692307692307692,1.0,0.15384615384615385,0.7692307692307692,1.0,1.0,1.0,1.0,0.7692307692307692,0.0,1.0,1.0,0.15384615384615385,1.0,1.0,0.07692307692307687,0.9230769230769231,0.07692307692307687,1.0,0.08333333333333337,1.0,0.07692307692307687,1.0,0.46153846153846156,1.0,0.7692307692307692,0.3076923076923077,1.0,0.0,1.0,0.23076923076923073,1.0,1.0,1.0,1.0,1.0,0.8461538461538461,0.7692307692307692,0.15384615384615385,1.0,0.07692307692307687,1.0,1.0,0.0,1.0,1.0,1.0,0.3846153846153846,0.6153846153846154,0.07692307692307687,0.0,0.6923076923076923,1.0,0.08333333333333337,0.0,0.0,1.0,0.23076923076923073,0.0,0.07692307692307687,1.0,1.0,0.7692307692307692,0.0,1.0,1.0,0.0,1.0,1.0,0.0,1.0,1.0,1.0,1.0,0.6923076923076923,1.0,0.07692307692307687,0.8461538461538461,1.0,1.0,1.0,0.07692307692307687,1.0,0.07692307692307687,1.0,0.0,0.9230769230769231,0.0,1.0,0.9230769230769231,1.0,1.0,1.0,0.0
1142,0.0,0.07692307692307687,1.0,1.0,0.07692307692307687,0.23076923076923073,0.23076923076923073,0.0,0.0,1.0,0.0,0.0,0.15384615384615385,0.0,1.0,1.0,0.0,0.0,0.0,0.9166666666666666,0.3846153846153846,0.16666666666666663,1.0,1.0,1.0,1.0,0.0,0.0,0.0,0.0,0.0,1.0,0.0,0.23076923076923073,0.0,0.0,0.16666666666666663,0.5384615384615384,0.0,0.0,0.0,0.23076923076923073,0.0,1.0,0.23076923076923073,0.0,0.0,0.0,0.0,0.23076923076923073,1.0,0.0,0.0,0.9230769230769231,0.0,0.0,0.9230769230769231,0.07692307692307687,1.0,0.0,0.9166666666666666,0.0,1.0,0.0,0.5384615384615384,0.0,0.23076923076923073,1.0,0.0,1.0,0.0,1.0,0.0,0.0,0.0,0.0,0.0,0.3846153846153846,0.23076923076923073,1.0,0.0,1.0,0.0,0.0,1.0,0.0,0.0,0.0,0.9230769230769231,0.46153846153846156,1.0,1.0,0.3846153846153846,0.0,0.9166666666666666,1.0,1.0,0.0,0.8461538461538461,1.0,1.0,0.0,0.0,0.23076923076923073,1.0,0.0,0.0,1.0,0.07692307692307687,0.0,1.0,0.0,0.0,0.0,0.0,0.3076923076923077,0.0,1.0,0.15384615384615385,0.0,0.0,0.0,1.0,0.0,1.0,0.0,1.0,0.07692307692307687,1.0,0.0,0.07692307692307687,0.0,0.0,0.0,1.0
1143,0.8333333333333334,0.7692307692307692,0.23076923076923073,0.15384615384615385,0.8461538461538461,0.6923076923076923,0.6923076923076923,0.8333333333333334,0.8461538461538461,0.15384615384615385,0.8333333333333334,0.8461538461538461,0.6923076923076923,0.8333333333333334,0.15384615384615385,0.15384615384615385,0.8461538461538461,0.8461538461538461,0.8461538461538461,0.25,0.5384615384615384,0.6666666666666667,0.25,0.15384615384615385,0.5384615384615384,0.25,0.8461538461538461,0.8461538461538461,0.8461538461538461,0.8461538461538461,0.8461538461538461,0.16666666666666663,0.8461538461538461,0.6923076923076923,0.8461538461538461,0.8461538461538461,0.6666666666666667,0.9230769230769231,0.8461538461538461,0.8461538461538461,0.8333333333333334,0.6923076923076923,0.8461538461538461,0.23076923076923073,0.6923076923076923,0.8461538461538461,0.8461538461538461,0.8333333333333334,0.8333333333333334,0.6153846153846154,0.16666666666666663,0.8333333333333334,0.8461538461538461,0.23076923076923073,0.8461538461538461,0.8461538461538461,0.3076923076923077,0.8461538461538461,0.15384615384615385,0.8461538461538461,0.25,0.8461538461538461,0.15384615384615385,0.8461538461538461,0.3846153846153846,0.8333333333333334,0.6923076923076923,0.3846153846153846,0.8461538461538461,0.23076923076923073,0.8333333333333334,0.3076923076923077,0.8461538461538461,0.8333333333333334,0.8461538461538461,0.8461538461538461,0.8461538461538461,0.8461538461538461,0.6923076923076923,0.23076923076923073,0.8461538461538461,0.15384615384615385,0.8333333333333334,0.8461538461538461,0.23076923076923073,0.8461538461538461,0.8461538461538461,0.8461538461538461,0.5384615384615384,0.5384615384615384,0.15384615384615385,0.23076923076923073,0.6153846153846154,0.8333333333333334,0.25,0.23076923076923073,0.23076923076923073,0.8461538461538461,0.0,0.23076923076923073,0.15384615384615385,0.8461538461538461,0.8461538461538461,0.6923076923076923,0.16666666666666663,0.8333333333333334,0.8461538461538461,0.16666666666666663,0.8461538461538461,0.8461538461538461,0.16666666666666663,0.8461538461538461,0.8461538461538461,0.8461538461538461,0.8461538461538461,0.6153846153846154,0.8333333333333334,0.15384615384615385,0.6923076923076923,0.8461538461538461,0.8461538461538461,0.8461538461538461,0.15384615384615385,0.8461538461538461,0.15384615384615385,0.8461538461538461,0.23076923076923073,0.8461538461538461,0.23076923076923073,0.8333333333333334,0.8461538461538461,0.8461538461538461,0.8461538461538461,0.8461538461538461,0.23076923076923073
1144,1.0,1.0,0.0,0.07692307692307687,0.9230769230769231,0.7692307692307692,0.7692307692307692,1.0,1.0,0.07692307692307687,1.0,1.0,0.8461538461538461,1.0,0.07692307692307687,0.07692307692307687,1.0,1.0,1.0,0.08333333333333337,0.7692307692307692,0.8333333333333334,0.08333333333333337,0.07692307692307687,0.46153846153846156,0.08333333333333337,1.0,1.0,1.0,1.0,1.0,0.0,1.0,0.7692307692307692,1.0,1.0,0.8333333333333334,0.9230769230769231,1.0,1.0,1.0,0.7692307692307692,1.0,0.15384615384615385,0.7692307692307692,1.0,1.0,1.0,1.0,0.7692307692307692,0.0,1.0,1.0,0.15384615384615385,1.0,1.0,0.07692307692307687,0.9230769230769231,0.07692307692307687,1.0,0.08333333333333337,1.0,0.07692307692307687,1.0,0.46153846153846156,1.0,0.7692307692307692,0.3076923076923077,1.0,0.0,1.0,0.23076923076923073,1.0,1.0,1.0,1.0,1.0,0.8461538461538461,0.7692307692307692,0.15384615384615385,1.0,0.07692307692307687,1.0,1.0,0.0,1.0,1.0,1.0,0.3846153846153846,0.6153846153846154,0.07692307692307687,0.0,0.6923076923076923,1.0,0.08333333333333337,0.0,0.0,1.0,0.23076923076923073,0.0,0.07692307692307687,1.0,1.0,0.7692307692307692,0.0,1.0,1.0,0.0,1.0,1.0,0.0,1.0,1.0,1.0,1.0,0.6923076923076923,1.0,0.07692307692307687,0.8461538461538461,1.0,1.0,1.0,0.07692307692307687,1.0,0.07692307692307687,1.0,0.0,0.9230769230769231,0.0,1.0,0.9230769230769231,1.0,1.0,1.0,0.0
1146,1.0,0.9230769230769231,0.07692307692307687,0.0,1.0,0.8461538461538461,0.8461538461538461,1.0,1.0,0.0,1.0,1.0,0.8461538461538461,1.0,0.0,0.0,1.0,1.0,1.0,0.08333333333333337,0.6923076923076923,0.8333333333333334,0.08333333333333337,0.0,0.5384615384615384,0.08333333333333337,1.0,1.0,1.0,1.0,1.0,0.0,1.0,0.8461538461538461,1.0,1.0,0.8333333333333334,1.0,1.0,1.0,1.0,0.8461538461538461,1.0,0.07692307692307687,0.8461538461538461,1.0,1.0,1.0,1.0,0.7692307692307692,0.0,1.0,1.0,0.07692307692307687,1.0,1.0,0.15384615384615385,1.0,0.0,1.0,0.08333333333333337,1.0,0.0,1.0,0.5384615384615384,1.0,0.8461538461538461,0.23076923076923073,1.0,0.07692307692307687,1.0,0.15384615384615385,1.0,1.0,1.0,1.0,1.0,0.9230769230769231,0.8461538461538461,0.07692307692307687,1.0,0.0,1.0,1.0,0.07692307692307687,1.0,1.0,1.0,0.46153846153846156,0.6923076923076923,0.0,0.07692307692307687,0.7692307692307692,1.0,0.08333333333333337,0.07692307692307687,0.07692307692307687,1.0,0.15384615384615385,0.07692307692307687,0.0,1.0,1.0,0.8461538461538461,0.0,1.0,1.0,0.0,1.0,1.0,0.0,1.0,1.0,1.0,1.0,0.7692307692307692,1.0,0.0,0.8461538461538461,1.0,1.0,1.0,0.0,1.0,0.0,1.0,0.07692307692307687,1.0,0.07692307692307687,1.0,1.0,1.0,1.0,1.0,0.07692307692307687
1147,0.0,0.07692307692307687,1.0,1.0,0.07692307692307687,0.23076923076923073,0.23076923076923073,0.0,0.0,1.0,0.0,0.0,0.15384615384615385,0.0,1.0,1.0,0.0,0.0,0.0,0.9166666666666666,0.3846153846153846,0.16666666666666663,1.0,1.0,1.0,1.0,0.0,0.0,0.0,0.0,0.0,1.0,0.0,0.23076923076923073,0.0,0.0,0.16666666666666663,0.5384615384615384,0.0,0.0,0.0,0.23076923076923073,0.0,1.0,0.23076923076923073,0.0,0.0,0.0,0.0,0.23076923076923073,1.0,0.0,0.0,0.9230769230769231,0.0,0.0,0.9230769230769231,0.07692307692307687,1.0,0.0,0.9166666666666666,0.0,1.0,0.0,0.5384615384615384,0.0,0.23076923076923073,1.0,0.0,1.0,0.0,1.0,0.0,0.0,0.0,0.0,0.0,0.3846153846153846,0.23076923076923073,1.0,0.0,1.0,0.0,0.0,1.0,0.0,0.0,0.0,0.9230769230769231,0.46153846153846156,1.0,1.0,0.3846153846153846,0.0,0.9166666666666666,1.0,1.0,0.0,0.8461538461538461,1.0,1.0,0.0,0.0,0.23076923076923073,1.0,0.0,0.0,1.0,0.07692307692307687,0.0,1.0,0.0,0.0,0.0,0.0,0.3076923076923077,0.0,1.0,0.15384615384615385,0.0,0.0,0.0,1.0,0.0,1.0,0.0,1.0,0.07692307692307687,1.0,0.0,0.07692307692307687,0.0,0.0,0.0,1.0
1148,0.0,0.07692307692307687,1.0,1.0,0.07692307692307687,0.23076923076923073,0.23076923076923073,0.0,0.0,1.0,0.0,0.0,0.15384615384615385,0.0,1.0,1.0,0.0,0.0,0.0,0.9166666666666666,0.3846153846153846,0.16666666666666663,1.0,1.0,1.0,1.0,0.0,0.0,0.0,0.0,0.0,1.0,0.0,0.23076923076923073,0.0,0.0,0.16666666666666663,0.5384615384615384,0.0,0.0,0.0,0.23076923076923073,0.0,1.0,0.23076923076923073,0.0,0.0,0.0,0.0,0.23076923076923073,1.0,0.0,0.0,0.9230769230769231,0.0,0.0,0.9230769230769231,0.07692307692307687,1.0,0.0,0.9166666666666666,0.0,1.0,0.0,0.5384615384615384,0.0,0.23076923076923073,1.0,0.0,1.0,0.0,1.0,0.0,0.0,0.0,0.0,0.0,0.3846153846153846,0.23076923076923073,1.0,0.0,1.0,0.0,0.0,1.0,0.0,0.0,0.0,0.9230769230769231,0.46153846153846156,1.0,1.0,0.3846153846153846,0.0,0.9166666666666666,1.0,1.0,0.0,0.8461538461538461,1.0,1.0,0.0,0.0,0.23076923076923073,1.0,0.0,0.0,1.0,0.07692307692307687,0.0,1.0,0.0,0.0,0.0,0.0,0.3076923076923077,0.0,1.0,0.15384615384615385,0.0,0.0,0.0,1.0,0.0,1.0,0.0,1.0,0.07692307692307687,1.0,0.0,0.07692307692307687,0.0,0.0,0.0,1.0
1149,0.16666666666666663,0.23076923076923073,0.7692307692307692,0.8461538461538461,0.15384615384615385,0.0,0.0,0.16666666666666663,0.23076923076923073,0.8461538461538461,0.16666666666666663,0.23076923076923073,0.07692307692307687,0.16666666666666663,0.8461538461538461,0.8461538461538461,0.23076923076923073,0.23076923076923073,0.23076923076923073,0.75,0.23076923076923073,0.0,0.8333333333333334,0.8461538461538461,0.7692307692307692,0.8333333333333334,0.23076923076923073,0.23076923076923073,0.23076923076923073,0.23076923076923073,0.23076923076923073,0.8333333333333334,0.23076923076923073,0.0,0.23076923076923073,0.23076923076923073,0.0,0.46153846153846156,0.23076923076923073,0.23076923076923073,0.16666666666666663,0.0,0.23076923076923073,0.8461538461538461,0.0,0.23076923076923073,0.23076923076923073,0.16666666666666663,0.16666666666666663,0.15384615384615385,0.8333333333333334,0.16666666666666663,0.23076923076923073,0.7692307692307692,0.23076923076923073,0.23076923076923073,0.6923076923076923,0.15384615384615385,0.8461538461538461,0.23076923076923073,0.75,0.23076923076923073,0.8461538461538461,0.23076923076923073,0.3076923076923077,0.16666666666666663,0.0,0.8461538461538461,0.23076923076923073,0.7692307692307692,0.16666666666666663,0.8461538461538461,0.23076923076923073,0.16666666666666663,0.23076923076923073,0.23076923076923073,0.23076923076923073,0.23076923076923073,0.0,0.8461538461538461,0.23076923076923073,0.8461538461538461,0.16666666666666663,0.23076923076923073,0.7692307692307692,0.23076923076923073,0.23076923076923073,0.23076923076923073,0.6923076923076923,0.23076923076923073,0.8461538461538461,0.7692307692307692,0.15384615384615385,0.16666666666666663,0.75,0.7692307692307692,0.7692307692307692,0.23076923076923073,0.6923076923076923,0.7692307692307692,0.8461538461538461,0.23076923076923073,0.23076923076923073,0.0,0.8333333333333334,0.16666666666666663,0.23076923076923073,0.8333333333333334,0.23076923076923073,0.23076923076923073,0.8333333333333334,0.23076923076923073,0.23076923076923073,0.23076923076923073,0.23076923076923073,0.07692307692307687,0.16666666666666663,0.8461538461538461,0.3846153846153846,0.23076923076923073,0.23076923076923073,0.23076923076923073,0.8461538461538461,0.23076923076923073,0.8461538461538461,0.23076923076923073,0.7692307692307692,0.15384615384615385,0.7692307692307692,0.16666666666666663,0.15384615384615385,0.23076923076923073,0.23076923076923073,0.23076923076923073,0.7692307692307692
1150,1.0,1.0,0.0,0.0,1.0,0.8333333333333334,0.8333333333333334,1.0,1.0,0.0,1.0,1.0,0.8333333333333334,1.0,0.0,0.0,1.0,1.0,1.0,0.08333333333333337,0.75,0.8333333333333334,0.08333333333333337,0.0,0.5,0.08333333333333337,1.0,1.0,1.0,1.0,1.0,0.0,1.0,0.8333333333333334,1.0,1.0,0.8333333333333334,1.0,1.0,1.0,1.0,0.8333333333333334,1.0,0.08333333333333337,0.8333333333333334,1.0,1.0,1.0,1.0,0.75,0.0,1.0,1.0,0.08333333333333337,1.0,1.0,0.08333333333333337,1.0,0.0,1.0,0.08333333333333337,1.0,0.0,1.0,0.5,1.0,0.8333333333333334,0.25,1.0,0.0,1.0,0.16666666666666663,1.0,1.0,1.0,1.0,1.0,0.9166666666666666,0.8333333333333334,0.08333333333333337,1.0,0.0,1.0,1.0,0.0,1.0,1.0,1.0,0.41666666666666663,0.6666666666666667,0.0,0.0,0.75,1.0,0.08333333333333337,0.0,0.0,1.0,0.16666666666666663,0.0,0.0,1.0,1.0,0.8333333333333334,0.0,1.0,1.0,0.0,1.0,1.0,0.0,1.0,1.0,1.0,1.0,0.75,1.0,0.0,0.8333333333333334,1.0,1.0,1.0,0.0,1.0,0.0,1.0,0.0,1.0,0.0,1.0,1.0,1.0,1.0,1.0,0.0
1151,0.0,0.0,1.0,1.0,0.0,0.16666666666666663,0.16666666666666663,0.0,0.0,1.0,0.0,0.0,0.16666666666666663,0.0,1.0,1.0,0.0,0.0,0.0,0.9166666666666666,0.33333333333333337,0.16666666666666663,1.0,1.0,1.0,1.0,0.0,0.0,0.0,0.0,0.0,1.0,0.0,0.16666666666666663,0.0,0.0,0.16666666666666663,0.5,0.0,0.0,0.0,0.16666666666666663,0.0,1.0,0.16666666666666663,0.0,0.0,0.0,0.0,0.25,1.0,0.0,0.0,0.9166666666666666,0.0,0.0,0.9166666666666666,0.0,1.0,0.0,0.9166666666666666,0.0,1.0,0.0,0.5,0.0,0.16666666666666663,1.0,0.0,1.0,0.0,1.0,0.0,0.0,0.0,0.0,0.0,0.33333333333333337,0.16666666666666663,1.0,0.0,1.0,0.0,0.0,1.0,0.0,0.0,0.0,0.9166666666666666,0.41666666666666663,1.0,1.0,0.33333333333333337,0.0,0.9166666666666666,1.0,1.0,0.0,0.8333333333333334,1.0,1.0,0.0,0.0,0.16666666666666663,1.0,0.0,0.0,1.0,0.08333333333333337,0.0,1.0,0.0,0.0,0.0,0.0,0.25,0.0,1.0,0.16666666666666663,0.0,0.0,0.0,1.0,0.0,1.0,0.0,1.0,0.0,1.0,0.0,0.0,0.0,0.0,0.0,1.0
1153,0.0,0.07692307692307687,1.0,1.0,0.07692307692307687,0.23076923076923073,0.23076923076923073,0.0,0.0,1.0,0.0,0.0,0.15384615384615385,0.0,1.0,1.0,0.0,0.0,0.0,0.9166666666666666,0.3846153846153846,0.16666666666666663,1.0,1.0,1.0,1.0,0.0,0.0,0.0,0.0,0.0,1.0,0.0,0.23076923076923073,0.0,0.0,0.16666666666666663,0.5384615384615384,0.0,0.0,0.0,0.23076923076923073,0.0,1.0,0.23076923076923073,0.0,0.0,0.0,0.0,0.23076923076923073,1.0,0.0,0.0,0.9230769230769231,0.0,0.0,0.9230769230769231,0.07692307692307687,1.0,0.0,0.9166666666666666,0.0,1.0,0.0,0.5384615384615384,0.0,0.23076923076923073,1.0,0.0,1.0,0.0,1.0,0.0,0.0,0.0,0.0,0.0,0.3846153846153846,0.23076923076923073,1.0,0.0,1.0,0.0,0.0,1.0,0.0,0.0,0.0,0.9230769230769231,0.46153846153846156,1.0,1.0,0.3846153846153846,0.0,0.9166666666666666,1.0,1.0,0.0,0.8461538461538461,1.0,1.0,0.0,0.0,0.23076923076923073,1.0,0.0,0.0,1.0,0.07692307692307687,0.0,1.0,0.0,0.0,0.0,0.0,0.3076923076923077,0.0,1.0,0.15384615384615385,0.0,0.0,0.0,1.0,0.0,1.0,0.0,1.0,0.07692307692307687,1.0,0.0,0.07692307692307687,0.0,0.0,0.0,1.0
1154,1.0,1.0,0.0,0.0,1.0,0.8333333333333334,0.8333333333333334,1.0,1.0,0.0,1.0,1.0,0.8333333333333334,1.0,0.0,0.0,1.0,1.0,1.0,0.08333333333333337,0.75,0.8333333333333334,0.08333333333333337,0.0,0.5,0.08333333333333337,1.0,1.0,1.0,1.0,1.0,0.0,1.0,0.8333333333333334,1.0,1.0,0.8333333333333334,1.0,1.0,1.0,1.0,0.8333333333333334,1.0,0.08333333333333337,0.8333333333333334,1.0,1.0,1.0,1.0,0.75,0.0,1.0,1.0,0.08333333333333337,1.0,1.0,0.08333333333333337,1.0,0.0,1.0,0.08333333333333337,1.0,0.0,1.0,0.5,1.0,0.8333333333333334,0.25,1.0,0.0,1.0,0.16666666666666663,1.0,1.0,1.0,1.0,1.0,0.9166666666666666,0.8333333333333334,0.08333333333333337,1.0,0.0,1.0,1.0,0.0,1.0,1.0,1.0,0.41666666666666663,0.6666666666666667,0.0,0.0,0.75,1.0,0.08333333333333337,0.0,0.0,1.0,0.16666666666666663,0.0,0.0,1.0,1.0,0.8333333333333334,0.0,1.0,1.0,0.0,1.0,1.0,0.0,1.0,1.0,1.0,1.0,0.75,1.0,0.0,0.8333333333333334,1.0,1.0,1.0,0.0,1.0,0.0,1.0,0.0,1.0,0.0,1.0,1.0,1.0,1.0,1.0,0.0
1155,0.08333333333333337,0.15384615384615385,1.0,1.0,0.15384615384615385,0.23076923076923073,0.23076923076923073,0.08333333333333337,0.07692307692307687,1.0,0.08333333333333337,0.07692307692307687,0.15384615384615385,0.08333333333333337,1.0,1.0,0.07692307692307687,0.07692307692307687,0.07692307692307687,0.9166666666666666,0.3846153846153846,0.16666666666666663,1.0,1.0,1.0,1.0,0.07692307692307687,0.07692307692307687,0.07692307692307687,0.07692307692307687,0.07692307692307687,1.0,0.07692307692307687,0.23076923076923073,0.07692307692307687,0.07692307692307687,0.16666666666666663,0.46153846153846156,0.07692307692307687,0.07692307692307687,0.08333333333333337,0.23076923076923073,0.07692307692307687,1.0,0.23076923076923073,0.07692307692307687,0.07692307692307687,0.08333333333333337,0.08333333333333337,0.23076923076923073,1.0,0.08333333333333337,0.07692307692307687,0.9230769230769231,0.07692307692307687,0.07692307692307687,0.9230769230769231,0.15384615384615385,1.0,0.07692307692307687,0.9166666666666666,0.07692307692307687,1.0,0.07692307692307687,0.5384615384615384,0.08333333333333337,0.23076923076923073,1.0,0.07692307692307687,1.0,0.08333333333333337,1.0,0.07692307692307687,0.08333333333333337,0.07692307692307687,0.07692307692307687,0.07692307692307687,0.3846153846153846,0.23076923076923073,1.0,0.07692307692307687,1.0,0.08333333333333337,0.07692307692307687,1.0,0.07692307692307687,0.07692307692307687,0.07692307692307687,0.9230769230769231,0.46153846153846156,1.0,1.0,0.3846153846153846,0.08333333333333337,0.9166666666666666,1.0,1.0,0.07692307692307687,0.8461538461538461,1.0,1.0,0.07692307692307687,0.07692307692307687,0.23076923076923073,1.0,0.08333333333333337,0.07692307692307687,1.0,0.0,0.07692307692307687,1.0,0.07692307692307687,0.07692307692307687,0.07692307692307687,0.07692307692307687,0.3076923076923077,0.08333333333333337,1.0,0.23076923076923073,0.07692307692307687,0.07692307692307687,0.07692307692307687,1.0,0.07692307692307687,1.0,0.07692307692307687,1.0,0.15384615384615385,1.0,0.08333333333333337,0.15384615384615385,0.07692307692307687,0.07692307692307687,0.07692307692307687,1.0
1156,0.0,0.07692307692307687,1.0,1.0,0.07692307692307687,0.23076923076923073,0.23076923076923073,0.0,0.0,1.0,0.0,0.0,0.15384615384615385,0.0,1.0,1.0,0.0,0.0,0.0,0.9166666666666666,0.3846153846153846,0.16666666666666663,1.0,1.0,1.0,1.0,0.0,0.0,0.0,0.0,0.0,1.0,0.0,0.23076923076923073,0.0,0.0,0.16666666666666663,0.5384615384615384,0.0,0.0,0.0,0.23076923076923073,0.0,1.0,0.23076923076923073,0.0,0.0,0.0,0.0,0.23076923076923073,1.0,0.0,0.0,0.9230769230769231,0.0,0.0,0.9230769230769231,0.07692307692307687,1.0,0.0,0.9166666666666666,0.0,1.0,0.0,0.5384615384615384,0.0,0.23076923076923073,1.0,0.0,1.0,0.0,1.0,0.0,0.0,0.0,0.0,0.0,0.3846153846153846,0.23076923076923073,1.0,0.0,1.0,0.0,0.0,1.0,0.0,0.0,0.0,0.9230769230769231,0.46153846153846156,1.0,1.0,0.3846153846153846,0.0,0.9166666666666666,1.0,1.0,0.0,0.8461538461538461,1.0,1.0,0.0,0.0,0.23076923076923073,1.0,0.0,0.0,1.0,0.07692307692307687,0.0,1.0,0.0,0.0,0.0,0.0,0.3076923076923077,0.0,1.0,0.15384615384615385,0.0,0.0,0.0,1.0,0.0,1.0,0.0,1.0,0.07692307692307687,1.0,0.0,0.07692307692307687,0.0,0.0,0.0,1.0
1158,1.0,1.0,0.0,0.0,1.0,0.8333333333333334,0.8333333333333334,1.0,1.0,0.0,1.0,1.0,0.8333333333333334,1.0,0.0,0.0,1.0,1.0,1.0,0.08333333333333337,0.75,0.8333333333333334,0.08333333333333337,0.0,0.5,0.08333333333333337,1.0,1.0,1.0,1.0,1.0,0.0,1.0,0.8333333333333334,1.0,1.0,0.8333333333333334,1.0,1.0,1.0,1.0,0.8333333333333334,1.0,0.08333333333333337,0.8333333333333334,1.0,1.0,1.0,1.0,0.75,0.0,1.0,1.0,0.08333333333333337,1.0,1.0,0.08333333333333337,1.0,0.0,1.0,0.08333333333333337,1.0,0.0,1.0,0.5,1.0,0.8333333333333334,0.25,1.0,0.0,1.0,0.16666666666666663,1.0,1.0,1.0,1.0,1.0,0.9166666666666666,0.8333333333333334,0.08333333333333337,1.0,0.0,1.0,1.0,0.0,1.0,1.0,1.0,0.41666666666666663,0.6666666666666667,0.0,0.0,0.75,1.0,0.08333333333333337,0.0,0.0,1.0,0.16666666666666663,0.0,0.0,1.0,1.0,0.8333333333333334,0.0,1.0,1.0,0.0,1.0,1.0,0.0,1.0,1.0,1.0,1.0,0.75,1.0,0.0,0.8333333333333334,1.0,1.0,1.0,0.0,1.0,0.0,1.0,0.0,1.0,0.0,1.0,1.0,1.0,1.0,1.0,0.0
1159,0.0,0.07692307692307687,1.0,1.0,0.07692307692307687,0.23076923076923073,0.23076923076923073,0.0,0.0,1.0,0.0,0.0,0.15384615384615385,0.0,1.0,1.0,0.0,0.0,0.0,0.9166666666666666,0.3846153846153846,0.16666666666666663,1.0,1.0,1.0,1.0,0.0,0.0,0.0,0.0,0.0,1.0,0.0,0.23076923076923073,0.0,0.0,0.16666666666666663,0.5384615384615384,0.0,0.0,0.0,0.23076923076923073,0.0,1.0,0.23076923076923073,0.0,0.0,0.0,0.0,0.23076923076923073,1.0,0.0,0.0,0.9230769230769231,0.0,0.0,0.9230769230769231,0.07692307692307687,1.0,0.0,0.9166666666666666,0.0,1.0,0.0,0.5384615384615384,0.0,0.23076923076923073,1.0,0.0,1.0,0.0,1.0,0.0,0.0,0.0,0.0,0.0,0.3846153846153846,0.23076923076923073,1.0,0.0,1.0,0.0,0.0,1.0,0.0,0.0,0.0,0.9230769230769231,0.46153846153846156,1.0,1.0,0.3846153846153846,0.0,0.9166666666666666,1.0,1.0,0.0,0.8461538461538461,1.0,1.0,0.0,0.0,0.23076923076923073,1.0,0.0,0.0,1.0,0.07692307692307687,0.0,1.0,0.0,0.0,0.0,0.0,0.3076923076923077,0.0,1.0,0.15384615384615385,0.0,0.0,0.0,1.0,0.0,1.0,0.0,1.0,0.07692307692307687,1.0,0.0,0.07692307692307687,0.0,0.0,0.0,1.0
1160,0.0,0.07692307692307687,1.0,1.0,0.07692307692307687,0.23076923076923073,0.23076923076923073,0.0,0.0,1.0,0.0,0.0,0.15384615384615385,0.0,1.0,1.0,0.0,0.0,0.0,0.9166666666666666,0.3846153846153846,0.16666666666666663,1.0,1.0,1.0,1.0,0.0,0.0,0.0,0.0,0.0,1.0,0.0,0.23076923076923073,0.0,0.0,0.16666666666666663,0.5384615384615384,0.0,0.0,0.0,0.23076923076923073,0.0,1.0,0.23076923076923073,0.0,0.0,0.0,0.0,0.23076923076923073,1.0,0.0,0.0,0.9230769230769231,0.0,0.0,0.9230769230769231,0.07692307692307687,1.0,0.0,0.9166666666666666,0.0,1.0,0.0,0.5384615384615384,0.0,0.23076923076923073,1.0,0.0,1.0,0.0,1.0,0.0,0.0,0.0,0.0,0.0,0.3846153846153846,0.23076923076923073,1.0,0.0,1.0,0.0,0.0,1.0,0.0,0.0,0.0,0.9230769230769231,0.46153846153846156,1.0,1.0,0.3846153846153846,0.0,0.9166666666666666,1.0,1.0,0.0,0.8461538461538461,1.0,1.0,0.0,0.0,0.23076923076923073,1.0,0.0,0.0,1.0,0.07692307692307687,0.0,1.0,0.0,0.0,0.0,0.0,0.3076923076923077,0.0,1.0,0.15384615384615385,0.0,0.0,0.0,1.0,0.0,1.0,0.0,1.0,0.07692307692307687,1.0,0.0,0.07692307692307687,0.0,0.0,0.0,1.0
1161,0.0,0.07692307692307687,1.0,1.0,0.07692307692307687,0.23076923076923073,0.23076923076923073,0.0,0.0,1.0,0.0,0.0,0.15384615384615385,0.0,1.0,1.0,0.0,0.0,0.0,0.9166666666666666,0.3846153846153846,0.16666666666666663,1.0,1.0,1.0,1.0,0.0,0.0,0.0,0.0,0.0,1.0,0.0,0.23076923076923073,0.0,0.0,0.16666666666666663,0.5384615384615384,0.0,0.0,0.0,0.23076923076923073,0.0,1.0,0.23076923076923073,0.0,0.0,0.0,0.0,0.23076923076923073,1.0,0.0,0.0,0.9230769230769231,0.0,0.0,0.9230769230769231,0.07692307692307687,1.0,0.0,0.9166666666666666,0.0,1.0,0.0,0.5384615384615384,0.0,0.23076923076923073,1.0,0.0,1.0,0.0,1.0,0.0,0.0,0.0,0.0,0.0,0.3846153846153846,0.23076923076923073,1.0,0.0,1.0,0.0,0.0,1.0,0.0,0.0,0.0,0.9230769230769231,0.46153846153846156,1.0,1.0,0.3846153846153846,0.0,0.9166666666666666,1.0,1.0,0.0,0.8461538461538461,1.0,1.0,0.0,0.0,0.23076923076923073,1.0,0.0,0.0,1.0,0.07692307692307687,0.0,1.0,0.0,0.0,0.0,0.0,0.3076923076923077,0.0,1.0,0.15384615384615385,0.0,0.0,0.0,1.0,0.0,1.0,0.0,1.0,0.07692307692307687,1.0,0.0,0.07692307692307687,0.0,0.0,0.0,1.0
1162,0.0,0.07692307692307687,1.0,1.0,0.07692307692307687,0.23076923076923073,0.23076923076923073,0.0,0.0,1.0,0.0,0.0,0.15384615384615385,0.0,1.0,1.0,0.0,0.0,0.0,0.9166666666666666,0.3846153846153846,0.16666666666666663,1.0,1.0,1.0,1.0,0.0,0.0,0.0,0.0,0.0,1.0,0.0,0.23076923076923073,0.0,0.0,0.16666666666666663,0.5384615384615384,0.0,0.0,0.0,0.23076923076923073,0.0,1.0,0.23076923076923073,0.0,0.0,0.0,0.0,0.23076923076923073,1.0,0.0,0.0,0.9230769230769231,0.0,0.0,0.9230769230769231,0.07692307692307687,1.0,0.0,0.9166666666666666,0.0,1.0,0.0,0.5384615384615384,0.0,0.23076923076923073,1.0,0.0,1.0,0.0,1.0,0.0,0.0,0.0,0.0,0.0,0.3846153846153846,0.23076923076923073,1.0,0.0,1.0,0.0,0.0,1.0,0.0,0.0,0.0,0.9230769230769231,0.46153846153846156,1.0,1.0,0.3846153846153846,0.0,0.9166666666666666,1.0,1.0,0.0,0.8461538461538461,1.0,1.0,0.0,0.0,0.23076923076923073,1.0,0.0,0.0,1.0,0.07692307692307687,0.0,1.0,0.0,0.0,0.0,0.0,0.3076923076923077,0.0,1.0,0.15384615384615385,0.0,0.0,0.0,1.0,0.0,1.0,0.0,1.0,0.07692307692307687,1.0,0.0,0.07692307692307687,0.0,0.0,0.0,1.0
1163,0.25,0.3076923076923077,0.6923076923076923,0.7692307692307692,0.23076923076923073,0.07692307692307687,0.07692307692307687,0.25,0.3076923076923077,0.7692307692307692,0.25,0.3076923076923077,0.15384615384615385,0.25,0.7692307692307692,0.7692307692307692,0.3076923076923077,0.3076923076923077,0.3076923076923077,0.8333333333333334,0.15384615384615385,0.08333333333333337,0.75,0.7692307692307692,0.7692307692307692,0.75,0.3076923076923077,0.3076923076923077,0.3076923076923077,0.3076923076923077,0.3076923076923077,0.75,0.3076923076923077,0.07692307692307687,0.3076923076923077,0.3076923076923077,0.08333333333333337,0.5384615384615384,0.3076923076923077,0.3076923076923077,0.25,0.07692307692307687,0.3076923076923077,0.7692307692307692,0.07692307692307687,0.3076923076923077,0.3076923076923077,0.25,0.25,0.23076923076923073,0.75,0.25,0.3076923076923077,0.6923076923076923,0.3076923076923077,0.3076923076923077,0.6153846153846154,0.23076923076923073,0.7692307692307692,0.3076923076923077,0.6666666666666667,0.3076923076923077,0.7692307692307692,0.3076923076923077,0.3846153846153846,0.25,0.07692307692307687,0.7692307692307692,0.3076923076923077,0.6923076923076923,0.25,0.7692307692307692,0.3076923076923077,0.25,0.3076923076923077,0.3076923076923077,0.3076923076923077,0.3076923076923077,0.07692307692307687,0.7692307692307692,0.3076923076923077,0.7692307692307692,0.25,0.3076923076923077,0.6923076923076923,0.3076923076923077,0.3076923076923077,0.3076923076923077,0.6923076923076923,0.15384615384615385,0.7692307692307692,0.6923076923076923,0.15384615384615385,0.25,0.6666666666666667,0.6923076923076923,0.6923076923076923,0.3076923076923077,0.6153846153846154,0.6923076923076923,0.7692307692307692,0.3076923076923077,0.3076923076923077,0.07692307692307687,0.75,0.25,0.3076923076923077,0.75,0.3076923076923077,0.3076923076923077,0.75,0.3076923076923077,0.3076923076923077,0.3076923076923077,0.3076923076923077,0.0,0.25,0.7692307692307692,0.46153846153846156,0.3076923076923077,0.3076923076923077,0.3076923076923077,0.7692307692307692,0.3076923076923077,0.7692307692307692,0.3076923076923077,0.6923076923076923,0.23076923076923073,0.6923076923076923,0.25,0.23076923076923073,0.3076923076923077,0.3076923076923077,0.3076923076923077,0.6923076923076923
1164,0.0,0.0,1.0,1.0,0.0,0.16666666666666663,0.16666666666666663,0.0,0.0,1.0,0.0,0.0,0.16666666666666663,0.0,1.0,1.0,0.0,0.0,0.0,0.9166666666666666,0.33333333333333337,0.16666666666666663,1.0,1.0,1.0,1.0,0.0,0.0,0.0,0.0,0.0,1.0,0.0,0.16666666666666663,0.0,0.0,0.16666666666666663,0.5,0.0,0.0,0.0,0.16666666666666663,0.0,1.0,0.16666666666666663,0.0,0.0,0.0,0.0,0.25,1.0,0.0,0.0,0.9166666666666666,0.0,0.0,0.9166666666666666,0.0,1.0,0.0,0.9166666666666666,0.0,1.0,0.0,0.5,0.0,0.16666666666666663,1.0,0.0,1.0,0.0,1.0,0.0,0.0,0.0,0.0,0.0,0.33333333333333337,0.16666666666666663,1.0,0.0,1.0,0.0,0.0,1.0,0.0,0.0,0.0,0.9166666666666666,0.41666666666666663,1.0,1.0,0.33333333333333337,0.0,0.9166666666666666,1.0,1.0,0.0,0.8333333333333334,1.0,1.0,0.0,0.0,0.16666666666666663,1.0,0.0,0.0,1.0,0.08333333333333337,0.0,1.0,0.0,0.0,0.0,0.0,0.25,0.0,1.0,0.16666666666666663,0.0,0.0,0.0,1.0,0.0,1.0,0.0,1.0,0.0,1.0,0.0,0.0,0.0,0.0,0.0,1.0
1165,1.0,0.9230769230769231,0.07692307692307687,0.0,1.0,0.8461538461538461,0.8461538461538461,1.0,1.0,0.0,1.0,1.0,0.8461538461538461,1.0,0.0,0.0,1.0,1.0,1.0,0.08333333333333337,0.6923076923076923,0.8333333333333334,0.08333333333333337,0.0,0.5384615384615384,0.08333333333333337,1.0,1.0,1.0,1.0,1.0,0.0,1.0,0.8461538461538461,1.0,1.0,0.8333333333333334,1.0,1.0,1.0,1.0,0.8461538461538461,1.0,0.07692307692307687,0.8461538461538461,1.0,1.0,1.0,1.0,0.7692307692307692,0.0,1.0,1.0,0.07692307692307687,1.0,1.0,0.15384615384615385,1.0,0.0,1.0,0.08333333333333337,1.0,0.0,1.0,0.5384615384615384,1.0,0.8461538461538461,0.23076923076923073,1.0,0.07692307692307687,1.0,0.15384615384615385,1.0,1.0,1.0,1.0,1.0,0.9230769230769231,0.8461538461538461,0.07692307692307687,1.0,0.0,1.0,1.0,0.07692307692307687,1.0,1.0,1.0,0.46153846153846156,0.6923076923076923,0.0,0.07692307692307687,0.7692307692307692,1.0,0.08333333333333337,0.07692307692307687,0.07692307692307687,1.0,0.15384615384615385,0.07692307692307687,0.0,1.0,1.0,0.8461538461538461,0.0,1.0,1.0,0.0,1.0,1.0,0.0,1.0,1.0,1.0,1.0,0.7692307692307692,1.0,0.0,0.8461538461538461,1.0,1.0,1.0,0.0,1.0,0.0,1.0,0.07692307692307687,1.0,0.07692307692307687,1.0,1.0,1.0,1.0,1.0,0.07692307692307687
1166,0.16666666666666663,0.23076923076923073,0.8461538461538461,0.8461538461538461,0.23076923076923073,0.3846153846153846,0.3846153846153846,0.16666666666666663,0.15384615384615385,0.8461538461538461,0.16666666666666663,0.15384615384615385,0.3076923076923077,0.16666666666666663,0.8461538461538461,0.8461538461538461,0.15384615384615385,0.15384615384615385,0.15384615384615385,0.75,0.46153846153846156,0.33333333333333337,0.9166666666666666,0.8461538461538461,1.0,0.9166666666666666,0.15384615384615385,0.15384615384615385,0.15384615384615385,0.15384615384615385,0.15384615384615385,0.8333333333333334,0.15384615384615385,0.3846153846153846,0.15384615384615385,0.15384615384615385,0.33333333333333337,0.6923076923076923,0.15384615384615385,0.15384615384615385,0.16666666666666663,0.3846153846153846,0.15384615384615385,0.8461538461538461,0.3846153846153846,0.15384615384615385,0.15384615384615385,0.16666666666666663,0.16666666666666663,0.23076923076923073,0.8333333333333334,0.16666666666666663,0.15384615384615385,0.7692307692307692,0.15384615384615385,0.15384615384615385,0.9230769230769231,0.23076923076923073,0.8461538461538461,0.15384615384615385,0.9166666666666666,0.15384615384615385,0.8461538461538461,0.15384615384615385,0.5384615384615384,0.16666666666666663,0.3846153846153846,0.8461538461538461,0.15384615384615385,0.8461538461538461,0.16666666666666663,0.8461538461538461,0.15384615384615385,0.16666666666666663,0.15384615384615385,0.15384615384615385,0.15384615384615385,0.5384615384615384,0.3846153846153846,0.8461538461538461,0.15384615384615385,0.8461538461538461,0.16666666666666663,0.15384615384615385,0.8461538461538461,0.15384615384615385,0.15384615384615385,0.15384615384615385,1.0,0.46153846153846156,0.8461538461538461,0.8461538461538461,0.5384615384615384,0.16666666666666663,0.9166666666666666,0.8461538461538461,0.8461538461538461,0.15384615384615385,0.6923076923076923,0.8461538461538461,0.8461538461538461,0.15384615384615385,0.15384615384615385,0.3846153846153846,0.8333333333333334,0.16666666666666663,0.15384615384615385,0.8333333333333334,0.23076923076923073,0.15384615384615385,0.8333333333333334,0.15384615384615385,0.15384615384615385,0.15384615384615385,0.15384615384615385,0.46153846153846156,0.16666666666666663,0.8461538461538461,0.0,0.15384615384615385,0.15384615384615385,0.15384615384615385,0.8461538461538461,0.15384615384615385,0.8461538461538461,0.15384615384615385,0.8461538461538461,0.23076923076923073,0.8461538461538461,0.16666666666666663,0.23076923076923073,0.15384615384615385,0.15384615384615385,0.15384615384615385,0.8461538461538461
1167,0.0,0.07692307692307687,1.0,1.0,0.07692307692307687,0.23076923076923073,0.23076923076923073,0.0,0.0,1.0,0.0,0.0,0.15384615384615385,0.0,1.0,1.0,0.0,0.0,0.0,0.9166666666666666,0.3846153846153846,0.16666666666666663,1.0,1.0,1.0,1.0,0.0,0.0,0.0,0.0,0.0,1.0,0.0,0.23076923076923073,0.0,0.0,0.16666666666666663,0.5384615384615384,0.0,0.0,0.0,0.23076923076923073,0.0,1.0,0.23076923076923073,0.0,0.0,0.0,0.0,0.23076923076923073,1.0,0.0,0.0,0.9230769230769231,0.0,0.0,0.9230769230769231,0.07692307692307687,1.0,0.0,0.9166666666666666,0.0,1.0,0.0,0.5384615384615384,0.0,0.23076923076923073,1.0,0.0,1.0,0.0,1.0,0.0,0.0,0.0,0.0,0.0,0.3846153846153846,0.23076923076923073,1.0,0.0,1.0,0.0,0.0,1.0,0.0,0.0,0.0,0.9230769230769231,0.46153846153846156,1.0,1.0,0.3846153846153846,0.0,0.9166666666666666,1.0,1.0,0.0,0.8461538461538461,1.0,1.0,0.0,0.0,0.23076923076923073,1.0,0.0,0.0,1.0,0.07692307692307687,0.0,1.0,0.0,0.0,0.0,0.0,0.3076923076923077,0.0,1.0,0.15384615384615385,0.0,0.0,0.0,1.0,0.0,1.0,0.0,1.0,0.07692307692307687,1.0,0.0,0.07692307692307687,0.0,0.0,0.0,1.0
1168,0.0,0.07692307692307687,1.0,1.0,0.07692307692307687,0.23076923076923073,0.23076923076923073,0.0,0.0,1.0,0.0,0.0,0.15384615384615385,0.0,1.0,1.0,0.0,0.0,0.0,0.9166666666666666,0.3846153846153846,0.16666666666666663,1.0,1.0,1.0,1.0,0.0,0.0,0.0,0.0,0.0,1.0,0.0,0.23076923076923073,0.0,0.0,0.16666666666666663,0.5384615384615384,0.0,0.0,0.0,0.23076923076923073,0.0,1.0,0.23076923076923073,0.0,0.0,0.0,0.0,0.23076923076923073,1.0,0.0,0.0,0.9230769230769231,0.0,0.0,0.9230769230769231,0.07692307692307687,1.0,0.0,0.9166666666666666,0.0,1.0,0.0,0.5384615384615384,0.0,0.23076923076923073,1.0,0.0,1.0,0.0,1.0,0.0,0.0,0.0,0.0,0.0,0.3846153846153846,0.23076923076923073,1.0,0.0,1.0,0.0,0.0,1.0,0.0,0.0,0.0,0.9230769230769231,0.46153846153846156,1.0,1.0,0.3846153846153846,0.0,0.9166666666666666,1.0,1.0,0.0,0.8461538461538461,1.0,1.0,0.0,0.0,0.23076923076923073,1.0,0.0,0.0,1.0,0.07692307692307687,0.0,1.0,0.0,0.0,0.0,0.0,0.3076923076923077,0.0,1.0,0.15384615384615385,0.0,0.0,0.0,1.0,0.0,1.0,0.0,1.0,0.07692307692307687,1.0,0.0,0.07692307692307687,0.0,0.0,0.0,1.0
1169,0.0,0.07692307692307687,1.0,1.0,0.07692307692307687,0.23076923076923073,0.23076923076923073,0.0,0.0,1.0,0.0,0.0,0.15384615384615385,0.0,1.0,1.0,0.0,0.0,0.0,0.9166666666666666,0.3846153846153846,0.16666666666666663,1.0,1.0,1.0,1.0,0.0,0.0,0.0,0.0,0.0,1.0,0.0,0.23076923076923073,0.0,0.0,0.16666666666666663,0.5384615384615384,0.0,0.0,0.0,0.23076923076923073,0.0,1.0,0.23076923076923073,0.0,0.0,0.0,0.0,0.23076923076923073,1.0,0.0,0.0,0.9230769230769231,0.0,0.0,0.9230769230769231,0.07692307692307687,1.0,0.0,0.9166666666666666,0.0,1.0,0.0,0.5384615384615384,0.0,0.23076923076923073,1.0,0.0,1.0,0.0,1.0,0.0,0.0,0.0,0.0,0.0,0.3846153846153846,0.23076923076923073,1.0,0.0,1.0,0.0,0.0,1.0,0.0,0.0,0.0,0.9230769230769231,0.46153846153846156,1.0,1.0,0.3846153846153846,0.0,0.9166666666666666,1.0,1.0,0.0,0.8461538461538461,1.0,1.0,0.0,0.0,0.23076923076923073,1.0,0.0,0.0,1.0,0.07692307692307687,0.0,1.0,0.0,0.0,0.0,0.0,0.3076923076923077,0.0,1.0,0.15384615384615385,0.0,0.0,0.0,1.0,0.0,1.0,0.0,1.0,0.07692307692307687,1.0,0.0,0.07692307692307687,0.0,0.0,0.0,1.0
1170,1.0,0.9230769230769231,0.07692307692307687,0.0,1.0,0.8461538461538461,0.8461538461538461,1.0,1.0,0.0,1.0,1.0,0.8461538461538461,1.0,0.0,0.0,1.0,1.0,1.0,0.08333333333333337,0.6923076923076923,0.8333333333333334,0.08333333333333337,0.0,0.5384615384615384,0.08333333333333337,1.0,1.0,1.0,1.0,1.0,0.0,1.0,0.8461538461538461,1.0,1.0,0.8333333333333334,1.0,1.0,1.0,1.0,0.8461538461538461,1.0,0.07692307692307687,0.8461538461538461,1.0,1.0,1.0,1.0,0.7692307692307692,0.0,1.0,1.0,0.07692307692307687,1.0,1.0,0.15384615384615385,1.0,0.0,1.0,0.08333333333333337,1.0,0.0,1.0,0.5384615384615384,1.0,0.8461538461538461,0.23076923076923073,1.0,0.07692307692307687,1.0,0.15384615384615385,1.0,1.0,1.0,1.0,1.0,0.9230769230769231,0.8461538461538461,0.07692307692307687,1.0,0.0,1.0,1.0,0.07692307692307687,1.0,1.0,1.0,0.46153846153846156,0.6923076923076923,0.0,0.07692307692307687,0.7692307692307692,1.0,0.08333333333333337,0.07692307692307687,0.07692307692307687,1.0,0.15384615384615385,0.07692307692307687,0.0,1.0,1.0,0.8461538461538461,0.0,1.0,1.0,0.0,1.0,1.0,0.0,1.0,1.0,1.0,1.0,0.7692307692307692,1.0,0.0,0.8461538461538461,1.0,1.0,1.0,0.0,1.0,0.0,1.0,0.07692307692307687,1.0,0.07692307692307687,1.0,1.0,1.0,1.0,1.0,0.07692307692307687
1171,0.0,0.07692307692307687,1.0,1.0,0.07692307692307687,0.23076923076923073,0.23076923076923073,0.0,0.0,1.0,0.0,0.0,0.15384615384615385,0.0,1.0,1.0,0.0,0.0,0.0,0.9166666666666666,0.3846153846153846,0.16666666666666663,1.0,1.0,1.0,1.0,0.0,0.0,0.0,0.0,0.0,1.0,0.0,0.23076923076923073,0.0,0.0,0.16666666666666663,0.5384615384615384,0.0,0.0,0.0,0.23076923076923073,0.0,1.0,0.23076923076923073,0.0,0.0,0.0,0.0,0.23076923076923073,1.0,0.0,0.0,0.9230769230769231,0.0,0.0,0.9230769230769231,0.07692307692307687,1.0,0.0,0.9166666666666666,0.0,1.0,0.0,0.5384615384615384,0.0,0.23076923076923073,1.0,0.0,1.0,0.0,1.0,0.0,0.0,0.0,0.0,0.0,0.3846153846153846,0.23076923076923073,1.0,0.0,1.0,0.0,0.0,1.0,0.0,0.0,0.0,0.9230769230769231,0.46153846153846156,1.0,1.0,0.3846153846153846,0.0,0.9166666666666666,1.0,1.0,0.0,0.8461538461538461,1.0,1.0,0.0,0.0,0.23076923076923073,1.0,0.0,0.0,1.0,0.07692307692307687,0.0,1.0,0.0,0.0,0.0,0.0,0.3076923076923077,0.0,1.0,0.15384615384615385,0.0,0.0,0.0,1.0,0.0,1.0,0.0,1.0,0.07692307692307687,1.0,0.0,0.07692307692307687,0.0,0.0,0.0,1.0
1172,1.0,0.9230769230769231,0.07692307692307687,0.0,1.0,0.8461538461538461,0.8461538461538461,1.0,1.0,0.0,1.0,1.0,0.8461538461538461,1.0,0.0,0.0,1.0,1.0,1.0,0.08333333333333337,0.6923076923076923,0.8333333333333334,0.08333333333333337,0.0,0.5384615384615384,0.08333333333333337,1.0,1.0,1.0,1.0,1.0,0.0,1.0,0.8461538461538461,1.0,1.0,0.8333333333333334,1.0,1.0,1.0,1.0,0.8461538461538461,1.0,0.07692307692307687,0.8461538461538461,1.0,1.0,1.0,1.0,0.7692307692307692,0.0,1.0,1.0,0.07692307692307687,1.0,1.0,0.15384615384615385,1.0,0.0,1.0,0.08333333333333337,1.0,0.0,1.0,0.5384615384615384,1.0,0.8461538461538461,0.23076923076923073,1.0,0.07692307692307687,1.0,0.15384615384615385,1.0,1.0,1.0,1.0,1.0,0.9230769230769231,0.8461538461538461,0.07692307692307687,1.0,0.0,1.0,1.0,0.07692307692307687,1.0,1.0,1.0,0.46153846153846156,0.6923076923076923,0.0,0.07692307692307687,0.7692307692307692,1.0,0.08333333333333337,0.07692307692307687,0.07692307692307687,1.0,0.15384615384615385,0.07692307692307687,0.0,1.0,1.0,0.8461538461538461,0.0,1.0,1.0,0.0,1.0,1.0,0.0,1.0,1.0,1.0,1.0,0.7692307692307692,1.0,0.0,0.8461538461538461,1.0,1.0,1.0,0.0,1.0,0.0,1.0,0.07692307692307687,1.0,0.07692307692307687,1.0,1.0,1.0,1.0,1.0,0.07692307692307687
1173,0.0,0.07692307692307687,1.0,1.0,0.07692307692307687,0.23076923076923073,0.23076923076923073,0.0,0.0,1.0,0.0,0.0,0.15384615384615385,0.0,1.0,1.0,0.0,0.0,0.0,0.9166666666666666,0.3846153846153846,0.16666666666666663,1.0,1.0,1.0,1.0,0.0,0.0,0.0,0.0,0.0,1.0,0.0,0.23076923076923073,0.0,0.0,0.16666666666666663,0.5384615384615384,0.0,0.0,0.0,0.23076923076923073,0.0,1.0,0.23076923076923073,0.0,0.0,0.0,0.0,0.23076923076923073,1.0,0.0,0.0,0.9230769230769231,0.0,0.0,0.9230769230769231,0.07692307692307687,1.0,0.0,0.9166666666666666,0.0,1.0,0.0,0.5384615384615384,0.0,0.23076923076923073,1.0,0.0,1.0,0.0,1.0,0.0,0.0,0.0,0.0,0.0,0.3846153846153846,0.23076923076923073,1.0,0.0,1.0,0.0,0.0,1.0,0.0,0.0,0.0,0.9230769230769231,0.46153846153846156,1.0,1.0,0.3846153846153846,0.0,0.9166666666666666,1.0,1.0,0.0,0.8461538461538461,1.0,1.0,0.0,0.0,0.23076923076923073,1.0,0.0,0.0,1.0,0.07692307692307687,0.0,1.0,0.0,0.0,0.0,0.0,0.3076923076923077,0.0,1.0,0.15384615384615385,0.0,0.0,0.0,1.0,0.0,1.0,0.0,1.0,0.07692307692307687,1.0,0.0,0.07692307692307687,0.0,0.0,0.0,1.0
1174,1.0,1.0,0.0,0.07692307692307687,0.9230769230769231,0.7692307692307692,0.7692307692307692,1.0,1.0,0.07692307692307687,1.0,1.0,0.8461538461538461,1.0,0.07692307692307687,0.07692307692307687,1.0,1.0,1.0,0.08333333333333337,0.7692307692307692,0.8333333333333334,0.08333333333333337,0.07692307692307687,0.46153846153846156,0.08333333333333337,1.0,1.0,1.0,1.0,1.0,0.0,1.0,0.7692307692307692,1.0,1.0,0.8333333333333334,0.9230769230769231,1.0,1.0,1.0,0.7692307692307692,1.0,0.15384615384615385,0.7692307692307692,1.0,1.0,1.0,1.0,0.7692307692307692,0.0,1.0,1.0,0.15384615384615385,1.0,1.0,0.07692307692307687,0.9230769230769231,0.07692307692307687,1.0,0.08333333333333337,1.0,0.07692307692307687,1.0,0.46153846153846156,1.0,0.7692307692307692,0.3076923076923077,1.0,0.0,1.0,0.23076923076923073,1.0,1.0,1.0,1.0,1.0,0.8461538461538461,0.7692307692307692,0.15384615384615385,1.0,0.07692307692307687,1.0,1.0,0.0,1.0,1.0,1.0,0.3846153846153846,0.6153846153846154,0.07692307692307687,0.0,0.6923076923076923,1.0,0.08333333333333337,0.0,0.0,1.0,0.23076923076923073,0.0,0.07692307692307687,1.0,1.0,0.7692307692307692,0.0,1.0,1.0,0.0,1.0,1.0,0.0,1.0,1.0,1.0,1.0,0.6923076923076923,1.0,0.07692307692307687,0.8461538461538461,1.0,1.0,1.0,0.07692307692307687,1.0,0.07692307692307687,1.0,0.0,0.9230769230769231,0.0,1.0,0.9230769230769231,1.0,1.0,1.0,0.0
1175,0.0,0.07692307692307687,0.9230769230769231,1.0,0.0,0.15384615384615385,0.15384615384615385,0.0,0.07692307692307687,1.0,0.0,0.07692307692307687,0.23076923076923073,0.0,1.0,1.0,0.07692307692307687,0.07692307692307687,0.07692307692307687,0.9166666666666666,0.3846153846153846,0.16666666666666663,1.0,1.0,0.9230769230769231,1.0,0.07692307692307687,0.07692307692307687,0.07692307692307687,0.07692307692307687,0.07692307692307687,1.0,0.07692307692307687,0.15384615384615385,0.07692307692307687,0.07692307692307687,0.16666666666666663,0.46153846153846156,0.07692307692307687,0.07692307692307687,0.0,0.15384615384615385,0.07692307692307687,1.0,0.15384615384615385,0.07692307692307687,0.07692307692307687,0.0,0.0,0.3076923076923077,1.0,0.0,0.07692307692307687,0.9230769230769231,0.07692307692307687,0.07692307692307687,0.8461538461538461,0.0,1.0,0.07692307692307687,0.9166666666666666,0.07692307692307687,1.0,0.07692307692307687,0.46153846153846156,0.0,0.15384615384615385,1.0,0.07692307692307687,0.9230769230769231,0.0,1.0,0.07692307692307687,0.0,0.07692307692307687,0.07692307692307687,0.07692307692307687,0.3076923076923077,0.15384615384615385,1.0,0.07692307692307687,1.0,0.0,0.07692307692307687,0.9230769230769231,0.07692307692307687,0.07692307692307687,0.07692307692307687,0.8461538461538461,0.3846153846153846,1.0,0.9230769230769231,0.3076923076923077,0.0,0.9166666666666666,0.9230769230769231,0.9230769230769231,0.07692307692307687,0.8461538461538461,0.9230769230769231,1.0,0.07692307692307687,0.07692307692307687,0.15384615384615385,1.0,0.0,0.07692307692307687,1.0,0.15384615384615385,0.07692307692307687,1.0,0.07692307692307687,0.07692307692307687,0.07692307692307687,0.07692307692307687,0.23076923076923073,0.0,1.0,0.23076923076923073,0.07692307692307687,0.07692307692307687,0.07692307692307687,1.0,0.07692307692307687,1.0,0.07692307692307687,0.9230769230769231,0.0,0.9230769230769231,0.0,0.0,0.07692307692307687,0.07692307692307687,0.07692307692307687,0.9230769230769231
1176,1.0,1.0,0.0,0.07692307692307687,0.9230769230769231,0.7692307692307692,0.7692307692307692,1.0,1.0,0.07692307692307687,1.0,1.0,0.8461538461538461,1.0,0.07692307692307687,0.07692307692307687,1.0,1.0,1.0,0.08333333333333337,0.7692307692307692,0.8333333333333334,0.08333333333333337,0.07692307692307687,0.46153846153846156,0.08333333333333337,1.0,1.0,1.0,1.0,1.0,0.0,1.0,0.7692307692307692,1.0,1.0,0.8333333333333334,0.9230769230769231,1.0,1.0,1.0,0.7692307692307692,1.0,0.15384615384615385,0.7692307692307692,1.0,1.0,1.0,1.0,0.7692307692307692,0.0,1.0,1.0,0.15384615384615385,1.0,1.0,0.07692307692307687,0.9230769230769231,0.07692307692307687,1.0,0.08333333333333337,1.0,0.07692307692307687,1.0,0.46153846153846156,1.0,0.7692307692307692,0.3076923076923077,1.0,0.0,1.0,0.23076923076923073,1.0,1.0,1.0,1.0,1.0,0.8461538461538461,0.7692307692307692,0.15384615384615385,1.0,0.07692307692307687,1.0,1.0,0.0,1.0,1.0,1.0,0.3846153846153846,0.6153846153846154,0.07692307692307687,0.0,0.6923076923076923,1.0,0.08333333333333337,0.0,0.0,1.0,0.23076923076923073,0.0,0.07692307692307687,1.0,1.0,0.7692307692307692,0.0,1.0,1.0,0.0,1.0,1.0,0.0,1.0,1.0,1.0,1.0,0.6923076923076923,1.0,0.07692307692307687,0.8461538461538461,1.0,1.0,1.0,0.07692307692307687,1.0,0.07692307692307687,1.0,0.0,0.9230769230769231,0.0,1.0,0.9230769230769231,1.0,1.0,1.0,0.0
1177,0.0,0.0,1.0,1.0,0.0,0.16666666666666663,0.16666666666666663,0.0,0.0,1.0,0.0,0.0,0.16666666666666663,0.0,1.0,1.0,0.0,0.0,0.0,0.9166666666666666,0.33333333333333337,0.16666666666666663,1.0,1.0,1.0,1.0,0.0,0.0,0.0,0.0,0.0,1.0,0.0,0.16666666666666663,0.0,0.0,0.16666666666666663,0.5,0.0,0.0,0.0,0.16666666666666663,0.0,1.0,0.16666666666666663,0.0,0.0,0.0,0.0,0.25,1.0,0.0,0.0,0.9166666666666666,0.0,0.0,0.9166666666666666,0.0,1.0,0.0,0.9166666666666666,0.0,1.0,0.0,0.5,0.0,0.16666666666666663,1.0,0.0,1.0,0.0,1.0,0.0,0.0,0.0,0.0,0.0,0.33333333333333337,0.16666666666666663,1.0,0.0,1.0,0.0,0.0,1.0,0.0,0.0,0.0,0.9166666666666666,0.41666666666666663,1.0,1.0,0.33333333333333337,0.0,0.9166666666666666,1.0,1.0,0.0,0.8333333333333334,1.0,1.0,0.0,0.0,0.16666666666666663,1.0,0.0,0.0,1.0,0.08333333333333337,0.0,1.0,0.0,0.0,0.0,0.0,0.25,0.0,1.0,0.16666666666666663,0.0,0.0,0.0,1.0,0.0,1.0,0.0,1.0,0.0,1.0,0.0,0.0,0.0,0.0,0.0,1.0
1178,0.0,0.07692307692307687,0.9230769230769231,1.0,0.0,0.15384615384615385,0.15384615384615385,0.0,0.07692307692307687,1.0,0.0,0.07692307692307687,0.23076923076923073,0.0,1.0,1.0,0.07692307692307687,0.07692307692307687,0.07692307692307687,0.9166666666666666,0.3846153846153846,0.16666666666666663,1.0,1.0,0.9230769230769231,1.0,0.07692307692307687,0.07692307692307687,0.07692307692307687,0.07692307692307687,0.07692307692307687,1.0,0.07692307692307687,0.15384615384615385,0.07692307692307687,0.07692307692307687,0.16666666666666663,0.46153846153846156,0.07692307692307687,0.07692307692307687,0.0,0.15384615384615385,0.07692307692307687,1.0,0.15384615384615385,0.07692307692307687,0.07692307692307687,0.0,0.0,0.3076923076923077,1.0,0.0,0.07692307692307687,0.9230769230769231,0.07692307692307687,0.07692307692307687,0.8461538461538461,0.0,1.0,0.07692307692307687,0.9166666666666666,0.07692307692307687,1.0,0.07692307692307687,0.46153846153846156,0.0,0.15384615384615385,1.0,0.07692307692307687,0.9230769230769231,0.0,1.0,0.07692307692307687,0.0,0.07692307692307687,0.07692307692307687,0.07692307692307687,0.3076923076923077,0.15384615384615385,1.0,0.07692307692307687,1.0,0.0,0.07692307692307687,0.9230769230769231,0.07692307692307687,0.07692307692307687,0.07692307692307687,0.8461538461538461,0.3846153846153846,1.0,0.9230769230769231,0.3076923076923077,0.0,0.9166666666666666,0.9230769230769231,0.9230769230769231,0.07692307692307687,0.8461538461538461,0.9230769230769231,1.0,0.07692307692307687,0.07692307692307687,0.15384615384615385,1.0,0.0,0.07692307692307687,1.0,0.15384615384615385,0.07692307692307687,1.0,0.07692307692307687,0.07692307692307687,0.07692307692307687,0.07692307692307687,0.23076923076923073,0.0,1.0,0.23076923076923073,0.07692307692307687,0.07692307692307687,0.07692307692307687,1.0,0.07692307692307687,1.0,0.07692307692307687,0.9230769230769231,0.0,0.9230769230769231,0.0,0.0,0.07692307692307687,0.07692307692307687,0.07692307692307687,0.9230769230769231
1179,0.0,0.07692307692307687,1.0,1.0,0.07692307692307687,0.23076923076923073,0.23076923076923073,0.0,0.0,1.0,0.0,0.0,0.15384615384615385,0.0,1.0,1.0,0.0,0.0,0.0,0.9166666666666666,0.3846153846153846,0.16666666666666663,1.0,1.0,1.0,1.0,0.0,0.0,0.0,0.0,0.0,1.0,0.0,0.23076923076923073,0.0,0.0,0.16666666666666663,0.5384615384615384,0.0,0.0,0.0,0.23076923076923073,0.0,1.0,0.23076923076923073,0.0,0.0,0.0,0.0,0.23076923076923073,1.0,0.0,0.0,0.9230769230769231,0.0,0.0,0.9230769230769231,0.07692307692307687,1.0,0.0,0.9166666666666666,0.0,1.0,0.0,0.5384615384615384,0.0,0.23076923076923073,1.0,0.0,1.0,0.0,1.0,0.0,0.0,0.0,0.0,0.0,0.3846153846153846,0.23076923076923073,1.0,0.0,1.0,0.0,0.0,1.0,0.0,0.0,0.0,0.9230769230769231,0.46153846153846156,1.0,1.0,0.3846153846153846,0.0,0.9166666666666666,1.0,1.0,0.0,0.8461538461538461,1.0,1.0,0.0,0.0,0.23076923076923073,1.0,0.0,0.0,1.0,0.07692307692307687,0.0,1.0,0.0,0.0,0.0,0.0,0.3076923076923077,0.0,1.0,0.15384615384615385,0.0,0.0,0.0,1.0,0.0,1.0,0.0,1.0,0.07692307692307687,1.0,0.0,0.07692307692307687,0.0,0.0,0.0,1.0
1180,0.0,0.07692307692307687,1.0,1.0,0.07692307692307687,0.23076923076923073,0.23076923076923073,0.0,0.0,1.0,0.0,0.0,0.15384615384615385,0.0,1.0,1.0,0.0,0.0,0.0,0.9166666666666666,0.3846153846153846,0.16666666666666663,1.0,1.0,1.0,1.0,0.0,0.0,0.0,0.0,0.0,1.0,0.0,0.23076923076923073,0.0,0.0,0.16666666666666663,0.5384615384615384,0.0,0.0,0.0,0.23076923076923073,0.0,1.0,0.23076923076923073,0.0,0.0,0.0,0.0,0.23076923076923073,1.0,0.0,0.0,0.9230769230769231,0.0,0.0,0.9230769230769231,0.07692307692307687,1.0,0.0,0.9166666666666666,0.0,1.0,0.0,0.5384615384615384,0.0,0.23076923076923073,1.0,0.0,1.0,0.0,1.0,0.0,0.0,0.0,0.0,0.0,0.3846153846153846,0.23076923076923073,1.0,0.0,1.0,0.0,0.0,1.0,0.0,0.0,0.0,0.9230769230769231,0.46153846153846156,1.0,1.0,0.3846153846153846,0.0,0.9166666666666666,1.0,1.0,0.0,0.8461538461538461,1.0,1.0,0.0,0.0,0.23076923076923073,1.0,0.0,0.0,1.0,0.07692307692307687,0.0,1.0,0.0,0.0,0.0,0.0,0.3076923076923077,0.0,1.0,0.15384615384615385,0.0,0.0,0.0,1.0,0.0,1.0,0.0,1.0,0.07692307692307687,1.0,0.0,0.07692307692307687,0.0,0.0,0.0,1.0
1182,0.0,0.07692307692307687,1.0,1.0,0.07692307692307687,0.23076923076923073,0.23076923076923073,0.0,0.0,1.0,0.0,0.0,0.15384615384615385,0.0,1.0,1.0,0.0,0.0,0.0,0.9166666666666666,0.3846153846153846,0.16666666666666663,1.0,1.0,1.0,1.0,0.0,0.0,0.0,0.0,0.0,1.0,0.0,0.23076923076923073,0.0,0.0,0.16666666666666663,0.5384615384615384,0.0,0.0,0.0,0.23076923076923073,0.0,1.0,0.23076923076923073,0.0,0.0,0.0,0.0,0.23076923076923073,1.0,0.0,0.0,0.9230769230769231,0.0,0.0,0.9230769230769231,0.07692307692307687,1.0,0.0,0.9166666666666666,0.0,1.0,0.0,0.5384615384615384,0.0,0.23076923076923073,1.0,0.0,1.0,0.0,1.0,0.0,0.0,0.0,0.0,0.0,0.3846153846153846,0.23076923076923073,1.0,0.0,1.0,0.0,0.0,1.0,0.0,0.0,0.0,0.9230769230769231,0.46153846153846156,1.0,1.0,0.3846153846153846,0.0,0.9166666666666666,1.0,1.0,0.0,0.8461538461538461,1.0,1.0,0.0,0.0,0.23076923076923073,1.0,0.0,0.0,1.0,0.07692307692307687,0.0,1.0,0.0,0.0,0.0,0.0,0.3076923076923077,0.0,1.0,0.15384615384615385,0.0,0.0,0.0,1.0,0.0,1.0,0.0,1.0,0.07692307692307687,1.0,0.0,0.07692307692307687,0.0,0.0,0.0,1.0
1183,1.0,1.0,0.0,0.07692307692307687,0.9230769230769231,0.7692307692307692,0.7692307692307692,1.0,1.0,0.07692307692307687,1.0,1.0,0.8461538461538461,1.0,0.07692307692307687,0.07692307692307687,1.0,1.0,1.0,0.08333333333333337,0.7692307692307692,0.8333333333333334,0.08333333333333337,0.07692307692307687,0.46153846153846156,0.08333333333333337,1.0,1.0,1.0,1.0,1.0,0.0,1.0,0.7692307692307692,1.0,1.0,0.8333333333333334,0.9230769230769231,1.0,1.0,1.0,0.7692307692307692,1.0,0.15384615384615385,0.7692307692307692,1.0,1.0,1.0,1.0,0.7692307692307692,0.0,1.0,1.0,0.15384615384615385,1.0,1.0,0.07692307692307687,0.9230769230769231,0.07692307692307687,1.0,0.08333333333333337,1.0,0.07692307692307687,1.0,0.46153846153846156,1.0,0.7692307692307692,0.3076923076923077,1.0,0.0,1.0,0.23076923076923073,1.0,1.0,1.0,1.0,1.0,0.8461538461538461,0.7692307692307692,0.15384615384615385,1.0,0.07692307692307687,1.0,1.0,0.0,1.0,1.0,1.0,0.3846153846153846,0.6153846153846154,0.07692307692307687,0.0,0.6923076923076923,1.0,0.08333333333333337,0.0,0.0,1.0,0.23076923076923073,0.0,0.07692307692307687,1.0,1.0,0.7692307692307692,0.0,1.0,1.0,0.0,1.0,1.0,0.0,1.0,1.0,1.0,1.0,0.6923076923076923,1.0,0.07692307692307687,0.8461538461538461,1.0,1.0,1.0,0.07692307692307687,1.0,0.07692307692307687,1.0,0.0,0.9230769230769231,0.0,1.0,0.9230769230769231,1.0,1.0,1.0,0.0
