diputado_id,nombre,apellido_paterno,apellido_materno,opcion_codigo,opcion_voto,votacion_id,descripcion,fecha,total_si,total_no,total_abstencion,total_dispensado,quorum_codigo,quorum,resultado_codigo,resultado,tipo_codigo,tipo,numero_boletin,tipo_votacion_proyecto_ley,articulo,tramite_constitucional,tramite_reglamentario,fecha_nacimiento,sexo_valor,sexo_desc,periodo_id,fecha_inicio_periodo,fecha_termino_periodo,tiene_votos,partido_id,partido_nombre,partido_alias
1002,Leonardo,Soto,Ferrada,1,Afirmativo,20627,Boletín N° 11092-07,2023-05-08 19:05:22,122,0,0,0,1,Quórum Simple,1,Aprobado,1,Proyecto de Ley,11092-07,General,,Segundo Trámite,Primer Informe,1966-05-15,1,Masculino,10,2026-03-10 23:59:59,,True,PS,Partido Socialista,PS
1003,Renzo,Trisotti,Martínez,1,Afirmativo,20627,Boletín N° 11092-07,2023-05-08 19:05:22,122,0,0,0,1,Quórum Simple,1,Aprobado,1,Proyecto de Ley,11092-07,General,,Segundo Trámite,Primer Informe,1976-03-15,1,Masculino,10,2026-03-10 23:59:59,,True,UDI,Unión Demócrata Independiente,UDI
1009,Jorge,Alessandri,Vergara,1,Afirmativo,20627,Boletín N° 11092-07,2023-05-08 19:05:22,122,0,0,0,1,Quórum Simple,1,Aprobado,1,Proyecto de Ley,11092-07,General,,Segundo Trámite,Primer Informe,1979-06-08,1,Masculino,10,2026-03-10 23:59:59,,True,UDI,Unión Demócrata Independiente,UDI
1012,Boris,Barrera,Moreno,1,Afirmativo,20627,Boletín N° 11092-07,2023-05-08 19:05:22,122,0,0,0,1,Quórum Simple,1,Aprobado,1,Proyecto de Ley,11092-07,General,,Segundo Trámite,Primer Informe,1970-05-03,1,Masculino,10,2026-03-10 23:59:59,,True,PC,Partido Comunista,PC
1013,Alejandro,Bernales,Maldonado,1,Afirmativo,20627,Boletín N° 11092-07,2023-05-08 19:05:22,122,0,0,0,1,Quórum Simple,1,Aprobado,1,Proyecto de Ley,11092-07,General,,Segundo Trámite,Primer Informe,1979-02-02,1,Masculino,10,2026-03-10 23:59:59,,True,PL,Partido Liberal de Chile,PL
1016,Miguel Ángel,Calisto,Águila,1,Afirmativo,20627,Boletín N° 11092-07,2023-05-08 19:05:22,122,0,0,0,1,Quórum Simple,1,Aprobado,1,Proyecto de Ley,11092-07,General,,Segundo Trámite,Primer Informe,1985-07-19,1,Masculino,10,2026-03-10 23:59:59,,True,IND,Independientes,IND
1017,Álvaro,Carter,Fernández,1,Afirmativo,20627,Boletín N° 11092-07,2023-05-08 19:05:22,122,0,0,0,1,Quórum Simple,1,Aprobado,1,Proyecto de Ley,11092-07,General,,Segundo Trámite,Primer Informe,1980-10-09,1,Masculino,10,2026-03-10 23:59:59,,True,UDI,Unión Demócrata Independiente,UDI
1019,José Miguel,Castro,Bascuñán,1,Afirmativo,20627,Boletín N° 11092-07,2023-05-08 19:05:22,122,0,0,0,1,Quórum Simple,1,Aprobado,1,Proyecto de Ley,11092-07,General,,Segundo Trámite,Primer Informe,1974-08-05,1,Masculino,10,2026-03-10 23:59:59,,True,RN,Renovación Nacional,RN
1021,Andrés,Celis,Montt,1,Afirmativo,20627,Boletín N° 11092-07,2023-05-08 19:05:22,122,0,0,0,1,Quórum Simple,1,Aprobado,1,Proyecto de Ley,11092-07,General,,Segundo Trámite,Primer Informe,1975-04-08,1,Masculino,10,2026-03-10 23:59:59,,True,RN,Renovación Nacional,RN
1022,Sofía,Cid,Versalovic,1,Afirmativo,20627,Boletín N° 11092-07,2023-05-08 19:05:22,122,0,0,0,1,Quórum Simple,1,Aprobado,1,Proyecto de Ley,11092-07,General,,Segundo Trámite,Primer Informe,1971-09-29,0,Femenino,10,2026-03-10 23:59:59,,True,RN,Renovación Nacional,RN
1025,Catalina,Del Real,Mihovilovic,1,Afirmativo,20627,Boletín N° 11092-07,2023-05-08 19:05:22,122,0,0,0,1,Quórum Simple,1,Aprobado,1,Proyecto de Ley,11092-07,General,,Segundo Trámite,Primer Informe,1968-11-07,0,Femenino,10,2026-03-10 23:59:59,,True,RN,Renovación Nacional,RN
1028,Eduardo,Durán,Salinas,1,Afirmativo,20627,Boletín N° 11092-07,2023-05-08 19:05:22,122,0,0,0,1,Quórum Simple,1,Aprobado,1,Proyecto de Ley,11092-07,General,,Segundo Trámite,Primer Informe,1972-01-01,1,Masculino,10,2026-03-10 23:59:59,,True,RN,Renovación Nacional,RN
1030,Camila,Flores,Oporto,1,Afirmativo,20627,Boletín N° 11092-07,2023-05-08 19:05:22,122,0,0,0,1,Quórum Simple,1,Aprobado,1,Proyecto de Ley,11092-07,General,,Segundo Trámite,Primer Informe,1987-02-09,0,Femenino,10,2026-03-10 23:59:59,,True,RN,Renovación Nacional,RN
1034,Félix,González,Gatica,1,Afirmativo,20627,Boletín N° 11092-07,2023-05-08 19:05:22,122,0,0,0,1,Quórum Simple,1,Aprobado,1,Proyecto de Ley,11092-07,General,,Segundo Trámite,Primer Informe,1972-05-26,1,Masculino,10,2026-03-10 23:59:59,,True,PEV,Partido Ecologista Verde,PEV
1035,Carmen,Hertz,Cádiz,1,Afirmativo,20627,Boletín N° 11092-07,2023-05-08 19:05:22,122,0,0,0,1,Quórum Simple,1,Aprobado,1,Proyecto de Ley,11092-07,General,,Segundo Trámite,Primer Informe,1945-06-19,0,Femenino,10,2026-03-10 23:59:59,,True,PC,Partido Comunista,PC
1036,Tomás,Hirsch,Goldschmidt,1,Afirmativo,20627,Boletín N° 11092-07,2023-05-08 19:05:22,122,0,0,0,1,Quórum Simple,1,Aprobado,1,Proyecto de Ley,11092-07,General,,Segundo Trámite,Primer Informe,1956-07-19,1,Masculino,10,2026-03-10 23:59:59,,True,PAH,Partido Acción Humanista,PAH
1038,Marcos,Ilabaca,Cerda,1,Afirmativo,20627,Boletín N° 11092-07,2023-05-08 19:05:22,122,0,0,0,1,Quórum Simple,1,Aprobado,1,Proyecto de Ley,11092-07,General,,Segundo Trámite,Primer Informe,1970-10-05,1,Masculino,10,2026-03-10 23:59:59,,True,PS,Partido Socialista,PS
1040,Harry,Jürgensen,Rundshagen,1,Afirmativo,20627,Boletín N° 11092-07,2023-05-08 19:05:22,122,0,0,0,1,Quórum Simple,1,Aprobado,1,Proyecto de Ley,11092-07,General,,Segundo Trámite,Primer Informe,1968-09-03,1,Masculino,10,2026-03-10 23:59:59,,True,IND,Independientes,IND
1044,Raúl,Leiva,Carvajal,1,Afirmativo,20627,Boletín N° 11092-07,2023-05-08 19:05:22,122,0,0,0,1,Quórum Simple,1,Aprobado,1,Proyecto de Ley,11092-07,General,,Segundo Trámite,Primer Informe,1974-03-24,1,Masculino,10,2026-03-10 23:59:59,,True,PS,Partido Socialista,PS
1046,Andrés,Longton,Herrera,1,Afirmativo,20627,Boletín N° 11092-07,2023-05-08 19:05:22,122,0,0,0,1,Quórum Simple,1,Aprobado,1,Proyecto de Ley,11092-07,General,,Segundo Trámite,Primer Informe,1982-05-26,1,Masculino,10,2026-03-10 23:59:59,,True,RN,Renovación Nacional,RN
1048,Carolina,Marzán,Pinto,1,Afirmativo,20627,Boletín N° 11092-07,2023-05-08 19:05:22,122,0,0,0,1,Quórum Simple,1,Aprobado,1,Proyecto de Ley,11092-07,General,,Segundo Trámite,Primer Informe,1963-12-22,0,Femenino,10,2026-03-10 23:59:59,,True,PPD,Partido Por la Democracia,PPD
1049,Cosme,Mellado,Pino,1,Afirmativo,20627,Boletín N° 11092-07,2023-05-08 19:05:22,122,0,0,0,1,Quórum Simple,1,Aprobado,1,Proyecto de Ley,11092-07,General,,Segundo Trámite,Primer Informe,1960-02-24,1,Masculino,10,2026-03-10 23:59:59,,True,PR,Partido Radical de Chile,PR
1050,Miguel,Mellado,Suazo,1,Afirmativo,20627,Boletín N° 11092-07,2023-05-08 19:05:22,122,0,0,0,1,Quórum Simple,1,Aprobado,1,Proyecto de Ley,11092-07,General,,Segundo Trámite,Primer Informe,1958-12-29,1,Masculino,10,2026-03-10 23:59:59,,True,RN,Renovación Nacional,RN
1054,Francesca,Muñoz,González,1,Afirmativo,20627,Boletín N° 11092-07,2023-05-08 19:05:22,122,0,0,0,1,Quórum Simple,1,Aprobado,1,Proyecto de Ley,11092-07,General,,Segundo Trámite,Primer Informe,1980-03-07,0,Femenino,10,2026-03-10 23:59:59,,True,IND,Independientes,IND
1056,Emilia,Nuyado,Ancapichun,1,Afirmativo,20627,Boletín N° 11092-07,2023-05-08 19:05:22,122,0,0,0,1,Quórum Simple,1,Aprobado,1,Proyecto de Ley,11092-07,General,,Segundo Trámite,Primer Informe,1968-08-17,0,Femenino,10,2026-03-10 23:59:59,,True,PS,Partido Socialista,PS
1057,Erika,Olivera,De La Fuente,1,Afirmativo,20627,Boletín N° 11092-07,2023-05-08 19:05:22,122,0,0,0,1,Quórum Simple,1,Aprobado,1,Proyecto de Ley,11092-07,General,,Segundo Trámite,Primer Informe,1976-01-04,0,Femenino,10,2026-03-10 23:59:59,,True,IND,Independientes,IND
1058,Maite,Orsini,Pascal,1,Afirmativo,20627,Boletín N° 11092-07,2023-05-08 19:05:22,122,0,0,0,1,Quórum Simple,1,Aprobado,1,Proyecto de Ley,11092-07,General,,Segundo Trámite,Primer Informe,1988-02-23,0,Femenino,10,2026-03-10 23:59:59,,True,RD,Revolución Democrática,RD
1059,Ximena,Ossandón,Irarrázabal,1,Afirmativo,20627,Boletín N° 11092-07,2023-05-08 19:05:22,122,0,0,0,1,Quórum Simple,1,Aprobado,1,Proyecto de Ley,11092-07,General,,Segundo Trámite,Primer Informe,1963-12-13,0,Femenino,10,2026-03-10 23:59:59,,True,RN,Renovación Nacional,RN
1062,Joanna,Pérez,Olea,1,Afirmativo,20627,Boletín N° 11092-07,2023-05-08 19:05:22,122,0,0,0,1,Quórum Simple,1,Aprobado,1,Proyecto de Ley,11092-07,General,,Segundo Trámite,Primer Informe,1976-04-01,0,Femenino,10,2026-03-10 23:59:59,,True,IND,Independientes,IND
1065,Guillermo,Ramírez,Diez,1,Afirmativo,20627,Boletín N° 11092-07,2023-05-08 19:05:22,122,0,0,0,1,Quórum Simple,1,Aprobado,1,Proyecto de Ley,11092-07,General,,Segundo Trámite,Primer Informe,1979-04-16,1,Masculino,10,2026-03-10 23:59:59,,True,UDI,Unión Demócrata Independiente,UDI
1067,Hugo,Rey,Martínez,1,Afirmativo,20627,Boletín N° 11092-07,2023-05-08 19:05:22,122,0,0,0,1,Quórum Simple,1,Aprobado,1,Proyecto de Ley,11092-07,General,,Segundo Trámite,Primer Informe,1973-12-06,1,Masculino,10,2026-03-10 23:59:59,,True,RN,Renovación Nacional,RN
1073,Juan,Santana,Castillo,1,Afirmativo,20627,Boletín N° 11092-07,2023-05-08 19:05:22,122,0,0,0,1,Quórum Simple,1,Aprobado,1,Proyecto de Ley,11092-07,General,,Segundo Trámite,Primer Informe,1989-09-20,1,Masculino,10,2026-03-10 23:59:59,,True,PS,Partido Socialista,PS
1074,Marisela,Santibáñez,Novoa,1,Afirmativo,20627,Boletín N° 11092-07,2023-05-08 19:05:22,122,0,0,0,1,Quórum Simple,1,Aprobado,1,Proyecto de Ley,11092-07,General,,Segundo Trámite,Primer Informe,1975-04-24,0,Femenino,10,2026-03-10 23:59:59,,True,PC,Partido Comunista,PC
1081,Francisco,Undurraga,Gazitúa,1,Afirmativo,20627,Boletín N° 11092-07,2023-05-08 19:05:22,122,0,0,0,1,Quórum Simple,1,Aprobado,1,Proyecto de Ley,11092-07,General,,Segundo Trámite,Primer Informe,1965-09-29,1,Masculino,10,2026-03-10 23:59:59,,True,EVOP,Evolución Política,EVOP
1082,Cristóbal,Urruticoechea,Ríos,1,Afirmativo,20627,Boletín N° 11092-07,2023-05-08 19:05:22,122,0,0,0,1,Quórum Simple,1,Aprobado,1,Proyecto de Ley,11092-07,General,,Segundo Trámite,Primer Informe,1975-11-21,1,Masculino,10,2026-03-10 23:59:59,,True,PREP,Partido Republicano,PREP
1086,Gonzalo,Winter,Etcheberry,1,Afirmativo,20627,Boletín N° 11092-07,2023-05-08 19:05:22,122,0,0,0,1,Quórum Simple,1,Aprobado,1,Proyecto de Ley,11092-07,General,,Segundo Trámite,Primer Informe,1987-01-06,1,Masculino,10,2026-03-10 23:59:59,,True,PCS,Partido Convergencia Social,PCS
1087,Gael,Yeomans,Araya,1,Afirmativo,20627,Boletín N° 11092-07,2023-05-08 19:05:22,122,0,0,0,1,Quórum Simple,1,Aprobado,1,Proyecto de Ley,11092-07,General,,Segundo Trámite,Primer Informe,1988-12-04,0,Femenino,10,2026-03-10 23:59:59,,True,PCS,Partido Convergencia Social,PCS
1094,Cristian,Labbé,Martínez,1,Afirmativo,20627,Boletín N° 11092-07,2023-05-08 19:05:22,122,0,0,0,1,Quórum Simple,1,Aprobado,1,Proyecto de Ley,11092-07,General,,Segundo Trámite,Primer Informe,1980-03-06,1,Masculino,10,2026-03-10 23:59:59,,True,UDI,Unión Demócrata Independiente,UDI
1096,María Candelaria,Acevedo,Sáez,1,Afirmativo,20627,Boletín N° 11092-07,2023-05-08 19:05:22,122,0,0,0,1,Quórum Simple,1,Aprobado,1,Proyecto de Ley,11092-07,General,,Segundo Trámite,Primer Informe,1958-09-12,0,Femenino,10,2026-03-10 23:59:59,,True,PC,Partido Comunista,PC
1097,Eric,Aedo,Jeldres,1,Afirmativo,20627,Boletín N° 11092-07,2023-05-08 19:05:22,122,0,0,0,1,Quórum Simple,1,Aprobado,1,Proyecto de Ley,11092-07,General,,Segundo Trámite,Primer Informe,1968-07-13,1,Masculino,10,2026-03-10 23:59:59,,True,DC,Partido Demócrata Cristiano,DC
1099,Jaime,Araya,Guerrero,1,Afirmativo,20627,Boletín N° 11092-07,2023-05-08 19:05:22,122,0,0,0,1,Quórum Simple,1,Aprobado,1,Proyecto de Ley,11092-07,General,,Segundo Trámite,Primer Informe,1976-02-04,1,Masculino,10,2026-03-10 23:59:59,,True,IND,Independientes,IND
1100,Cristián,Araya,Lerdo de Tejada,1,Afirmativo,20627,Boletín N° 11092-07,2023-05-08 19:05:22,122,0,0,0,1,Quórum Simple,1,Aprobado,1,Proyecto de Ley,11092-07,General,,Segundo Trámite,Primer Informe,1988-09-30,1,Masculino,10,2026-03-10 23:59:59,,True,PREP,Partido Republicano,PREP
1101,Mónica,Arce,Castro,1,Afirmativo,20627,Boletín N° 11092-07,2023-05-08 19:05:22,122,0,0,0,1,Quórum Simple,1,Aprobado,1,Proyecto de Ley,11092-07,General,,Segundo Trámite,Primer Informe,1976-03-02,0,Femenino,10,2026-03-10 23:59:59,,True,IND,Independientes,IND
1102,Roberto,Arroyo,Muñoz,1,Afirmativo,20627,Boletín N° 11092-07,2023-05-08 19:05:22,122,0,0,0,1,Quórum Simple,1,Aprobado,1,Proyecto de Ley,11092-07,General,,Segundo Trámite,Primer Informe,1963-11-29,1,Masculino,10,2026-03-10 23:59:59,,True,PDG,Partido de la Gente,PDG
1104,Chiara,Barchiesi,Chávez,1,Afirmativo,20627,Boletín N° 11092-07,2023-05-08 19:05:22,122,0,0,0,1,Quórum Simple,1,Aprobado,1,Proyecto de Ley,11092-07,General,,Segundo Trámite,Primer Informe,1996-12-22,0,Femenino,10,2026-03-10 23:59:59,,True,PREP,Partido Republicano,PREP
1105,Héctor,Barría,Angulo,1,Afirmativo,20627,Boletín N° 11092-07,2023-05-08 19:05:22,122,0,0,0,1,Quórum Simple,1,Aprobado,1,Proyecto de Ley,11092-07,General,,Segundo Trámite,Primer Informe,1980-04-24,1,Masculino,10,2026-03-10 23:59:59,,True,DC,Partido Demócrata Cristiano,DC
1106,Miguel Ángel,Becker,Alvear,1,Afirmativo,20627,Boletín N° 11092-07,2023-05-08 19:05:22,122,0,0,0,1,Quórum Simple,1,Aprobado,1,Proyecto de Ley,11092-07,General,,Segundo Trámite,Primer Informe,1960-10-07,1,Masculino,10,2026-03-10 23:59:59,,True,RN,Renovación Nacional,RN
1107,María Francisca,Bello,Campos,1,Afirmativo,20627,Boletín N° 11092-07,2023-05-08 19:05:22,122,0,0,0,1,Quórum Simple,1,Aprobado,1,Proyecto de Ley,11092-07,General,,Segundo Trámite,Primer Informe,1987-09-17,0,Femenino,10,2026-03-10 23:59:59,,True,PCS,Partido Convergencia Social,PCS
1108,Juan Carlos,Beltrán,Silva,1,Afirmativo,20627,Boletín N° 11092-07,2023-05-08 19:05:22,122,0,0,0,1,Quórum Simple,1,Aprobado,1,Proyecto de Ley,11092-07,General,,Segundo Trámite,Primer Informe,1962-12-19,1,Masculino,10,2026-03-10 23:59:59,,True,RN,Renovación Nacional,RN
1109,Gustavo,Benavente,Vergara,1,Afirmativo,20627,Boletín N° 11092-07,2023-05-08 19:05:22,122,0,0,0,1,Quórum Simple,1,Aprobado,1,Proyecto de Ley,11092-07,General,,Segundo Trámite,Primer Informe,1966-08-13,1,Masculino,10,2026-03-10 23:59:59,,True,UDI,Unión Demócrata Independiente,UDI
1110,Carlos,Bianchi,Chelech,1,Afirmativo,20627,Boletín N° 11092-07,2023-05-08 19:05:22,122,0,0,0,1,Quórum Simple,1,Aprobado,1,Proyecto de Ley,11092-07,General,,Segundo Trámite,Primer Informe,1960-11-04,1,Masculino,10,2026-03-10 23:59:59,,True,IND,Independientes,IND
1111,Fernando,Bórquez,Montecinos,1,Afirmativo,20627,Boletín N° 11092-07,2023-05-08 19:05:22,122,0,0,0,1,Quórum Simple,1,Aprobado,1,Proyecto de Ley,11092-07,General,,Segundo Trámite,Primer Informe,1968-06-06,1,Masculino,10,2026-03-10 23:59:59,,True,UDI,Unión Demócrata Independiente,UDI
1112,Ana María,Bravo,Castro,1,Afirmativo,20627,Boletín N° 11092-07,2023-05-08 19:05:22,122,0,0,0,1,Quórum Simple,1,Aprobado,1,Proyecto de Ley,11092-07,General,,Segundo Trámite,Primer Informe,1973-12-03,0,Femenino,10,2026-03-10 23:59:59,,True,PS,Partido Socialista,PS
1113,Marta,Bravo,Salinas,1,Afirmativo,20627,Boletín N° 11092-07,2023-05-08 19:05:22,122,0,0,0,1,Quórum Simple,1,Aprobado,1,Proyecto de Ley,11092-07,General,,Segundo Trámite,Primer Informe,1976-02-25,0,Femenino,10,2026-03-10 23:59:59,,True,UDI,Unión Demócrata Independiente,UDI
1114,Félix,Bugueño,Sotelo,1,Afirmativo,20627,Boletín N° 11092-07,2023-05-08 19:05:22,122,0,0,0,1,Quórum Simple,1,Aprobado,1,Proyecto de Ley,11092-07,General,,Segundo Trámite,Primer Informe,1973-05-18,1,Masculino,10,2026-03-10 23:59:59,,True,FRVS,Federación Regionalista Verde Social,FRVS
1115,Mercedes,Bulnes,Núñez,1,Afirmativo,20627,Boletín N° 11092-07,2023-05-08 19:05:22,122,0,0,0,1,Quórum Simple,1,Aprobado,1,Proyecto de Ley,11092-07,General,,Segundo Trámite,Primer Informe,1950-06-06,0,Femenino,10,2024-11-22 00:00:00,,True,IND,Independientes,IND
1116,Felipe,Camaño,Cárdenas,1,Afirmativo,20627,Boletín N° 11092-07,2023-05-08 19:05:22,122,0,0,0,1,Quórum Simple,1,Aprobado,1,Proyecto de Ley,11092-07,General,,Segundo Trámite,Primer Informe,1991-08-21,1,Masculino,10,2026-03-10 23:59:59,,True,IND,Independientes,IND
1117,Nathalie,Castillo,Rojas,1,Afirmativo,20627,Boletín N° 11092-07,2023-05-08 19:05:22,122,0,0,0,1,Quórum Simple,1,Aprobado,1,Proyecto de Ley,11092-07,General,,Segundo Trámite,Primer Informe,1983-07-02,0,Femenino,10,2026-03-10 23:59:59,,True,PC,Partido Comunista,PC
1118,Ricardo,Cifuentes,Lillo,1,Afirmativo,20627,Boletín N° 11092-07,2023-05-08 19:05:22,122,0,0,0,1,Quórum Simple,1,Aprobado,1,Proyecto de Ley,11092-07,General,,Segundo Trámite,Primer Informe,1962-09-12,1,Masculino,10,2026-03-10 23:59:59,,True,DC,Partido Demócrata Cristiano,DC
1119,Sara,Concha,Smith,1,Afirmativo,20627,Boletín N° 11092-07,2023-05-08 19:05:22,122,0,0,0,1,Quórum Simple,1,Aprobado,1,Proyecto de Ley,11092-07,General,,Segundo Trámite,Primer Informe,1995-09-09,0,Femenino,10,2026-03-10 23:59:59,,True,PSC,Partido Social Cristiano,PSC
1120,María Luisa,Cordero,Velásquez,1,Afirmativo,20627,Boletín N° 11092-07,2023-05-08 19:05:22,122,0,0,0,1,Quórum Simple,1,Aprobado,1,Proyecto de Ley,11092-07,General,,Segundo Trámite,Primer Informe,1943-01-23,0,Femenino,10,2026-03-10 23:59:59,,True,IND,Independientes,IND
1121,Eduardo,Cornejo,Lagos,1,Afirmativo,20627,Boletín N° 11092-07,2023-05-08 19:05:22,122,0,0,0,1,Quórum Simple,1,Aprobado,1,Proyecto de Ley,11092-07,General,,Segundo Trámite,Primer Informe,1972-01-12,1,Masculino,10,2026-03-10 23:59:59,,True,UDI,Unión Demócrata Independiente,UDI
1122,Luis Alberto,Cuello,Peña y Lillo,1,Afirmativo,20627,Boletín N° 11092-07,2023-05-08 19:05:22,122,0,0,0,1,Quórum Simple,1,Aprobado,1,Proyecto de Ley,11092-07,General,,Segundo Trámite,Primer Informe,1977-01-24,1,Masculino,10,2026-03-10 23:59:59,,True,PC,Partido Comunista,PC
1123,Gonzalo,De la Carrera,Correa,1,Afirmativo,20627,Boletín N° 11092-07,2023-05-08 19:05:22,122,0,0,0,1,Quórum Simple,1,Aprobado,1,Proyecto de Ley,11092-07,General,,Segundo Trámite,Primer Informe,1962-01-13,1,Masculino,10,2026-03-10 23:59:59,,True,IND,Independientes,IND
1124,Tomás,De Rementería,Venegas,1,Afirmativo,20627,Boletín N° 11092-07,2023-05-08 19:05:22,122,0,0,0,1,Quórum Simple,1,Aprobado,1,Proyecto de Ley,11092-07,General,,Segundo Trámite,Primer Informe,1987-03-17,1,Masculino,10,2025-05-05 23:59:59,,True,PS,Partido Socialista,PS
1125,Viviana,Delgado,Riquelme,1,Afirmativo,20627,Boletín N° 11092-07,2023-05-08 19:05:22,122,0,0,0,1,Quórum Simple,1,Aprobado,1,Proyecto de Ley,11092-07,General,,Segundo Trámite,Primer Informe,1973-09-04,0,Femenino,10,2026-03-10 23:59:59,,True,IND,Independientes,IND
1126,Felipe,Donoso,Castro,1,Afirmativo,20627,Boletín N° 11092-07,2023-05-08 19:05:22,122,0,0,0,1,Quórum Simple,1,Aprobado,1,Proyecto de Ley,11092-07,General,,Segundo Trámite,Primer Informe,1982-12-12,1,Masculino,10,2026-03-10 23:59:59,,True,UDI,Unión Demócrata Independiente,UDI
1127,Lorena,Fries,Monleón,1,Afirmativo,20627,Boletín N° 11092-07,2023-05-08 19:05:22,122,0,0,0,1,Quórum Simple,1,Aprobado,1,Proyecto de Ley,11092-07,General,,Segundo Trámite,Primer Informe,1960-04-01,0,Femenino,10,2026-03-10 23:59:59,,True,PCS,Partido Convergencia Social,PCS
1128,Ana María,Gazmuri,Vieira,1,Afirmativo,20627,Boletín N° 11092-07,2023-05-08 19:05:22,122,0,0,0,1,Quórum Simple,1,Aprobado,1,Proyecto de Ley,11092-07,General,,Segundo Trámite,Primer Informe,1966-01-22,0,Femenino,10,2026-03-10 23:59:59,,True,PAH,Partido Acción Humanista,PAH
1129,Andrés,Giordano,Salazar,1,Afirmativo,20627,Boletín N° 11092-07,2023-05-08 19:05:22,122,0,0,0,1,Quórum Simple,1,Aprobado,1,Proyecto de Ley,11092-07,General,,Segundo Trámite,Primer Informe,1986-12-29,1,Masculino,10,2026-03-10 23:59:59,,True,IND,Independientes,IND
1132,Jorge,Guzmán,Zepeda,1,Afirmativo,20627,Boletín N° 11092-07,2023-05-08 19:05:22,122,0,0,0,1,Quórum Simple,1,Aprobado,1,Proyecto de Ley,11092-07,General,,Segundo Trámite,Primer Informe,1985-06-11,1,Masculino,10,2026-03-10 23:59:59,,True,EVOP,Evolución Política,EVOP
1135,Johannes,Kaiser,Barents-Von Hohenhagen,1,Afirmativo,20627,Boletín N° 11092-07,2023-05-08 19:05:22,122,0,0,0,1,Quórum Simple,1,Aprobado,1,Proyecto de Ley,11092-07,General,,Segundo Trámite,Primer Informe,1976-01-05,1,Masculino,10,2026-03-10 23:59:59,,True,PREP,Partido Republicano,PREP
1136,Paula,Labra,Besserer,1,Afirmativo,20627,Boletín N° 11092-07,2023-05-08 19:05:22,122,0,0,0,1,Quórum Simple,1,Aprobado,1,Proyecto de Ley,11092-07,General,,Segundo Trámite,Primer Informe,1987-05-04,0,Femenino,10,2026-03-10 23:59:59,,True,IND,Independientes,IND
1137,Tomás,Lagomarsino,Guzmán,1,Afirmativo,20627,Boletín N° 11092-07,2023-05-08 19:05:22,122,0,0,0,1,Quórum Simple,1,Aprobado,1,Proyecto de Ley,11092-07,General,,Segundo Trámite,Primer Informe,1990-07-13,1,Masculino,10,2026-03-10 23:59:59,,True,IND,Independientes,IND
1138,Henry,Leal,Bizama,1,Afirmativo,20627,Boletín N° 11092-07,2023-05-08 19:05:22,122,0,0,0,1,Quórum Simple,1,Aprobado,1,Proyecto de Ley,11092-07,General,,Segundo Trámite,Primer Informe,1972-09-16,1,Masculino,10,2026-03-10 23:59:59,,True,UDI,Unión Demócrata Independiente,UDI
1139,Enrique,Lee,Flores,1,Afirmativo,20627,Boletín N° 11092-07,2023-05-08 19:05:22,122,0,0,0,1,Quórum Simple,1,Aprobado,1,Proyecto de Ley,11092-07,General,,Segundo Trámite,Primer Informe,1967-12-16,1,Masculino,10,2026-03-10 23:59:59,,True,PRI,Partido Regionalista Independiente,PRI
1140,Daniel,Lilayu,Vivanco,1,Afirmativo,20627,Boletín N° 11092-07,2023-05-08 19:05:22,122,0,0,0,1,Quórum Simple,1,Aprobado,1,Proyecto de Ley,11092-07,General,,Segundo Trámite,Primer Informe,1949-03-02,1,Masculino,10,2026-03-10 23:59:59,,True,UDI,Unión Demócrata Independiente,UDI
1142,Daniel,Manouchehri,Lobos,1,Afirmativo,20627,Boletín N° 11092-07,2023-05-08 19:05:22,122,0,0,0,1,Quórum Simple,1,Aprobado,1,Proyecto de Ley,11092-07,General,,Segundo Trámite,Primer Informe,1984-05-25,1,Masculino,10,2026-03-10 23:59:59,,True,PS,Partido Socialista,PS
1143,Cristóbal,Martínez,Ramírez,1,Afirmativo,20627,Boletín N° 11092-07,2023-05-08 19:05:22,122,0,0,0,1,Quórum Simple,1,Aprobado,1,Proyecto de Ley,11092-07,General,,Segundo Trámite,Primer Informe,1984-04-30,1,Masculino,10,2026-03-10 23:59:59,,True,UDI,Unión Demócrata Independiente,UDI
1144,Christian,Matheson,Villán,1,Afirmativo,20627,Boletín N° 11092-07,2023-05-08 19:05:22,122,0,0,0,1,Quórum Simple,1,Aprobado,1,Proyecto de Ley,11092-07,General,,Segundo Trámite,Primer Informe,1957-12-17,1,Masculino,10,2026-03-10 23:59:59,,True,IND,Independientes,IND
1146,José Carlos,Meza,Pereira,1,Afirmativo,20627,Boletín N° 11092-07,2023-05-08 19:05:22,122,0,0,0,1,Quórum Simple,1,Aprobado,1,Proyecto de Ley,11092-07,General,,Segundo Trámite,Primer Informe,1989-03-07,1,Masculino,10,2026-03-10 23:59:59,,True,PREP,Partido Republicano,PREP
1149,Carla,Morales,Maldonado,1,Afirmativo,20627,Boletín N° 11092-07,2023-05-08 19:05:22,122,0,0,0,1,Quórum Simple,1,Aprobado,1,Proyecto de Ley,11092-07,General,,Segundo Trámite,Primer Informe,1977-10-27,0,Femenino,10,2026-03-10 23:59:59,,True,RN,Renovación Nacional,RN
1150,Benjamín,Moreno,Bascur,1,Afirmativo,20627,Boletín N° 11092-07,2023-05-08 19:05:22,122,0,0,0,1,Quórum Simple,1,Aprobado,1,Proyecto de Ley,11092-07,General,,Segundo Trámite,Primer Informe,1993-04-02,1,Masculino,10,2026-03-10 23:59:59,,True,PREP,Partido Republicano,PREP
1151,Camila,Musante,Müller,1,Afirmativo,20627,Boletín N° 11092-07,2023-05-08 19:05:22,122,0,0,0,1,Quórum Simple,1,Aprobado,1,Proyecto de Ley,11092-07,General,,Segundo Trámite,Primer Informe,1990-02-06,0,Femenino,10,2026-03-10 23:59:59,,True,IND,Independientes,IND
1153,Coca Ericka,Ñanco,Vásquez,1,Afirmativo,20627,Boletín N° 11092-07,2023-05-08 19:05:22,122,0,0,0,1,Quórum Simple,1,Aprobado,1,Proyecto de Ley,11092-07,General,,Segundo Trámite,Primer Informe,1992-03-20,0,Femenino,10,2026-03-10 23:59:59,,True,RD,Revolución Democrática,RD
1154,Mauricio,Ojeda,Rebolledo,1,Afirmativo,20627,Boletín N° 11092-07,2023-05-08 19:05:22,122,0,0,0,1,Quórum Simple,1,Aprobado,1,Proyecto de Ley,11092-07,General,,Segundo Trámite,Primer Informe,1982-01-19,1,Masculino,10,2026-03-10 23:59:59,,True,IND,Independientes,IND
1155,Rubén Darío,Oyarzo,Figueroa,1,Afirmativo,20627,Boletín N° 11092-07,2023-05-08 19:05:22,122,0,0,0,1,Quórum Simple,1,Aprobado,1,Proyecto de Ley,11092-07,General,,Segundo Trámite,Primer Informe,1980-12-13,1,Masculino,10,2026-03-10 23:59:59,,True,PDG,Partido de la Gente,PDG
1156,Hernán,Palma,Pérez,1,Afirmativo,20627,Boletín N° 11092-07,2023-05-08 19:05:22,122,0,0,0,1,Quórum Simple,1,Aprobado,1,Proyecto de Ley,11092-07,General,,Segundo Trámite,Primer Informe,1958-11-03,1,Masculino,10,2026-03-10 23:59:59,,True,IND,Independientes,IND
1159,Lorena,Pizarro,Sierra,1,Afirmativo,20627,Boletín N° 11092-07,2023-05-08 19:05:22,122,0,0,0,1,Quórum Simple,1,Aprobado,1,Proyecto de Ley,11092-07,General,,Segundo Trámite,Primer Informe,1966-02-14,0,Femenino,10,2026-03-10 23:59:59,,True,PC,Partido Comunista,PC
1160,Alejandra,Placencia,Cabello,1,Afirmativo,20627,Boletín N° 11092-07,2023-05-08 19:05:22,122,0,0,0,1,Quórum Simple,1,Aprobado,1,Proyecto de Ley,11092-07,General,,Segundo Trámite,Primer Informe,1978-02-14,0,Femenino,10,2026-03-10 23:59:59,,True,PC,Partido Comunista,PC
1161,Francisco,Pulgar,Castillo,1,Afirmativo,20627,Boletín N° 11092-07,2023-05-08 19:05:22,122,0,0,0,1,Quórum Simple,1,Aprobado,1,Proyecto de Ley,11092-07,General,,Segundo Trámite,Primer Informe,1971-05-27,1,Masculino,10,2026-03-10 23:59:59,,True,IND,Independientes,IND
1162,Matías,Ramírez,Pascal,1,Afirmativo,20627,Boletín N° 11092-07,2023-05-08 19:05:22,122,0,0,0,1,Quórum Simple,1,Aprobado,1,Proyecto de Ley,11092-07,General,,Segundo Trámite,Primer Informe,1984-11-14,1,Masculino,10,2026-03-10 23:59:59,,True,PC,Partido Comunista,PC
1163,Marcia,Raphael,Mora,1,Afirmativo,20627,Boletín N° 11092-07,2023-05-08 19:05:22,122,0,0,0,1,Quórum Simple,1,Aprobado,1,Proyecto de Ley,11092-07,General,,Segundo Trámite,Primer Informe,1963-12-06,0,Femenino,10,2026-03-10 23:59:59,,True,RN,Renovación Nacional,RN
1164,Marcela,Riquelme,Aliaga,1,Afirmativo,20627,Boletín N° 11092-07,2023-05-08 19:05:22,122,0,0,0,1,Quórum Simple,1,Aprobado,1,Proyecto de Ley,11092-07,General,,Segundo Trámite,Primer Informe,1973-03-04,0,Femenino,10,2026-03-10 23:59:59,,True,IND,Independientes,IND
1165,Agustín,Romero,Leiva,1,Afirmativo,20627,Boletín N° 11092-07,2023-05-08 19:05:22,122,0,0,0,1,Quórum Simple,1,Aprobado,1,Proyecto de Ley,11092-07,General,,Segundo Trámite,Primer Informe,1975-01-03,1,Masculino,10,2026-03-10 23:59:59,,True,PREP,Partido Republicano,PREP
1166,Natalia,Romero,Talguia,1,Afirmativo,20627,Boletín N° 11092-07,2023-05-08 19:05:22,122,0,0,0,1,Quórum Simple,1,Aprobado,1,Proyecto de Ley,11092-07,General,,Segundo Trámite,Primer Informe,1985-06-29,0,Femenino,10,2026-03-10 23:59:59,,True,IND,Independientes,IND
1167,Jaime,Sáez,Quiroz,1,Afirmativo,20627,Boletín N° 11092-07,2023-05-08 19:05:22,122,0,0,0,1,Quórum Simple,1,Aprobado,1,Proyecto de Ley,11092-07,General,,Segundo Trámite,Primer Informe,1985-12-09,1,Masculino,10,2026-03-10 23:59:59,,True,RD,Revolución Democrática,RD
1168,Jorge,Saffirio,Espinoza,1,Afirmativo,20627,Boletín N° 11092-07,2023-05-08 19:05:22,122,0,0,0,1,Quórum Simple,1,Aprobado,1,Proyecto de Ley,11092-07,General,,Segundo Trámite,Primer Informe,1953-06-09,1,Masculino,10,2026-03-10 23:59:59,,True,IND,Independientes,IND
1169,Clara,Sagardía,Cabezas,1,Afirmativo,20627,Boletín N° 11092-07,2023-05-08 19:05:22,122,0,0,0,1,Quórum Simple,1,Aprobado,1,Proyecto de Ley,11092-07,General,,Segundo Trámite,Primer Informe,1952-08-13,0,Femenino,10,2026-03-10 23:59:59,,True,IND,Independientes,IND
1170,Luis,Sánchez,Ossa,1,Afirmativo,20627,Boletín N° 11092-07,2023-05-08 19:05:22,122,0,0,0,1,Quórum Simple,1,Aprobado,1,Proyecto de Ley,11092-07,General,,Segundo Trámite,Primer Informe,1988-10-04,1,Masculino,10,2026-03-10 23:59:59,,True,PREP,Partido Republicano,PREP
1172,Stephan,Schubert,Rubio,1,Afirmativo,20627,Boletín N° 11092-07,2023-05-08 19:05:22,122,0,0,0,1,Quórum Simple,1,Aprobado,1,Proyecto de Ley,11092-07,General,,Segundo Trámite,Primer Informe,1977-12-19,1,Masculino,10,2026-03-10 23:59:59,,True,IND,Independientes,IND
1173,Daniela,Serrano,Salazar,1,Afirmativo,20627,Boletín N° 11092-07,2023-05-08 19:05:22,122,0,0,0,1,Quórum Simple,1,Aprobado,1,Proyecto de Ley,11092-07,General,,Segundo Trámite,Primer Informe,1995-03-17,0,Femenino,10,2026-03-10 23:59:59,,True,PC,Partido Comunista,PC
1176,Hotuiti,Teao,Drago,1,Afirmativo,20627,Boletín N° 11092-07,2023-05-08 19:05:22,122,0,0,0,1,Quórum Simple,1,Aprobado,1,Proyecto de Ley,11092-07,General,,Segundo Trámite,Primer Informe,1977-08-01,1,Masculino,10,2026-03-10 23:59:59,,True,IND,Independientes,IND
1177,Carolina,Tello,Rojas,1,Afirmativo,20627,Boletín N° 11092-07,2023-05-08 19:05:22,122,0,0,0,1,Quórum Simple,1,Aprobado,1,Proyecto de Ley,11092-07,General,,Segundo Trámite,Primer Informe,1985-10-01,0,Femenino,10,2026-03-10 23:59:59,,True,PC,Partido Comunista,PC
1178,Héctor,Ulloa,Aguilera,1,Afirmativo,20627,Boletín N° 11092-07,2023-05-08 19:05:22,122,0,0,0,1,Quórum Simple,1,Aprobado,1,Proyecto de Ley,11092-07,General,,Segundo Trámite,Primer Informe,1969-08-06,1,Masculino,10,2026-03-10 23:59:59,,True,IND,Independientes,IND
1179,Alberto,Undurraga,Vicuña,1,Afirmativo,20627,Boletín N° 11092-07,2023-05-08 19:05:22,122,0,0,0,1,Quórum Simple,1,Aprobado,1,Proyecto de Ley,11092-07,General,,Segundo Trámite,Primer Informe,1969-06-17,1,Masculino,10,2026-03-10 23:59:59,,True,DC,Partido Demócrata Cristiano,DC
1180,Consuelo,Veloso,Ávila,1,Afirmativo,20627,Boletín N° 11092-07,2023-05-08 19:05:22,122,0,0,0,1,Quórum Simple,1,Aprobado,1,Proyecto de Ley,11092-07,General,,Segundo Trámite,Primer Informe,1994-02-11,0,Femenino,10,2026-03-10 23:59:59,,True,RD,Revolución Democrática,RD
1182,Sebastián,Videla,Castillo,1,Afirmativo,20627,Boletín N° 11092-07,2023-05-08 19:05:22,122,0,0,0,1,Quórum Simple,1,Aprobado,1,Proyecto de Ley,11092-07,General,,Segundo Trámite,Primer Informe,1986-04-29,1,Masculino,10,2026-03-10 23:59:59,,True,IND,Independientes,IND
1183,Flor,Weisse,Novoa,1,Afirmativo,20627,Boletín N° 11092-07,2023-05-08 19:05:22,122,0,0,0,1,Quórum Simple,1,Aprobado,1,Proyecto de Ley,11092-07,General,,Segundo Trámite,Primer Informe,1960-03-27,0,Femenino,10,2026-03-10 23:59:59,,True,UDI,Unión Demócrata Independiente,UDI
74,Jaime,Naranjo,Ortiz,1,Afirmativo,20627,Boletín N° 11092-07,2023-05-08 19:05:22,122,0,0,0,1,Quórum Simple,1,Aprobado,1,Proyecto de Ley,11092-07,General,,Segundo Trámite,Primer Informe,1951-01-12,1,Masculino,10,2026-03-10 23:59:59,,True,PS,Partido Socialista,PS
803,René,Alinco,Bustos,1,Afirmativo,20627,Boletín N° 11092-07,2023-05-08 19:05:22,122,0,0,0,1,Quórum Simple,1,Aprobado,1,Proyecto de Ley,11092-07,General,,Segundo Trámite,Primer Informe,1958-06-02,1,Masculino,10,2026-03-10 23:59:59,,True,IND,Independientes,IND
815,Sergio,Bobadilla,Muñoz,1,Afirmativo,20627,Boletín N° 11092-07,2023-05-08 19:05:22,122,0,0,0,1,Quórum Simple,1,Aprobado,1,Proyecto de Ley,11092-07,General,,Segundo Trámite,Primer Informe,1958-03-25,1,Masculino,10,2026-03-10 23:59:59,,True,UDI,Unión Demócrata Independiente,UDI
917,Gastón,Von Mühlenbrock,Zamora,1,Afirmativo,20627,Boletín N° 11092-07,2023-05-08 19:05:22,122,0,0,0,1,Quórum Simple,1,Aprobado,1,Proyecto de Ley,11092-07,General,,Segundo Trámite,Primer Informe,1954-12-26,1,Masculino,10,2026-03-10 23:59:59,,True,UDI,Unión Demócrata Independiente,UDI
948,Gaspar,Rivas,Sánchez,1,Afirmativo,20627,Boletín N° 11092-07,2023-05-08 19:05:22,122,0,0,0,1,Quórum Simple,1,Aprobado,1,Proyecto de Ley,11092-07,General,,Segundo Trámite,Primer Informe,1978-05-17,1,Masculino,10,2026-03-10 23:59:59,,True,PDG,Partido de la Gente,PDG
953,Frank,Sauerbaum,Muñoz,1,Afirmativo,20627,Boletín N° 11092-07,2023-05-08 19:05:22,122,0,0,0,1,Quórum Simple,1,Aprobado,1,Proyecto de Ley,11092-07,General,,Segundo Trámite,Primer Informe,1972-11-21,1,Masculino,10,2026-03-10 23:59:59,,True,RN,Renovación Nacional,RN
971,Bernardo,Berger,Fett,1,Afirmativo,20627,Boletín N° 11092-07,2023-05-08 19:05:22,122,0,0,0,1,Quórum Simple,1,Aprobado,1,Proyecto de Ley,11092-07,General,,Segundo Trámite,Primer Informe,1946-10-04,1,Masculino,10,2026-03-10 23:59:59,,True,IND,Independientes,IND
973,Karol,Cariola,Oliva,1,Afirmativo,20627,Boletín N° 11092-07,2023-05-08 19:05:22,122,0,0,0,1,Quórum Simple,1,Aprobado,1,Proyecto de Ley,11092-07,General,,Segundo Trámite,Primer Informe,1987-04-01,0,Femenino,10,2026-03-10 23:59:59,,True,PC,Partido Comunista,PC
975,Daniella,Cicardini,Milla,1,Afirmativo,20627,Boletín N° 11092-07,2023-05-08 19:05:22,122,0,0,0,1,Quórum Simple,1,Aprobado,1,Proyecto de Ley,11092-07,General,,Segundo Trámite,Primer Informe,1987-12-31,0,Femenino,10,2026-03-10 23:59:59,,True,PS,Partido Socialista,PS
976,Juan Antonio,Coloma,Álamos,1,Afirmativo,20627,Boletín N° 11092-07,2023-05-08 19:05:22,122,0,0,0,1,Quórum Simple,1,Aprobado,1,Proyecto de Ley,11092-07,General,,Segundo Trámite,Primer Informe,1980-03-14,1,Masculino,10,2026-03-10 23:59:59,,True,UDI,Unión Demócrata Independiente,UDI
990,Daniel,Melo,Contreras,1,Afirmativo,20627,Boletín N° 11092-07,2023-05-08 19:05:22,122,0,0,0,1,Quórum Simple,1,Aprobado,1,Proyecto de Ley,11092-07,General,,Segundo Trámite,Primer Informe,1979-02-18,1,Masculino,10,2026-03-10 23:59:59,,True,PS,Partido Socialista,PS
991,Vlado,Mirosevic,Verdugo,1,Afirmativo,20627,Boletín N° 11092-07,2023-05-08 19:05:22,122,0,0,0,1,Quórum Simple,1,Aprobado,1,Proyecto de Ley,11092-07,General,,Segundo Trámite,Primer Informe,1987-05-23,1,Masculino,10,2026-03-10 23:59:59,,True,PL,Partido Liberal de Chile,PL
999,Jorge,Rathgeb,Schifferli,1,Afirmativo,20627,Boletín N° 11092-07,2023-05-08 19:05:22,122,0,0,0,1,Quórum Simple,1,Aprobado,1,Proyecto de Ley,11092-07,General,,Segundo Trámite,Primer Informe,1967-12-28,1,Masculino,10,2026-03-10 23:59:59,,True,RN,Renovación Nacional,RN
1002,Leonardo,Soto,Ferrada,1,Afirmativo,20628,Boletín N° 11092-07,2023-05-08 19:06:49,128,0,0,0,2,Quórum Calificado,1,Aprobado,1,Proyecto de Ley,11092-07,General,"Letra h) del artículo 3°, contenido en el numeral 5; el inciso final del artículo 14 bis, contenido en el numeral 7;  la letra d) del inciso primero del artículo 24 y los incisos tercero y final del artículo 25, contenidos en el numeral 10; el artículo 30 sexies, el artículo 43, el inciso sexto del artículo 44, el inciso primero del artículo 45, el artículo 46, el inciso octavo del artículo 50, el artículo 55 (que pasó a ser 54) y el artículo 56 (que pasó a ser 55), contenidos en el numeral 12, todos del artículo primero del proyecto de ley.",Segundo Trámite,Primer Informe,1966-05-15,1,Masculino,10,2026-03-10 23:59:59,,True,PS,Partido Socialista,PS
1003,Renzo,Trisotti,Martínez,1,Afirmativo,20628,Boletín N° 11092-07,2023-05-08 19:06:49,128,0,0,0,2,Quórum Calificado,1,Aprobado,1,Proyecto de Ley,11092-07,General,"Letra h) del artículo 3°, contenido en el numeral 5; el inciso final del artículo 14 bis, contenido en el numeral 7;  la letra d) del inciso primero del artículo 24 y los incisos tercero y final del artículo 25, contenidos en el numeral 10; el artículo 30 sexies, el artículo 43, el inciso sexto del artículo 44, el inciso primero del artículo 45, el artículo 46, el inciso octavo del artículo 50, el artículo 55 (que pasó a ser 54) y el artículo 56 (que pasó a ser 55), contenidos en el numeral 12, todos del artículo primero del proyecto de ley.",Segundo Trámite,Primer Informe,1976-03-15,1,Masculino,10,2026-03-10 23:59:59,,True,UDI,Unión Demócrata Independiente,UDI
1009,Jorge,Alessandri,Vergara,1,Afirmativo,20628,Boletín N° 11092-07,2023-05-08 19:06:49,128,0,0,0,2,Quórum Calificado,1,Aprobado,1,Proyecto de Ley,11092-07,General,"Letra h) del artículo 3°, contenido en el numeral 5; el inciso final del artículo 14 bis, contenido en el numeral 7;  la letra d) del inciso primero del artículo 24 y los incisos tercero y final del artículo 25, contenidos en el numeral 10; el artículo 30 sexies, el artículo 43, el inciso sexto del artículo 44, el inciso primero del artículo 45, el artículo 46, el inciso octavo del artículo 50, el artículo 55 (que pasó a ser 54) y el artículo 56 (que pasó a ser 55), contenidos en el numeral 12, todos del artículo primero del proyecto de ley.",Segundo Trámite,Primer Informe,1979-06-08,1,Masculino,10,2026-03-10 23:59:59,,True,UDI,Unión Demócrata Independiente,UDI
1012,Boris,Barrera,Moreno,1,Afirmativo,20628,Boletín N° 11092-07,2023-05-08 19:06:49,128,0,0,0,2,Quórum Calificado,1,Aprobado,1,Proyecto de Ley,11092-07,General,"Letra h) del artículo 3°, contenido en el numeral 5; el inciso final del artículo 14 bis, contenido en el numeral 7;  la letra d) del inciso primero del artículo 24 y los incisos tercero y final del artículo 25, contenidos en el numeral 10; el artículo 30 sexies, el artículo 43, el inciso sexto del artículo 44, el inciso primero del artículo 45, el artículo 46, el inciso octavo del artículo 50, el artículo 55 (que pasó a ser 54) y el artículo 56 (que pasó a ser 55), contenidos en el numeral 12, todos del artículo primero del proyecto de ley.",Segundo Trámite,Primer Informe,1970-05-03,1,Masculino,10,2026-03-10 23:59:59,,True,PC,Partido Comunista,PC
1013,Alejandro,Bernales,Maldonado,1,Afirmativo,20628,Boletín N° 11092-07,2023-05-08 19:06:49,128,0,0,0,2,Quórum Calificado,1,Aprobado,1,Proyecto de Ley,11092-07,General,"Letra h) del artículo 3°, contenido en el numeral 5; el inciso final del artículo 14 bis, contenido en el numeral 7;  la letra d) del inciso primero del artículo 24 y los incisos tercero y final del artículo 25, contenidos en el numeral 10; el artículo 30 sexies, el artículo 43, el inciso sexto del artículo 44, el inciso primero del artículo 45, el artículo 46, el inciso octavo del artículo 50, el artículo 55 (que pasó a ser 54) y el artículo 56 (que pasó a ser 55), contenidos en el numeral 12, todos del artículo primero del proyecto de ley.",Segundo Trámite,Primer Informe,1979-02-02,1,Masculino,10,2026-03-10 23:59:59,,True,PL,Partido Liberal de Chile,PL
1016,Miguel Ángel,Calisto,Águila,1,Afirmativo,20628,Boletín N° 11092-07,2023-05-08 19:06:49,128,0,0,0,2,Quórum Calificado,1,Aprobado,1,Proyecto de Ley,11092-07,General,"Letra h) del artículo 3°, contenido en el numeral 5; el inciso final del artículo 14 bis, contenido en el numeral 7;  la letra d) del inciso primero del artículo 24 y los incisos tercero y final del artículo 25, contenidos en el numeral 10; el artículo 30 sexies, el artículo 43, el inciso sexto del artículo 44, el inciso primero del artículo 45, el artículo 46, el inciso octavo del artículo 50, el artículo 55 (que pasó a ser 54) y el artículo 56 (que pasó a ser 55), contenidos en el numeral 12, todos del artículo primero del proyecto de ley.",Segundo Trámite,Primer Informe,1985-07-19,1,Masculino,10,2026-03-10 23:59:59,,True,IND,Independientes,IND
1017,Álvaro,Carter,Fernández,1,Afirmativo,20628,Boletín N° 11092-07,2023-05-08 19:06:49,128,0,0,0,2,Quórum Calificado,1,Aprobado,1,Proyecto de Ley,11092-07,General,"Letra h) del artículo 3°, contenido en el numeral 5; el inciso final del artículo 14 bis, contenido en el numeral 7;  la letra d) del inciso primero del artículo 24 y los incisos tercero y final del artículo 25, contenidos en el numeral 10; el artículo 30 sexies, el artículo 43, el inciso sexto del artículo 44, el inciso primero del artículo 45, el artículo 46, el inciso octavo del artículo 50, el artículo 55 (que pasó a ser 54) y el artículo 56 (que pasó a ser 55), contenidos en el numeral 12, todos del artículo primero del proyecto de ley.",Segundo Trámite,Primer Informe,1980-10-09,1,Masculino,10,2026-03-10 23:59:59,,True,UDI,Unión Demócrata Independiente,UDI
1019,José Miguel,Castro,Bascuñán,1,Afirmativo,20628,Boletín N° 11092-07,2023-05-08 19:06:49,128,0,0,0,2,Quórum Calificado,1,Aprobado,1,Proyecto de Ley,11092-07,General,"Letra h) del artículo 3°, contenido en el numeral 5; el inciso final del artículo 14 bis, contenido en el numeral 7;  la letra d) del inciso primero del artículo 24 y los incisos tercero y final del artículo 25, contenidos en el numeral 10; el artículo 30 sexies, el artículo 43, el inciso sexto del artículo 44, el inciso primero del artículo 45, el artículo 46, el inciso octavo del artículo 50, el artículo 55 (que pasó a ser 54) y el artículo 56 (que pasó a ser 55), contenidos en el numeral 12, todos del artículo primero del proyecto de ley.",Segundo Trámite,Primer Informe,1974-08-05,1,Masculino,10,2026-03-10 23:59:59,,True,RN,Renovación Nacional,RN
1021,Andrés,Celis,Montt,1,Afirmativo,20628,Boletín N° 11092-07,2023-05-08 19:06:49,128,0,0,0,2,Quórum Calificado,1,Aprobado,1,Proyecto de Ley,11092-07,General,"Letra h) del artículo 3°, contenido en el numeral 5; el inciso final del artículo 14 bis, contenido en el numeral 7;  la letra d) del inciso primero del artículo 24 y los incisos tercero y final del artículo 25, contenidos en el numeral 10; el artículo 30 sexies, el artículo 43, el inciso sexto del artículo 44, el inciso primero del artículo 45, el artículo 46, el inciso octavo del artículo 50, el artículo 55 (que pasó a ser 54) y el artículo 56 (que pasó a ser 55), contenidos en el numeral 12, todos del artículo primero del proyecto de ley.",Segundo Trámite,Primer Informe,1975-04-08,1,Masculino,10,2026-03-10 23:59:59,,True,RN,Renovación Nacional,RN
1022,Sofía,Cid,Versalovic,1,Afirmativo,20628,Boletín N° 11092-07,2023-05-08 19:06:49,128,0,0,0,2,Quórum Calificado,1,Aprobado,1,Proyecto de Ley,11092-07,General,"Letra h) del artículo 3°, contenido en el numeral 5; el inciso final del artículo 14 bis, contenido en el numeral 7;  la letra d) del inciso primero del artículo 24 y los incisos tercero y final del artículo 25, contenidos en el numeral 10; el artículo 30 sexies, el artículo 43, el inciso sexto del artículo 44, el inciso primero del artículo 45, el artículo 46, el inciso octavo del artículo 50, el artículo 55 (que pasó a ser 54) y el artículo 56 (que pasó a ser 55), contenidos en el numeral 12, todos del artículo primero del proyecto de ley.",Segundo Trámite,Primer Informe,1971-09-29,0,Femenino,10,2026-03-10 23:59:59,,True,RN,Renovación Nacional,RN
1025,Catalina,Del Real,Mihovilovic,1,Afirmativo,20628,Boletín N° 11092-07,2023-05-08 19:06:49,128,0,0,0,2,Quórum Calificado,1,Aprobado,1,Proyecto de Ley,11092-07,General,"Letra h) del artículo 3°, contenido en el numeral 5; el inciso final del artículo 14 bis, contenido en el numeral 7;  la letra d) del inciso primero del artículo 24 y los incisos tercero y final del artículo 25, contenidos en el numeral 10; el artículo 30 sexies, el artículo 43, el inciso sexto del artículo 44, el inciso primero del artículo 45, el artículo 46, el inciso octavo del artículo 50, el artículo 55 (que pasó a ser 54) y el artículo 56 (que pasó a ser 55), contenidos en el numeral 12, todos del artículo primero del proyecto de ley.",Segundo Trámite,Primer Informe,1968-11-07,0,Femenino,10,2026-03-10 23:59:59,,True,RN,Renovación Nacional,RN
1028,Eduardo,Durán,Salinas,1,Afirmativo,20628,Boletín N° 11092-07,2023-05-08 19:06:49,128,0,0,0,2,Quórum Calificado,1,Aprobado,1,Proyecto de Ley,11092-07,General,"Letra h) del artículo 3°, contenido en el numeral 5; el inciso final del artículo 14 bis, contenido en el numeral 7;  la letra d) del inciso primero del artículo 24 y los incisos tercero y final del artículo 25, contenidos en el numeral 10; el artículo 30 sexies, el artículo 43, el inciso sexto del artículo 44, el inciso primero del artículo 45, el artículo 46, el inciso octavo del artículo 50, el artículo 55 (que pasó a ser 54) y el artículo 56 (que pasó a ser 55), contenidos en el numeral 12, todos del artículo primero del proyecto de ley.",Segundo Trámite,Primer Informe,1972-01-01,1,Masculino,10,2026-03-10 23:59:59,,True,RN,Renovación Nacional,RN
1030,Camila,Flores,Oporto,1,Afirmativo,20628,Boletín N° 11092-07,2023-05-08 19:06:49,128,0,0,0,2,Quórum Calificado,1,Aprobado,1,Proyecto de Ley,11092-07,General,"Letra h) del artículo 3°, contenido en el numeral 5; el inciso final del artículo 14 bis, contenido en el numeral 7;  la letra d) del inciso primero del artículo 24 y los incisos tercero y final del artículo 25, contenidos en el numeral 10; el artículo 30 sexies, el artículo 43, el inciso sexto del artículo 44, el inciso primero del artículo 45, el artículo 46, el inciso octavo del artículo 50, el artículo 55 (que pasó a ser 54) y el artículo 56 (que pasó a ser 55), contenidos en el numeral 12, todos del artículo primero del proyecto de ley.",Segundo Trámite,Primer Informe,1987-02-09,0,Femenino,10,2026-03-10 23:59:59,,True,RN,Renovación Nacional,RN
1034,Félix,González,Gatica,1,Afirmativo,20628,Boletín N° 11092-07,2023-05-08 19:06:49,128,0,0,0,2,Quórum Calificado,1,Aprobado,1,Proyecto de Ley,11092-07,General,"Letra h) del artículo 3°, contenido en el numeral 5; el inciso final del artículo 14 bis, contenido en el numeral 7;  la letra d) del inciso primero del artículo 24 y los incisos tercero y final del artículo 25, contenidos en el numeral 10; el artículo 30 sexies, el artículo 43, el inciso sexto del artículo 44, el inciso primero del artículo 45, el artículo 46, el inciso octavo del artículo 50, el artículo 55 (que pasó a ser 54) y el artículo 56 (que pasó a ser 55), contenidos en el numeral 12, todos del artículo primero del proyecto de ley.",Segundo Trámite,Primer Informe,1972-05-26,1,Masculino,10,2026-03-10 23:59:59,,True,PEV,Partido Ecologista Verde,PEV
1035,Carmen,Hertz,Cádiz,1,Afirmativo,20628,Boletín N° 11092-07,2023-05-08 19:06:49,128,0,0,0,2,Quórum Calificado,1,Aprobado,1,Proyecto de Ley,11092-07,General,"Letra h) del artículo 3°, contenido en el numeral 5; el inciso final del artículo 14 bis, contenido en el numeral 7;  la letra d) del inciso primero del artículo 24 y los incisos tercero y final del artículo 25, contenidos en el numeral 10; el artículo 30 sexies, el artículo 43, el inciso sexto del artículo 44, el inciso primero del artículo 45, el artículo 46, el inciso octavo del artículo 50, el artículo 55 (que pasó a ser 54) y el artículo 56 (que pasó a ser 55), contenidos en el numeral 12, todos del artículo primero del proyecto de ley.",Segundo Trámite,Primer Informe,1945-06-19,0,Femenino,10,2026-03-10 23:59:59,,True,PC,Partido Comunista,PC
1036,Tomás,Hirsch,Goldschmidt,1,Afirmativo,20628,Boletín N° 11092-07,2023-05-08 19:06:49,128,0,0,0,2,Quórum Calificado,1,Aprobado,1,Proyecto de Ley,11092-07,General,"Letra h) del artículo 3°, contenido en el numeral 5; el inciso final del artículo 14 bis, contenido en el numeral 7;  la letra d) del inciso primero del artículo 24 y los incisos tercero y final del artículo 25, contenidos en el numeral 10; el artículo 30 sexies, el artículo 43, el inciso sexto del artículo 44, el inciso primero del artículo 45, el artículo 46, el inciso octavo del artículo 50, el artículo 55 (que pasó a ser 54) y el artículo 56 (que pasó a ser 55), contenidos en el numeral 12, todos del artículo primero del proyecto de ley.",Segundo Trámite,Primer Informe,1956-07-19,1,Masculino,10,2026-03-10 23:59:59,,True,PAH,Partido Acción Humanista,PAH
1037,Diego,Ibáñez,Cotroneo,1,Afirmativo,20628,Boletín N° 11092-07,2023-05-08 19:06:49,128,0,0,0,2,Quórum Calificado,1,Aprobado,1,Proyecto de Ley,11092-07,General,"Letra h) del artículo 3°, contenido en el numeral 5; el inciso final del artículo 14 bis, contenido en el numeral 7;  la letra d) del inciso primero del artículo 24 y los incisos tercero y final del artículo 25, contenidos en el numeral 10; el artículo 30 sexies, el artículo 43, el inciso sexto del artículo 44, el inciso primero del artículo 45, el artículo 46, el inciso octavo del artículo 50, el artículo 55 (que pasó a ser 54) y el artículo 56 (que pasó a ser 55), contenidos en el numeral 12, todos del artículo primero del proyecto de ley.",Segundo Trámite,Primer Informe,1989-01-25,1,Masculino,10,2026-03-10 23:59:59,,True,PCS,Partido Convergencia Social,PCS
1038,Marcos,Ilabaca,Cerda,1,Afirmativo,20628,Boletín N° 11092-07,2023-05-08 19:06:49,128,0,0,0,2,Quórum Calificado,1,Aprobado,1,Proyecto de Ley,11092-07,General,"Letra h) del artículo 3°, contenido en el numeral 5; el inciso final del artículo 14 bis, contenido en el numeral 7;  la letra d) del inciso primero del artículo 24 y los incisos tercero y final del artículo 25, contenidos en el numeral 10; el artículo 30 sexies, el artículo 43, el inciso sexto del artículo 44, el inciso primero del artículo 45, el artículo 46, el inciso octavo del artículo 50, el artículo 55 (que pasó a ser 54) y el artículo 56 (que pasó a ser 55), contenidos en el numeral 12, todos del artículo primero del proyecto de ley.",Segundo Trámite,Primer Informe,1970-10-05,1,Masculino,10,2026-03-10 23:59:59,,True,PS,Partido Socialista,PS
1040,Harry,Jürgensen,Rundshagen,1,Afirmativo,20628,Boletín N° 11092-07,2023-05-08 19:06:49,128,0,0,0,2,Quórum Calificado,1,Aprobado,1,Proyecto de Ley,11092-07,General,"Letra h) del artículo 3°, contenido en el numeral 5; el inciso final del artículo 14 bis, contenido en el numeral 7;  la letra d) del inciso primero del artículo 24 y los incisos tercero y final del artículo 25, contenidos en el numeral 10; el artículo 30 sexies, el artículo 43, el inciso sexto del artículo 44, el inciso primero del artículo 45, el artículo 46, el inciso octavo del artículo 50, el artículo 55 (que pasó a ser 54) y el artículo 56 (que pasó a ser 55), contenidos en el numeral 12, todos del artículo primero del proyecto de ley.",Segundo Trámite,Primer Informe,1968-09-03,1,Masculino,10,2026-03-10 23:59:59,,True,IND,Independientes,IND
1044,Raúl,Leiva,Carvajal,1,Afirmativo,20628,Boletín N° 11092-07,2023-05-08 19:06:49,128,0,0,0,2,Quórum Calificado,1,Aprobado,1,Proyecto de Ley,11092-07,General,"Letra h) del artículo 3°, contenido en el numeral 5; el inciso final del artículo 14 bis, contenido en el numeral 7;  la letra d) del inciso primero del artículo 24 y los incisos tercero y final del artículo 25, contenidos en el numeral 10; el artículo 30 sexies, el artículo 43, el inciso sexto del artículo 44, el inciso primero del artículo 45, el artículo 46, el inciso octavo del artículo 50, el artículo 55 (que pasó a ser 54) y el artículo 56 (que pasó a ser 55), contenidos en el numeral 12, todos del artículo primero del proyecto de ley.",Segundo Trámite,Primer Informe,1974-03-24,1,Masculino,10,2026-03-10 23:59:59,,True,PS,Partido Socialista,PS
1046,Andrés,Longton,Herrera,1,Afirmativo,20628,Boletín N° 11092-07,2023-05-08 19:06:49,128,0,0,0,2,Quórum Calificado,1,Aprobado,1,Proyecto de Ley,11092-07,General,"Letra h) del artículo 3°, contenido en el numeral 5; el inciso final del artículo 14 bis, contenido en el numeral 7;  la letra d) del inciso primero del artículo 24 y los incisos tercero y final del artículo 25, contenidos en el numeral 10; el artículo 30 sexies, el artículo 43, el inciso sexto del artículo 44, el inciso primero del artículo 45, el artículo 46, el inciso octavo del artículo 50, el artículo 55 (que pasó a ser 54) y el artículo 56 (que pasó a ser 55), contenidos en el numeral 12, todos del artículo primero del proyecto de ley.",Segundo Trámite,Primer Informe,1982-05-26,1,Masculino,10,2026-03-10 23:59:59,,True,RN,Renovación Nacional,RN
1048,Carolina,Marzán,Pinto,1,Afirmativo,20628,Boletín N° 11092-07,2023-05-08 19:06:49,128,0,0,0,2,Quórum Calificado,1,Aprobado,1,Proyecto de Ley,11092-07,General,"Letra h) del artículo 3°, contenido en el numeral 5; el inciso final del artículo 14 bis, contenido en el numeral 7;  la letra d) del inciso primero del artículo 24 y los incisos tercero y final del artículo 25, contenidos en el numeral 10; el artículo 30 sexies, el artículo 43, el inciso sexto del artículo 44, el inciso primero del artículo 45, el artículo 46, el inciso octavo del artículo 50, el artículo 55 (que pasó a ser 54) y el artículo 56 (que pasó a ser 55), contenidos en el numeral 12, todos del artículo primero del proyecto de ley.",Segundo Trámite,Primer Informe,1963-12-22,0,Femenino,10,2026-03-10 23:59:59,,True,PPD,Partido Por la Democracia,PPD
1049,Cosme,Mellado,Pino,1,Afirmativo,20628,Boletín N° 11092-07,2023-05-08 19:06:49,128,0,0,0,2,Quórum Calificado,1,Aprobado,1,Proyecto de Ley,11092-07,General,"Letra h) del artículo 3°, contenido en el numeral 5; el inciso final del artículo 14 bis, contenido en el numeral 7;  la letra d) del inciso primero del artículo 24 y los incisos tercero y final del artículo 25, contenidos en el numeral 10; el artículo 30 sexies, el artículo 43, el inciso sexto del artículo 44, el inciso primero del artículo 45, el artículo 46, el inciso octavo del artículo 50, el artículo 55 (que pasó a ser 54) y el artículo 56 (que pasó a ser 55), contenidos en el numeral 12, todos del artículo primero del proyecto de ley.",Segundo Trámite,Primer Informe,1960-02-24,1,Masculino,10,2026-03-10 23:59:59,,True,PR,Partido Radical de Chile,PR
1050,Miguel,Mellado,Suazo,1,Afirmativo,20628,Boletín N° 11092-07,2023-05-08 19:06:49,128,0,0,0,2,Quórum Calificado,1,Aprobado,1,Proyecto de Ley,11092-07,General,"Letra h) del artículo 3°, contenido en el numeral 5; el inciso final del artículo 14 bis, contenido en el numeral 7;  la letra d) del inciso primero del artículo 24 y los incisos tercero y final del artículo 25, contenidos en el numeral 10; el artículo 30 sexies, el artículo 43, el inciso sexto del artículo 44, el inciso primero del artículo 45, el artículo 46, el inciso octavo del artículo 50, el artículo 55 (que pasó a ser 54) y el artículo 56 (que pasó a ser 55), contenidos en el numeral 12, todos del artículo primero del proyecto de ley.",Segundo Trámite,Primer Informe,1958-12-29,1,Masculino,10,2026-03-10 23:59:59,,True,RN,Renovación Nacional,RN
1054,Francesca,Muñoz,González,1,Afirmativo,20628,Boletín N° 11092-07,2023-05-08 19:06:49,128,0,0,0,2,Quórum Calificado,1,Aprobado,1,Proyecto de Ley,11092-07,General,"Letra h) del artículo 3°, contenido en el numeral 5; el inciso final del artículo 14 bis, contenido en el numeral 7;  la letra d) del inciso primero del artículo 24 y los incisos tercero y final del artículo 25, contenidos en el numeral 10; el artículo 30 sexies, el artículo 43, el inciso sexto del artículo 44, el inciso primero del artículo 45, el artículo 46, el inciso octavo del artículo 50, el artículo 55 (que pasó a ser 54) y el artículo 56 (que pasó a ser 55), contenidos en el numeral 12, todos del artículo primero del proyecto de ley.",Segundo Trámite,Primer Informe,1980-03-07,0,Femenino,10,2026-03-10 23:59:59,,True,IND,Independientes,IND
1056,Emilia,Nuyado,Ancapichun,1,Afirmativo,20628,Boletín N° 11092-07,2023-05-08 19:06:49,128,0,0,0,2,Quórum Calificado,1,Aprobado,1,Proyecto de Ley,11092-07,General,"Letra h) del artículo 3°, contenido en el numeral 5; el inciso final del artículo 14 bis, contenido en el numeral 7;  la letra d) del inciso primero del artículo 24 y los incisos tercero y final del artículo 25, contenidos en el numeral 10; el artículo 30 sexies, el artículo 43, el inciso sexto del artículo 44, el inciso primero del artículo 45, el artículo 46, el inciso octavo del artículo 50, el artículo 55 (que pasó a ser 54) y el artículo 56 (que pasó a ser 55), contenidos en el numeral 12, todos del artículo primero del proyecto de ley.",Segundo Trámite,Primer Informe,1968-08-17,0,Femenino,10,2026-03-10 23:59:59,,True,PS,Partido Socialista,PS
1057,Erika,Olivera,De La Fuente,1,Afirmativo,20628,Boletín N° 11092-07,2023-05-08 19:06:49,128,0,0,0,2,Quórum Calificado,1,Aprobado,1,Proyecto de Ley,11092-07,General,"Letra h) del artículo 3°, contenido en el numeral 5; el inciso final del artículo 14 bis, contenido en el numeral 7;  la letra d) del inciso primero del artículo 24 y los incisos tercero y final del artículo 25, contenidos en el numeral 10; el artículo 30 sexies, el artículo 43, el inciso sexto del artículo 44, el inciso primero del artículo 45, el artículo 46, el inciso octavo del artículo 50, el artículo 55 (que pasó a ser 54) y el artículo 56 (que pasó a ser 55), contenidos en el numeral 12, todos del artículo primero del proyecto de ley.",Segundo Trámite,Primer Informe,1976-01-04,0,Femenino,10,2026-03-10 23:59:59,,True,IND,Independientes,IND
1058,Maite,Orsini,Pascal,1,Afirmativo,20628,Boletín N° 11092-07,2023-05-08 19:06:49,128,0,0,0,2,Quórum Calificado,1,Aprobado,1,Proyecto de Ley,11092-07,General,"Letra h) del artículo 3°, contenido en el numeral 5; el inciso final del artículo 14 bis, contenido en el numeral 7;  la letra d) del inciso primero del artículo 24 y los incisos tercero y final del artículo 25, contenidos en el numeral 10; el artículo 30 sexies, el artículo 43, el inciso sexto del artículo 44, el inciso primero del artículo 45, el artículo 46, el inciso octavo del artículo 50, el artículo 55 (que pasó a ser 54) y el artículo 56 (que pasó a ser 55), contenidos en el numeral 12, todos del artículo primero del proyecto de ley.",Segundo Trámite,Primer Informe,1988-02-23,0,Femenino,10,2026-03-10 23:59:59,,True,RD,Revolución Democrática,RD
1059,Ximena,Ossandón,Irarrázabal,1,Afirmativo,20628,Boletín N° 11092-07,2023-05-08 19:06:49,128,0,0,0,2,Quórum Calificado,1,Aprobado,1,Proyecto de Ley,11092-07,General,"Letra h) del artículo 3°, contenido en el numeral 5; el inciso final del artículo 14 bis, contenido en el numeral 7;  la letra d) del inciso primero del artículo 24 y los incisos tercero y final del artículo 25, contenidos en el numeral 10; el artículo 30 sexies, el artículo 43, el inciso sexto del artículo 44, el inciso primero del artículo 45, el artículo 46, el inciso octavo del artículo 50, el artículo 55 (que pasó a ser 54) y el artículo 56 (que pasó a ser 55), contenidos en el numeral 12, todos del artículo primero del proyecto de ley.",Segundo Trámite,Primer Informe,1963-12-13,0,Femenino,10,2026-03-10 23:59:59,,True,RN,Renovación Nacional,RN
1062,Joanna,Pérez,Olea,1,Afirmativo,20628,Boletín N° 11092-07,2023-05-08 19:06:49,128,0,0,0,2,Quórum Calificado,1,Aprobado,1,Proyecto de Ley,11092-07,General,"Letra h) del artículo 3°, contenido en el numeral 5; el inciso final del artículo 14 bis, contenido en el numeral 7;  la letra d) del inciso primero del artículo 24 y los incisos tercero y final del artículo 25, contenidos en el numeral 10; el artículo 30 sexies, el artículo 43, el inciso sexto del artículo 44, el inciso primero del artículo 45, el artículo 46, el inciso octavo del artículo 50, el artículo 55 (que pasó a ser 54) y el artículo 56 (que pasó a ser 55), contenidos en el numeral 12, todos del artículo primero del proyecto de ley.",Segundo Trámite,Primer Informe,1976-04-01,0,Femenino,10,2026-03-10 23:59:59,,True,IND,Independientes,IND
1065,Guillermo,Ramírez,Diez,1,Afirmativo,20628,Boletín N° 11092-07,2023-05-08 19:06:49,128,0,0,0,2,Quórum Calificado,1,Aprobado,1,Proyecto de Ley,11092-07,General,"Letra h) del artículo 3°, contenido en el numeral 5; el inciso final del artículo 14 bis, contenido en el numeral 7;  la letra d) del inciso primero del artículo 24 y los incisos tercero y final del artículo 25, contenidos en el numeral 10; el artículo 30 sexies, el artículo 43, el inciso sexto del artículo 44, el inciso primero del artículo 45, el artículo 46, el inciso octavo del artículo 50, el artículo 55 (que pasó a ser 54) y el artículo 56 (que pasó a ser 55), contenidos en el numeral 12, todos del artículo primero del proyecto de ley.",Segundo Trámite,Primer Informe,1979-04-16,1,Masculino,10,2026-03-10 23:59:59,,True,UDI,Unión Demócrata Independiente,UDI
1067,Hugo,Rey,Martínez,1,Afirmativo,20628,Boletín N° 11092-07,2023-05-08 19:06:49,128,0,0,0,2,Quórum Calificado,1,Aprobado,1,Proyecto de Ley,11092-07,General,"Letra h) del artículo 3°, contenido en el numeral 5; el inciso final del artículo 14 bis, contenido en el numeral 7;  la letra d) del inciso primero del artículo 24 y los incisos tercero y final del artículo 25, contenidos en el numeral 10; el artículo 30 sexies, el artículo 43, el inciso sexto del artículo 44, el inciso primero del artículo 45, el artículo 46, el inciso octavo del artículo 50, el artículo 55 (que pasó a ser 54) y el artículo 56 (que pasó a ser 55), contenidos en el numeral 12, todos del artículo primero del proyecto de ley.",Segundo Trámite,Primer Informe,1973-12-06,1,Masculino,10,2026-03-10 23:59:59,,True,RN,Renovación Nacional,RN
1073,Juan,Santana,Castillo,1,Afirmativo,20628,Boletín N° 11092-07,2023-05-08 19:06:49,128,0,0,0,2,Quórum Calificado,1,Aprobado,1,Proyecto de Ley,11092-07,General,"Letra h) del artículo 3°, contenido en el numeral 5; el inciso final del artículo 14 bis, contenido en el numeral 7;  la letra d) del inciso primero del artículo 24 y los incisos tercero y final del artículo 25, contenidos en el numeral 10; el artículo 30 sexies, el artículo 43, el inciso sexto del artículo 44, el inciso primero del artículo 45, el artículo 46, el inciso octavo del artículo 50, el artículo 55 (que pasó a ser 54) y el artículo 56 (que pasó a ser 55), contenidos en el numeral 12, todos del artículo primero del proyecto de ley.",Segundo Trámite,Primer Informe,1989-09-20,1,Masculino,10,2026-03-10 23:59:59,,True,PS,Partido Socialista,PS
1081,Francisco,Undurraga,Gazitúa,1,Afirmativo,20628,Boletín N° 11092-07,2023-05-08 19:06:49,128,0,0,0,2,Quórum Calificado,1,Aprobado,1,Proyecto de Ley,11092-07,General,"Letra h) del artículo 3°, contenido en el numeral 5; el inciso final del artículo 14 bis, contenido en el numeral 7;  la letra d) del inciso primero del artículo 24 y los incisos tercero y final del artículo 25, contenidos en el numeral 10; el artículo 30 sexies, el artículo 43, el inciso sexto del artículo 44, el inciso primero del artículo 45, el artículo 46, el inciso octavo del artículo 50, el artículo 55 (que pasó a ser 54) y el artículo 56 (que pasó a ser 55), contenidos en el numeral 12, todos del artículo primero del proyecto de ley.",Segundo Trámite,Primer Informe,1965-09-29,1,Masculino,10,2026-03-10 23:59:59,,True,EVOP,Evolución Política,EVOP
1082,Cristóbal,Urruticoechea,Ríos,1,Afirmativo,20628,Boletín N° 11092-07,2023-05-08 19:06:49,128,0,0,0,2,Quórum Calificado,1,Aprobado,1,Proyecto de Ley,11092-07,General,"Letra h) del artículo 3°, contenido en el numeral 5; el inciso final del artículo 14 bis, contenido en el numeral 7;  la letra d) del inciso primero del artículo 24 y los incisos tercero y final del artículo 25, contenidos en el numeral 10; el artículo 30 sexies, el artículo 43, el inciso sexto del artículo 44, el inciso primero del artículo 45, el artículo 46, el inciso octavo del artículo 50, el artículo 55 (que pasó a ser 54) y el artículo 56 (que pasó a ser 55), contenidos en el numeral 12, todos del artículo primero del proyecto de ley.",Segundo Trámite,Primer Informe,1975-11-21,1,Masculino,10,2026-03-10 23:59:59,,True,PREP,Partido Republicano,PREP
1086,Gonzalo,Winter,Etcheberry,1,Afirmativo,20628,Boletín N° 11092-07,2023-05-08 19:06:49,128,0,0,0,2,Quórum Calificado,1,Aprobado,1,Proyecto de Ley,11092-07,General,"Letra h) del artículo 3°, contenido en el numeral 5; el inciso final del artículo 14 bis, contenido en el numeral 7;  la letra d) del inciso primero del artículo 24 y los incisos tercero y final del artículo 25, contenidos en el numeral 10; el artículo 30 sexies, el artículo 43, el inciso sexto del artículo 44, el inciso primero del artículo 45, el artículo 46, el inciso octavo del artículo 50, el artículo 55 (que pasó a ser 54) y el artículo 56 (que pasó a ser 55), contenidos en el numeral 12, todos del artículo primero del proyecto de ley.",Segundo Trámite,Primer Informe,1987-01-06,1,Masculino,10,2026-03-10 23:59:59,,True,PCS,Partido Convergencia Social,PCS
1087,Gael,Yeomans,Araya,1,Afirmativo,20628,Boletín N° 11092-07,2023-05-08 19:06:49,128,0,0,0,2,Quórum Calificado,1,Aprobado,1,Proyecto de Ley,11092-07,General,"Letra h) del artículo 3°, contenido en el numeral 5; el inciso final del artículo 14 bis, contenido en el numeral 7;  la letra d) del inciso primero del artículo 24 y los incisos tercero y final del artículo 25, contenidos en el numeral 10; el artículo 30 sexies, el artículo 43, el inciso sexto del artículo 44, el inciso primero del artículo 45, el artículo 46, el inciso octavo del artículo 50, el artículo 55 (que pasó a ser 54) y el artículo 56 (que pasó a ser 55), contenidos en el numeral 12, todos del artículo primero del proyecto de ley.",Segundo Trámite,Primer Informe,1988-12-04,0,Femenino,10,2026-03-10 23:59:59,,True,PCS,Partido Convergencia Social,PCS
1094,Cristian,Labbé,Martínez,1,Afirmativo,20628,Boletín N° 11092-07,2023-05-08 19:06:49,128,0,0,0,2,Quórum Calificado,1,Aprobado,1,Proyecto de Ley,11092-07,General,"Letra h) del artículo 3°, contenido en el numeral 5; el inciso final del artículo 14 bis, contenido en el numeral 7;  la letra d) del inciso primero del artículo 24 y los incisos tercero y final del artículo 25, contenidos en el numeral 10; el artículo 30 sexies, el artículo 43, el inciso sexto del artículo 44, el inciso primero del artículo 45, el artículo 46, el inciso octavo del artículo 50, el artículo 55 (que pasó a ser 54) y el artículo 56 (que pasó a ser 55), contenidos en el numeral 12, todos del artículo primero del proyecto de ley.",Segundo Trámite,Primer Informe,1980-03-06,1,Masculino,10,2026-03-10 23:59:59,,True,UDI,Unión Demócrata Independiente,UDI
1096,María Candelaria,Acevedo,Sáez,1,Afirmativo,20628,Boletín N° 11092-07,2023-05-08 19:06:49,128,0,0,0,2,Quórum Calificado,1,Aprobado,1,Proyecto de Ley,11092-07,General,"Letra h) del artículo 3°, contenido en el numeral 5; el inciso final del artículo 14 bis, contenido en el numeral 7;  la letra d) del inciso primero del artículo 24 y los incisos tercero y final del artículo 25, contenidos en el numeral 10; el artículo 30 sexies, el artículo 43, el inciso sexto del artículo 44, el inciso primero del artículo 45, el artículo 46, el inciso octavo del artículo 50, el artículo 55 (que pasó a ser 54) y el artículo 56 (que pasó a ser 55), contenidos en el numeral 12, todos del artículo primero del proyecto de ley.",Segundo Trámite,Primer Informe,1958-09-12,0,Femenino,10,2026-03-10 23:59:59,,True,PC,Partido Comunista,PC
1097,Eric,Aedo,Jeldres,1,Afirmativo,20628,Boletín N° 11092-07,2023-05-08 19:06:49,128,0,0,0,2,Quórum Calificado,1,Aprobado,1,Proyecto de Ley,11092-07,General,"Letra h) del artículo 3°, contenido en el numeral 5; el inciso final del artículo 14 bis, contenido en el numeral 7;  la letra d) del inciso primero del artículo 24 y los incisos tercero y final del artículo 25, contenidos en el numeral 10; el artículo 30 sexies, el artículo 43, el inciso sexto del artículo 44, el inciso primero del artículo 45, el artículo 46, el inciso octavo del artículo 50, el artículo 55 (que pasó a ser 54) y el artículo 56 (que pasó a ser 55), contenidos en el numeral 12, todos del artículo primero del proyecto de ley.",Segundo Trámite,Primer Informe,1968-07-13,1,Masculino,10,2026-03-10 23:59:59,,True,DC,Partido Demócrata Cristiano,DC
1098,Yovana,Ahumada,Palma,1,Afirmativo,20628,Boletín N° 11092-07,2023-05-08 19:06:49,128,0,0,0,2,Quórum Calificado,1,Aprobado,1,Proyecto de Ley,11092-07,General,"Letra h) del artículo 3°, contenido en el numeral 5; el inciso final del artículo 14 bis, contenido en el numeral 7;  la letra d) del inciso primero del artículo 24 y los incisos tercero y final del artículo 25, contenidos en el numeral 10; el artículo 30 sexies, el artículo 43, el inciso sexto del artículo 44, el inciso primero del artículo 45, el artículo 46, el inciso octavo del artículo 50, el artículo 55 (que pasó a ser 54) y el artículo 56 (que pasó a ser 55), contenidos en el numeral 12, todos del artículo primero del proyecto de ley.",Segundo Trámite,Primer Informe,1973-02-24,0,Femenino,10,2026-03-10 23:59:59,,True,IND,Independientes,IND
1099,Jaime,Araya,Guerrero,1,Afirmativo,20628,Boletín N° 11092-07,2023-05-08 19:06:49,128,0,0,0,2,Quórum Calificado,1,Aprobado,1,Proyecto de Ley,11092-07,General,"Letra h) del artículo 3°, contenido en el numeral 5; el inciso final del artículo 14 bis, contenido en el numeral 7;  la letra d) del inciso primero del artículo 24 y los incisos tercero y final del artículo 25, contenidos en el numeral 10; el artículo 30 sexies, el artículo 43, el inciso sexto del artículo 44, el inciso primero del artículo 45, el artículo 46, el inciso octavo del artículo 50, el artículo 55 (que pasó a ser 54) y el artículo 56 (que pasó a ser 55), contenidos en el numeral 12, todos del artículo primero del proyecto de ley.",Segundo Trámite,Primer Informe,1976-02-04,1,Masculino,10,2026-03-10 23:59:59,,True,IND,Independientes,IND
1100,Cristián,Araya,Lerdo de Tejada,1,Afirmativo,20628,Boletín N° 11092-07,2023-05-08 19:06:49,128,0,0,0,2,Quórum Calificado,1,Aprobado,1,Proyecto de Ley,11092-07,General,"Letra h) del artículo 3°, contenido en el numeral 5; el inciso final del artículo 14 bis, contenido en el numeral 7;  la letra d) del inciso primero del artículo 24 y los incisos tercero y final del artículo 25, contenidos en el numeral 10; el artículo 30 sexies, el artículo 43, el inciso sexto del artículo 44, el inciso primero del artículo 45, el artículo 46, el inciso octavo del artículo 50, el artículo 55 (que pasó a ser 54) y el artículo 56 (que pasó a ser 55), contenidos en el numeral 12, todos del artículo primero del proyecto de ley.",Segundo Trámite,Primer Informe,1988-09-30,1,Masculino,10,2026-03-10 23:59:59,,True,PREP,Partido Republicano,PREP
1101,Mónica,Arce,Castro,1,Afirmativo,20628,Boletín N° 11092-07,2023-05-08 19:06:49,128,0,0,0,2,Quórum Calificado,1,Aprobado,1,Proyecto de Ley,11092-07,General,"Letra h) del artículo 3°, contenido en el numeral 5; el inciso final del artículo 14 bis, contenido en el numeral 7;  la letra d) del inciso primero del artículo 24 y los incisos tercero y final del artículo 25, contenidos en el numeral 10; el artículo 30 sexies, el artículo 43, el inciso sexto del artículo 44, el inciso primero del artículo 45, el artículo 46, el inciso octavo del artículo 50, el artículo 55 (que pasó a ser 54) y el artículo 56 (que pasó a ser 55), contenidos en el numeral 12, todos del artículo primero del proyecto de ley.",Segundo Trámite,Primer Informe,1976-03-02,0,Femenino,10,2026-03-10 23:59:59,,True,IND,Independientes,IND
1102,Roberto,Arroyo,Muñoz,1,Afirmativo,20628,Boletín N° 11092-07,2023-05-08 19:06:49,128,0,0,0,2,Quórum Calificado,1,Aprobado,1,Proyecto de Ley,11092-07,General,"Letra h) del artículo 3°, contenido en el numeral 5; el inciso final del artículo 14 bis, contenido en el numeral 7;  la letra d) del inciso primero del artículo 24 y los incisos tercero y final del artículo 25, contenidos en el numeral 10; el artículo 30 sexies, el artículo 43, el inciso sexto del artículo 44, el inciso primero del artículo 45, el artículo 46, el inciso octavo del artículo 50, el artículo 55 (que pasó a ser 54) y el artículo 56 (que pasó a ser 55), contenidos en el numeral 12, todos del artículo primero del proyecto de ley.",Segundo Trámite,Primer Informe,1963-11-29,1,Masculino,10,2026-03-10 23:59:59,,True,PDG,Partido de la Gente,PDG
1104,Chiara,Barchiesi,Chávez,1,Afirmativo,20628,Boletín N° 11092-07,2023-05-08 19:06:49,128,0,0,0,2,Quórum Calificado,1,Aprobado,1,Proyecto de Ley,11092-07,General,"Letra h) del artículo 3°, contenido en el numeral 5; el inciso final del artículo 14 bis, contenido en el numeral 7;  la letra d) del inciso primero del artículo 24 y los incisos tercero y final del artículo 25, contenidos en el numeral 10; el artículo 30 sexies, el artículo 43, el inciso sexto del artículo 44, el inciso primero del artículo 45, el artículo 46, el inciso octavo del artículo 50, el artículo 55 (que pasó a ser 54) y el artículo 56 (que pasó a ser 55), contenidos en el numeral 12, todos del artículo primero del proyecto de ley.",Segundo Trámite,Primer Informe,1996-12-22,0,Femenino,10,2026-03-10 23:59:59,,True,PREP,Partido Republicano,PREP
1105,Héctor,Barría,Angulo,1,Afirmativo,20628,Boletín N° 11092-07,2023-05-08 19:06:49,128,0,0,0,2,Quórum Calificado,1,Aprobado,1,Proyecto de Ley,11092-07,General,"Letra h) del artículo 3°, contenido en el numeral 5; el inciso final del artículo 14 bis, contenido en el numeral 7;  la letra d) del inciso primero del artículo 24 y los incisos tercero y final del artículo 25, contenidos en el numeral 10; el artículo 30 sexies, el artículo 43, el inciso sexto del artículo 44, el inciso primero del artículo 45, el artículo 46, el inciso octavo del artículo 50, el artículo 55 (que pasó a ser 54) y el artículo 56 (que pasó a ser 55), contenidos en el numeral 12, todos del artículo primero del proyecto de ley.",Segundo Trámite,Primer Informe,1980-04-24,1,Masculino,10,2026-03-10 23:59:59,,True,DC,Partido Demócrata Cristiano,DC
1106,Miguel Ángel,Becker,Alvear,1,Afirmativo,20628,Boletín N° 11092-07,2023-05-08 19:06:49,128,0,0,0,2,Quórum Calificado,1,Aprobado,1,Proyecto de Ley,11092-07,General,"Letra h) del artículo 3°, contenido en el numeral 5; el inciso final del artículo 14 bis, contenido en el numeral 7;  la letra d) del inciso primero del artículo 24 y los incisos tercero y final del artículo 25, contenidos en el numeral 10; el artículo 30 sexies, el artículo 43, el inciso sexto del artículo 44, el inciso primero del artículo 45, el artículo 46, el inciso octavo del artículo 50, el artículo 55 (que pasó a ser 54) y el artículo 56 (que pasó a ser 55), contenidos en el numeral 12, todos del artículo primero del proyecto de ley.",Segundo Trámite,Primer Informe,1960-10-07,1,Masculino,10,2026-03-10 23:59:59,,True,RN,Renovación Nacional,RN
1107,María Francisca,Bello,Campos,1,Afirmativo,20628,Boletín N° 11092-07,2023-05-08 19:06:49,128,0,0,0,2,Quórum Calificado,1,Aprobado,1,Proyecto de Ley,11092-07,General,"Letra h) del artículo 3°, contenido en el numeral 5; el inciso final del artículo 14 bis, contenido en el numeral 7;  la letra d) del inciso primero del artículo 24 y los incisos tercero y final del artículo 25, contenidos en el numeral 10; el artículo 30 sexies, el artículo 43, el inciso sexto del artículo 44, el inciso primero del artículo 45, el artículo 46, el inciso octavo del artículo 50, el artículo 55 (que pasó a ser 54) y el artículo 56 (que pasó a ser 55), contenidos en el numeral 12, todos del artículo primero del proyecto de ley.",Segundo Trámite,Primer Informe,1987-09-17,0,Femenino,10,2026-03-10 23:59:59,,True,PCS,Partido Convergencia Social,PCS
1108,Juan Carlos,Beltrán,Silva,1,Afirmativo,20628,Boletín N° 11092-07,2023-05-08 19:06:49,128,0,0,0,2,Quórum Calificado,1,Aprobado,1,Proyecto de Ley,11092-07,General,"Letra h) del artículo 3°, contenido en el numeral 5; el inciso final del artículo 14 bis, contenido en el numeral 7;  la letra d) del inciso primero del artículo 24 y los incisos tercero y final del artículo 25, contenidos en el numeral 10; el artículo 30 sexies, el artículo 43, el inciso sexto del artículo 44, el inciso primero del artículo 45, el artículo 46, el inciso octavo del artículo 50, el artículo 55 (que pasó a ser 54) y el artículo 56 (que pasó a ser 55), contenidos en el numeral 12, todos del artículo primero del proyecto de ley.",Segundo Trámite,Primer Informe,1962-12-19,1,Masculino,10,2026-03-10 23:59:59,,True,RN,Renovación Nacional,RN
1109,Gustavo,Benavente,Vergara,1,Afirmativo,20628,Boletín N° 11092-07,2023-05-08 19:06:49,128,0,0,0,2,Quórum Calificado,1,Aprobado,1,Proyecto de Ley,11092-07,General,"Letra h) del artículo 3°, contenido en el numeral 5; el inciso final del artículo 14 bis, contenido en el numeral 7;  la letra d) del inciso primero del artículo 24 y los incisos tercero y final del artículo 25, contenidos en el numeral 10; el artículo 30 sexies, el artículo 43, el inciso sexto del artículo 44, el inciso primero del artículo 45, el artículo 46, el inciso octavo del artículo 50, el artículo 55 (que pasó a ser 54) y el artículo 56 (que pasó a ser 55), contenidos en el numeral 12, todos del artículo primero del proyecto de ley.",Segundo Trámite,Primer Informe,1966-08-13,1,Masculino,10,2026-03-10 23:59:59,,True,UDI,Unión Demócrata Independiente,UDI
1110,Carlos,Bianchi,Chelech,1,Afirmativo,20628,Boletín N° 11092-07,2023-05-08 19:06:49,128,0,0,0,2,Quórum Calificado,1,Aprobado,1,Proyecto de Ley,11092-07,General,"Letra h) del artículo 3°, contenido en el numeral 5; el inciso final del artículo 14 bis, contenido en el numeral 7;  la letra d) del inciso primero del artículo 24 y los incisos tercero y final del artículo 25, contenidos en el numeral 10; el artículo 30 sexies, el artículo 43, el inciso sexto del artículo 44, el inciso primero del artículo 45, el artículo 46, el inciso octavo del artículo 50, el artículo 55 (que pasó a ser 54) y el artículo 56 (que pasó a ser 55), contenidos en el numeral 12, todos del artículo primero del proyecto de ley.",Segundo Trámite,Primer Informe,1960-11-04,1,Masculino,10,2026-03-10 23:59:59,,True,IND,Independientes,IND
1111,Fernando,Bórquez,Montecinos,1,Afirmativo,20628,Boletín N° 11092-07,2023-05-08 19:06:49,128,0,0,0,2,Quórum Calificado,1,Aprobado,1,Proyecto de Ley,11092-07,General,"Letra h) del artículo 3°, contenido en el numeral 5; el inciso final del artículo 14 bis, contenido en el numeral 7;  la letra d) del inciso primero del artículo 24 y los incisos tercero y final del artículo 25, contenidos en el numeral 10; el artículo 30 sexies, el artículo 43, el inciso sexto del artículo 44, el inciso primero del artículo 45, el artículo 46, el inciso octavo del artículo 50, el artículo 55 (que pasó a ser 54) y el artículo 56 (que pasó a ser 55), contenidos en el numeral 12, todos del artículo primero del proyecto de ley.",Segundo Trámite,Primer Informe,1968-06-06,1,Masculino,10,2026-03-10 23:59:59,,True,UDI,Unión Demócrata Independiente,UDI
1112,Ana María,Bravo,Castro,1,Afirmativo,20628,Boletín N° 11092-07,2023-05-08 19:06:49,128,0,0,0,2,Quórum Calificado,1,Aprobado,1,Proyecto de Ley,11092-07,General,"Letra h) del artículo 3°, contenido en el numeral 5; el inciso final del artículo 14 bis, contenido en el numeral 7;  la letra d) del inciso primero del artículo 24 y los incisos tercero y final del artículo 25, contenidos en el numeral 10; el artículo 30 sexies, el artículo 43, el inciso sexto del artículo 44, el inciso primero del artículo 45, el artículo 46, el inciso octavo del artículo 50, el artículo 55 (que pasó a ser 54) y el artículo 56 (que pasó a ser 55), contenidos en el numeral 12, todos del artículo primero del proyecto de ley.",Segundo Trámite,Primer Informe,1973-12-03,0,Femenino,10,2026-03-10 23:59:59,,True,PS,Partido Socialista,PS
1113,Marta,Bravo,Salinas,1,Afirmativo,20628,Boletín N° 11092-07,2023-05-08 19:06:49,128,0,0,0,2,Quórum Calificado,1,Aprobado,1,Proyecto de Ley,11092-07,General,"Letra h) del artículo 3°, contenido en el numeral 5; el inciso final del artículo 14 bis, contenido en el numeral 7;  la letra d) del inciso primero del artículo 24 y los incisos tercero y final del artículo 25, contenidos en el numeral 10; el artículo 30 sexies, el artículo 43, el inciso sexto del artículo 44, el inciso primero del artículo 45, el artículo 46, el inciso octavo del artículo 50, el artículo 55 (que pasó a ser 54) y el artículo 56 (que pasó a ser 55), contenidos en el numeral 12, todos del artículo primero del proyecto de ley.",Segundo Trámite,Primer Informe,1976-02-25,0,Femenino,10,2026-03-10 23:59:59,,True,UDI,Unión Demócrata Independiente,UDI
1114,Félix,Bugueño,Sotelo,1,Afirmativo,20628,Boletín N° 11092-07,2023-05-08 19:06:49,128,0,0,0,2,Quórum Calificado,1,Aprobado,1,Proyecto de Ley,11092-07,General,"Letra h) del artículo 3°, contenido en el numeral 5; el inciso final del artículo 14 bis, contenido en el numeral 7;  la letra d) del inciso primero del artículo 24 y los incisos tercero y final del artículo 25, contenidos en el numeral 10; el artículo 30 sexies, el artículo 43, el inciso sexto del artículo 44, el inciso primero del artículo 45, el artículo 46, el inciso octavo del artículo 50, el artículo 55 (que pasó a ser 54) y el artículo 56 (que pasó a ser 55), contenidos en el numeral 12, todos del artículo primero del proyecto de ley.",Segundo Trámite,Primer Informe,1973-05-18,1,Masculino,10,2026-03-10 23:59:59,,True,FRVS,Federación Regionalista Verde Social,FRVS
1115,Mercedes,Bulnes,Núñez,1,Afirmativo,20628,Boletín N° 11092-07,2023-05-08 19:06:49,128,0,0,0,2,Quórum Calificado,1,Aprobado,1,Proyecto de Ley,11092-07,General,"Letra h) del artículo 3°, contenido en el numeral 5; el inciso final del artículo 14 bis, contenido en el numeral 7;  la letra d) del inciso primero del artículo 24 y los incisos tercero y final del artículo 25, contenidos en el numeral 10; el artículo 30 sexies, el artículo 43, el inciso sexto del artículo 44, el inciso primero del artículo 45, el artículo 46, el inciso octavo del artículo 50, el artículo 55 (que pasó a ser 54) y el artículo 56 (que pasó a ser 55), contenidos en el numeral 12, todos del artículo primero del proyecto de ley.",Segundo Trámite,Primer Informe,1950-06-06,0,Femenino,10,2024-11-22 00:00:00,,True,IND,Independientes,IND
1116,Felipe,Camaño,Cárdenas,1,Afirmativo,20628,Boletín N° 11092-07,2023-05-08 19:06:49,128,0,0,0,2,Quórum Calificado,1,Aprobado,1,Proyecto de Ley,11092-07,General,"Letra h) del artículo 3°, contenido en el numeral 5; el inciso final del artículo 14 bis, contenido en el numeral 7;  la letra d) del inciso primero del artículo 24 y los incisos tercero y final del artículo 25, contenidos en el numeral 10; el artículo 30 sexies, el artículo 43, el inciso sexto del artículo 44, el inciso primero del artículo 45, el artículo 46, el inciso octavo del artículo 50, el artículo 55 (que pasó a ser 54) y el artículo 56 (que pasó a ser 55), contenidos en el numeral 12, todos del artículo primero del proyecto de ley.",Segundo Trámite,Primer Informe,1991-08-21,1,Masculino,10,2026-03-10 23:59:59,,True,IND,Independientes,IND
1117,Nathalie,Castillo,Rojas,1,Afirmativo,20628,Boletín N° 11092-07,2023-05-08 19:06:49,128,0,0,0,2,Quórum Calificado,1,Aprobado,1,Proyecto de Ley,11092-07,General,"Letra h) del artículo 3°, contenido en el numeral 5; el inciso final del artículo 14 bis, contenido en el numeral 7;  la letra d) del inciso primero del artículo 24 y los incisos tercero y final del artículo 25, contenidos en el numeral 10; el artículo 30 sexies, el artículo 43, el inciso sexto del artículo 44, el inciso primero del artículo 45, el artículo 46, el inciso octavo del artículo 50, el artículo 55 (que pasó a ser 54) y el artículo 56 (que pasó a ser 55), contenidos en el numeral 12, todos del artículo primero del proyecto de ley.",Segundo Trámite,Primer Informe,1983-07-02,0,Femenino,10,2026-03-10 23:59:59,,True,PC,Partido Comunista,PC
1118,Ricardo,Cifuentes,Lillo,1,Afirmativo,20628,Boletín N° 11092-07,2023-05-08 19:06:49,128,0,0,0,2,Quórum Calificado,1,Aprobado,1,Proyecto de Ley,11092-07,General,"Letra h) del artículo 3°, contenido en el numeral 5; el inciso final del artículo 14 bis, contenido en el numeral 7;  la letra d) del inciso primero del artículo 24 y los incisos tercero y final del artículo 25, contenidos en el numeral 10; el artículo 30 sexies, el artículo 43, el inciso sexto del artículo 44, el inciso primero del artículo 45, el artículo 46, el inciso octavo del artículo 50, el artículo 55 (que pasó a ser 54) y el artículo 56 (que pasó a ser 55), contenidos en el numeral 12, todos del artículo primero del proyecto de ley.",Segundo Trámite,Primer Informe,1962-09-12,1,Masculino,10,2026-03-10 23:59:59,,True,DC,Partido Demócrata Cristiano,DC
1119,Sara,Concha,Smith,1,Afirmativo,20628,Boletín N° 11092-07,2023-05-08 19:06:49,128,0,0,0,2,Quórum Calificado,1,Aprobado,1,Proyecto de Ley,11092-07,General,"Letra h) del artículo 3°, contenido en el numeral 5; el inciso final del artículo 14 bis, contenido en el numeral 7;  la letra d) del inciso primero del artículo 24 y los incisos tercero y final del artículo 25, contenidos en el numeral 10; el artículo 30 sexies, el artículo 43, el inciso sexto del artículo 44, el inciso primero del artículo 45, el artículo 46, el inciso octavo del artículo 50, el artículo 55 (que pasó a ser 54) y el artículo 56 (que pasó a ser 55), contenidos en el numeral 12, todos del artículo primero del proyecto de ley.",Segundo Trámite,Primer Informe,1995-09-09,0,Femenino,10,2026-03-10 23:59:59,,True,PSC,Partido Social Cristiano,PSC
1120,María Luisa,Cordero,Velásquez,1,Afirmativo,20628,Boletín N° 11092-07,2023-05-08 19:06:49,128,0,0,0,2,Quórum Calificado,1,Aprobado,1,Proyecto de Ley,11092-07,General,"Letra h) del artículo 3°, contenido en el numeral 5; el inciso final del artículo 14 bis, contenido en el numeral 7;  la letra d) del inciso primero del artículo 24 y los incisos tercero y final del artículo 25, contenidos en el numeral 10; el artículo 30 sexies, el artículo 43, el inciso sexto del artículo 44, el inciso primero del artículo 45, el artículo 46, el inciso octavo del artículo 50, el artículo 55 (que pasó a ser 54) y el artículo 56 (que pasó a ser 55), contenidos en el numeral 12, todos del artículo primero del proyecto de ley.",Segundo Trámite,Primer Informe,1943-01-23,0,Femenino,10,2026-03-10 23:59:59,,True,IND,Independientes,IND
1121,Eduardo,Cornejo,Lagos,1,Afirmativo,20628,Boletín N° 11092-07,2023-05-08 19:06:49,128,0,0,0,2,Quórum Calificado,1,Aprobado,1,Proyecto de Ley,11092-07,General,"Letra h) del artículo 3°, contenido en el numeral 5; el inciso final del artículo 14 bis, contenido en el numeral 7;  la letra d) del inciso primero del artículo 24 y los incisos tercero y final del artículo 25, contenidos en el numeral 10; el artículo 30 sexies, el artículo 43, el inciso sexto del artículo 44, el inciso primero del artículo 45, el artículo 46, el inciso octavo del artículo 50, el artículo 55 (que pasó a ser 54) y el artículo 56 (que pasó a ser 55), contenidos en el numeral 12, todos del artículo primero del proyecto de ley.",Segundo Trámite,Primer Informe,1972-01-12,1,Masculino,10,2026-03-10 23:59:59,,True,UDI,Unión Demócrata Independiente,UDI
1122,Luis Alberto,Cuello,Peña y Lillo,1,Afirmativo,20628,Boletín N° 11092-07,2023-05-08 19:06:49,128,0,0,0,2,Quórum Calificado,1,Aprobado,1,Proyecto de Ley,11092-07,General,"Letra h) del artículo 3°, contenido en el numeral 5; el inciso final del artículo 14 bis, contenido en el numeral 7;  la letra d) del inciso primero del artículo 24 y los incisos tercero y final del artículo 25, contenidos en el numeral 10; el artículo 30 sexies, el artículo 43, el inciso sexto del artículo 44, el inciso primero del artículo 45, el artículo 46, el inciso octavo del artículo 50, el artículo 55 (que pasó a ser 54) y el artículo 56 (que pasó a ser 55), contenidos en el numeral 12, todos del artículo primero del proyecto de ley.",Segundo Trámite,Primer Informe,1977-01-24,1,Masculino,10,2026-03-10 23:59:59,,True,PC,Partido Comunista,PC
1123,Gonzalo,De la Carrera,Correa,1,Afirmativo,20628,Boletín N° 11092-07,2023-05-08 19:06:49,128,0,0,0,2,Quórum Calificado,1,Aprobado,1,Proyecto de Ley,11092-07,General,"Letra h) del artículo 3°, contenido en el numeral 5; el inciso final del artículo 14 bis, contenido en el numeral 7;  la letra d) del inciso primero del artículo 24 y los incisos tercero y final del artículo 25, contenidos en el numeral 10; el artículo 30 sexies, el artículo 43, el inciso sexto del artículo 44, el inciso primero del artículo 45, el artículo 46, el inciso octavo del artículo 50, el artículo 55 (que pasó a ser 54) y el artículo 56 (que pasó a ser 55), contenidos en el numeral 12, todos del artículo primero del proyecto de ley.",Segundo Trámite,Primer Informe,1962-01-13,1,Masculino,10,2026-03-10 23:59:59,,True,IND,Independientes,IND
1124,Tomás,De Rementería,Venegas,1,Afirmativo,20628,Boletín N° 11092-07,2023-05-08 19:06:49,128,0,0,0,2,Quórum Calificado,1,Aprobado,1,Proyecto de Ley,11092-07,General,"Letra h) del artículo 3°, contenido en el numeral 5; el inciso final del artículo 14 bis, contenido en el numeral 7;  la letra d) del inciso primero del artículo 24 y los incisos tercero y final del artículo 25, contenidos en el numeral 10; el artículo 30 sexies, el artículo 43, el inciso sexto del artículo 44, el inciso primero del artículo 45, el artículo 46, el inciso octavo del artículo 50, el artículo 55 (que pasó a ser 54) y el artículo 56 (que pasó a ser 55), contenidos en el numeral 12, todos del artículo primero del proyecto de ley.",Segundo Trámite,Primer Informe,1987-03-17,1,Masculino,10,2025-05-05 23:59:59,,True,PS,Partido Socialista,PS
1125,Viviana,Delgado,Riquelme,1,Afirmativo,20628,Boletín N° 11092-07,2023-05-08 19:06:49,128,0,0,0,2,Quórum Calificado,1,Aprobado,1,Proyecto de Ley,11092-07,General,"Letra h) del artículo 3°, contenido en el numeral 5; el inciso final del artículo 14 bis, contenido en el numeral 7;  la letra d) del inciso primero del artículo 24 y los incisos tercero y final del artículo 25, contenidos en el numeral 10; el artículo 30 sexies, el artículo 43, el inciso sexto del artículo 44, el inciso primero del artículo 45, el artículo 46, el inciso octavo del artículo 50, el artículo 55 (que pasó a ser 54) y el artículo 56 (que pasó a ser 55), contenidos en el numeral 12, todos del artículo primero del proyecto de ley.",Segundo Trámite,Primer Informe,1973-09-04,0,Femenino,10,2026-03-10 23:59:59,,True,IND,Independientes,IND
1126,Felipe,Donoso,Castro,1,Afirmativo,20628,Boletín N° 11092-07,2023-05-08 19:06:49,128,0,0,0,2,Quórum Calificado,1,Aprobado,1,Proyecto de Ley,11092-07,General,"Letra h) del artículo 3°, contenido en el numeral 5; el inciso final del artículo 14 bis, contenido en el numeral 7;  la letra d) del inciso primero del artículo 24 y los incisos tercero y final del artículo 25, contenidos en el numeral 10; el artículo 30 sexies, el artículo 43, el inciso sexto del artículo 44, el inciso primero del artículo 45, el artículo 46, el inciso octavo del artículo 50, el artículo 55 (que pasó a ser 54) y el artículo 56 (que pasó a ser 55), contenidos en el numeral 12, todos del artículo primero del proyecto de ley.",Segundo Trámite,Primer Informe,1982-12-12,1,Masculino,10,2026-03-10 23:59:59,,True,UDI,Unión Demócrata Independiente,UDI
1127,Lorena,Fries,Monleón,1,Afirmativo,20628,Boletín N° 11092-07,2023-05-08 19:06:49,128,0,0,0,2,Quórum Calificado,1,Aprobado,1,Proyecto de Ley,11092-07,General,"Letra h) del artículo 3°, contenido en el numeral 5; el inciso final del artículo 14 bis, contenido en el numeral 7;  la letra d) del inciso primero del artículo 24 y los incisos tercero y final del artículo 25, contenidos en el numeral 10; el artículo 30 sexies, el artículo 43, el inciso sexto del artículo 44, el inciso primero del artículo 45, el artículo 46, el inciso octavo del artículo 50, el artículo 55 (que pasó a ser 54) y el artículo 56 (que pasó a ser 55), contenidos en el numeral 12, todos del artículo primero del proyecto de ley.",Segundo Trámite,Primer Informe,1960-04-01,0,Femenino,10,2026-03-10 23:59:59,,True,PCS,Partido Convergencia Social,PCS
1128,Ana María,Gazmuri,Vieira,1,Afirmativo,20628,Boletín N° 11092-07,2023-05-08 19:06:49,128,0,0,0,2,Quórum Calificado,1,Aprobado,1,Proyecto de Ley,11092-07,General,"Letra h) del artículo 3°, contenido en el numeral 5; el inciso final del artículo 14 bis, contenido en el numeral 7;  la letra d) del inciso primero del artículo 24 y los incisos tercero y final del artículo 25, contenidos en el numeral 10; el artículo 30 sexies, el artículo 43, el inciso sexto del artículo 44, el inciso primero del artículo 45, el artículo 46, el inciso octavo del artículo 50, el artículo 55 (que pasó a ser 54) y el artículo 56 (que pasó a ser 55), contenidos en el numeral 12, todos del artículo primero del proyecto de ley.",Segundo Trámite,Primer Informe,1966-01-22,0,Femenino,10,2026-03-10 23:59:59,,True,PAH,Partido Acción Humanista,PAH
1129,Andrés,Giordano,Salazar,1,Afirmativo,20628,Boletín N° 11092-07,2023-05-08 19:06:49,128,0,0,0,2,Quórum Calificado,1,Aprobado,1,Proyecto de Ley,11092-07,General,"Letra h) del artículo 3°, contenido en el numeral 5; el inciso final del artículo 14 bis, contenido en el numeral 7;  la letra d) del inciso primero del artículo 24 y los incisos tercero y final del artículo 25, contenidos en el numeral 10; el artículo 30 sexies, el artículo 43, el inciso sexto del artículo 44, el inciso primero del artículo 45, el artículo 46, el inciso octavo del artículo 50, el artículo 55 (que pasó a ser 54) y el artículo 56 (que pasó a ser 55), contenidos en el numeral 12, todos del artículo primero del proyecto de ley.",Segundo Trámite,Primer Informe,1986-12-29,1,Masculino,10,2026-03-10 23:59:59,,True,IND,Independientes,IND
1131,Mauro,González,Villarroel,1,Afirmativo,20628,Boletín N° 11092-07,2023-05-08 19:06:49,128,0,0,0,2,Quórum Calificado,1,Aprobado,1,Proyecto de Ley,11092-07,General,"Letra h) del artículo 3°, contenido en el numeral 5; el inciso final del artículo 14 bis, contenido en el numeral 7;  la letra d) del inciso primero del artículo 24 y los incisos tercero y final del artículo 25, contenidos en el numeral 10; el artículo 30 sexies, el artículo 43, el inciso sexto del artículo 44, el inciso primero del artículo 45, el artículo 46, el inciso octavo del artículo 50, el artículo 55 (que pasó a ser 54) y el artículo 56 (que pasó a ser 55), contenidos en el numeral 12, todos del artículo primero del proyecto de ley.",Segundo Trámite,Primer Informe,1985-05-25,1,Masculino,10,2026-03-10 23:59:59,,True,RN,Renovación Nacional,RN
1132,Jorge,Guzmán,Zepeda,1,Afirmativo,20628,Boletín N° 11092-07,2023-05-08 19:06:49,128,0,0,0,2,Quórum Calificado,1,Aprobado,1,Proyecto de Ley,11092-07,General,"Letra h) del artículo 3°, contenido en el numeral 5; el inciso final del artículo 14 bis, contenido en el numeral 7;  la letra d) del inciso primero del artículo 24 y los incisos tercero y final del artículo 25, contenidos en el numeral 10; el artículo 30 sexies, el artículo 43, el inciso sexto del artículo 44, el inciso primero del artículo 45, el artículo 46, el inciso octavo del artículo 50, el artículo 55 (que pasó a ser 54) y el artículo 56 (que pasó a ser 55), contenidos en el numeral 12, todos del artículo primero del proyecto de ley.",Segundo Trámite,Primer Informe,1985-06-11,1,Masculino,10,2026-03-10 23:59:59,,True,EVOP,Evolución Política,EVOP
1133,Juan,Irarrázaval,Rossel,1,Afirmativo,20628,Boletín N° 11092-07,2023-05-08 19:06:49,128,0,0,0,2,Quórum Calificado,1,Aprobado,1,Proyecto de Ley,11092-07,General,"Letra h) del artículo 3°, contenido en el numeral 5; el inciso final del artículo 14 bis, contenido en el numeral 7;  la letra d) del inciso primero del artículo 24 y los incisos tercero y final del artículo 25, contenidos en el numeral 10; el artículo 30 sexies, el artículo 43, el inciso sexto del artículo 44, el inciso primero del artículo 45, el artículo 46, el inciso octavo del artículo 50, el artículo 55 (que pasó a ser 54) y el artículo 56 (que pasó a ser 55), contenidos en el numeral 12, todos del artículo primero del proyecto de ley.",Segundo Trámite,Primer Informe,1983-06-23,1,Masculino,10,2026-03-10 23:59:59,,True,PREP,Partido Republicano,PREP
1135,Johannes,Kaiser,Barents-Von Hohenhagen,1,Afirmativo,20628,Boletín N° 11092-07,2023-05-08 19:06:49,128,0,0,0,2,Quórum Calificado,1,Aprobado,1,Proyecto de Ley,11092-07,General,"Letra h) del artículo 3°, contenido en el numeral 5; el inciso final del artículo 14 bis, contenido en el numeral 7;  la letra d) del inciso primero del artículo 24 y los incisos tercero y final del artículo 25, contenidos en el numeral 10; el artículo 30 sexies, el artículo 43, el inciso sexto del artículo 44, el inciso primero del artículo 45, el artículo 46, el inciso octavo del artículo 50, el artículo 55 (que pasó a ser 54) y el artículo 56 (que pasó a ser 55), contenidos en el numeral 12, todos del artículo primero del proyecto de ley.",Segundo Trámite,Primer Informe,1976-01-05,1,Masculino,10,2026-03-10 23:59:59,,True,PREP,Partido Republicano,PREP
1136,Paula,Labra,Besserer,1,Afirmativo,20628,Boletín N° 11092-07,2023-05-08 19:06:49,128,0,0,0,2,Quórum Calificado,1,Aprobado,1,Proyecto de Ley,11092-07,General,"Letra h) del artículo 3°, contenido en el numeral 5; el inciso final del artículo 14 bis, contenido en el numeral 7;  la letra d) del inciso primero del artículo 24 y los incisos tercero y final del artículo 25, contenidos en el numeral 10; el artículo 30 sexies, el artículo 43, el inciso sexto del artículo 44, el inciso primero del artículo 45, el artículo 46, el inciso octavo del artículo 50, el artículo 55 (que pasó a ser 54) y el artículo 56 (que pasó a ser 55), contenidos en el numeral 12, todos del artículo primero del proyecto de ley.",Segundo Trámite,Primer Informe,1987-05-04,0,Femenino,10,2026-03-10 23:59:59,,True,IND,Independientes,IND
1137,Tomás,Lagomarsino,Guzmán,1,Afirmativo,20628,Boletín N° 11092-07,2023-05-08 19:06:49,128,0,0,0,2,Quórum Calificado,1,Aprobado,1,Proyecto de Ley,11092-07,General,"Letra h) del artículo 3°, contenido en el numeral 5; el inciso final del artículo 14 bis, contenido en el numeral 7;  la letra d) del inciso primero del artículo 24 y los incisos tercero y final del artículo 25, contenidos en el numeral 10; el artículo 30 sexies, el artículo 43, el inciso sexto del artículo 44, el inciso primero del artículo 45, el artículo 46, el inciso octavo del artículo 50, el artículo 55 (que pasó a ser 54) y el artículo 56 (que pasó a ser 55), contenidos en el numeral 12, todos del artículo primero del proyecto de ley.",Segundo Trámite,Primer Informe,1990-07-13,1,Masculino,10,2026-03-10 23:59:59,,True,IND,Independientes,IND
1138,Henry,Leal,Bizama,1,Afirmativo,20628,Boletín N° 11092-07,2023-05-08 19:06:49,128,0,0,0,2,Quórum Calificado,1,Aprobado,1,Proyecto de Ley,11092-07,General,"Letra h) del artículo 3°, contenido en el numeral 5; el inciso final del artículo 14 bis, contenido en el numeral 7;  la letra d) del inciso primero del artículo 24 y los incisos tercero y final del artículo 25, contenidos en el numeral 10; el artículo 30 sexies, el artículo 43, el inciso sexto del artículo 44, el inciso primero del artículo 45, el artículo 46, el inciso octavo del artículo 50, el artículo 55 (que pasó a ser 54) y el artículo 56 (que pasó a ser 55), contenidos en el numeral 12, todos del artículo primero del proyecto de ley.",Segundo Trámite,Primer Informe,1972-09-16,1,Masculino,10,2026-03-10 23:59:59,,True,UDI,Unión Demócrata Independiente,UDI
1139,Enrique,Lee,Flores,1,Afirmativo,20628,Boletín N° 11092-07,2023-05-08 19:06:49,128,0,0,0,2,Quórum Calificado,1,Aprobado,1,Proyecto de Ley,11092-07,General,"Letra h) del artículo 3°, contenido en el numeral 5; el inciso final del artículo 14 bis, contenido en el numeral 7;  la letra d) del inciso primero del artículo 24 y los incisos tercero y final del artículo 25, contenidos en el numeral 10; el artículo 30 sexies, el artículo 43, el inciso sexto del artículo 44, el inciso primero del artículo 45, el artículo 46, el inciso octavo del artículo 50, el artículo 55 (que pasó a ser 54) y el artículo 56 (que pasó a ser 55), contenidos en el numeral 12, todos del artículo primero del proyecto de ley.",Segundo Trámite,Primer Informe,1967-12-16,1,Masculino,10,2026-03-10 23:59:59,,True,PRI,Partido Regionalista Independiente,PRI
1140,Daniel,Lilayu,Vivanco,1,Afirmativo,20628,Boletín N° 11092-07,2023-05-08 19:06:49,128,0,0,0,2,Quórum Calificado,1,Aprobado,1,Proyecto de Ley,11092-07,General,"Letra h) del artículo 3°, contenido en el numeral 5; el inciso final del artículo 14 bis, contenido en el numeral 7;  la letra d) del inciso primero del artículo 24 y los incisos tercero y final del artículo 25, contenidos en el numeral 10; el artículo 30 sexies, el artículo 43, el inciso sexto del artículo 44, el inciso primero del artículo 45, el artículo 46, el inciso octavo del artículo 50, el artículo 55 (que pasó a ser 54) y el artículo 56 (que pasó a ser 55), contenidos en el numeral 12, todos del artículo primero del proyecto de ley.",Segundo Trámite,Primer Informe,1949-03-02,1,Masculino,10,2026-03-10 23:59:59,,True,UDI,Unión Demócrata Independiente,UDI
1142,Daniel,Manouchehri,Lobos,1,Afirmativo,20628,Boletín N° 11092-07,2023-05-08 19:06:49,128,0,0,0,2,Quórum Calificado,1,Aprobado,1,Proyecto de Ley,11092-07,General,"Letra h) del artículo 3°, contenido en el numeral 5; el inciso final del artículo 14 bis, contenido en el numeral 7;  la letra d) del inciso primero del artículo 24 y los incisos tercero y final del artículo 25, contenidos en el numeral 10; el artículo 30 sexies, el artículo 43, el inciso sexto del artículo 44, el inciso primero del artículo 45, el artículo 46, el inciso octavo del artículo 50, el artículo 55 (que pasó a ser 54) y el artículo 56 (que pasó a ser 55), contenidos en el numeral 12, todos del artículo primero del proyecto de ley.",Segundo Trámite,Primer Informe,1984-05-25,1,Masculino,10,2026-03-10 23:59:59,,True,PS,Partido Socialista,PS
1143,Cristóbal,Martínez,Ramírez,1,Afirmativo,20628,Boletín N° 11092-07,2023-05-08 19:06:49,128,0,0,0,2,Quórum Calificado,1,Aprobado,1,Proyecto de Ley,11092-07,General,"Letra h) del artículo 3°, contenido en el numeral 5; el inciso final del artículo 14 bis, contenido en el numeral 7;  la letra d) del inciso primero del artículo 24 y los incisos tercero y final del artículo 25, contenidos en el numeral 10; el artículo 30 sexies, el artículo 43, el inciso sexto del artículo 44, el inciso primero del artículo 45, el artículo 46, el inciso octavo del artículo 50, el artículo 55 (que pasó a ser 54) y el artículo 56 (que pasó a ser 55), contenidos en el numeral 12, todos del artículo primero del proyecto de ley.",Segundo Trámite,Primer Informe,1984-04-30,1,Masculino,10,2026-03-10 23:59:59,,True,UDI,Unión Demócrata Independiente,UDI
1144,Christian,Matheson,Villán,1,Afirmativo,20628,Boletín N° 11092-07,2023-05-08 19:06:49,128,0,0,0,2,Quórum Calificado,1,Aprobado,1,Proyecto de Ley,11092-07,General,"Letra h) del artículo 3°, contenido en el numeral 5; el inciso final del artículo 14 bis, contenido en el numeral 7;  la letra d) del inciso primero del artículo 24 y los incisos tercero y final del artículo 25, contenidos en el numeral 10; el artículo 30 sexies, el artículo 43, el inciso sexto del artículo 44, el inciso primero del artículo 45, el artículo 46, el inciso octavo del artículo 50, el artículo 55 (que pasó a ser 54) y el artículo 56 (que pasó a ser 55), contenidos en el numeral 12, todos del artículo primero del proyecto de ley.",Segundo Trámite,Primer Informe,1957-12-17,1,Masculino,10,2026-03-10 23:59:59,,True,IND,Independientes,IND
1146,José Carlos,Meza,Pereira,1,Afirmativo,20628,Boletín N° 11092-07,2023-05-08 19:06:49,128,0,0,0,2,Quórum Calificado,1,Aprobado,1,Proyecto de Ley,11092-07,General,"Letra h) del artículo 3°, contenido en el numeral 5; el inciso final del artículo 14 bis, contenido en el numeral 7;  la letra d) del inciso primero del artículo 24 y los incisos tercero y final del artículo 25, contenidos en el numeral 10; el artículo 30 sexies, el artículo 43, el inciso sexto del artículo 44, el inciso primero del artículo 45, el artículo 46, el inciso octavo del artículo 50, el artículo 55 (que pasó a ser 54) y el artículo 56 (que pasó a ser 55), contenidos en el numeral 12, todos del artículo primero del proyecto de ley.",Segundo Trámite,Primer Informe,1989-03-07,1,Masculino,10,2026-03-10 23:59:59,,True,PREP,Partido Republicano,PREP
1147,Helia,Molina,Milman,1,Afirmativo,20628,Boletín N° 11092-07,2023-05-08 19:06:49,128,0,0,0,2,Quórum Calificado,1,Aprobado,1,Proyecto de Ley,11092-07,General,"Letra h) del artículo 3°, contenido en el numeral 5; el inciso final del artículo 14 bis, contenido en el numeral 7;  la letra d) del inciso primero del artículo 24 y los incisos tercero y final del artículo 25, contenidos en el numeral 10; el artículo 30 sexies, el artículo 43, el inciso sexto del artículo 44, el inciso primero del artículo 45, el artículo 46, el inciso octavo del artículo 50, el artículo 55 (que pasó a ser 54) y el artículo 56 (que pasó a ser 55), contenidos en el numeral 12, todos del artículo primero del proyecto de ley.",Segundo Trámite,Primer Informe,1947-04-02,0,Femenino,10,2026-03-10 23:59:59,,True,PPD,Partido Por la Democracia,PPD
1149,Carla,Morales,Maldonado,1,Afirmativo,20628,Boletín N° 11092-07,2023-05-08 19:06:49,128,0,0,0,2,Quórum Calificado,1,Aprobado,1,Proyecto de Ley,11092-07,General,"Letra h) del artículo 3°, contenido en el numeral 5; el inciso final del artículo 14 bis, contenido en el numeral 7;  la letra d) del inciso primero del artículo 24 y los incisos tercero y final del artículo 25, contenidos en el numeral 10; el artículo 30 sexies, el artículo 43, el inciso sexto del artículo 44, el inciso primero del artículo 45, el artículo 46, el inciso octavo del artículo 50, el artículo 55 (que pasó a ser 54) y el artículo 56 (que pasó a ser 55), contenidos en el numeral 12, todos del artículo primero del proyecto de ley.",Segundo Trámite,Primer Informe,1977-10-27,0,Femenino,10,2026-03-10 23:59:59,,True,RN,Renovación Nacional,RN
1150,Benjamín,Moreno,Bascur,1,Afirmativo,20628,Boletín N° 11092-07,2023-05-08 19:06:49,128,0,0,0,2,Quórum Calificado,1,Aprobado,1,Proyecto de Ley,11092-07,General,"Letra h) del artículo 3°, contenido en el numeral 5; el inciso final del artículo 14 bis, contenido en el numeral 7;  la letra d) del inciso primero del artículo 24 y los incisos tercero y final del artículo 25, contenidos en el numeral 10; el artículo 30 sexies, el artículo 43, el inciso sexto del artículo 44, el inciso primero del artículo 45, el artículo 46, el inciso octavo del artículo 50, el artículo 55 (que pasó a ser 54) y el artículo 56 (que pasó a ser 55), contenidos en el numeral 12, todos del artículo primero del proyecto de ley.",Segundo Trámite,Primer Informe,1993-04-02,1,Masculino,10,2026-03-10 23:59:59,,True,PREP,Partido Republicano,PREP
1151,Camila,Musante,Müller,1,Afirmativo,20628,Boletín N° 11092-07,2023-05-08 19:06:49,128,0,0,0,2,Quórum Calificado,1,Aprobado,1,Proyecto de Ley,11092-07,General,"Letra h) del artículo 3°, contenido en el numeral 5; el inciso final del artículo 14 bis, contenido en el numeral 7;  la letra d) del inciso primero del artículo 24 y los incisos tercero y final del artículo 25, contenidos en el numeral 10; el artículo 30 sexies, el artículo 43, el inciso sexto del artículo 44, el inciso primero del artículo 45, el artículo 46, el inciso octavo del artículo 50, el artículo 55 (que pasó a ser 54) y el artículo 56 (que pasó a ser 55), contenidos en el numeral 12, todos del artículo primero del proyecto de ley.",Segundo Trámite,Primer Informe,1990-02-06,0,Femenino,10,2026-03-10 23:59:59,,True,IND,Independientes,IND
1153,Coca Ericka,Ñanco,Vásquez,1,Afirmativo,20628,Boletín N° 11092-07,2023-05-08 19:06:49,128,0,0,0,2,Quórum Calificado,1,Aprobado,1,Proyecto de Ley,11092-07,General,"Letra h) del artículo 3°, contenido en el numeral 5; el inciso final del artículo 14 bis, contenido en el numeral 7;  la letra d) del inciso primero del artículo 24 y los incisos tercero y final del artículo 25, contenidos en el numeral 10; el artículo 30 sexies, el artículo 43, el inciso sexto del artículo 44, el inciso primero del artículo 45, el artículo 46, el inciso octavo del artículo 50, el artículo 55 (que pasó a ser 54) y el artículo 56 (que pasó a ser 55), contenidos en el numeral 12, todos del artículo primero del proyecto de ley.",Segundo Trámite,Primer Informe,1992-03-20,0,Femenino,10,2026-03-10 23:59:59,,True,RD,Revolución Democrática,RD
1154,Mauricio,Ojeda,Rebolledo,1,Afirmativo,20628,Boletín N° 11092-07,2023-05-08 19:06:49,128,0,0,0,2,Quórum Calificado,1,Aprobado,1,Proyecto de Ley,11092-07,General,"Letra h) del artículo 3°, contenido en el numeral 5; el inciso final del artículo 14 bis, contenido en el numeral 7;  la letra d) del inciso primero del artículo 24 y los incisos tercero y final del artículo 25, contenidos en el numeral 10; el artículo 30 sexies, el artículo 43, el inciso sexto del artículo 44, el inciso primero del artículo 45, el artículo 46, el inciso octavo del artículo 50, el artículo 55 (que pasó a ser 54) y el artículo 56 (que pasó a ser 55), contenidos en el numeral 12, todos del artículo primero del proyecto de ley.",Segundo Trámite,Primer Informe,1982-01-19,1,Masculino,10,2026-03-10 23:59:59,,True,IND,Independientes,IND
1155,Rubén Darío,Oyarzo,Figueroa,1,Afirmativo,20628,Boletín N° 11092-07,2023-05-08 19:06:49,128,0,0,0,2,Quórum Calificado,1,Aprobado,1,Proyecto de Ley,11092-07,General,"Letra h) del artículo 3°, contenido en el numeral 5; el inciso final del artículo 14 bis, contenido en el numeral 7;  la letra d) del inciso primero del artículo 24 y los incisos tercero y final del artículo 25, contenidos en el numeral 10; el artículo 30 sexies, el artículo 43, el inciso sexto del artículo 44, el inciso primero del artículo 45, el artículo 46, el inciso octavo del artículo 50, el artículo 55 (que pasó a ser 54) y el artículo 56 (que pasó a ser 55), contenidos en el numeral 12, todos del artículo primero del proyecto de ley.",Segundo Trámite,Primer Informe,1980-12-13,1,Masculino,10,2026-03-10 23:59:59,,True,PDG,Partido de la Gente,PDG
1156,Hernán,Palma,Pérez,1,Afirmativo,20628,Boletín N° 11092-07,2023-05-08 19:06:49,128,0,0,0,2,Quórum Calificado,1,Aprobado,1,Proyecto de Ley,11092-07,General,"Letra h) del artículo 3°, contenido en el numeral 5; el inciso final del artículo 14 bis, contenido en el numeral 7;  la letra d) del inciso primero del artículo 24 y los incisos tercero y final del artículo 25, contenidos en el numeral 10; el artículo 30 sexies, el artículo 43, el inciso sexto del artículo 44, el inciso primero del artículo 45, el artículo 46, el inciso octavo del artículo 50, el artículo 55 (que pasó a ser 54) y el artículo 56 (que pasó a ser 55), contenidos en el numeral 12, todos del artículo primero del proyecto de ley.",Segundo Trámite,Primer Informe,1958-11-03,1,Masculino,10,2026-03-10 23:59:59,,True,IND,Independientes,IND
1158,Víctor Alejandro,Pino,Fuentes,1,Afirmativo,20628,Boletín N° 11092-07,2023-05-08 19:06:49,128,0,0,0,2,Quórum Calificado,1,Aprobado,1,Proyecto de Ley,11092-07,General,"Letra h) del artículo 3°, contenido en el numeral 5; el inciso final del artículo 14 bis, contenido en el numeral 7;  la letra d) del inciso primero del artículo 24 y los incisos tercero y final del artículo 25, contenidos en el numeral 10; el artículo 30 sexies, el artículo 43, el inciso sexto del artículo 44, el inciso primero del artículo 45, el artículo 46, el inciso octavo del artículo 50, el artículo 55 (que pasó a ser 54) y el artículo 56 (que pasó a ser 55), contenidos en el numeral 12, todos del artículo primero del proyecto de ley.",Segundo Trámite,Primer Informe,1974-12-08,1,Masculino,10,2026-03-10 23:59:59,,True,IND,Independientes,IND
1159,Lorena,Pizarro,Sierra,1,Afirmativo,20628,Boletín N° 11092-07,2023-05-08 19:06:49,128,0,0,0,2,Quórum Calificado,1,Aprobado,1,Proyecto de Ley,11092-07,General,"Letra h) del artículo 3°, contenido en el numeral 5; el inciso final del artículo 14 bis, contenido en el numeral 7;  la letra d) del inciso primero del artículo 24 y los incisos tercero y final del artículo 25, contenidos en el numeral 10; el artículo 30 sexies, el artículo 43, el inciso sexto del artículo 44, el inciso primero del artículo 45, el artículo 46, el inciso octavo del artículo 50, el artículo 55 (que pasó a ser 54) y el artículo 56 (que pasó a ser 55), contenidos en el numeral 12, todos del artículo primero del proyecto de ley.",Segundo Trámite,Primer Informe,1966-02-14,0,Femenino,10,2026-03-10 23:59:59,,True,PC,Partido Comunista,PC
1160,Alejandra,Placencia,Cabello,1,Afirmativo,20628,Boletín N° 11092-07,2023-05-08 19:06:49,128,0,0,0,2,Quórum Calificado,1,Aprobado,1,Proyecto de Ley,11092-07,General,"Letra h) del artículo 3°, contenido en el numeral 5; el inciso final del artículo 14 bis, contenido en el numeral 7;  la letra d) del inciso primero del artículo 24 y los incisos tercero y final del artículo 25, contenidos en el numeral 10; el artículo 30 sexies, el artículo 43, el inciso sexto del artículo 44, el inciso primero del artículo 45, el artículo 46, el inciso octavo del artículo 50, el artículo 55 (que pasó a ser 54) y el artículo 56 (que pasó a ser 55), contenidos en el numeral 12, todos del artículo primero del proyecto de ley.",Segundo Trámite,Primer Informe,1978-02-14,0,Femenino,10,2026-03-10 23:59:59,,True,PC,Partido Comunista,PC
1161,Francisco,Pulgar,Castillo,1,Afirmativo,20628,Boletín N° 11092-07,2023-05-08 19:06:49,128,0,0,0,2,Quórum Calificado,1,Aprobado,1,Proyecto de Ley,11092-07,General,"Letra h) del artículo 3°, contenido en el numeral 5; el inciso final del artículo 14 bis, contenido en el numeral 7;  la letra d) del inciso primero del artículo 24 y los incisos tercero y final del artículo 25, contenidos en el numeral 10; el artículo 30 sexies, el artículo 43, el inciso sexto del artículo 44, el inciso primero del artículo 45, el artículo 46, el inciso octavo del artículo 50, el artículo 55 (que pasó a ser 54) y el artículo 56 (que pasó a ser 55), contenidos en el numeral 12, todos del artículo primero del proyecto de ley.",Segundo Trámite,Primer Informe,1971-05-27,1,Masculino,10,2026-03-10 23:59:59,,True,IND,Independientes,IND
1162,Matías,Ramírez,Pascal,1,Afirmativo,20628,Boletín N° 11092-07,2023-05-08 19:06:49,128,0,0,0,2,Quórum Calificado,1,Aprobado,1,Proyecto de Ley,11092-07,General,"Letra h) del artículo 3°, contenido en el numeral 5; el inciso final del artículo 14 bis, contenido en el numeral 7;  la letra d) del inciso primero del artículo 24 y los incisos tercero y final del artículo 25, contenidos en el numeral 10; el artículo 30 sexies, el artículo 43, el inciso sexto del artículo 44, el inciso primero del artículo 45, el artículo 46, el inciso octavo del artículo 50, el artículo 55 (que pasó a ser 54) y el artículo 56 (que pasó a ser 55), contenidos en el numeral 12, todos del artículo primero del proyecto de ley.",Segundo Trámite,Primer Informe,1984-11-14,1,Masculino,10,2026-03-10 23:59:59,,True,PC,Partido Comunista,PC
1163,Marcia,Raphael,Mora,1,Afirmativo,20628,Boletín N° 11092-07,2023-05-08 19:06:49,128,0,0,0,2,Quórum Calificado,1,Aprobado,1,Proyecto de Ley,11092-07,General,"Letra h) del artículo 3°, contenido en el numeral 5; el inciso final del artículo 14 bis, contenido en el numeral 7;  la letra d) del inciso primero del artículo 24 y los incisos tercero y final del artículo 25, contenidos en el numeral 10; el artículo 30 sexies, el artículo 43, el inciso sexto del artículo 44, el inciso primero del artículo 45, el artículo 46, el inciso octavo del artículo 50, el artículo 55 (que pasó a ser 54) y el artículo 56 (que pasó a ser 55), contenidos en el numeral 12, todos del artículo primero del proyecto de ley.",Segundo Trámite,Primer Informe,1963-12-06,0,Femenino,10,2026-03-10 23:59:59,,True,RN,Renovación Nacional,RN
1164,Marcela,Riquelme,Aliaga,1,Afirmativo,20628,Boletín N° 11092-07,2023-05-08 19:06:49,128,0,0,0,2,Quórum Calificado,1,Aprobado,1,Proyecto de Ley,11092-07,General,"Letra h) del artículo 3°, contenido en el numeral 5; el inciso final del artículo 14 bis, contenido en el numeral 7;  la letra d) del inciso primero del artículo 24 y los incisos tercero y final del artículo 25, contenidos en el numeral 10; el artículo 30 sexies, el artículo 43, el inciso sexto del artículo 44, el inciso primero del artículo 45, el artículo 46, el inciso octavo del artículo 50, el artículo 55 (que pasó a ser 54) y el artículo 56 (que pasó a ser 55), contenidos en el numeral 12, todos del artículo primero del proyecto de ley.",Segundo Trámite,Primer Informe,1973-03-04,0,Femenino,10,2026-03-10 23:59:59,,True,IND,Independientes,IND
1165,Agustín,Romero,Leiva,1,Afirmativo,20628,Boletín N° 11092-07,2023-05-08 19:06:49,128,0,0,0,2,Quórum Calificado,1,Aprobado,1,Proyecto de Ley,11092-07,General,"Letra h) del artículo 3°, contenido en el numeral 5; el inciso final del artículo 14 bis, contenido en el numeral 7;  la letra d) del inciso primero del artículo 24 y los incisos tercero y final del artículo 25, contenidos en el numeral 10; el artículo 30 sexies, el artículo 43, el inciso sexto del artículo 44, el inciso primero del artículo 45, el artículo 46, el inciso octavo del artículo 50, el artículo 55 (que pasó a ser 54) y el artículo 56 (que pasó a ser 55), contenidos en el numeral 12, todos del artículo primero del proyecto de ley.",Segundo Trámite,Primer Informe,1975-01-03,1,Masculino,10,2026-03-10 23:59:59,,True,PREP,Partido Republicano,PREP
1166,Natalia,Romero,Talguia,1,Afirmativo,20628,Boletín N° 11092-07,2023-05-08 19:06:49,128,0,0,0,2,Quórum Calificado,1,Aprobado,1,Proyecto de Ley,11092-07,General,"Letra h) del artículo 3°, contenido en el numeral 5; el inciso final del artículo 14 bis, contenido en el numeral 7;  la letra d) del inciso primero del artículo 24 y los incisos tercero y final del artículo 25, contenidos en el numeral 10; el artículo 30 sexies, el artículo 43, el inciso sexto del artículo 44, el inciso primero del artículo 45, el artículo 46, el inciso octavo del artículo 50, el artículo 55 (que pasó a ser 54) y el artículo 56 (que pasó a ser 55), contenidos en el numeral 12, todos del artículo primero del proyecto de ley.",Segundo Trámite,Primer Informe,1985-06-29,0,Femenino,10,2026-03-10 23:59:59,,True,IND,Independientes,IND
1167,Jaime,Sáez,Quiroz,1,Afirmativo,20628,Boletín N° 11092-07,2023-05-08 19:06:49,128,0,0,0,2,Quórum Calificado,1,Aprobado,1,Proyecto de Ley,11092-07,General,"Letra h) del artículo 3°, contenido en el numeral 5; el inciso final del artículo 14 bis, contenido en el numeral 7;  la letra d) del inciso primero del artículo 24 y los incisos tercero y final del artículo 25, contenidos en el numeral 10; el artículo 30 sexies, el artículo 43, el inciso sexto del artículo 44, el inciso primero del artículo 45, el artículo 46, el inciso octavo del artículo 50, el artículo 55 (que pasó a ser 54) y el artículo 56 (que pasó a ser 55), contenidos en el numeral 12, todos del artículo primero del proyecto de ley.",Segundo Trámite,Primer Informe,1985-12-09,1,Masculino,10,2026-03-10 23:59:59,,True,RD,Revolución Democrática,RD
1168,Jorge,Saffirio,Espinoza,1,Afirmativo,20628,Boletín N° 11092-07,2023-05-08 19:06:49,128,0,0,0,2,Quórum Calificado,1,Aprobado,1,Proyecto de Ley,11092-07,General,"Letra h) del artículo 3°, contenido en el numeral 5; el inciso final del artículo 14 bis, contenido en el numeral 7;  la letra d) del inciso primero del artículo 24 y los incisos tercero y final del artículo 25, contenidos en el numeral 10; el artículo 30 sexies, el artículo 43, el inciso sexto del artículo 44, el inciso primero del artículo 45, el artículo 46, el inciso octavo del artículo 50, el artículo 55 (que pasó a ser 54) y el artículo 56 (que pasó a ser 55), contenidos en el numeral 12, todos del artículo primero del proyecto de ley.",Segundo Trámite,Primer Informe,1953-06-09,1,Masculino,10,2026-03-10 23:59:59,,True,IND,Independientes,IND
1169,Clara,Sagardía,Cabezas,1,Afirmativo,20628,Boletín N° 11092-07,2023-05-08 19:06:49,128,0,0,0,2,Quórum Calificado,1,Aprobado,1,Proyecto de Ley,11092-07,General,"Letra h) del artículo 3°, contenido en el numeral 5; el inciso final del artículo 14 bis, contenido en el numeral 7;  la letra d) del inciso primero del artículo 24 y los incisos tercero y final del artículo 25, contenidos en el numeral 10; el artículo 30 sexies, el artículo 43, el inciso sexto del artículo 44, el inciso primero del artículo 45, el artículo 46, el inciso octavo del artículo 50, el artículo 55 (que pasó a ser 54) y el artículo 56 (que pasó a ser 55), contenidos en el numeral 12, todos del artículo primero del proyecto de ley.",Segundo Trámite,Primer Informe,1952-08-13,0,Femenino,10,2026-03-10 23:59:59,,True,IND,Independientes,IND
1170,Luis,Sánchez,Ossa,1,Afirmativo,20628,Boletín N° 11092-07,2023-05-08 19:06:49,128,0,0,0,2,Quórum Calificado,1,Aprobado,1,Proyecto de Ley,11092-07,General,"Letra h) del artículo 3°, contenido en el numeral 5; el inciso final del artículo 14 bis, contenido en el numeral 7;  la letra d) del inciso primero del artículo 24 y los incisos tercero y final del artículo 25, contenidos en el numeral 10; el artículo 30 sexies, el artículo 43, el inciso sexto del artículo 44, el inciso primero del artículo 45, el artículo 46, el inciso octavo del artículo 50, el artículo 55 (que pasó a ser 54) y el artículo 56 (que pasó a ser 55), contenidos en el numeral 12, todos del artículo primero del proyecto de ley.",Segundo Trámite,Primer Informe,1988-10-04,1,Masculino,10,2026-03-10 23:59:59,,True,PREP,Partido Republicano,PREP
1172,Stephan,Schubert,Rubio,1,Afirmativo,20628,Boletín N° 11092-07,2023-05-08 19:06:49,128,0,0,0,2,Quórum Calificado,1,Aprobado,1,Proyecto de Ley,11092-07,General,"Letra h) del artículo 3°, contenido en el numeral 5; el inciso final del artículo 14 bis, contenido en el numeral 7;  la letra d) del inciso primero del artículo 24 y los incisos tercero y final del artículo 25, contenidos en el numeral 10; el artículo 30 sexies, el artículo 43, el inciso sexto del artículo 44, el inciso primero del artículo 45, el artículo 46, el inciso octavo del artículo 50, el artículo 55 (que pasó a ser 54) y el artículo 56 (que pasó a ser 55), contenidos en el numeral 12, todos del artículo primero del proyecto de ley.",Segundo Trámite,Primer Informe,1977-12-19,1,Masculino,10,2026-03-10 23:59:59,,True,IND,Independientes,IND
1173,Daniela,Serrano,Salazar,1,Afirmativo,20628,Boletín N° 11092-07,2023-05-08 19:06:49,128,0,0,0,2,Quórum Calificado,1,Aprobado,1,Proyecto de Ley,11092-07,General,"Letra h) del artículo 3°, contenido en el numeral 5; el inciso final del artículo 14 bis, contenido en el numeral 7;  la letra d) del inciso primero del artículo 24 y los incisos tercero y final del artículo 25, contenidos en el numeral 10; el artículo 30 sexies, el artículo 43, el inciso sexto del artículo 44, el inciso primero del artículo 45, el artículo 46, el inciso octavo del artículo 50, el artículo 55 (que pasó a ser 54) y el artículo 56 (que pasó a ser 55), contenidos en el numeral 12, todos del artículo primero del proyecto de ley.",Segundo Trámite,Primer Informe,1995-03-17,0,Femenino,10,2026-03-10 23:59:59,,True,PC,Partido Comunista,PC
1174,Marco Antonio,Sulantay,Olivares,1,Afirmativo,20628,Boletín N° 11092-07,2023-05-08 19:06:49,128,0,0,0,2,Quórum Calificado,1,Aprobado,1,Proyecto de Ley,11092-07,General,"Letra h) del artículo 3°, contenido en el numeral 5; el inciso final del artículo 14 bis, contenido en el numeral 7;  la letra d) del inciso primero del artículo 24 y los incisos tercero y final del artículo 25, contenidos en el numeral 10; el artículo 30 sexies, el artículo 43, el inciso sexto del artículo 44, el inciso primero del artículo 45, el artículo 46, el inciso octavo del artículo 50, el artículo 55 (que pasó a ser 54) y el artículo 56 (que pasó a ser 55), contenidos en el numeral 12, todos del artículo primero del proyecto de ley.",Segundo Trámite,Primer Informe,1973-03-31,1,Masculino,10,2026-03-10 23:59:59,,True,UDI,Unión Demócrata Independiente,UDI
1176,Hotuiti,Teao,Drago,1,Afirmativo,20628,Boletín N° 11092-07,2023-05-08 19:06:49,128,0,0,0,2,Quórum Calificado,1,Aprobado,1,Proyecto de Ley,11092-07,General,"Letra h) del artículo 3°, contenido en el numeral 5; el inciso final del artículo 14 bis, contenido en el numeral 7;  la letra d) del inciso primero del artículo 24 y los incisos tercero y final del artículo 25, contenidos en el numeral 10; el artículo 30 sexies, el artículo 43, el inciso sexto del artículo 44, el inciso primero del artículo 45, el artículo 46, el inciso octavo del artículo 50, el artículo 55 (que pasó a ser 54) y el artículo 56 (que pasó a ser 55), contenidos en el numeral 12, todos del artículo primero del proyecto de ley.",Segundo Trámite,Primer Informe,1977-08-01,1,Masculino,10,2026-03-10 23:59:59,,True,IND,Independientes,IND
1177,Carolina,Tello,Rojas,1,Afirmativo,20628,Boletín N° 11092-07,2023-05-08 19:06:49,128,0,0,0,2,Quórum Calificado,1,Aprobado,1,Proyecto de Ley,11092-07,General,"Letra h) del artículo 3°, contenido en el numeral 5; el inciso final del artículo 14 bis, contenido en el numeral 7;  la letra d) del inciso primero del artículo 24 y los incisos tercero y final del artículo 25, contenidos en el numeral 10; el artículo 30 sexies, el artículo 43, el inciso sexto del artículo 44, el inciso primero del artículo 45, el artículo 46, el inciso octavo del artículo 50, el artículo 55 (que pasó a ser 54) y el artículo 56 (que pasó a ser 55), contenidos en el numeral 12, todos del artículo primero del proyecto de ley.",Segundo Trámite,Primer Informe,1985-10-01,0,Femenino,10,2026-03-10 23:59:59,,True,PC,Partido Comunista,PC
1178,Héctor,Ulloa,Aguilera,1,Afirmativo,20628,Boletín N° 11092-07,2023-05-08 19:06:49,128,0,0,0,2,Quórum Calificado,1,Aprobado,1,Proyecto de Ley,11092-07,General,"Letra h) del artículo 3°, contenido en el numeral 5; el inciso final del artículo 14 bis, contenido en el numeral 7;  la letra d) del inciso primero del artículo 24 y los incisos tercero y final del artículo 25, contenidos en el numeral 10; el artículo 30 sexies, el artículo 43, el inciso sexto del artículo 44, el inciso primero del artículo 45, el artículo 46, el inciso octavo del artículo 50, el artículo 55 (que pasó a ser 54) y el artículo 56 (que pasó a ser 55), contenidos en el numeral 12, todos del artículo primero del proyecto de ley.",Segundo Trámite,Primer Informe,1969-08-06,1,Masculino,10,2026-03-10 23:59:59,,True,IND,Independientes,IND
1179,Alberto,Undurraga,Vicuña,1,Afirmativo,20628,Boletín N° 11092-07,2023-05-08 19:06:49,128,0,0,0,2,Quórum Calificado,1,Aprobado,1,Proyecto de Ley,11092-07,General,"Letra h) del artículo 3°, contenido en el numeral 5; el inciso final del artículo 14 bis, contenido en el numeral 7;  la letra d) del inciso primero del artículo 24 y los incisos tercero y final del artículo 25, contenidos en el numeral 10; el artículo 30 sexies, el artículo 43, el inciso sexto del artículo 44, el inciso primero del artículo 45, el artículo 46, el inciso octavo del artículo 50, el artículo 55 (que pasó a ser 54) y el artículo 56 (que pasó a ser 55), contenidos en el numeral 12, todos del artículo primero del proyecto de ley.",Segundo Trámite,Primer Informe,1969-06-17,1,Masculino,10,2026-03-10 23:59:59,,True,DC,Partido Demócrata Cristiano,DC
1180,Consuelo,Veloso,Ávila,1,Afirmativo,20628,Boletín N° 11092-07,2023-05-08 19:06:49,128,0,0,0,2,Quórum Calificado,1,Aprobado,1,Proyecto de Ley,11092-07,General,"Letra h) del artículo 3°, contenido en el numeral 5; el inciso final del artículo 14 bis, contenido en el numeral 7;  la letra d) del inciso primero del artículo 24 y los incisos tercero y final del artículo 25, contenidos en el numeral 10; el artículo 30 sexies, el artículo 43, el inciso sexto del artículo 44, el inciso primero del artículo 45, el artículo 46, el inciso octavo del artículo 50, el artículo 55 (que pasó a ser 54) y el artículo 56 (que pasó a ser 55), contenidos en el numeral 12, todos del artículo primero del proyecto de ley.",Segundo Trámite,Primer Informe,1994-02-11,0,Femenino,10,2026-03-10 23:59:59,,True,RD,Revolución Democrática,RD
1182,Sebastián,Videla,Castillo,1,Afirmativo,20628,Boletín N° 11092-07,2023-05-08 19:06:49,128,0,0,0,2,Quórum Calificado,1,Aprobado,1,Proyecto de Ley,11092-07,General,"Letra h) del artículo 3°, contenido en el numeral 5; el inciso final del artículo 14 bis, contenido en el numeral 7;  la letra d) del inciso primero del artículo 24 y los incisos tercero y final del artículo 25, contenidos en el numeral 10; el artículo 30 sexies, el artículo 43, el inciso sexto del artículo 44, el inciso primero del artículo 45, el artículo 46, el inciso octavo del artículo 50, el artículo 55 (que pasó a ser 54) y el artículo 56 (que pasó a ser 55), contenidos en el numeral 12, todos del artículo primero del proyecto de ley.",Segundo Trámite,Primer Informe,1986-04-29,1,Masculino,10,2026-03-10 23:59:59,,True,IND,Independientes,IND
1183,Flor,Weisse,Novoa,1,Afirmativo,20628,Boletín N° 11092-07,2023-05-08 19:06:49,128,0,0,0,2,Quórum Calificado,1,Aprobado,1,Proyecto de Ley,11092-07,General,"Letra h) del artículo 3°, contenido en el numeral 5; el inciso final del artículo 14 bis, contenido en el numeral 7;  la letra d) del inciso primero del artículo 24 y los incisos tercero y final del artículo 25, contenidos en el numeral 10; el artículo 30 sexies, el artículo 43, el inciso sexto del artículo 44, el inciso primero del artículo 45, el artículo 46, el inciso octavo del artículo 50, el artículo 55 (que pasó a ser 54) y el artículo 56 (que pasó a ser 55), contenidos en el numeral 12, todos del artículo primero del proyecto de ley.",Segundo Trámite,Primer Informe,1960-03-27,0,Femenino,10,2026-03-10 23:59:59,,True,UDI,Unión Demócrata Independiente,UDI
74,Jaime,Naranjo,Ortiz,1,Afirmativo,20628,Boletín N° 11092-07,2023-05-08 19:06:49,128,0,0,0,2,Quórum Calificado,1,Aprobado,1,Proyecto de Ley,11092-07,General,"Letra h) del artículo 3°, contenido en el numeral 5; el inciso final del artículo 14 bis, contenido en el numeral 7;  la letra d) del inciso primero del artículo 24 y los incisos tercero y final del artículo 25, contenidos en el numeral 10; el artículo 30 sexies, el artículo 43, el inciso sexto del artículo 44, el inciso primero del artículo 45, el artículo 46, el inciso octavo del artículo 50, el artículo 55 (que pasó a ser 54) y el artículo 56 (que pasó a ser 55), contenidos en el numeral 12, todos del artículo primero del proyecto de ley.",Segundo Trámite,Primer Informe,1951-01-12,1,Masculino,10,2026-03-10 23:59:59,,True,PS,Partido Socialista,PS
803,René,Alinco,Bustos,1,Afirmativo,20628,Boletín N° 11092-07,2023-05-08 19:06:49,128,0,0,0,2,Quórum Calificado,1,Aprobado,1,Proyecto de Ley,11092-07,General,"Letra h) del artículo 3°, contenido en el numeral 5; el inciso final del artículo 14 bis, contenido en el numeral 7;  la letra d) del inciso primero del artículo 24 y los incisos tercero y final del artículo 25, contenidos en el numeral 10; el artículo 30 sexies, el artículo 43, el inciso sexto del artículo 44, el inciso primero del artículo 45, el artículo 46, el inciso octavo del artículo 50, el artículo 55 (que pasó a ser 54) y el artículo 56 (que pasó a ser 55), contenidos en el numeral 12, todos del artículo primero del proyecto de ley.",Segundo Trámite,Primer Informe,1958-06-02,1,Masculino,10,2026-03-10 23:59:59,,True,IND,Independientes,IND
815,Sergio,Bobadilla,Muñoz,1,Afirmativo,20628,Boletín N° 11092-07,2023-05-08 19:06:49,128,0,0,0,2,Quórum Calificado,1,Aprobado,1,Proyecto de Ley,11092-07,General,"Letra h) del artículo 3°, contenido en el numeral 5; el inciso final del artículo 14 bis, contenido en el numeral 7;  la letra d) del inciso primero del artículo 24 y los incisos tercero y final del artículo 25, contenidos en el numeral 10; el artículo 30 sexies, el artículo 43, el inciso sexto del artículo 44, el inciso primero del artículo 45, el artículo 46, el inciso octavo del artículo 50, el artículo 55 (que pasó a ser 54) y el artículo 56 (que pasó a ser 55), contenidos en el numeral 12, todos del artículo primero del proyecto de ley.",Segundo Trámite,Primer Informe,1958-03-25,1,Masculino,10,2026-03-10 23:59:59,,True,UDI,Unión Demócrata Independiente,UDI
917,Gastón,Von Mühlenbrock,Zamora,1,Afirmativo,20628,Boletín N° 11092-07,2023-05-08 19:06:49,128,0,0,0,2,Quórum Calificado,1,Aprobado,1,Proyecto de Ley,11092-07,General,"Letra h) del artículo 3°, contenido en el numeral 5; el inciso final del artículo 14 bis, contenido en el numeral 7;  la letra d) del inciso primero del artículo 24 y los incisos tercero y final del artículo 25, contenidos en el numeral 10; el artículo 30 sexies, el artículo 43, el inciso sexto del artículo 44, el inciso primero del artículo 45, el artículo 46, el inciso octavo del artículo 50, el artículo 55 (que pasó a ser 54) y el artículo 56 (que pasó a ser 55), contenidos en el numeral 12, todos del artículo primero del proyecto de ley.",Segundo Trámite,Primer Informe,1954-12-26,1,Masculino,10,2026-03-10 23:59:59,,True,UDI,Unión Demócrata Independiente,UDI
948,Gaspar,Rivas,Sánchez,1,Afirmativo,20628,Boletín N° 11092-07,2023-05-08 19:06:49,128,0,0,0,2,Quórum Calificado,1,Aprobado,1,Proyecto de Ley,11092-07,General,"Letra h) del artículo 3°, contenido en el numeral 5; el inciso final del artículo 14 bis, contenido en el numeral 7;  la letra d) del inciso primero del artículo 24 y los incisos tercero y final del artículo 25, contenidos en el numeral 10; el artículo 30 sexies, el artículo 43, el inciso sexto del artículo 44, el inciso primero del artículo 45, el artículo 46, el inciso octavo del artículo 50, el artículo 55 (que pasó a ser 54) y el artículo 56 (que pasó a ser 55), contenidos en el numeral 12, todos del artículo primero del proyecto de ley.",Segundo Trámite,Primer Informe,1978-05-17,1,Masculino,10,2026-03-10 23:59:59,,True,PDG,Partido de la Gente,PDG
953,Frank,Sauerbaum,Muñoz,1,Afirmativo,20628,Boletín N° 11092-07,2023-05-08 19:06:49,128,0,0,0,2,Quórum Calificado,1,Aprobado,1,Proyecto de Ley,11092-07,General,"Letra h) del artículo 3°, contenido en el numeral 5; el inciso final del artículo 14 bis, contenido en el numeral 7;  la letra d) del inciso primero del artículo 24 y los incisos tercero y final del artículo 25, contenidos en el numeral 10; el artículo 30 sexies, el artículo 43, el inciso sexto del artículo 44, el inciso primero del artículo 45, el artículo 46, el inciso octavo del artículo 50, el artículo 55 (que pasó a ser 54) y el artículo 56 (que pasó a ser 55), contenidos en el numeral 12, todos del artículo primero del proyecto de ley.",Segundo Trámite,Primer Informe,1972-11-21,1,Masculino,10,2026-03-10 23:59:59,,True,RN,Renovación Nacional,RN
971,Bernardo,Berger,Fett,1,Afirmativo,20628,Boletín N° 11092-07,2023-05-08 19:06:49,128,0,0,0,2,Quórum Calificado,1,Aprobado,1,Proyecto de Ley,11092-07,General,"Letra h) del artículo 3°, contenido en el numeral 5; el inciso final del artículo 14 bis, contenido en el numeral 7;  la letra d) del inciso primero del artículo 24 y los incisos tercero y final del artículo 25, contenidos en el numeral 10; el artículo 30 sexies, el artículo 43, el inciso sexto del artículo 44, el inciso primero del artículo 45, el artículo 46, el inciso octavo del artículo 50, el artículo 55 (que pasó a ser 54) y el artículo 56 (que pasó a ser 55), contenidos en el numeral 12, todos del artículo primero del proyecto de ley.",Segundo Trámite,Primer Informe,1946-10-04,1,Masculino,10,2026-03-10 23:59:59,,True,IND,Independientes,IND
973,Karol,Cariola,Oliva,1,Afirmativo,20628,Boletín N° 11092-07,2023-05-08 19:06:49,128,0,0,0,2,Quórum Calificado,1,Aprobado,1,Proyecto de Ley,11092-07,General,"Letra h) del artículo 3°, contenido en el numeral 5; el inciso final del artículo 14 bis, contenido en el numeral 7;  la letra d) del inciso primero del artículo 24 y los incisos tercero y final del artículo 25, contenidos en el numeral 10; el artículo 30 sexies, el artículo 43, el inciso sexto del artículo 44, el inciso primero del artículo 45, el artículo 46, el inciso octavo del artículo 50, el artículo 55 (que pasó a ser 54) y el artículo 56 (que pasó a ser 55), contenidos en el numeral 12, todos del artículo primero del proyecto de ley.",Segundo Trámite,Primer Informe,1987-04-01,0,Femenino,10,2026-03-10 23:59:59,,True,PC,Partido Comunista,PC
975,Daniella,Cicardini,Milla,1,Afirmativo,20628,Boletín N° 11092-07,2023-05-08 19:06:49,128,0,0,0,2,Quórum Calificado,1,Aprobado,1,Proyecto de Ley,11092-07,General,"Letra h) del artículo 3°, contenido en el numeral 5; el inciso final del artículo 14 bis, contenido en el numeral 7;  la letra d) del inciso primero del artículo 24 y los incisos tercero y final del artículo 25, contenidos en el numeral 10; el artículo 30 sexies, el artículo 43, el inciso sexto del artículo 44, el inciso primero del artículo 45, el artículo 46, el inciso octavo del artículo 50, el artículo 55 (que pasó a ser 54) y el artículo 56 (que pasó a ser 55), contenidos en el numeral 12, todos del artículo primero del proyecto de ley.",Segundo Trámite,Primer Informe,1987-12-31,0,Femenino,10,2026-03-10 23:59:59,,True,PS,Partido Socialista,PS
976,Juan Antonio,Coloma,Álamos,1,Afirmativo,20628,Boletín N° 11092-07,2023-05-08 19:06:49,128,0,0,0,2,Quórum Calificado,1,Aprobado,1,Proyecto de Ley,11092-07,General,"Letra h) del artículo 3°, contenido en el numeral 5; el inciso final del artículo 14 bis, contenido en el numeral 7;  la letra d) del inciso primero del artículo 24 y los incisos tercero y final del artículo 25, contenidos en el numeral 10; el artículo 30 sexies, el artículo 43, el inciso sexto del artículo 44, el inciso primero del artículo 45, el artículo 46, el inciso octavo del artículo 50, el artículo 55 (que pasó a ser 54) y el artículo 56 (que pasó a ser 55), contenidos en el numeral 12, todos del artículo primero del proyecto de ley.",Segundo Trámite,Primer Informe,1980-03-14,1,Masculino,10,2026-03-10 23:59:59,,True,UDI,Unión Demócrata Independiente,UDI
990,Daniel,Melo,Contreras,1,Afirmativo,20628,Boletín N° 11092-07,2023-05-08 19:06:49,128,0,0,0,2,Quórum Calificado,1,Aprobado,1,Proyecto de Ley,11092-07,General,"Letra h) del artículo 3°, contenido en el numeral 5; el inciso final del artículo 14 bis, contenido en el numeral 7;  la letra d) del inciso primero del artículo 24 y los incisos tercero y final del artículo 25, contenidos en el numeral 10; el artículo 30 sexies, el artículo 43, el inciso sexto del artículo 44, el inciso primero del artículo 45, el artículo 46, el inciso octavo del artículo 50, el artículo 55 (que pasó a ser 54) y el artículo 56 (que pasó a ser 55), contenidos en el numeral 12, todos del artículo primero del proyecto de ley.",Segundo Trámite,Primer Informe,1979-02-18,1,Masculino,10,2026-03-10 23:59:59,,True,PS,Partido Socialista,PS
991,Vlado,Mirosevic,Verdugo,1,Afirmativo,20628,Boletín N° 11092-07,2023-05-08 19:06:49,128,0,0,0,2,Quórum Calificado,1,Aprobado,1,Proyecto de Ley,11092-07,General,"Letra h) del artículo 3°, contenido en el numeral 5; el inciso final del artículo 14 bis, contenido en el numeral 7;  la letra d) del inciso primero del artículo 24 y los incisos tercero y final del artículo 25, contenidos en el numeral 10; el artículo 30 sexies, el artículo 43, el inciso sexto del artículo 44, el inciso primero del artículo 45, el artículo 46, el inciso octavo del artículo 50, el artículo 55 (que pasó a ser 54) y el artículo 56 (que pasó a ser 55), contenidos en el numeral 12, todos del artículo primero del proyecto de ley.",Segundo Trámite,Primer Informe,1987-05-23,1,Masculino,10,2026-03-10 23:59:59,,True,PL,Partido Liberal de Chile,PL
999,Jorge,Rathgeb,Schifferli,1,Afirmativo,20628,Boletín N° 11092-07,2023-05-08 19:06:49,128,0,0,0,2,Quórum Calificado,1,Aprobado,1,Proyecto de Ley,11092-07,General,"Letra h) del artículo 3°, contenido en el numeral 5; el inciso final del artículo 14 bis, contenido en el numeral 7;  la letra d) del inciso primero del artículo 24 y los incisos tercero y final del artículo 25, contenidos en el numeral 10; el artículo 30 sexies, el artículo 43, el inciso sexto del artículo 44, el inciso primero del artículo 45, el artículo 46, el inciso octavo del artículo 50, el artículo 55 (que pasó a ser 54) y el artículo 56 (que pasó a ser 55), contenidos en el numeral 12, todos del artículo primero del proyecto de ley.",Segundo Trámite,Primer Informe,1967-12-28,1,Masculino,10,2026-03-10 23:59:59,,True,RN,Renovación Nacional,RN
1002,Leonardo,Soto,Ferrada,1,Afirmativo,20629,Boletín N° 11092-07,2023-05-08 19:08:21,90,42,3,0,1,Quórum Simple,1,Aprobado,1,Proyecto de Ley,11092-07,Particular,"Encabezado del artículo 14 ter, contenido en el numeral 7) del artículo primero del proyecto, en los términos sugeridos por la Comisión de Constitución.
",Segundo Trámite,Primer Informe,1966-05-15,1,Masculino,10,2026-03-10 23:59:59,,True,PS,Partido Socialista,PS
1003,Renzo,Trisotti,Martínez,0,En Contra,20629,Boletín N° 11092-07,2023-05-08 19:08:21,90,42,3,0,1,Quórum Simple,1,Aprobado,1,Proyecto de Ley,11092-07,Particular,"Encabezado del artículo 14 ter, contenido en el numeral 7) del artículo primero del proyecto, en los términos sugeridos por la Comisión de Constitución.
",Segundo Trámite,Primer Informe,1976-03-15,1,Masculino,10,2026-03-10 23:59:59,,True,UDI,Unión Demócrata Independiente,UDI
1009,Jorge,Alessandri,Vergara,0,En Contra,20629,Boletín N° 11092-07,2023-05-08 19:08:21,90,42,3,0,1,Quórum Simple,1,Aprobado,1,Proyecto de Ley,11092-07,Particular,"Encabezado del artículo 14 ter, contenido en el numeral 7) del artículo primero del proyecto, en los términos sugeridos por la Comisión de Constitución.
",Segundo Trámite,Primer Informe,1979-06-08,1,Masculino,10,2026-03-10 23:59:59,,True,UDI,Unión Demócrata Independiente,UDI
1012,Boris,Barrera,Moreno,1,Afirmativo,20629,Boletín N° 11092-07,2023-05-08 19:08:21,90,42,3,0,1,Quórum Simple,1,Aprobado,1,Proyecto de Ley,11092-07,Particular,"Encabezado del artículo 14 ter, contenido en el numeral 7) del artículo primero del proyecto, en los términos sugeridos por la Comisión de Constitución.
",Segundo Trámite,Primer Informe,1970-05-03,1,Masculino,10,2026-03-10 23:59:59,,True,PC,Partido Comunista,PC
1013,Alejandro,Bernales,Maldonado,1,Afirmativo,20629,Boletín N° 11092-07,2023-05-08 19:08:21,90,42,3,0,1,Quórum Simple,1,Aprobado,1,Proyecto de Ley,11092-07,Particular,"Encabezado del artículo 14 ter, contenido en el numeral 7) del artículo primero del proyecto, en los términos sugeridos por la Comisión de Constitución.
",Segundo Trámite,Primer Informe,1979-02-02,1,Masculino,10,2026-03-10 23:59:59,,True,PL,Partido Liberal de Chile,PL
1016,Miguel Ángel,Calisto,Águila,1,Afirmativo,20629,Boletín N° 11092-07,2023-05-08 19:08:21,90,42,3,0,1,Quórum Simple,1,Aprobado,1,Proyecto de Ley,11092-07,Particular,"Encabezado del artículo 14 ter, contenido en el numeral 7) del artículo primero del proyecto, en los términos sugeridos por la Comisión de Constitución.
",Segundo Trámite,Primer Informe,1985-07-19,1,Masculino,10,2026-03-10 23:59:59,,True,IND,Independientes,IND
1017,Álvaro,Carter,Fernández,1,Afirmativo,20629,Boletín N° 11092-07,2023-05-08 19:08:21,90,42,3,0,1,Quórum Simple,1,Aprobado,1,Proyecto de Ley,11092-07,Particular,"Encabezado del artículo 14 ter, contenido en el numeral 7) del artículo primero del proyecto, en los términos sugeridos por la Comisión de Constitución.
",Segundo Trámite,Primer Informe,1980-10-09,1,Masculino,10,2026-03-10 23:59:59,,True,UDI,Unión Demócrata Independiente,UDI
1019,José Miguel,Castro,Bascuñán,0,En Contra,20629,Boletín N° 11092-07,2023-05-08 19:08:21,90,42,3,0,1,Quórum Simple,1,Aprobado,1,Proyecto de Ley,11092-07,Particular,"Encabezado del artículo 14 ter, contenido en el numeral 7) del artículo primero del proyecto, en los términos sugeridos por la Comisión de Constitución.
",Segundo Trámite,Primer Informe,1974-08-05,1,Masculino,10,2026-03-10 23:59:59,,True,RN,Renovación Nacional,RN
1021,Andrés,Celis,Montt,1,Afirmativo,20629,Boletín N° 11092-07,2023-05-08 19:08:21,90,42,3,0,1,Quórum Simple,1,Aprobado,1,Proyecto de Ley,11092-07,Particular,"Encabezado del artículo 14 ter, contenido en el numeral 7) del artículo primero del proyecto, en los términos sugeridos por la Comisión de Constitución.
",Segundo Trámite,Primer Informe,1975-04-08,1,Masculino,10,2026-03-10 23:59:59,,True,RN,Renovación Nacional,RN
1022,Sofía,Cid,Versalovic,0,En Contra,20629,Boletín N° 11092-07,2023-05-08 19:08:21,90,42,3,0,1,Quórum Simple,1,Aprobado,1,Proyecto de Ley,11092-07,Particular,"Encabezado del artículo 14 ter, contenido en el numeral 7) del artículo primero del proyecto, en los términos sugeridos por la Comisión de Constitución.
",Segundo Trámite,Primer Informe,1971-09-29,0,Femenino,10,2026-03-10 23:59:59,,True,RN,Renovación Nacional,RN
1025,Catalina,Del Real,Mihovilovic,0,En Contra,20629,Boletín N° 11092-07,2023-05-08 19:08:21,90,42,3,0,1,Quórum Simple,1,Aprobado,1,Proyecto de Ley,11092-07,Particular,"Encabezado del artículo 14 ter, contenido en el numeral 7) del artículo primero del proyecto, en los términos sugeridos por la Comisión de Constitución.
",Segundo Trámite,Primer Informe,1968-11-07,0,Femenino,10,2026-03-10 23:59:59,,True,RN,Renovación Nacional,RN
1028,Eduardo,Durán,Salinas,2,Abstención,20629,Boletín N° 11092-07,2023-05-08 19:08:21,90,42,3,0,1,Quórum Simple,1,Aprobado,1,Proyecto de Ley,11092-07,Particular,"Encabezado del artículo 14 ter, contenido en el numeral 7) del artículo primero del proyecto, en los términos sugeridos por la Comisión de Constitución.
",Segundo Trámite,Primer Informe,1972-01-01,1,Masculino,10,2026-03-10 23:59:59,,True,RN,Renovación Nacional,RN
1030,Camila,Flores,Oporto,0,En Contra,20629,Boletín N° 11092-07,2023-05-08 19:08:21,90,42,3,0,1,Quórum Simple,1,Aprobado,1,Proyecto de Ley,11092-07,Particular,"Encabezado del artículo 14 ter, contenido en el numeral 7) del artículo primero del proyecto, en los términos sugeridos por la Comisión de Constitución.
",Segundo Trámite,Primer Informe,1987-02-09,0,Femenino,10,2026-03-10 23:59:59,,True,RN,Renovación Nacional,RN
1034,Félix,González,Gatica,1,Afirmativo,20629,Boletín N° 11092-07,2023-05-08 19:08:21,90,42,3,0,1,Quórum Simple,1,Aprobado,1,Proyecto de Ley,11092-07,Particular,"Encabezado del artículo 14 ter, contenido en el numeral 7) del artículo primero del proyecto, en los términos sugeridos por la Comisión de Constitución.
",Segundo Trámite,Primer Informe,1972-05-26,1,Masculino,10,2026-03-10 23:59:59,,True,PEV,Partido Ecologista Verde,PEV
1035,Carmen,Hertz,Cádiz,1,Afirmativo,20629,Boletín N° 11092-07,2023-05-08 19:08:21,90,42,3,0,1,Quórum Simple,1,Aprobado,1,Proyecto de Ley,11092-07,Particular,"Encabezado del artículo 14 ter, contenido en el numeral 7) del artículo primero del proyecto, en los términos sugeridos por la Comisión de Constitución.
",Segundo Trámite,Primer Informe,1945-06-19,0,Femenino,10,2026-03-10 23:59:59,,True,PC,Partido Comunista,PC
1036,Tomás,Hirsch,Goldschmidt,1,Afirmativo,20629,Boletín N° 11092-07,2023-05-08 19:08:21,90,42,3,0,1,Quórum Simple,1,Aprobado,1,Proyecto de Ley,11092-07,Particular,"Encabezado del artículo 14 ter, contenido en el numeral 7) del artículo primero del proyecto, en los términos sugeridos por la Comisión de Constitución.
",Segundo Trámite,Primer Informe,1956-07-19,1,Masculino,10,2026-03-10 23:59:59,,True,PAH,Partido Acción Humanista,PAH
1037,Diego,Ibáñez,Cotroneo,1,Afirmativo,20629,Boletín N° 11092-07,2023-05-08 19:08:21,90,42,3,0,1,Quórum Simple,1,Aprobado,1,Proyecto de Ley,11092-07,Particular,"Encabezado del artículo 14 ter, contenido en el numeral 7) del artículo primero del proyecto, en los términos sugeridos por la Comisión de Constitución.
",Segundo Trámite,Primer Informe,1989-01-25,1,Masculino,10,2026-03-10 23:59:59,,True,PCS,Partido Convergencia Social,PCS
1038,Marcos,Ilabaca,Cerda,1,Afirmativo,20629,Boletín N° 11092-07,2023-05-08 19:08:21,90,42,3,0,1,Quórum Simple,1,Aprobado,1,Proyecto de Ley,11092-07,Particular,"Encabezado del artículo 14 ter, contenido en el numeral 7) del artículo primero del proyecto, en los términos sugeridos por la Comisión de Constitución.
",Segundo Trámite,Primer Informe,1970-10-05,1,Masculino,10,2026-03-10 23:59:59,,True,PS,Partido Socialista,PS
1040,Harry,Jürgensen,Rundshagen,0,En Contra,20629,Boletín N° 11092-07,2023-05-08 19:08:21,90,42,3,0,1,Quórum Simple,1,Aprobado,1,Proyecto de Ley,11092-07,Particular,"Encabezado del artículo 14 ter, contenido en el numeral 7) del artículo primero del proyecto, en los términos sugeridos por la Comisión de Constitución.
",Segundo Trámite,Primer Informe,1968-09-03,1,Masculino,10,2026-03-10 23:59:59,,True,IND,Independientes,IND
1044,Raúl,Leiva,Carvajal,1,Afirmativo,20629,Boletín N° 11092-07,2023-05-08 19:08:21,90,42,3,0,1,Quórum Simple,1,Aprobado,1,Proyecto de Ley,11092-07,Particular,"Encabezado del artículo 14 ter, contenido en el numeral 7) del artículo primero del proyecto, en los términos sugeridos por la Comisión de Constitución.
",Segundo Trámite,Primer Informe,1974-03-24,1,Masculino,10,2026-03-10 23:59:59,,True,PS,Partido Socialista,PS
1046,Andrés,Longton,Herrera,1,Afirmativo,20629,Boletín N° 11092-07,2023-05-08 19:08:21,90,42,3,0,1,Quórum Simple,1,Aprobado,1,Proyecto de Ley,11092-07,Particular,"Encabezado del artículo 14 ter, contenido en el numeral 7) del artículo primero del proyecto, en los términos sugeridos por la Comisión de Constitución.
",Segundo Trámite,Primer Informe,1982-05-26,1,Masculino,10,2026-03-10 23:59:59,,True,RN,Renovación Nacional,RN
1048,Carolina,Marzán,Pinto,1,Afirmativo,20629,Boletín N° 11092-07,2023-05-08 19:08:21,90,42,3,0,1,Quórum Simple,1,Aprobado,1,Proyecto de Ley,11092-07,Particular,"Encabezado del artículo 14 ter, contenido en el numeral 7) del artículo primero del proyecto, en los términos sugeridos por la Comisión de Constitución.
",Segundo Trámite,Primer Informe,1963-12-22,0,Femenino,10,2026-03-10 23:59:59,,True,PPD,Partido Por la Democracia,PPD
1049,Cosme,Mellado,Pino,1,Afirmativo,20629,Boletín N° 11092-07,2023-05-08 19:08:21,90,42,3,0,1,Quórum Simple,1,Aprobado,1,Proyecto de Ley,11092-07,Particular,"Encabezado del artículo 14 ter, contenido en el numeral 7) del artículo primero del proyecto, en los términos sugeridos por la Comisión de Constitución.
",Segundo Trámite,Primer Informe,1960-02-24,1,Masculino,10,2026-03-10 23:59:59,,True,PR,Partido Radical de Chile,PR
1050,Miguel,Mellado,Suazo,1,Afirmativo,20629,Boletín N° 11092-07,2023-05-08 19:08:21,90,42,3,0,1,Quórum Simple,1,Aprobado,1,Proyecto de Ley,11092-07,Particular,"Encabezado del artículo 14 ter, contenido en el numeral 7) del artículo primero del proyecto, en los términos sugeridos por la Comisión de Constitución.
",Segundo Trámite,Primer Informe,1958-12-29,1,Masculino,10,2026-03-10 23:59:59,,True,RN,Renovación Nacional,RN
1054,Francesca,Muñoz,González,1,Afirmativo,20629,Boletín N° 11092-07,2023-05-08 19:08:21,90,42,3,0,1,Quórum Simple,1,Aprobado,1,Proyecto de Ley,11092-07,Particular,"Encabezado del artículo 14 ter, contenido en el numeral 7) del artículo primero del proyecto, en los términos sugeridos por la Comisión de Constitución.
",Segundo Trámite,Primer Informe,1980-03-07,0,Femenino,10,2026-03-10 23:59:59,,True,IND,Independientes,IND
1056,Emilia,Nuyado,Ancapichun,1,Afirmativo,20629,Boletín N° 11092-07,2023-05-08 19:08:21,90,42,3,0,1,Quórum Simple,1,Aprobado,1,Proyecto de Ley,11092-07,Particular,"Encabezado del artículo 14 ter, contenido en el numeral 7) del artículo primero del proyecto, en los términos sugeridos por la Comisión de Constitución.
",Segundo Trámite,Primer Informe,1968-08-17,0,Femenino,10,2026-03-10 23:59:59,,True,PS,Partido Socialista,PS
1057,Erika,Olivera,De La Fuente,1,Afirmativo,20629,Boletín N° 11092-07,2023-05-08 19:08:21,90,42,3,0,1,Quórum Simple,1,Aprobado,1,Proyecto de Ley,11092-07,Particular,"Encabezado del artículo 14 ter, contenido en el numeral 7) del artículo primero del proyecto, en los términos sugeridos por la Comisión de Constitución.
",Segundo Trámite,Primer Informe,1976-01-04,0,Femenino,10,2026-03-10 23:59:59,,True,IND,Independientes,IND
1058,Maite,Orsini,Pascal,1,Afirmativo,20629,Boletín N° 11092-07,2023-05-08 19:08:21,90,42,3,0,1,Quórum Simple,1,Aprobado,1,Proyecto de Ley,11092-07,Particular,"Encabezado del artículo 14 ter, contenido en el numeral 7) del artículo primero del proyecto, en los términos sugeridos por la Comisión de Constitución.
",Segundo Trámite,Primer Informe,1988-02-23,0,Femenino,10,2026-03-10 23:59:59,,True,RD,Revolución Democrática,RD
1059,Ximena,Ossandón,Irarrázabal,1,Afirmativo,20629,Boletín N° 11092-07,2023-05-08 19:08:21,90,42,3,0,1,Quórum Simple,1,Aprobado,1,Proyecto de Ley,11092-07,Particular,"Encabezado del artículo 14 ter, contenido en el numeral 7) del artículo primero del proyecto, en los términos sugeridos por la Comisión de Constitución.
",Segundo Trámite,Primer Informe,1963-12-13,0,Femenino,10,2026-03-10 23:59:59,,True,RN,Renovación Nacional,RN
1062,Joanna,Pérez,Olea,1,Afirmativo,20629,Boletín N° 11092-07,2023-05-08 19:08:21,90,42,3,0,1,Quórum Simple,1,Aprobado,1,Proyecto de Ley,11092-07,Particular,"Encabezado del artículo 14 ter, contenido en el numeral 7) del artículo primero del proyecto, en los términos sugeridos por la Comisión de Constitución.
",Segundo Trámite,Primer Informe,1976-04-01,0,Femenino,10,2026-03-10 23:59:59,,True,IND,Independientes,IND
1065,Guillermo,Ramírez,Diez,0,En Contra,20629,Boletín N° 11092-07,2023-05-08 19:08:21,90,42,3,0,1,Quórum Simple,1,Aprobado,1,Proyecto de Ley,11092-07,Particular,"Encabezado del artículo 14 ter, contenido en el numeral 7) del artículo primero del proyecto, en los términos sugeridos por la Comisión de Constitución.
",Segundo Trámite,Primer Informe,1979-04-16,1,Masculino,10,2026-03-10 23:59:59,,True,UDI,Unión Demócrata Independiente,UDI
1067,Hugo,Rey,Martínez,1,Afirmativo,20629,Boletín N° 11092-07,2023-05-08 19:08:21,90,42,3,0,1,Quórum Simple,1,Aprobado,1,Proyecto de Ley,11092-07,Particular,"Encabezado del artículo 14 ter, contenido en el numeral 7) del artículo primero del proyecto, en los términos sugeridos por la Comisión de Constitución.
",Segundo Trámite,Primer Informe,1973-12-06,1,Masculino,10,2026-03-10 23:59:59,,True,RN,Renovación Nacional,RN
1068,Camila,Rojas,Valderrama,1,Afirmativo,20629,Boletín N° 11092-07,2023-05-08 19:08:21,90,42,3,0,1,Quórum Simple,1,Aprobado,1,Proyecto de Ley,11092-07,Particular,"Encabezado del artículo 14 ter, contenido en el numeral 7) del artículo primero del proyecto, en los términos sugeridos por la Comisión de Constitución.
",Segundo Trámite,Primer Informe,1991-03-11,0,Femenino,10,2026-03-10 23:59:59,,True,COMUNES,Partido Comunes,COMUNES
1073,Juan,Santana,Castillo,1,Afirmativo,20629,Boletín N° 11092-07,2023-05-08 19:08:21,90,42,3,0,1,Quórum Simple,1,Aprobado,1,Proyecto de Ley,11092-07,Particular,"Encabezado del artículo 14 ter, contenido en el numeral 7) del artículo primero del proyecto, en los términos sugeridos por la Comisión de Constitución.
",Segundo Trámite,Primer Informe,1989-09-20,1,Masculino,10,2026-03-10 23:59:59,,True,PS,Partido Socialista,PS
1076,Alexis,Sepúlveda,Soto,1,Afirmativo,20629,Boletín N° 11092-07,2023-05-08 19:08:21,90,42,3,0,1,Quórum Simple,1,Aprobado,1,Proyecto de Ley,11092-07,Particular,"Encabezado del artículo 14 ter, contenido en el numeral 7) del artículo primero del proyecto, en los términos sugeridos por la Comisión de Constitución.
",Segundo Trámite,Primer Informe,1969-12-29,1,Masculino,10,2026-03-10 23:59:59,,True,PR,Partido Radical de Chile,PR
1077,Raúl,Soto,Mardones,1,Afirmativo,20629,Boletín N° 11092-07,2023-05-08 19:08:21,90,42,3,0,1,Quórum Simple,1,Aprobado,1,Proyecto de Ley,11092-07,Particular,"Encabezado del artículo 14 ter, contenido en el numeral 7) del artículo primero del proyecto, en los términos sugeridos por la Comisión de Constitución.
",Segundo Trámite,Primer Informe,1987-11-20,1,Masculino,10,2026-03-10 23:59:59,,True,PPD,Partido Por la Democracia,PPD
1081,Francisco,Undurraga,Gazitúa,1,Afirmativo,20629,Boletín N° 11092-07,2023-05-08 19:08:21,90,42,3,0,1,Quórum Simple,1,Aprobado,1,Proyecto de Ley,11092-07,Particular,"Encabezado del artículo 14 ter, contenido en el numeral 7) del artículo primero del proyecto, en los términos sugeridos por la Comisión de Constitución.
",Segundo Trámite,Primer Informe,1965-09-29,1,Masculino,10,2026-03-10 23:59:59,,True,EVOP,Evolución Política,EVOP
1082,Cristóbal,Urruticoechea,Ríos,0,En Contra,20629,Boletín N° 11092-07,2023-05-08 19:08:21,90,42,3,0,1,Quórum Simple,1,Aprobado,1,Proyecto de Ley,11092-07,Particular,"Encabezado del artículo 14 ter, contenido en el numeral 7) del artículo primero del proyecto, en los términos sugeridos por la Comisión de Constitución.
",Segundo Trámite,Primer Informe,1975-11-21,1,Masculino,10,2026-03-10 23:59:59,,True,PREP,Partido Republicano,PREP
1086,Gonzalo,Winter,Etcheberry,1,Afirmativo,20629,Boletín N° 11092-07,2023-05-08 19:08:21,90,42,3,0,1,Quórum Simple,1,Aprobado,1,Proyecto de Ley,11092-07,Particular,"Encabezado del artículo 14 ter, contenido en el numeral 7) del artículo primero del proyecto, en los términos sugeridos por la Comisión de Constitución.
",Segundo Trámite,Primer Informe,1987-01-06,1,Masculino,10,2026-03-10 23:59:59,,True,PCS,Partido Convergencia Social,PCS
1087,Gael,Yeomans,Araya,1,Afirmativo,20629,Boletín N° 11092-07,2023-05-08 19:08:21,90,42,3,0,1,Quórum Simple,1,Aprobado,1,Proyecto de Ley,11092-07,Particular,"Encabezado del artículo 14 ter, contenido en el numeral 7) del artículo primero del proyecto, en los términos sugeridos por la Comisión de Constitución.
",Segundo Trámite,Primer Informe,1988-12-04,0,Femenino,10,2026-03-10 23:59:59,,True,PCS,Partido Convergencia Social,PCS
1094,Cristian,Labbé,Martínez,0,En Contra,20629,Boletín N° 11092-07,2023-05-08 19:08:21,90,42,3,0,1,Quórum Simple,1,Aprobado,1,Proyecto de Ley,11092-07,Particular,"Encabezado del artículo 14 ter, contenido en el numeral 7) del artículo primero del proyecto, en los términos sugeridos por la Comisión de Constitución.
",Segundo Trámite,Primer Informe,1980-03-06,1,Masculino,10,2026-03-10 23:59:59,,True,UDI,Unión Demócrata Independiente,UDI
1096,María Candelaria,Acevedo,Sáez,1,Afirmativo,20629,Boletín N° 11092-07,2023-05-08 19:08:21,90,42,3,0,1,Quórum Simple,1,Aprobado,1,Proyecto de Ley,11092-07,Particular,"Encabezado del artículo 14 ter, contenido en el numeral 7) del artículo primero del proyecto, en los términos sugeridos por la Comisión de Constitución.
",Segundo Trámite,Primer Informe,1958-09-12,0,Femenino,10,2026-03-10 23:59:59,,True,PC,Partido Comunista,PC
1097,Eric,Aedo,Jeldres,1,Afirmativo,20629,Boletín N° 11092-07,2023-05-08 19:08:21,90,42,3,0,1,Quórum Simple,1,Aprobado,1,Proyecto de Ley,11092-07,Particular,"Encabezado del artículo 14 ter, contenido en el numeral 7) del artículo primero del proyecto, en los términos sugeridos por la Comisión de Constitución.
",Segundo Trámite,Primer Informe,1968-07-13,1,Masculino,10,2026-03-10 23:59:59,,True,DC,Partido Demócrata Cristiano,DC
1098,Yovana,Ahumada,Palma,0,En Contra,20629,Boletín N° 11092-07,2023-05-08 19:08:21,90,42,3,0,1,Quórum Simple,1,Aprobado,1,Proyecto de Ley,11092-07,Particular,"Encabezado del artículo 14 ter, contenido en el numeral 7) del artículo primero del proyecto, en los términos sugeridos por la Comisión de Constitución.
",Segundo Trámite,Primer Informe,1973-02-24,0,Femenino,10,2026-03-10 23:59:59,,True,IND,Independientes,IND
1099,Jaime,Araya,Guerrero,1,Afirmativo,20629,Boletín N° 11092-07,2023-05-08 19:08:21,90,42,3,0,1,Quórum Simple,1,Aprobado,1,Proyecto de Ley,11092-07,Particular,"Encabezado del artículo 14 ter, contenido en el numeral 7) del artículo primero del proyecto, en los términos sugeridos por la Comisión de Constitución.
",Segundo Trámite,Primer Informe,1976-02-04,1,Masculino,10,2026-03-10 23:59:59,,True,IND,Independientes,IND
1100,Cristián,Araya,Lerdo de Tejada,0,En Contra,20629,Boletín N° 11092-07,2023-05-08 19:08:21,90,42,3,0,1,Quórum Simple,1,Aprobado,1,Proyecto de Ley,11092-07,Particular,"Encabezado del artículo 14 ter, contenido en el numeral 7) del artículo primero del proyecto, en los términos sugeridos por la Comisión de Constitución.
",Segundo Trámite,Primer Informe,1988-09-30,1,Masculino,10,2026-03-10 23:59:59,,True,PREP,Partido Republicano,PREP
1101,Mónica,Arce,Castro,1,Afirmativo,20629,Boletín N° 11092-07,2023-05-08 19:08:21,90,42,3,0,1,Quórum Simple,1,Aprobado,1,Proyecto de Ley,11092-07,Particular,"Encabezado del artículo 14 ter, contenido en el numeral 7) del artículo primero del proyecto, en los términos sugeridos por la Comisión de Constitución.
",Segundo Trámite,Primer Informe,1976-03-02,0,Femenino,10,2026-03-10 23:59:59,,True,IND,Independientes,IND
1102,Roberto,Arroyo,Muñoz,0,En Contra,20629,Boletín N° 11092-07,2023-05-08 19:08:21,90,42,3,0,1,Quórum Simple,1,Aprobado,1,Proyecto de Ley,11092-07,Particular,"Encabezado del artículo 14 ter, contenido en el numeral 7) del artículo primero del proyecto, en los términos sugeridos por la Comisión de Constitución.
",Segundo Trámite,Primer Informe,1963-11-29,1,Masculino,10,2026-03-10 23:59:59,,True,PDG,Partido de la Gente,PDG
1103,Danisa,Astudillo,Peiretti,1,Afirmativo,20629,Boletín N° 11092-07,2023-05-08 19:08:21,90,42,3,0,1,Quórum Simple,1,Aprobado,1,Proyecto de Ley,11092-07,Particular,"Encabezado del artículo 14 ter, contenido en el numeral 7) del artículo primero del proyecto, en los términos sugeridos por la Comisión de Constitución.
",Segundo Trámite,Primer Informe,1975-05-03,0,Femenino,10,2026-03-10 23:59:59,,True,PS,Partido Socialista,PS
1104,Chiara,Barchiesi,Chávez,0,En Contra,20629,Boletín N° 11092-07,2023-05-08 19:08:21,90,42,3,0,1,Quórum Simple,1,Aprobado,1,Proyecto de Ley,11092-07,Particular,"Encabezado del artículo 14 ter, contenido en el numeral 7) del artículo primero del proyecto, en los términos sugeridos por la Comisión de Constitución.
",Segundo Trámite,Primer Informe,1996-12-22,0,Femenino,10,2026-03-10 23:59:59,,True,PREP,Partido Republicano,PREP
1105,Héctor,Barría,Angulo,1,Afirmativo,20629,Boletín N° 11092-07,2023-05-08 19:08:21,90,42,3,0,1,Quórum Simple,1,Aprobado,1,Proyecto de Ley,11092-07,Particular,"Encabezado del artículo 14 ter, contenido en el numeral 7) del artículo primero del proyecto, en los términos sugeridos por la Comisión de Constitución.
",Segundo Trámite,Primer Informe,1980-04-24,1,Masculino,10,2026-03-10 23:59:59,,True,DC,Partido Demócrata Cristiano,DC
1106,Miguel Ángel,Becker,Alvear,1,Afirmativo,20629,Boletín N° 11092-07,2023-05-08 19:08:21,90,42,3,0,1,Quórum Simple,1,Aprobado,1,Proyecto de Ley,11092-07,Particular,"Encabezado del artículo 14 ter, contenido en el numeral 7) del artículo primero del proyecto, en los términos sugeridos por la Comisión de Constitución.
",Segundo Trámite,Primer Informe,1960-10-07,1,Masculino,10,2026-03-10 23:59:59,,True,RN,Renovación Nacional,RN
1107,María Francisca,Bello,Campos,1,Afirmativo,20629,Boletín N° 11092-07,2023-05-08 19:08:21,90,42,3,0,1,Quórum Simple,1,Aprobado,1,Proyecto de Ley,11092-07,Particular,"Encabezado del artículo 14 ter, contenido en el numeral 7) del artículo primero del proyecto, en los términos sugeridos por la Comisión de Constitución.
",Segundo Trámite,Primer Informe,1987-09-17,0,Femenino,10,2026-03-10 23:59:59,,True,PCS,Partido Convergencia Social,PCS
1108,Juan Carlos,Beltrán,Silva,1,Afirmativo,20629,Boletín N° 11092-07,2023-05-08 19:08:21,90,42,3,0,1,Quórum Simple,1,Aprobado,1,Proyecto de Ley,11092-07,Particular,"Encabezado del artículo 14 ter, contenido en el numeral 7) del artículo primero del proyecto, en los términos sugeridos por la Comisión de Constitución.
",Segundo Trámite,Primer Informe,1962-12-19,1,Masculino,10,2026-03-10 23:59:59,,True,RN,Renovación Nacional,RN
1109,Gustavo,Benavente,Vergara,0,En Contra,20629,Boletín N° 11092-07,2023-05-08 19:08:21,90,42,3,0,1,Quórum Simple,1,Aprobado,1,Proyecto de Ley,11092-07,Particular,"Encabezado del artículo 14 ter, contenido en el numeral 7) del artículo primero del proyecto, en los términos sugeridos por la Comisión de Constitución.
",Segundo Trámite,Primer Informe,1966-08-13,1,Masculino,10,2026-03-10 23:59:59,,True,UDI,Unión Demócrata Independiente,UDI
1110,Carlos,Bianchi,Chelech,1,Afirmativo,20629,Boletín N° 11092-07,2023-05-08 19:08:21,90,42,3,0,1,Quórum Simple,1,Aprobado,1,Proyecto de Ley,11092-07,Particular,"Encabezado del artículo 14 ter, contenido en el numeral 7) del artículo primero del proyecto, en los términos sugeridos por la Comisión de Constitución.
",Segundo Trámite,Primer Informe,1960-11-04,1,Masculino,10,2026-03-10 23:59:59,,True,IND,Independientes,IND
1111,Fernando,Bórquez,Montecinos,0,En Contra,20629,Boletín N° 11092-07,2023-05-08 19:08:21,90,42,3,0,1,Quórum Simple,1,Aprobado,1,Proyecto de Ley,11092-07,Particular,"Encabezado del artículo 14 ter, contenido en el numeral 7) del artículo primero del proyecto, en los términos sugeridos por la Comisión de Constitución.
",Segundo Trámite,Primer Informe,1968-06-06,1,Masculino,10,2026-03-10 23:59:59,,True,UDI,Unión Demócrata Independiente,UDI
1112,Ana María,Bravo,Castro,1,Afirmativo,20629,Boletín N° 11092-07,2023-05-08 19:08:21,90,42,3,0,1,Quórum Simple,1,Aprobado,1,Proyecto de Ley,11092-07,Particular,"Encabezado del artículo 14 ter, contenido en el numeral 7) del artículo primero del proyecto, en los términos sugeridos por la Comisión de Constitución.
",Segundo Trámite,Primer Informe,1973-12-03,0,Femenino,10,2026-03-10 23:59:59,,True,PS,Partido Socialista,PS
1113,Marta,Bravo,Salinas,0,En Contra,20629,Boletín N° 11092-07,2023-05-08 19:08:21,90,42,3,0,1,Quórum Simple,1,Aprobado,1,Proyecto de Ley,11092-07,Particular,"Encabezado del artículo 14 ter, contenido en el numeral 7) del artículo primero del proyecto, en los términos sugeridos por la Comisión de Constitución.
",Segundo Trámite,Primer Informe,1976-02-25,0,Femenino,10,2026-03-10 23:59:59,,True,UDI,Unión Demócrata Independiente,UDI
1114,Félix,Bugueño,Sotelo,1,Afirmativo,20629,Boletín N° 11092-07,2023-05-08 19:08:21,90,42,3,0,1,Quórum Simple,1,Aprobado,1,Proyecto de Ley,11092-07,Particular,"Encabezado del artículo 14 ter, contenido en el numeral 7) del artículo primero del proyecto, en los términos sugeridos por la Comisión de Constitución.
",Segundo Trámite,Primer Informe,1973-05-18,1,Masculino,10,2026-03-10 23:59:59,,True,FRVS,Federación Regionalista Verde Social,FRVS
1115,Mercedes,Bulnes,Núñez,1,Afirmativo,20629,Boletín N° 11092-07,2023-05-08 19:08:21,90,42,3,0,1,Quórum Simple,1,Aprobado,1,Proyecto de Ley,11092-07,Particular,"Encabezado del artículo 14 ter, contenido en el numeral 7) del artículo primero del proyecto, en los términos sugeridos por la Comisión de Constitución.
",Segundo Trámite,Primer Informe,1950-06-06,0,Femenino,10,2024-11-22 00:00:00,,True,IND,Independientes,IND
1116,Felipe,Camaño,Cárdenas,1,Afirmativo,20629,Boletín N° 11092-07,2023-05-08 19:08:21,90,42,3,0,1,Quórum Simple,1,Aprobado,1,Proyecto de Ley,11092-07,Particular,"Encabezado del artículo 14 ter, contenido en el numeral 7) del artículo primero del proyecto, en los términos sugeridos por la Comisión de Constitución.
",Segundo Trámite,Primer Informe,1991-08-21,1,Masculino,10,2026-03-10 23:59:59,,True,IND,Independientes,IND
1117,Nathalie,Castillo,Rojas,1,Afirmativo,20629,Boletín N° 11092-07,2023-05-08 19:08:21,90,42,3,0,1,Quórum Simple,1,Aprobado,1,Proyecto de Ley,11092-07,Particular,"Encabezado del artículo 14 ter, contenido en el numeral 7) del artículo primero del proyecto, en los términos sugeridos por la Comisión de Constitución.
",Segundo Trámite,Primer Informe,1983-07-02,0,Femenino,10,2026-03-10 23:59:59,,True,PC,Partido Comunista,PC
1118,Ricardo,Cifuentes,Lillo,1,Afirmativo,20629,Boletín N° 11092-07,2023-05-08 19:08:21,90,42,3,0,1,Quórum Simple,1,Aprobado,1,Proyecto de Ley,11092-07,Particular,"Encabezado del artículo 14 ter, contenido en el numeral 7) del artículo primero del proyecto, en los términos sugeridos por la Comisión de Constitución.
",Segundo Trámite,Primer Informe,1962-09-12,1,Masculino,10,2026-03-10 23:59:59,,True,DC,Partido Demócrata Cristiano,DC
1119,Sara,Concha,Smith,1,Afirmativo,20629,Boletín N° 11092-07,2023-05-08 19:08:21,90,42,3,0,1,Quórum Simple,1,Aprobado,1,Proyecto de Ley,11092-07,Particular,"Encabezado del artículo 14 ter, contenido en el numeral 7) del artículo primero del proyecto, en los términos sugeridos por la Comisión de Constitución.
",Segundo Trámite,Primer Informe,1995-09-09,0,Femenino,10,2026-03-10 23:59:59,,True,PSC,Partido Social Cristiano,PSC
1120,María Luisa,Cordero,Velásquez,1,Afirmativo,20629,Boletín N° 11092-07,2023-05-08 19:08:21,90,42,3,0,1,Quórum Simple,1,Aprobado,1,Proyecto de Ley,11092-07,Particular,"Encabezado del artículo 14 ter, contenido en el numeral 7) del artículo primero del proyecto, en los términos sugeridos por la Comisión de Constitución.
",Segundo Trámite,Primer Informe,1943-01-23,0,Femenino,10,2026-03-10 23:59:59,,True,IND,Independientes,IND
1121,Eduardo,Cornejo,Lagos,0,En Contra,20629,Boletín N° 11092-07,2023-05-08 19:08:21,90,42,3,0,1,Quórum Simple,1,Aprobado,1,Proyecto de Ley,11092-07,Particular,"Encabezado del artículo 14 ter, contenido en el numeral 7) del artículo primero del proyecto, en los términos sugeridos por la Comisión de Constitución.
",Segundo Trámite,Primer Informe,1972-01-12,1,Masculino,10,2026-03-10 23:59:59,,True,UDI,Unión Demócrata Independiente,UDI
1122,Luis Alberto,Cuello,Peña y Lillo,1,Afirmativo,20629,Boletín N° 11092-07,2023-05-08 19:08:21,90,42,3,0,1,Quórum Simple,1,Aprobado,1,Proyecto de Ley,11092-07,Particular,"Encabezado del artículo 14 ter, contenido en el numeral 7) del artículo primero del proyecto, en los términos sugeridos por la Comisión de Constitución.
",Segundo Trámite,Primer Informe,1977-01-24,1,Masculino,10,2026-03-10 23:59:59,,True,PC,Partido Comunista,PC
1123,Gonzalo,De la Carrera,Correa,0,En Contra,20629,Boletín N° 11092-07,2023-05-08 19:08:21,90,42,3,0,1,Quórum Simple,1,Aprobado,1,Proyecto de Ley,11092-07,Particular,"Encabezado del artículo 14 ter, contenido en el numeral 7) del artículo primero del proyecto, en los términos sugeridos por la Comisión de Constitución.
",Segundo Trámite,Primer Informe,1962-01-13,1,Masculino,10,2026-03-10 23:59:59,,True,IND,Independientes,IND
1124,Tomás,De Rementería,Venegas,1,Afirmativo,20629,Boletín N° 11092-07,2023-05-08 19:08:21,90,42,3,0,1,Quórum Simple,1,Aprobado,1,Proyecto de Ley,11092-07,Particular,"Encabezado del artículo 14 ter, contenido en el numeral 7) del artículo primero del proyecto, en los términos sugeridos por la Comisión de Constitución.
",Segundo Trámite,Primer Informe,1987-03-17,1,Masculino,10,2025-05-05 23:59:59,,True,PS,Partido Socialista,PS
1125,Viviana,Delgado,Riquelme,1,Afirmativo,20629,Boletín N° 11092-07,2023-05-08 19:08:21,90,42,3,0,1,Quórum Simple,1,Aprobado,1,Proyecto de Ley,11092-07,Particular,"Encabezado del artículo 14 ter, contenido en el numeral 7) del artículo primero del proyecto, en los términos sugeridos por la Comisión de Constitución.
",Segundo Trámite,Primer Informe,1973-09-04,0,Femenino,10,2026-03-10 23:59:59,,True,IND,Independientes,IND
1126,Felipe,Donoso,Castro,0,En Contra,20629,Boletín N° 11092-07,2023-05-08 19:08:21,90,42,3,0,1,Quórum Simple,1,Aprobado,1,Proyecto de Ley,11092-07,Particular,"Encabezado del artículo 14 ter, contenido en el numeral 7) del artículo primero del proyecto, en los términos sugeridos por la Comisión de Constitución.
",Segundo Trámite,Primer Informe,1982-12-12,1,Masculino,10,2026-03-10 23:59:59,,True,UDI,Unión Demócrata Independiente,UDI
1127,Lorena,Fries,Monleón,1,Afirmativo,20629,Boletín N° 11092-07,2023-05-08 19:08:21,90,42,3,0,1,Quórum Simple,1,Aprobado,1,Proyecto de Ley,11092-07,Particular,"Encabezado del artículo 14 ter, contenido en el numeral 7) del artículo primero del proyecto, en los términos sugeridos por la Comisión de Constitución.
",Segundo Trámite,Primer Informe,1960-04-01,0,Femenino,10,2026-03-10 23:59:59,,True,PCS,Partido Convergencia Social,PCS
1128,Ana María,Gazmuri,Vieira,1,Afirmativo,20629,Boletín N° 11092-07,2023-05-08 19:08:21,90,42,3,0,1,Quórum Simple,1,Aprobado,1,Proyecto de Ley,11092-07,Particular,"Encabezado del artículo 14 ter, contenido en el numeral 7) del artículo primero del proyecto, en los términos sugeridos por la Comisión de Constitución.
",Segundo Trámite,Primer Informe,1966-01-22,0,Femenino,10,2026-03-10 23:59:59,,True,PAH,Partido Acción Humanista,PAH
1129,Andrés,Giordano,Salazar,1,Afirmativo,20629,Boletín N° 11092-07,2023-05-08 19:08:21,90,42,3,0,1,Quórum Simple,1,Aprobado,1,Proyecto de Ley,11092-07,Particular,"Encabezado del artículo 14 ter, contenido en el numeral 7) del artículo primero del proyecto, en los términos sugeridos por la Comisión de Constitución.
",Segundo Trámite,Primer Informe,1986-12-29,1,Masculino,10,2026-03-10 23:59:59,,True,IND,Independientes,IND
1131,Mauro,González,Villarroel,2,Abstención,20629,Boletín N° 11092-07,2023-05-08 19:08:21,90,42,3,0,1,Quórum Simple,1,Aprobado,1,Proyecto de Ley,11092-07,Particular,"Encabezado del artículo 14 ter, contenido en el numeral 7) del artículo primero del proyecto, en los términos sugeridos por la Comisión de Constitución.
",Segundo Trámite,Primer Informe,1985-05-25,1,Masculino,10,2026-03-10 23:59:59,,True,RN,Renovación Nacional,RN
1132,Jorge,Guzmán,Zepeda,0,En Contra,20629,Boletín N° 11092-07,2023-05-08 19:08:21,90,42,3,0,1,Quórum Simple,1,Aprobado,1,Proyecto de Ley,11092-07,Particular,"Encabezado del artículo 14 ter, contenido en el numeral 7) del artículo primero del proyecto, en los términos sugeridos por la Comisión de Constitución.
",Segundo Trámite,Primer Informe,1985-06-11,1,Masculino,10,2026-03-10 23:59:59,,True,EVOP,Evolución Política,EVOP
1133,Juan,Irarrázaval,Rossel,0,En Contra,20629,Boletín N° 11092-07,2023-05-08 19:08:21,90,42,3,0,1,Quórum Simple,1,Aprobado,1,Proyecto de Ley,11092-07,Particular,"Encabezado del artículo 14 ter, contenido en el numeral 7) del artículo primero del proyecto, en los términos sugeridos por la Comisión de Constitución.
",Segundo Trámite,Primer Informe,1983-06-23,1,Masculino,10,2026-03-10 23:59:59,,True,PREP,Partido Republicano,PREP
1135,Johannes,Kaiser,Barents-Von Hohenhagen,0,En Contra,20629,Boletín N° 11092-07,2023-05-08 19:08:21,90,42,3,0,1,Quórum Simple,1,Aprobado,1,Proyecto de Ley,11092-07,Particular,"Encabezado del artículo 14 ter, contenido en el numeral 7) del artículo primero del proyecto, en los términos sugeridos por la Comisión de Constitución.
",Segundo Trámite,Primer Informe,1976-01-05,1,Masculino,10,2026-03-10 23:59:59,,True,PREP,Partido Republicano,PREP
1136,Paula,Labra,Besserer,2,Abstención,20629,Boletín N° 11092-07,2023-05-08 19:08:21,90,42,3,0,1,Quórum Simple,1,Aprobado,1,Proyecto de Ley,11092-07,Particular,"Encabezado del artículo 14 ter, contenido en el numeral 7) del artículo primero del proyecto, en los términos sugeridos por la Comisión de Constitución.
",Segundo Trámite,Primer Informe,1987-05-04,0,Femenino,10,2026-03-10 23:59:59,,True,IND,Independientes,IND
1137,Tomás,Lagomarsino,Guzmán,1,Afirmativo,20629,Boletín N° 11092-07,2023-05-08 19:08:21,90,42,3,0,1,Quórum Simple,1,Aprobado,1,Proyecto de Ley,11092-07,Particular,"Encabezado del artículo 14 ter, contenido en el numeral 7) del artículo primero del proyecto, en los términos sugeridos por la Comisión de Constitución.
",Segundo Trámite,Primer Informe,1990-07-13,1,Masculino,10,2026-03-10 23:59:59,,True,IND,Independientes,IND
1138,Henry,Leal,Bizama,0,En Contra,20629,Boletín N° 11092-07,2023-05-08 19:08:21,90,42,3,0,1,Quórum Simple,1,Aprobado,1,Proyecto de Ley,11092-07,Particular,"Encabezado del artículo 14 ter, contenido en el numeral 7) del artículo primero del proyecto, en los términos sugeridos por la Comisión de Constitución.
",Segundo Trámite,Primer Informe,1972-09-16,1,Masculino,10,2026-03-10 23:59:59,,True,UDI,Unión Demócrata Independiente,UDI
1139,Enrique,Lee,Flores,0,En Contra,20629,Boletín N° 11092-07,2023-05-08 19:08:21,90,42,3,0,1,Quórum Simple,1,Aprobado,1,Proyecto de Ley,11092-07,Particular,"Encabezado del artículo 14 ter, contenido en el numeral 7) del artículo primero del proyecto, en los términos sugeridos por la Comisión de Constitución.
",Segundo Trámite,Primer Informe,1967-12-16,1,Masculino,10,2026-03-10 23:59:59,,True,PRI,Partido Regionalista Independiente,PRI
1140,Daniel,Lilayu,Vivanco,0,En Contra,20629,Boletín N° 11092-07,2023-05-08 19:08:21,90,42,3,0,1,Quórum Simple,1,Aprobado,1,Proyecto de Ley,11092-07,Particular,"Encabezado del artículo 14 ter, contenido en el numeral 7) del artículo primero del proyecto, en los términos sugeridos por la Comisión de Constitución.
",Segundo Trámite,Primer Informe,1949-03-02,1,Masculino,10,2026-03-10 23:59:59,,True,UDI,Unión Demócrata Independiente,UDI
1142,Daniel,Manouchehri,Lobos,1,Afirmativo,20629,Boletín N° 11092-07,2023-05-08 19:08:21,90,42,3,0,1,Quórum Simple,1,Aprobado,1,Proyecto de Ley,11092-07,Particular,"Encabezado del artículo 14 ter, contenido en el numeral 7) del artículo primero del proyecto, en los términos sugeridos por la Comisión de Constitución.
",Segundo Trámite,Primer Informe,1984-05-25,1,Masculino,10,2026-03-10 23:59:59,,True,PS,Partido Socialista,PS
1143,Cristóbal,Martínez,Ramírez,0,En Contra,20629,Boletín N° 11092-07,2023-05-08 19:08:21,90,42,3,0,1,Quórum Simple,1,Aprobado,1,Proyecto de Ley,11092-07,Particular,"Encabezado del artículo 14 ter, contenido en el numeral 7) del artículo primero del proyecto, en los términos sugeridos por la Comisión de Constitución.
",Segundo Trámite,Primer Informe,1984-04-30,1,Masculino,10,2026-03-10 23:59:59,,True,UDI,Unión Demócrata Independiente,UDI
1144,Christian,Matheson,Villán,0,En Contra,20629,Boletín N° 11092-07,2023-05-08 19:08:21,90,42,3,0,1,Quórum Simple,1,Aprobado,1,Proyecto de Ley,11092-07,Particular,"Encabezado del artículo 14 ter, contenido en el numeral 7) del artículo primero del proyecto, en los términos sugeridos por la Comisión de Constitución.
",Segundo Trámite,Primer Informe,1957-12-17,1,Masculino,10,2026-03-10 23:59:59,,True,IND,Independientes,IND
1146,José Carlos,Meza,Pereira,0,En Contra,20629,Boletín N° 11092-07,2023-05-08 19:08:21,90,42,3,0,1,Quórum Simple,1,Aprobado,1,Proyecto de Ley,11092-07,Particular,"Encabezado del artículo 14 ter, contenido en el numeral 7) del artículo primero del proyecto, en los términos sugeridos por la Comisión de Constitución.
",Segundo Trámite,Primer Informe,1989-03-07,1,Masculino,10,2026-03-10 23:59:59,,True,PREP,Partido Republicano,PREP
1147,Helia,Molina,Milman,1,Afirmativo,20629,Boletín N° 11092-07,2023-05-08 19:08:21,90,42,3,0,1,Quórum Simple,1,Aprobado,1,Proyecto de Ley,11092-07,Particular,"Encabezado del artículo 14 ter, contenido en el numeral 7) del artículo primero del proyecto, en los términos sugeridos por la Comisión de Constitución.
",Segundo Trámite,Primer Informe,1947-04-02,0,Femenino,10,2026-03-10 23:59:59,,True,PPD,Partido Por la Democracia,PPD
1148,Javiera,Morales,Alvarado,1,Afirmativo,20629,Boletín N° 11092-07,2023-05-08 19:08:21,90,42,3,0,1,Quórum Simple,1,Aprobado,1,Proyecto de Ley,11092-07,Particular,"Encabezado del artículo 14 ter, contenido en el numeral 7) del artículo primero del proyecto, en los términos sugeridos por la Comisión de Constitución.
",Segundo Trámite,Primer Informe,1983-11-16,0,Femenino,10,2026-03-10 23:59:59,,True,PCS,Partido Convergencia Social,PCS
1149,Carla,Morales,Maldonado,1,Afirmativo,20629,Boletín N° 11092-07,2023-05-08 19:08:21,90,42,3,0,1,Quórum Simple,1,Aprobado,1,Proyecto de Ley,11092-07,Particular,"Encabezado del artículo 14 ter, contenido en el numeral 7) del artículo primero del proyecto, en los términos sugeridos por la Comisión de Constitución.
",Segundo Trámite,Primer Informe,1977-10-27,0,Femenino,10,2026-03-10 23:59:59,,True,RN,Renovación Nacional,RN
1150,Benjamín,Moreno,Bascur,0,En Contra,20629,Boletín N° 11092-07,2023-05-08 19:08:21,90,42,3,0,1,Quórum Simple,1,Aprobado,1,Proyecto de Ley,11092-07,Particular,"Encabezado del artículo 14 ter, contenido en el numeral 7) del artículo primero del proyecto, en los términos sugeridos por la Comisión de Constitución.
",Segundo Trámite,Primer Informe,1993-04-02,1,Masculino,10,2026-03-10 23:59:59,,True,PREP,Partido Republicano,PREP
1151,Camila,Musante,Müller,1,Afirmativo,20629,Boletín N° 11092-07,2023-05-08 19:08:21,90,42,3,0,1,Quórum Simple,1,Aprobado,1,Proyecto de Ley,11092-07,Particular,"Encabezado del artículo 14 ter, contenido en el numeral 7) del artículo primero del proyecto, en los términos sugeridos por la Comisión de Constitución.
",Segundo Trámite,Primer Informe,1990-02-06,0,Femenino,10,2026-03-10 23:59:59,,True,IND,Independientes,IND
1153,Coca Ericka,Ñanco,Vásquez,1,Afirmativo,20629,Boletín N° 11092-07,2023-05-08 19:08:21,90,42,3,0,1,Quórum Simple,1,Aprobado,1,Proyecto de Ley,11092-07,Particular,"Encabezado del artículo 14 ter, contenido en el numeral 7) del artículo primero del proyecto, en los términos sugeridos por la Comisión de Constitución.
",Segundo Trámite,Primer Informe,1992-03-20,0,Femenino,10,2026-03-10 23:59:59,,True,RD,Revolución Democrática,RD
1154,Mauricio,Ojeda,Rebolledo,0,En Contra,20629,Boletín N° 11092-07,2023-05-08 19:08:21,90,42,3,0,1,Quórum Simple,1,Aprobado,1,Proyecto de Ley,11092-07,Particular,"Encabezado del artículo 14 ter, contenido en el numeral 7) del artículo primero del proyecto, en los términos sugeridos por la Comisión de Constitución.
",Segundo Trámite,Primer Informe,1982-01-19,1,Masculino,10,2026-03-10 23:59:59,,True,IND,Independientes,IND
1155,Rubén Darío,Oyarzo,Figueroa,1,Afirmativo,20629,Boletín N° 11092-07,2023-05-08 19:08:21,90,42,3,0,1,Quórum Simple,1,Aprobado,1,Proyecto de Ley,11092-07,Particular,"Encabezado del artículo 14 ter, contenido en el numeral 7) del artículo primero del proyecto, en los términos sugeridos por la Comisión de Constitución.
",Segundo Trámite,Primer Informe,1980-12-13,1,Masculino,10,2026-03-10 23:59:59,,True,PDG,Partido de la Gente,PDG
1156,Hernán,Palma,Pérez,1,Afirmativo,20629,Boletín N° 11092-07,2023-05-08 19:08:21,90,42,3,0,1,Quórum Simple,1,Aprobado,1,Proyecto de Ley,11092-07,Particular,"Encabezado del artículo 14 ter, contenido en el numeral 7) del artículo primero del proyecto, en los términos sugeridos por la Comisión de Constitución.
",Segundo Trámite,Primer Informe,1958-11-03,1,Masculino,10,2026-03-10 23:59:59,,True,IND,Independientes,IND
1158,Víctor Alejandro,Pino,Fuentes,0,En Contra,20629,Boletín N° 11092-07,2023-05-08 19:08:21,90,42,3,0,1,Quórum Simple,1,Aprobado,1,Proyecto de Ley,11092-07,Particular,"Encabezado del artículo 14 ter, contenido en el numeral 7) del artículo primero del proyecto, en los términos sugeridos por la Comisión de Constitución.
",Segundo Trámite,Primer Informe,1974-12-08,1,Masculino,10,2026-03-10 23:59:59,,True,IND,Independientes,IND
1159,Lorena,Pizarro,Sierra,1,Afirmativo,20629,Boletín N° 11092-07,2023-05-08 19:08:21,90,42,3,0,1,Quórum Simple,1,Aprobado,1,Proyecto de Ley,11092-07,Particular,"Encabezado del artículo 14 ter, contenido en el numeral 7) del artículo primero del proyecto, en los términos sugeridos por la Comisión de Constitución.
",Segundo Trámite,Primer Informe,1966-02-14,0,Femenino,10,2026-03-10 23:59:59,,True,PC,Partido Comunista,PC
1160,Alejandra,Placencia,Cabello,1,Afirmativo,20629,Boletín N° 11092-07,2023-05-08 19:08:21,90,42,3,0,1,Quórum Simple,1,Aprobado,1,Proyecto de Ley,11092-07,Particular,"Encabezado del artículo 14 ter, contenido en el numeral 7) del artículo primero del proyecto, en los términos sugeridos por la Comisión de Constitución.
",Segundo Trámite,Primer Informe,1978-02-14,0,Femenino,10,2026-03-10 23:59:59,,True,PC,Partido Comunista,PC
1161,Francisco,Pulgar,Castillo,1,Afirmativo,20629,Boletín N° 11092-07,2023-05-08 19:08:21,90,42,3,0,1,Quórum Simple,1,Aprobado,1,Proyecto de Ley,11092-07,Particular,"Encabezado del artículo 14 ter, contenido en el numeral 7) del artículo primero del proyecto, en los términos sugeridos por la Comisión de Constitución.
",Segundo Trámite,Primer Informe,1971-05-27,1,Masculino,10,2026-03-10 23:59:59,,True,IND,Independientes,IND
1162,Matías,Ramírez,Pascal,1,Afirmativo,20629,Boletín N° 11092-07,2023-05-08 19:08:21,90,42,3,0,1,Quórum Simple,1,Aprobado,1,Proyecto de Ley,11092-07,Particular,"Encabezado del artículo 14 ter, contenido en el numeral 7) del artículo primero del proyecto, en los términos sugeridos por la Comisión de Constitución.
",Segundo Trámite,Primer Informe,1984-11-14,1,Masculino,10,2026-03-10 23:59:59,,True,PC,Partido Comunista,PC
1163,Marcia,Raphael,Mora,0,En Contra,20629,Boletín N° 11092-07,2023-05-08 19:08:21,90,42,3,0,1,Quórum Simple,1,Aprobado,1,Proyecto de Ley,11092-07,Particular,"Encabezado del artículo 14 ter, contenido en el numeral 7) del artículo primero del proyecto, en los términos sugeridos por la Comisión de Constitución.
",Segundo Trámite,Primer Informe,1963-12-06,0,Femenino,10,2026-03-10 23:59:59,,True,RN,Renovación Nacional,RN
1164,Marcela,Riquelme,Aliaga,1,Afirmativo,20629,Boletín N° 11092-07,2023-05-08 19:08:21,90,42,3,0,1,Quórum Simple,1,Aprobado,1,Proyecto de Ley,11092-07,Particular,"Encabezado del artículo 14 ter, contenido en el numeral 7) del artículo primero del proyecto, en los términos sugeridos por la Comisión de Constitución.
",Segundo Trámite,Primer Informe,1973-03-04,0,Femenino,10,2026-03-10 23:59:59,,True,IND,Independientes,IND
1165,Agustín,Romero,Leiva,0,En Contra,20629,Boletín N° 11092-07,2023-05-08 19:08:21,90,42,3,0,1,Quórum Simple,1,Aprobado,1,Proyecto de Ley,11092-07,Particular,"Encabezado del artículo 14 ter, contenido en el numeral 7) del artículo primero del proyecto, en los términos sugeridos por la Comisión de Constitución.
",Segundo Trámite,Primer Informe,1975-01-03,1,Masculino,10,2026-03-10 23:59:59,,True,PREP,Partido Republicano,PREP
1166,Natalia,Romero,Talguia,1,Afirmativo,20629,Boletín N° 11092-07,2023-05-08 19:08:21,90,42,3,0,1,Quórum Simple,1,Aprobado,1,Proyecto de Ley,11092-07,Particular,"Encabezado del artículo 14 ter, contenido en el numeral 7) del artículo primero del proyecto, en los términos sugeridos por la Comisión de Constitución.
",Segundo Trámite,Primer Informe,1985-06-29,0,Femenino,10,2026-03-10 23:59:59,,True,IND,Independientes,IND
1167,Jaime,Sáez,Quiroz,1,Afirmativo,20629,Boletín N° 11092-07,2023-05-08 19:08:21,90,42,3,0,1,Quórum Simple,1,Aprobado,1,Proyecto de Ley,11092-07,Particular,"Encabezado del artículo 14 ter, contenido en el numeral 7) del artículo primero del proyecto, en los términos sugeridos por la Comisión de Constitución.
",Segundo Trámite,Primer Informe,1985-12-09,1,Masculino,10,2026-03-10 23:59:59,,True,RD,Revolución Democrática,RD
1168,Jorge,Saffirio,Espinoza,1,Afirmativo,20629,Boletín N° 11092-07,2023-05-08 19:08:21,90,42,3,0,1,Quórum Simple,1,Aprobado,1,Proyecto de Ley,11092-07,Particular,"Encabezado del artículo 14 ter, contenido en el numeral 7) del artículo primero del proyecto, en los términos sugeridos por la Comisión de Constitución.
",Segundo Trámite,Primer Informe,1953-06-09,1,Masculino,10,2026-03-10 23:59:59,,True,IND,Independientes,IND
1169,Clara,Sagardía,Cabezas,1,Afirmativo,20629,Boletín N° 11092-07,2023-05-08 19:08:21,90,42,3,0,1,Quórum Simple,1,Aprobado,1,Proyecto de Ley,11092-07,Particular,"Encabezado del artículo 14 ter, contenido en el numeral 7) del artículo primero del proyecto, en los términos sugeridos por la Comisión de Constitución.
",Segundo Trámite,Primer Informe,1952-08-13,0,Femenino,10,2026-03-10 23:59:59,,True,IND,Independientes,IND
1170,Luis,Sánchez,Ossa,0,En Contra,20629,Boletín N° 11092-07,2023-05-08 19:08:21,90,42,3,0,1,Quórum Simple,1,Aprobado,1,Proyecto de Ley,11092-07,Particular,"Encabezado del artículo 14 ter, contenido en el numeral 7) del artículo primero del proyecto, en los términos sugeridos por la Comisión de Constitución.
",Segundo Trámite,Primer Informe,1988-10-04,1,Masculino,10,2026-03-10 23:59:59,,True,PREP,Partido Republicano,PREP
1171,Emilia,Schneider,Videla,1,Afirmativo,20629,Boletín N° 11092-07,2023-05-08 19:08:21,90,42,3,0,1,Quórum Simple,1,Aprobado,1,Proyecto de Ley,11092-07,Particular,"Encabezado del artículo 14 ter, contenido en el numeral 7) del artículo primero del proyecto, en los términos sugeridos por la Comisión de Constitución.
",Segundo Trámite,Primer Informe,1996-10-23,0,Femenino,10,2026-03-10 23:59:59,,True,PCS,Partido Convergencia Social,PCS
1172,Stephan,Schubert,Rubio,0,En Contra,20629,Boletín N° 11092-07,2023-05-08 19:08:21,90,42,3,0,1,Quórum Simple,1,Aprobado,1,Proyecto de Ley,11092-07,Particular,"Encabezado del artículo 14 ter, contenido en el numeral 7) del artículo primero del proyecto, en los términos sugeridos por la Comisión de Constitución.
",Segundo Trámite,Primer Informe,1977-12-19,1,Masculino,10,2026-03-10 23:59:59,,True,IND,Independientes,IND
1173,Daniela,Serrano,Salazar,1,Afirmativo,20629,Boletín N° 11092-07,2023-05-08 19:08:21,90,42,3,0,1,Quórum Simple,1,Aprobado,1,Proyecto de Ley,11092-07,Particular,"Encabezado del artículo 14 ter, contenido en el numeral 7) del artículo primero del proyecto, en los términos sugeridos por la Comisión de Constitución.
",Segundo Trámite,Primer Informe,1995-03-17,0,Femenino,10,2026-03-10 23:59:59,,True,PC,Partido Comunista,PC
1174,Marco Antonio,Sulantay,Olivares,0,En Contra,20629,Boletín N° 11092-07,2023-05-08 19:08:21,90,42,3,0,1,Quórum Simple,1,Aprobado,1,Proyecto de Ley,11092-07,Particular,"Encabezado del artículo 14 ter, contenido en el numeral 7) del artículo primero del proyecto, en los términos sugeridos por la Comisión de Constitución.
",Segundo Trámite,Primer Informe,1973-03-31,1,Masculino,10,2026-03-10 23:59:59,,True,UDI,Unión Demócrata Independiente,UDI
1175,Cristián,Tapia,Ramos,1,Afirmativo,20629,Boletín N° 11092-07,2023-05-08 19:08:21,90,42,3,0,1,Quórum Simple,1,Aprobado,1,Proyecto de Ley,11092-07,Particular,"Encabezado del artículo 14 ter, contenido en el numeral 7) del artículo primero del proyecto, en los términos sugeridos por la Comisión de Constitución.
",Segundo Trámite,Primer Informe,1968-07-14,1,Masculino,10,2026-03-10 23:59:59,,True,IND,Independientes,IND
1176,Hotuiti,Teao,Drago,0,En Contra,20629,Boletín N° 11092-07,2023-05-08 19:08:21,90,42,3,0,1,Quórum Simple,1,Aprobado,1,Proyecto de Ley,11092-07,Particular,"Encabezado del artículo 14 ter, contenido en el numeral 7) del artículo primero del proyecto, en los términos sugeridos por la Comisión de Constitución.
",Segundo Trámite,Primer Informe,1977-08-01,1,Masculino,10,2026-03-10 23:59:59,,True,IND,Independientes,IND
1177,Carolina,Tello,Rojas,1,Afirmativo,20629,Boletín N° 11092-07,2023-05-08 19:08:21,90,42,3,0,1,Quórum Simple,1,Aprobado,1,Proyecto de Ley,11092-07,Particular,"Encabezado del artículo 14 ter, contenido en el numeral 7) del artículo primero del proyecto, en los términos sugeridos por la Comisión de Constitución.
",Segundo Trámite,Primer Informe,1985-10-01,0,Femenino,10,2026-03-10 23:59:59,,True,PC,Partido Comunista,PC
1178,Héctor,Ulloa,Aguilera,1,Afirmativo,20629,Boletín N° 11092-07,2023-05-08 19:08:21,90,42,3,0,1,Quórum Simple,1,Aprobado,1,Proyecto de Ley,11092-07,Particular,"Encabezado del artículo 14 ter, contenido en el numeral 7) del artículo primero del proyecto, en los términos sugeridos por la Comisión de Constitución.
",Segundo Trámite,Primer Informe,1969-08-06,1,Masculino,10,2026-03-10 23:59:59,,True,IND,Independientes,IND
1179,Alberto,Undurraga,Vicuña,1,Afirmativo,20629,Boletín N° 11092-07,2023-05-08 19:08:21,90,42,3,0,1,Quórum Simple,1,Aprobado,1,Proyecto de Ley,11092-07,Particular,"Encabezado del artículo 14 ter, contenido en el numeral 7) del artículo primero del proyecto, en los términos sugeridos por la Comisión de Constitución.
",Segundo Trámite,Primer Informe,1969-06-17,1,Masculino,10,2026-03-10 23:59:59,,True,DC,Partido Demócrata Cristiano,DC
1180,Consuelo,Veloso,Ávila,1,Afirmativo,20629,Boletín N° 11092-07,2023-05-08 19:08:21,90,42,3,0,1,Quórum Simple,1,Aprobado,1,Proyecto de Ley,11092-07,Particular,"Encabezado del artículo 14 ter, contenido en el numeral 7) del artículo primero del proyecto, en los términos sugeridos por la Comisión de Constitución.
",Segundo Trámite,Primer Informe,1994-02-11,0,Femenino,10,2026-03-10 23:59:59,,True,RD,Revolución Democrática,RD
1182,Sebastián,Videla,Castillo,1,Afirmativo,20629,Boletín N° 11092-07,2023-05-08 19:08:21,90,42,3,0,1,Quórum Simple,1,Aprobado,1,Proyecto de Ley,11092-07,Particular,"Encabezado del artículo 14 ter, contenido en el numeral 7) del artículo primero del proyecto, en los términos sugeridos por la Comisión de Constitución.
",Segundo Trámite,Primer Informe,1986-04-29,1,Masculino,10,2026-03-10 23:59:59,,True,IND,Independientes,IND
1183,Flor,Weisse,Novoa,0,En Contra,20629,Boletín N° 11092-07,2023-05-08 19:08:21,90,42,3,0,1,Quórum Simple,1,Aprobado,1,Proyecto de Ley,11092-07,Particular,"Encabezado del artículo 14 ter, contenido en el numeral 7) del artículo primero del proyecto, en los términos sugeridos por la Comisión de Constitución.
",Segundo Trámite,Primer Informe,1960-03-27,0,Femenino,10,2026-03-10 23:59:59,,True,UDI,Unión Demócrata Independiente,UDI
74,Jaime,Naranjo,Ortiz,1,Afirmativo,20629,Boletín N° 11092-07,2023-05-08 19:08:21,90,42,3,0,1,Quórum Simple,1,Aprobado,1,Proyecto de Ley,11092-07,Particular,"Encabezado del artículo 14 ter, contenido en el numeral 7) del artículo primero del proyecto, en los términos sugeridos por la Comisión de Constitución.
",Segundo Trámite,Primer Informe,1951-01-12,1,Masculino,10,2026-03-10 23:59:59,,True,PS,Partido Socialista,PS
803,René,Alinco,Bustos,1,Afirmativo,20629,Boletín N° 11092-07,2023-05-08 19:08:21,90,42,3,0,1,Quórum Simple,1,Aprobado,1,Proyecto de Ley,11092-07,Particular,"Encabezado del artículo 14 ter, contenido en el numeral 7) del artículo primero del proyecto, en los términos sugeridos por la Comisión de Constitución.
",Segundo Trámite,Primer Informe,1958-06-02,1,Masculino,10,2026-03-10 23:59:59,,True,IND,Independientes,IND
815,Sergio,Bobadilla,Muñoz,0,En Contra,20629,Boletín N° 11092-07,2023-05-08 19:08:21,90,42,3,0,1,Quórum Simple,1,Aprobado,1,Proyecto de Ley,11092-07,Particular,"Encabezado del artículo 14 ter, contenido en el numeral 7) del artículo primero del proyecto, en los términos sugeridos por la Comisión de Constitución.
",Segundo Trámite,Primer Informe,1958-03-25,1,Masculino,10,2026-03-10 23:59:59,,True,UDI,Unión Demócrata Independiente,UDI
917,Gastón,Von Mühlenbrock,Zamora,0,En Contra,20629,Boletín N° 11092-07,2023-05-08 19:08:21,90,42,3,0,1,Quórum Simple,1,Aprobado,1,Proyecto de Ley,11092-07,Particular,"Encabezado del artículo 14 ter, contenido en el numeral 7) del artículo primero del proyecto, en los términos sugeridos por la Comisión de Constitución.
",Segundo Trámite,Primer Informe,1954-12-26,1,Masculino,10,2026-03-10 23:59:59,,True,UDI,Unión Demócrata Independiente,UDI
948,Gaspar,Rivas,Sánchez,1,Afirmativo,20629,Boletín N° 11092-07,2023-05-08 19:08:21,90,42,3,0,1,Quórum Simple,1,Aprobado,1,Proyecto de Ley,11092-07,Particular,"Encabezado del artículo 14 ter, contenido en el numeral 7) del artículo primero del proyecto, en los términos sugeridos por la Comisión de Constitución.
",Segundo Trámite,Primer Informe,1978-05-17,1,Masculino,10,2026-03-10 23:59:59,,True,PDG,Partido de la Gente,PDG
953,Frank,Sauerbaum,Muñoz,1,Afirmativo,20629,Boletín N° 11092-07,2023-05-08 19:08:21,90,42,3,0,1,Quórum Simple,1,Aprobado,1,Proyecto de Ley,11092-07,Particular,"Encabezado del artículo 14 ter, contenido en el numeral 7) del artículo primero del proyecto, en los términos sugeridos por la Comisión de Constitución.
",Segundo Trámite,Primer Informe,1972-11-21,1,Masculino,10,2026-03-10 23:59:59,,True,RN,Renovación Nacional,RN
971,Bernardo,Berger,Fett,1,Afirmativo,20629,Boletín N° 11092-07,2023-05-08 19:08:21,90,42,3,0,1,Quórum Simple,1,Aprobado,1,Proyecto de Ley,11092-07,Particular,"Encabezado del artículo 14 ter, contenido en el numeral 7) del artículo primero del proyecto, en los términos sugeridos por la Comisión de Constitución.
",Segundo Trámite,Primer Informe,1946-10-04,1,Masculino,10,2026-03-10 23:59:59,,True,IND,Independientes,IND
973,Karol,Cariola,Oliva,1,Afirmativo,20629,Boletín N° 11092-07,2023-05-08 19:08:21,90,42,3,0,1,Quórum Simple,1,Aprobado,1,Proyecto de Ley,11092-07,Particular,"Encabezado del artículo 14 ter, contenido en el numeral 7) del artículo primero del proyecto, en los términos sugeridos por la Comisión de Constitución.
",Segundo Trámite,Primer Informe,1987-04-01,0,Femenino,10,2026-03-10 23:59:59,,True,PC,Partido Comunista,PC
975,Daniella,Cicardini,Milla,1,Afirmativo,20629,Boletín N° 11092-07,2023-05-08 19:08:21,90,42,3,0,1,Quórum Simple,1,Aprobado,1,Proyecto de Ley,11092-07,Particular,"Encabezado del artículo 14 ter, contenido en el numeral 7) del artículo primero del proyecto, en los términos sugeridos por la Comisión de Constitución.
",Segundo Trámite,Primer Informe,1987-12-31,0,Femenino,10,2026-03-10 23:59:59,,True,PS,Partido Socialista,PS
976,Juan Antonio,Coloma,Álamos,0,En Contra,20629,Boletín N° 11092-07,2023-05-08 19:08:21,90,42,3,0,1,Quórum Simple,1,Aprobado,1,Proyecto de Ley,11092-07,Particular,"Encabezado del artículo 14 ter, contenido en el numeral 7) del artículo primero del proyecto, en los términos sugeridos por la Comisión de Constitución.
",Segundo Trámite,Primer Informe,1980-03-14,1,Masculino,10,2026-03-10 23:59:59,,True,UDI,Unión Demócrata Independiente,UDI
990,Daniel,Melo,Contreras,1,Afirmativo,20629,Boletín N° 11092-07,2023-05-08 19:08:21,90,42,3,0,1,Quórum Simple,1,Aprobado,1,Proyecto de Ley,11092-07,Particular,"Encabezado del artículo 14 ter, contenido en el numeral 7) del artículo primero del proyecto, en los términos sugeridos por la Comisión de Constitución.
",Segundo Trámite,Primer Informe,1979-02-18,1,Masculino,10,2026-03-10 23:59:59,,True,PS,Partido Socialista,PS
991,Vlado,Mirosevic,Verdugo,1,Afirmativo,20629,Boletín N° 11092-07,2023-05-08 19:08:21,90,42,3,0,1,Quórum Simple,1,Aprobado,1,Proyecto de Ley,11092-07,Particular,"Encabezado del artículo 14 ter, contenido en el numeral 7) del artículo primero del proyecto, en los términos sugeridos por la Comisión de Constitución.
",Segundo Trámite,Primer Informe,1987-05-23,1,Masculino,10,2026-03-10 23:59:59,,True,PL,Partido Liberal de Chile,PL
999,Jorge,Rathgeb,Schifferli,1,Afirmativo,20629,Boletín N° 11092-07,2023-05-08 19:08:21,90,42,3,0,1,Quórum Simple,1,Aprobado,1,Proyecto de Ley,11092-07,Particular,"Encabezado del artículo 14 ter, contenido en el numeral 7) del artículo primero del proyecto, en los términos sugeridos por la Comisión de Constitución.
",Segundo Trámite,Primer Informe,1967-12-28,1,Masculino,10,2026-03-10 23:59:59,,True,RN,Renovación Nacional,RN
1002,Leonardo,Soto,Ferrada,1,Afirmativo,20630,Boletín N° 11092-07,2023-05-08 19:09:23,90,40,5,0,1,Quórum Simple,1,Aprobado,1,Proyecto de Ley,11092-07,Particular,"Letra L) del artículo 14 ter, contenido en el numeral 7) del artículo primero del proyecto, en los términos sugeridos por la Comisión de Constitución.
",Segundo Trámite,Primer Informe,1966-05-15,1,Masculino,10,2026-03-10 23:59:59,,True,PS,Partido Socialista,PS
1003,Renzo,Trisotti,Martínez,0,En Contra,20630,Boletín N° 11092-07,2023-05-08 19:09:23,90,40,5,0,1,Quórum Simple,1,Aprobado,1,Proyecto de Ley,11092-07,Particular,"Letra L) del artículo 14 ter, contenido en el numeral 7) del artículo primero del proyecto, en los términos sugeridos por la Comisión de Constitución.
",Segundo Trámite,Primer Informe,1976-03-15,1,Masculino,10,2026-03-10 23:59:59,,True,UDI,Unión Demócrata Independiente,UDI
1009,Jorge,Alessandri,Vergara,0,En Contra,20630,Boletín N° 11092-07,2023-05-08 19:09:23,90,40,5,0,1,Quórum Simple,1,Aprobado,1,Proyecto de Ley,11092-07,Particular,"Letra L) del artículo 14 ter, contenido en el numeral 7) del artículo primero del proyecto, en los términos sugeridos por la Comisión de Constitución.
",Segundo Trámite,Primer Informe,1979-06-08,1,Masculino,10,2026-03-10 23:59:59,,True,UDI,Unión Demócrata Independiente,UDI
1012,Boris,Barrera,Moreno,1,Afirmativo,20630,Boletín N° 11092-07,2023-05-08 19:09:23,90,40,5,0,1,Quórum Simple,1,Aprobado,1,Proyecto de Ley,11092-07,Particular,"Letra L) del artículo 14 ter, contenido en el numeral 7) del artículo primero del proyecto, en los términos sugeridos por la Comisión de Constitución.
",Segundo Trámite,Primer Informe,1970-05-03,1,Masculino,10,2026-03-10 23:59:59,,True,PC,Partido Comunista,PC
1013,Alejandro,Bernales,Maldonado,1,Afirmativo,20630,Boletín N° 11092-07,2023-05-08 19:09:23,90,40,5,0,1,Quórum Simple,1,Aprobado,1,Proyecto de Ley,11092-07,Particular,"Letra L) del artículo 14 ter, contenido en el numeral 7) del artículo primero del proyecto, en los términos sugeridos por la Comisión de Constitución.
",Segundo Trámite,Primer Informe,1979-02-02,1,Masculino,10,2026-03-10 23:59:59,,True,PL,Partido Liberal de Chile,PL
1016,Miguel Ángel,Calisto,Águila,1,Afirmativo,20630,Boletín N° 11092-07,2023-05-08 19:09:23,90,40,5,0,1,Quórum Simple,1,Aprobado,1,Proyecto de Ley,11092-07,Particular,"Letra L) del artículo 14 ter, contenido en el numeral 7) del artículo primero del proyecto, en los términos sugeridos por la Comisión de Constitución.
",Segundo Trámite,Primer Informe,1985-07-19,1,Masculino,10,2026-03-10 23:59:59,,True,IND,Independientes,IND
1017,Álvaro,Carter,Fernández,0,En Contra,20630,Boletín N° 11092-07,2023-05-08 19:09:23,90,40,5,0,1,Quórum Simple,1,Aprobado,1,Proyecto de Ley,11092-07,Particular,"Letra L) del artículo 14 ter, contenido en el numeral 7) del artículo primero del proyecto, en los términos sugeridos por la Comisión de Constitución.
",Segundo Trámite,Primer Informe,1980-10-09,1,Masculino,10,2026-03-10 23:59:59,,True,UDI,Unión Demócrata Independiente,UDI
1019,José Miguel,Castro,Bascuñán,2,Abstención,20630,Boletín N° 11092-07,2023-05-08 19:09:23,90,40,5,0,1,Quórum Simple,1,Aprobado,1,Proyecto de Ley,11092-07,Particular,"Letra L) del artículo 14 ter, contenido en el numeral 7) del artículo primero del proyecto, en los términos sugeridos por la Comisión de Constitución.
",Segundo Trámite,Primer Informe,1974-08-05,1,Masculino,10,2026-03-10 23:59:59,,True,RN,Renovación Nacional,RN
1021,Andrés,Celis,Montt,1,Afirmativo,20630,Boletín N° 11092-07,2023-05-08 19:09:23,90,40,5,0,1,Quórum Simple,1,Aprobado,1,Proyecto de Ley,11092-07,Particular,"Letra L) del artículo 14 ter, contenido en el numeral 7) del artículo primero del proyecto, en los términos sugeridos por la Comisión de Constitución.
",Segundo Trámite,Primer Informe,1975-04-08,1,Masculino,10,2026-03-10 23:59:59,,True,RN,Renovación Nacional,RN
1022,Sofía,Cid,Versalovic,2,Abstención,20630,Boletín N° 11092-07,2023-05-08 19:09:23,90,40,5,0,1,Quórum Simple,1,Aprobado,1,Proyecto de Ley,11092-07,Particular,"Letra L) del artículo 14 ter, contenido en el numeral 7) del artículo primero del proyecto, en los términos sugeridos por la Comisión de Constitución.
",Segundo Trámite,Primer Informe,1971-09-29,0,Femenino,10,2026-03-10 23:59:59,,True,RN,Renovación Nacional,RN
1025,Catalina,Del Real,Mihovilovic,0,En Contra,20630,Boletín N° 11092-07,2023-05-08 19:09:23,90,40,5,0,1,Quórum Simple,1,Aprobado,1,Proyecto de Ley,11092-07,Particular,"Letra L) del artículo 14 ter, contenido en el numeral 7) del artículo primero del proyecto, en los términos sugeridos por la Comisión de Constitución.
",Segundo Trámite,Primer Informe,1968-11-07,0,Femenino,10,2026-03-10 23:59:59,,True,RN,Renovación Nacional,RN
1028,Eduardo,Durán,Salinas,2,Abstención,20630,Boletín N° 11092-07,2023-05-08 19:09:23,90,40,5,0,1,Quórum Simple,1,Aprobado,1,Proyecto de Ley,11092-07,Particular,"Letra L) del artículo 14 ter, contenido en el numeral 7) del artículo primero del proyecto, en los términos sugeridos por la Comisión de Constitución.
",Segundo Trámite,Primer Informe,1972-01-01,1,Masculino,10,2026-03-10 23:59:59,,True,RN,Renovación Nacional,RN
1030,Camila,Flores,Oporto,2,Abstención,20630,Boletín N° 11092-07,2023-05-08 19:09:23,90,40,5,0,1,Quórum Simple,1,Aprobado,1,Proyecto de Ley,11092-07,Particular,"Letra L) del artículo 14 ter, contenido en el numeral 7) del artículo primero del proyecto, en los términos sugeridos por la Comisión de Constitución.
",Segundo Trámite,Primer Informe,1987-02-09,0,Femenino,10,2026-03-10 23:59:59,,True,RN,Renovación Nacional,RN
1034,Félix,González,Gatica,1,Afirmativo,20630,Boletín N° 11092-07,2023-05-08 19:09:23,90,40,5,0,1,Quórum Simple,1,Aprobado,1,Proyecto de Ley,11092-07,Particular,"Letra L) del artículo 14 ter, contenido en el numeral 7) del artículo primero del proyecto, en los términos sugeridos por la Comisión de Constitución.
",Segundo Trámite,Primer Informe,1972-05-26,1,Masculino,10,2026-03-10 23:59:59,,True,PEV,Partido Ecologista Verde,PEV
1035,Carmen,Hertz,Cádiz,1,Afirmativo,20630,Boletín N° 11092-07,2023-05-08 19:09:23,90,40,5,0,1,Quórum Simple,1,Aprobado,1,Proyecto de Ley,11092-07,Particular,"Letra L) del artículo 14 ter, contenido en el numeral 7) del artículo primero del proyecto, en los términos sugeridos por la Comisión de Constitución.
",Segundo Trámite,Primer Informe,1945-06-19,0,Femenino,10,2026-03-10 23:59:59,,True,PC,Partido Comunista,PC
1036,Tomás,Hirsch,Goldschmidt,1,Afirmativo,20630,Boletín N° 11092-07,2023-05-08 19:09:23,90,40,5,0,1,Quórum Simple,1,Aprobado,1,Proyecto de Ley,11092-07,Particular,"Letra L) del artículo 14 ter, contenido en el numeral 7) del artículo primero del proyecto, en los términos sugeridos por la Comisión de Constitución.
",Segundo Trámite,Primer Informe,1956-07-19,1,Masculino,10,2026-03-10 23:59:59,,True,PAH,Partido Acción Humanista,PAH
1037,Diego,Ibáñez,Cotroneo,1,Afirmativo,20630,Boletín N° 11092-07,2023-05-08 19:09:23,90,40,5,0,1,Quórum Simple,1,Aprobado,1,Proyecto de Ley,11092-07,Particular,"Letra L) del artículo 14 ter, contenido en el numeral 7) del artículo primero del proyecto, en los términos sugeridos por la Comisión de Constitución.
",Segundo Trámite,Primer Informe,1989-01-25,1,Masculino,10,2026-03-10 23:59:59,,True,PCS,Partido Convergencia Social,PCS
1038,Marcos,Ilabaca,Cerda,1,Afirmativo,20630,Boletín N° 11092-07,2023-05-08 19:09:23,90,40,5,0,1,Quórum Simple,1,Aprobado,1,Proyecto de Ley,11092-07,Particular,"Letra L) del artículo 14 ter, contenido en el numeral 7) del artículo primero del proyecto, en los términos sugeridos por la Comisión de Constitución.
",Segundo Trámite,Primer Informe,1970-10-05,1,Masculino,10,2026-03-10 23:59:59,,True,PS,Partido Socialista,PS
1040,Harry,Jürgensen,Rundshagen,0,En Contra,20630,Boletín N° 11092-07,2023-05-08 19:09:23,90,40,5,0,1,Quórum Simple,1,Aprobado,1,Proyecto de Ley,11092-07,Particular,"Letra L) del artículo 14 ter, contenido en el numeral 7) del artículo primero del proyecto, en los términos sugeridos por la Comisión de Constitución.
",Segundo Trámite,Primer Informe,1968-09-03,1,Masculino,10,2026-03-10 23:59:59,,True,IND,Independientes,IND
1044,Raúl,Leiva,Carvajal,1,Afirmativo,20630,Boletín N° 11092-07,2023-05-08 19:09:23,90,40,5,0,1,Quórum Simple,1,Aprobado,1,Proyecto de Ley,11092-07,Particular,"Letra L) del artículo 14 ter, contenido en el numeral 7) del artículo primero del proyecto, en los términos sugeridos por la Comisión de Constitución.
",Segundo Trámite,Primer Informe,1974-03-24,1,Masculino,10,2026-03-10 23:59:59,,True,PS,Partido Socialista,PS
1046,Andrés,Longton,Herrera,1,Afirmativo,20630,Boletín N° 11092-07,2023-05-08 19:09:23,90,40,5,0,1,Quórum Simple,1,Aprobado,1,Proyecto de Ley,11092-07,Particular,"Letra L) del artículo 14 ter, contenido en el numeral 7) del artículo primero del proyecto, en los términos sugeridos por la Comisión de Constitución.
",Segundo Trámite,Primer Informe,1982-05-26,1,Masculino,10,2026-03-10 23:59:59,,True,RN,Renovación Nacional,RN
1048,Carolina,Marzán,Pinto,1,Afirmativo,20630,Boletín N° 11092-07,2023-05-08 19:09:23,90,40,5,0,1,Quórum Simple,1,Aprobado,1,Proyecto de Ley,11092-07,Particular,"Letra L) del artículo 14 ter, contenido en el numeral 7) del artículo primero del proyecto, en los términos sugeridos por la Comisión de Constitución.
",Segundo Trámite,Primer Informe,1963-12-22,0,Femenino,10,2026-03-10 23:59:59,,True,PPD,Partido Por la Democracia,PPD
1049,Cosme,Mellado,Pino,1,Afirmativo,20630,Boletín N° 11092-07,2023-05-08 19:09:23,90,40,5,0,1,Quórum Simple,1,Aprobado,1,Proyecto de Ley,11092-07,Particular,"Letra L) del artículo 14 ter, contenido en el numeral 7) del artículo primero del proyecto, en los términos sugeridos por la Comisión de Constitución.
",Segundo Trámite,Primer Informe,1960-02-24,1,Masculino,10,2026-03-10 23:59:59,,True,PR,Partido Radical de Chile,PR
1050,Miguel,Mellado,Suazo,1,Afirmativo,20630,Boletín N° 11092-07,2023-05-08 19:09:23,90,40,5,0,1,Quórum Simple,1,Aprobado,1,Proyecto de Ley,11092-07,Particular,"Letra L) del artículo 14 ter, contenido en el numeral 7) del artículo primero del proyecto, en los términos sugeridos por la Comisión de Constitución.
",Segundo Trámite,Primer Informe,1958-12-29,1,Masculino,10,2026-03-10 23:59:59,,True,RN,Renovación Nacional,RN
1054,Francesca,Muñoz,González,1,Afirmativo,20630,Boletín N° 11092-07,2023-05-08 19:09:23,90,40,5,0,1,Quórum Simple,1,Aprobado,1,Proyecto de Ley,11092-07,Particular,"Letra L) del artículo 14 ter, contenido en el numeral 7) del artículo primero del proyecto, en los términos sugeridos por la Comisión de Constitución.
",Segundo Trámite,Primer Informe,1980-03-07,0,Femenino,10,2026-03-10 23:59:59,,True,IND,Independientes,IND
1056,Emilia,Nuyado,Ancapichun,1,Afirmativo,20630,Boletín N° 11092-07,2023-05-08 19:09:23,90,40,5,0,1,Quórum Simple,1,Aprobado,1,Proyecto de Ley,11092-07,Particular,"Letra L) del artículo 14 ter, contenido en el numeral 7) del artículo primero del proyecto, en los términos sugeridos por la Comisión de Constitución.
",Segundo Trámite,Primer Informe,1968-08-17,0,Femenino,10,2026-03-10 23:59:59,,True,PS,Partido Socialista,PS
1057,Erika,Olivera,De La Fuente,1,Afirmativo,20630,Boletín N° 11092-07,2023-05-08 19:09:23,90,40,5,0,1,Quórum Simple,1,Aprobado,1,Proyecto de Ley,11092-07,Particular,"Letra L) del artículo 14 ter, contenido en el numeral 7) del artículo primero del proyecto, en los términos sugeridos por la Comisión de Constitución.
",Segundo Trámite,Primer Informe,1976-01-04,0,Femenino,10,2026-03-10 23:59:59,,True,IND,Independientes,IND
1058,Maite,Orsini,Pascal,1,Afirmativo,20630,Boletín N° 11092-07,2023-05-08 19:09:23,90,40,5,0,1,Quórum Simple,1,Aprobado,1,Proyecto de Ley,11092-07,Particular,"Letra L) del artículo 14 ter, contenido en el numeral 7) del artículo primero del proyecto, en los términos sugeridos por la Comisión de Constitución.
",Segundo Trámite,Primer Informe,1988-02-23,0,Femenino,10,2026-03-10 23:59:59,,True,RD,Revolución Democrática,RD
1059,Ximena,Ossandón,Irarrázabal,1,Afirmativo,20630,Boletín N° 11092-07,2023-05-08 19:09:23,90,40,5,0,1,Quórum Simple,1,Aprobado,1,Proyecto de Ley,11092-07,Particular,"Letra L) del artículo 14 ter, contenido en el numeral 7) del artículo primero del proyecto, en los términos sugeridos por la Comisión de Constitución.
",Segundo Trámite,Primer Informe,1963-12-13,0,Femenino,10,2026-03-10 23:59:59,,True,RN,Renovación Nacional,RN
1062,Joanna,Pérez,Olea,1,Afirmativo,20630,Boletín N° 11092-07,2023-05-08 19:09:23,90,40,5,0,1,Quórum Simple,1,Aprobado,1,Proyecto de Ley,11092-07,Particular,"Letra L) del artículo 14 ter, contenido en el numeral 7) del artículo primero del proyecto, en los términos sugeridos por la Comisión de Constitución.
",Segundo Trámite,Primer Informe,1976-04-01,0,Femenino,10,2026-03-10 23:59:59,,True,IND,Independientes,IND
1065,Guillermo,Ramírez,Diez,0,En Contra,20630,Boletín N° 11092-07,2023-05-08 19:09:23,90,40,5,0,1,Quórum Simple,1,Aprobado,1,Proyecto de Ley,11092-07,Particular,"Letra L) del artículo 14 ter, contenido en el numeral 7) del artículo primero del proyecto, en los términos sugeridos por la Comisión de Constitución.
",Segundo Trámite,Primer Informe,1979-04-16,1,Masculino,10,2026-03-10 23:59:59,,True,UDI,Unión Demócrata Independiente,UDI
1067,Hugo,Rey,Martínez,1,Afirmativo,20630,Boletín N° 11092-07,2023-05-08 19:09:23,90,40,5,0,1,Quórum Simple,1,Aprobado,1,Proyecto de Ley,11092-07,Particular,"Letra L) del artículo 14 ter, contenido en el numeral 7) del artículo primero del proyecto, en los términos sugeridos por la Comisión de Constitución.
",Segundo Trámite,Primer Informe,1973-12-06,1,Masculino,10,2026-03-10 23:59:59,,True,RN,Renovación Nacional,RN
1068,Camila,Rojas,Valderrama,1,Afirmativo,20630,Boletín N° 11092-07,2023-05-08 19:09:23,90,40,5,0,1,Quórum Simple,1,Aprobado,1,Proyecto de Ley,11092-07,Particular,"Letra L) del artículo 14 ter, contenido en el numeral 7) del artículo primero del proyecto, en los términos sugeridos por la Comisión de Constitución.
",Segundo Trámite,Primer Informe,1991-03-11,0,Femenino,10,2026-03-10 23:59:59,,True,COMUNES,Partido Comunes,COMUNES
1073,Juan,Santana,Castillo,1,Afirmativo,20630,Boletín N° 11092-07,2023-05-08 19:09:23,90,40,5,0,1,Quórum Simple,1,Aprobado,1,Proyecto de Ley,11092-07,Particular,"Letra L) del artículo 14 ter, contenido en el numeral 7) del artículo primero del proyecto, en los términos sugeridos por la Comisión de Constitución.
",Segundo Trámite,Primer Informe,1989-09-20,1,Masculino,10,2026-03-10 23:59:59,,True,PS,Partido Socialista,PS
1076,Alexis,Sepúlveda,Soto,1,Afirmativo,20630,Boletín N° 11092-07,2023-05-08 19:09:23,90,40,5,0,1,Quórum Simple,1,Aprobado,1,Proyecto de Ley,11092-07,Particular,"Letra L) del artículo 14 ter, contenido en el numeral 7) del artículo primero del proyecto, en los términos sugeridos por la Comisión de Constitución.
",Segundo Trámite,Primer Informe,1969-12-29,1,Masculino,10,2026-03-10 23:59:59,,True,PR,Partido Radical de Chile,PR
1077,Raúl,Soto,Mardones,1,Afirmativo,20630,Boletín N° 11092-07,2023-05-08 19:09:23,90,40,5,0,1,Quórum Simple,1,Aprobado,1,Proyecto de Ley,11092-07,Particular,"Letra L) del artículo 14 ter, contenido en el numeral 7) del artículo primero del proyecto, en los términos sugeridos por la Comisión de Constitución.
",Segundo Trámite,Primer Informe,1987-11-20,1,Masculino,10,2026-03-10 23:59:59,,True,PPD,Partido Por la Democracia,PPD
1081,Francisco,Undurraga,Gazitúa,0,En Contra,20630,Boletín N° 11092-07,2023-05-08 19:09:23,90,40,5,0,1,Quórum Simple,1,Aprobado,1,Proyecto de Ley,11092-07,Particular,"Letra L) del artículo 14 ter, contenido en el numeral 7) del artículo primero del proyecto, en los términos sugeridos por la Comisión de Constitución.
",Segundo Trámite,Primer Informe,1965-09-29,1,Masculino,10,2026-03-10 23:59:59,,True,EVOP,Evolución Política,EVOP
1082,Cristóbal,Urruticoechea,Ríos,0,En Contra,20630,Boletín N° 11092-07,2023-05-08 19:09:23,90,40,5,0,1,Quórum Simple,1,Aprobado,1,Proyecto de Ley,11092-07,Particular,"Letra L) del artículo 14 ter, contenido en el numeral 7) del artículo primero del proyecto, en los términos sugeridos por la Comisión de Constitución.
",Segundo Trámite,Primer Informe,1975-11-21,1,Masculino,10,2026-03-10 23:59:59,,True,PREP,Partido Republicano,PREP
1086,Gonzalo,Winter,Etcheberry,1,Afirmativo,20630,Boletín N° 11092-07,2023-05-08 19:09:23,90,40,5,0,1,Quórum Simple,1,Aprobado,1,Proyecto de Ley,11092-07,Particular,"Letra L) del artículo 14 ter, contenido en el numeral 7) del artículo primero del proyecto, en los términos sugeridos por la Comisión de Constitución.
",Segundo Trámite,Primer Informe,1987-01-06,1,Masculino,10,2026-03-10 23:59:59,,True,PCS,Partido Convergencia Social,PCS
1087,Gael,Yeomans,Araya,1,Afirmativo,20630,Boletín N° 11092-07,2023-05-08 19:09:23,90,40,5,0,1,Quórum Simple,1,Aprobado,1,Proyecto de Ley,11092-07,Particular,"Letra L) del artículo 14 ter, contenido en el numeral 7) del artículo primero del proyecto, en los términos sugeridos por la Comisión de Constitución.
",Segundo Trámite,Primer Informe,1988-12-04,0,Femenino,10,2026-03-10 23:59:59,,True,PCS,Partido Convergencia Social,PCS
1094,Cristian,Labbé,Martínez,0,En Contra,20630,Boletín N° 11092-07,2023-05-08 19:09:23,90,40,5,0,1,Quórum Simple,1,Aprobado,1,Proyecto de Ley,11092-07,Particular,"Letra L) del artículo 14 ter, contenido en el numeral 7) del artículo primero del proyecto, en los términos sugeridos por la Comisión de Constitución.
",Segundo Trámite,Primer Informe,1980-03-06,1,Masculino,10,2026-03-10 23:59:59,,True,UDI,Unión Demócrata Independiente,UDI
1096,María Candelaria,Acevedo,Sáez,1,Afirmativo,20630,Boletín N° 11092-07,2023-05-08 19:09:23,90,40,5,0,1,Quórum Simple,1,Aprobado,1,Proyecto de Ley,11092-07,Particular,"Letra L) del artículo 14 ter, contenido en el numeral 7) del artículo primero del proyecto, en los términos sugeridos por la Comisión de Constitución.
",Segundo Trámite,Primer Informe,1958-09-12,0,Femenino,10,2026-03-10 23:59:59,,True,PC,Partido Comunista,PC
1097,Eric,Aedo,Jeldres,1,Afirmativo,20630,Boletín N° 11092-07,2023-05-08 19:09:23,90,40,5,0,1,Quórum Simple,1,Aprobado,1,Proyecto de Ley,11092-07,Particular,"Letra L) del artículo 14 ter, contenido en el numeral 7) del artículo primero del proyecto, en los términos sugeridos por la Comisión de Constitución.
",Segundo Trámite,Primer Informe,1968-07-13,1,Masculino,10,2026-03-10 23:59:59,,True,DC,Partido Demócrata Cristiano,DC
1098,Yovana,Ahumada,Palma,1,Afirmativo,20630,Boletín N° 11092-07,2023-05-08 19:09:23,90,40,5,0,1,Quórum Simple,1,Aprobado,1,Proyecto de Ley,11092-07,Particular,"Letra L) del artículo 14 ter, contenido en el numeral 7) del artículo primero del proyecto, en los términos sugeridos por la Comisión de Constitución.
",Segundo Trámite,Primer Informe,1973-02-24,0,Femenino,10,2026-03-10 23:59:59,,True,IND,Independientes,IND
1099,Jaime,Araya,Guerrero,1,Afirmativo,20630,Boletín N° 11092-07,2023-05-08 19:09:23,90,40,5,0,1,Quórum Simple,1,Aprobado,1,Proyecto de Ley,11092-07,Particular,"Letra L) del artículo 14 ter, contenido en el numeral 7) del artículo primero del proyecto, en los términos sugeridos por la Comisión de Constitución.
",Segundo Trámite,Primer Informe,1976-02-04,1,Masculino,10,2026-03-10 23:59:59,,True,IND,Independientes,IND
1100,Cristián,Araya,Lerdo de Tejada,0,En Contra,20630,Boletín N° 11092-07,2023-05-08 19:09:23,90,40,5,0,1,Quórum Simple,1,Aprobado,1,Proyecto de Ley,11092-07,Particular,"Letra L) del artículo 14 ter, contenido en el numeral 7) del artículo primero del proyecto, en los términos sugeridos por la Comisión de Constitución.
",Segundo Trámite,Primer Informe,1988-09-30,1,Masculino,10,2026-03-10 23:59:59,,True,PREP,Partido Republicano,PREP
1101,Mónica,Arce,Castro,1,Afirmativo,20630,Boletín N° 11092-07,2023-05-08 19:09:23,90,40,5,0,1,Quórum Simple,1,Aprobado,1,Proyecto de Ley,11092-07,Particular,"Letra L) del artículo 14 ter, contenido en el numeral 7) del artículo primero del proyecto, en los términos sugeridos por la Comisión de Constitución.
",Segundo Trámite,Primer Informe,1976-03-02,0,Femenino,10,2026-03-10 23:59:59,,True,IND,Independientes,IND
1102,Roberto,Arroyo,Muñoz,1,Afirmativo,20630,Boletín N° 11092-07,2023-05-08 19:09:23,90,40,5,0,1,Quórum Simple,1,Aprobado,1,Proyecto de Ley,11092-07,Particular,"Letra L) del artículo 14 ter, contenido en el numeral 7) del artículo primero del proyecto, en los términos sugeridos por la Comisión de Constitución.
",Segundo Trámite,Primer Informe,1963-11-29,1,Masculino,10,2026-03-10 23:59:59,,True,PDG,Partido de la Gente,PDG
1103,Danisa,Astudillo,Peiretti,1,Afirmativo,20630,Boletín N° 11092-07,2023-05-08 19:09:23,90,40,5,0,1,Quórum Simple,1,Aprobado,1,Proyecto de Ley,11092-07,Particular,"Letra L) del artículo 14 ter, contenido en el numeral 7) del artículo primero del proyecto, en los términos sugeridos por la Comisión de Constitución.
",Segundo Trámite,Primer Informe,1975-05-03,0,Femenino,10,2026-03-10 23:59:59,,True,PS,Partido Socialista,PS
1104,Chiara,Barchiesi,Chávez,0,En Contra,20630,Boletín N° 11092-07,2023-05-08 19:09:23,90,40,5,0,1,Quórum Simple,1,Aprobado,1,Proyecto de Ley,11092-07,Particular,"Letra L) del artículo 14 ter, contenido en el numeral 7) del artículo primero del proyecto, en los términos sugeridos por la Comisión de Constitución.
",Segundo Trámite,Primer Informe,1996-12-22,0,Femenino,10,2026-03-10 23:59:59,,True,PREP,Partido Republicano,PREP
1105,Héctor,Barría,Angulo,1,Afirmativo,20630,Boletín N° 11092-07,2023-05-08 19:09:23,90,40,5,0,1,Quórum Simple,1,Aprobado,1,Proyecto de Ley,11092-07,Particular,"Letra L) del artículo 14 ter, contenido en el numeral 7) del artículo primero del proyecto, en los términos sugeridos por la Comisión de Constitución.
",Segundo Trámite,Primer Informe,1980-04-24,1,Masculino,10,2026-03-10 23:59:59,,True,DC,Partido Demócrata Cristiano,DC
1106,Miguel Ángel,Becker,Alvear,0,En Contra,20630,Boletín N° 11092-07,2023-05-08 19:09:23,90,40,5,0,1,Quórum Simple,1,Aprobado,1,Proyecto de Ley,11092-07,Particular,"Letra L) del artículo 14 ter, contenido en el numeral 7) del artículo primero del proyecto, en los términos sugeridos por la Comisión de Constitución.
",Segundo Trámite,Primer Informe,1960-10-07,1,Masculino,10,2026-03-10 23:59:59,,True,RN,Renovación Nacional,RN
1107,María Francisca,Bello,Campos,1,Afirmativo,20630,Boletín N° 11092-07,2023-05-08 19:09:23,90,40,5,0,1,Quórum Simple,1,Aprobado,1,Proyecto de Ley,11092-07,Particular,"Letra L) del artículo 14 ter, contenido en el numeral 7) del artículo primero del proyecto, en los términos sugeridos por la Comisión de Constitución.
",Segundo Trámite,Primer Informe,1987-09-17,0,Femenino,10,2026-03-10 23:59:59,,True,PCS,Partido Convergencia Social,PCS
1108,Juan Carlos,Beltrán,Silva,1,Afirmativo,20630,Boletín N° 11092-07,2023-05-08 19:09:23,90,40,5,0,1,Quórum Simple,1,Aprobado,1,Proyecto de Ley,11092-07,Particular,"Letra L) del artículo 14 ter, contenido en el numeral 7) del artículo primero del proyecto, en los términos sugeridos por la Comisión de Constitución.
",Segundo Trámite,Primer Informe,1962-12-19,1,Masculino,10,2026-03-10 23:59:59,,True,RN,Renovación Nacional,RN
1109,Gustavo,Benavente,Vergara,0,En Contra,20630,Boletín N° 11092-07,2023-05-08 19:09:23,90,40,5,0,1,Quórum Simple,1,Aprobado,1,Proyecto de Ley,11092-07,Particular,"Letra L) del artículo 14 ter, contenido en el numeral 7) del artículo primero del proyecto, en los términos sugeridos por la Comisión de Constitución.
",Segundo Trámite,Primer Informe,1966-08-13,1,Masculino,10,2026-03-10 23:59:59,,True,UDI,Unión Demócrata Independiente,UDI
1110,Carlos,Bianchi,Chelech,1,Afirmativo,20630,Boletín N° 11092-07,2023-05-08 19:09:23,90,40,5,0,1,Quórum Simple,1,Aprobado,1,Proyecto de Ley,11092-07,Particular,"Letra L) del artículo 14 ter, contenido en el numeral 7) del artículo primero del proyecto, en los términos sugeridos por la Comisión de Constitución.
",Segundo Trámite,Primer Informe,1960-11-04,1,Masculino,10,2026-03-10 23:59:59,,True,IND,Independientes,IND
1111,Fernando,Bórquez,Montecinos,0,En Contra,20630,Boletín N° 11092-07,2023-05-08 19:09:23,90,40,5,0,1,Quórum Simple,1,Aprobado,1,Proyecto de Ley,11092-07,Particular,"Letra L) del artículo 14 ter, contenido en el numeral 7) del artículo primero del proyecto, en los términos sugeridos por la Comisión de Constitución.
",Segundo Trámite,Primer Informe,1968-06-06,1,Masculino,10,2026-03-10 23:59:59,,True,UDI,Unión Demócrata Independiente,UDI
1112,Ana María,Bravo,Castro,1,Afirmativo,20630,Boletín N° 11092-07,2023-05-08 19:09:23,90,40,5,0,1,Quórum Simple,1,Aprobado,1,Proyecto de Ley,11092-07,Particular,"Letra L) del artículo 14 ter, contenido en el numeral 7) del artículo primero del proyecto, en los términos sugeridos por la Comisión de Constitución.
",Segundo Trámite,Primer Informe,1973-12-03,0,Femenino,10,2026-03-10 23:59:59,,True,PS,Partido Socialista,PS
1113,Marta,Bravo,Salinas,0,En Contra,20630,Boletín N° 11092-07,2023-05-08 19:09:23,90,40,5,0,1,Quórum Simple,1,Aprobado,1,Proyecto de Ley,11092-07,Particular,"Letra L) del artículo 14 ter, contenido en el numeral 7) del artículo primero del proyecto, en los términos sugeridos por la Comisión de Constitución.
",Segundo Trámite,Primer Informe,1976-02-25,0,Femenino,10,2026-03-10 23:59:59,,True,UDI,Unión Demócrata Independiente,UDI
1114,Félix,Bugueño,Sotelo,1,Afirmativo,20630,Boletín N° 11092-07,2023-05-08 19:09:23,90,40,5,0,1,Quórum Simple,1,Aprobado,1,Proyecto de Ley,11092-07,Particular,"Letra L) del artículo 14 ter, contenido en el numeral 7) del artículo primero del proyecto, en los términos sugeridos por la Comisión de Constitución.
",Segundo Trámite,Primer Informe,1973-05-18,1,Masculino,10,2026-03-10 23:59:59,,True,FRVS,Federación Regionalista Verde Social,FRVS
1115,Mercedes,Bulnes,Núñez,1,Afirmativo,20630,Boletín N° 11092-07,2023-05-08 19:09:23,90,40,5,0,1,Quórum Simple,1,Aprobado,1,Proyecto de Ley,11092-07,Particular,"Letra L) del artículo 14 ter, contenido en el numeral 7) del artículo primero del proyecto, en los términos sugeridos por la Comisión de Constitución.
",Segundo Trámite,Primer Informe,1950-06-06,0,Femenino,10,2024-11-22 00:00:00,,True,IND,Independientes,IND
1116,Felipe,Camaño,Cárdenas,1,Afirmativo,20630,Boletín N° 11092-07,2023-05-08 19:09:23,90,40,5,0,1,Quórum Simple,1,Aprobado,1,Proyecto de Ley,11092-07,Particular,"Letra L) del artículo 14 ter, contenido en el numeral 7) del artículo primero del proyecto, en los términos sugeridos por la Comisión de Constitución.
",Segundo Trámite,Primer Informe,1991-08-21,1,Masculino,10,2026-03-10 23:59:59,,True,IND,Independientes,IND
1117,Nathalie,Castillo,Rojas,1,Afirmativo,20630,Boletín N° 11092-07,2023-05-08 19:09:23,90,40,5,0,1,Quórum Simple,1,Aprobado,1,Proyecto de Ley,11092-07,Particular,"Letra L) del artículo 14 ter, contenido en el numeral 7) del artículo primero del proyecto, en los términos sugeridos por la Comisión de Constitución.
",Segundo Trámite,Primer Informe,1983-07-02,0,Femenino,10,2026-03-10 23:59:59,,True,PC,Partido Comunista,PC
1118,Ricardo,Cifuentes,Lillo,1,Afirmativo,20630,Boletín N° 11092-07,2023-05-08 19:09:23,90,40,5,0,1,Quórum Simple,1,Aprobado,1,Proyecto de Ley,11092-07,Particular,"Letra L) del artículo 14 ter, contenido en el numeral 7) del artículo primero del proyecto, en los términos sugeridos por la Comisión de Constitución.
",Segundo Trámite,Primer Informe,1962-09-12,1,Masculino,10,2026-03-10 23:59:59,,True,DC,Partido Demócrata Cristiano,DC
1119,Sara,Concha,Smith,1,Afirmativo,20630,Boletín N° 11092-07,2023-05-08 19:09:23,90,40,5,0,1,Quórum Simple,1,Aprobado,1,Proyecto de Ley,11092-07,Particular,"Letra L) del artículo 14 ter, contenido en el numeral 7) del artículo primero del proyecto, en los términos sugeridos por la Comisión de Constitución.
",Segundo Trámite,Primer Informe,1995-09-09,0,Femenino,10,2026-03-10 23:59:59,,True,PSC,Partido Social Cristiano,PSC
1120,María Luisa,Cordero,Velásquez,1,Afirmativo,20630,Boletín N° 11092-07,2023-05-08 19:09:23,90,40,5,0,1,Quórum Simple,1,Aprobado,1,Proyecto de Ley,11092-07,Particular,"Letra L) del artículo 14 ter, contenido en el numeral 7) del artículo primero del proyecto, en los términos sugeridos por la Comisión de Constitución.
",Segundo Trámite,Primer Informe,1943-01-23,0,Femenino,10,2026-03-10 23:59:59,,True,IND,Independientes,IND
1121,Eduardo,Cornejo,Lagos,0,En Contra,20630,Boletín N° 11092-07,2023-05-08 19:09:23,90,40,5,0,1,Quórum Simple,1,Aprobado,1,Proyecto de Ley,11092-07,Particular,"Letra L) del artículo 14 ter, contenido en el numeral 7) del artículo primero del proyecto, en los términos sugeridos por la Comisión de Constitución.
",Segundo Trámite,Primer Informe,1972-01-12,1,Masculino,10,2026-03-10 23:59:59,,True,UDI,Unión Demócrata Independiente,UDI
1122,Luis Alberto,Cuello,Peña y Lillo,1,Afirmativo,20630,Boletín N° 11092-07,2023-05-08 19:09:23,90,40,5,0,1,Quórum Simple,1,Aprobado,1,Proyecto de Ley,11092-07,Particular,"Letra L) del artículo 14 ter, contenido en el numeral 7) del artículo primero del proyecto, en los términos sugeridos por la Comisión de Constitución.
",Segundo Trámite,Primer Informe,1977-01-24,1,Masculino,10,2026-03-10 23:59:59,,True,PC,Partido Comunista,PC
1123,Gonzalo,De la Carrera,Correa,0,En Contra,20630,Boletín N° 11092-07,2023-05-08 19:09:23,90,40,5,0,1,Quórum Simple,1,Aprobado,1,Proyecto de Ley,11092-07,Particular,"Letra L) del artículo 14 ter, contenido en el numeral 7) del artículo primero del proyecto, en los términos sugeridos por la Comisión de Constitución.
",Segundo Trámite,Primer Informe,1962-01-13,1,Masculino,10,2026-03-10 23:59:59,,True,IND,Independientes,IND
1124,Tomás,De Rementería,Venegas,1,Afirmativo,20630,Boletín N° 11092-07,2023-05-08 19:09:23,90,40,5,0,1,Quórum Simple,1,Aprobado,1,Proyecto de Ley,11092-07,Particular,"Letra L) del artículo 14 ter, contenido en el numeral 7) del artículo primero del proyecto, en los términos sugeridos por la Comisión de Constitución.
",Segundo Trámite,Primer Informe,1987-03-17,1,Masculino,10,2025-05-05 23:59:59,,True,PS,Partido Socialista,PS
1125,Viviana,Delgado,Riquelme,1,Afirmativo,20630,Boletín N° 11092-07,2023-05-08 19:09:23,90,40,5,0,1,Quórum Simple,1,Aprobado,1,Proyecto de Ley,11092-07,Particular,"Letra L) del artículo 14 ter, contenido en el numeral 7) del artículo primero del proyecto, en los términos sugeridos por la Comisión de Constitución.
",Segundo Trámite,Primer Informe,1973-09-04,0,Femenino,10,2026-03-10 23:59:59,,True,IND,Independientes,IND
1126,Felipe,Donoso,Castro,0,En Contra,20630,Boletín N° 11092-07,2023-05-08 19:09:23,90,40,5,0,1,Quórum Simple,1,Aprobado,1,Proyecto de Ley,11092-07,Particular,"Letra L) del artículo 14 ter, contenido en el numeral 7) del artículo primero del proyecto, en los términos sugeridos por la Comisión de Constitución.
",Segundo Trámite,Primer Informe,1982-12-12,1,Masculino,10,2026-03-10 23:59:59,,True,UDI,Unión Demócrata Independiente,UDI
1127,Lorena,Fries,Monleón,1,Afirmativo,20630,Boletín N° 11092-07,2023-05-08 19:09:23,90,40,5,0,1,Quórum Simple,1,Aprobado,1,Proyecto de Ley,11092-07,Particular,"Letra L) del artículo 14 ter, contenido en el numeral 7) del artículo primero del proyecto, en los términos sugeridos por la Comisión de Constitución.
",Segundo Trámite,Primer Informe,1960-04-01,0,Femenino,10,2026-03-10 23:59:59,,True,PCS,Partido Convergencia Social,PCS
1128,Ana María,Gazmuri,Vieira,1,Afirmativo,20630,Boletín N° 11092-07,2023-05-08 19:09:23,90,40,5,0,1,Quórum Simple,1,Aprobado,1,Proyecto de Ley,11092-07,Particular,"Letra L) del artículo 14 ter, contenido en el numeral 7) del artículo primero del proyecto, en los términos sugeridos por la Comisión de Constitución.
",Segundo Trámite,Primer Informe,1966-01-22,0,Femenino,10,2026-03-10 23:59:59,,True,PAH,Partido Acción Humanista,PAH
1129,Andrés,Giordano,Salazar,1,Afirmativo,20630,Boletín N° 11092-07,2023-05-08 19:09:23,90,40,5,0,1,Quórum Simple,1,Aprobado,1,Proyecto de Ley,11092-07,Particular,"Letra L) del artículo 14 ter, contenido en el numeral 7) del artículo primero del proyecto, en los términos sugeridos por la Comisión de Constitución.
",Segundo Trámite,Primer Informe,1986-12-29,1,Masculino,10,2026-03-10 23:59:59,,True,IND,Independientes,IND
1131,Mauro,González,Villarroel,2,Abstención,20630,Boletín N° 11092-07,2023-05-08 19:09:23,90,40,5,0,1,Quórum Simple,1,Aprobado,1,Proyecto de Ley,11092-07,Particular,"Letra L) del artículo 14 ter, contenido en el numeral 7) del artículo primero del proyecto, en los términos sugeridos por la Comisión de Constitución.
",Segundo Trámite,Primer Informe,1985-05-25,1,Masculino,10,2026-03-10 23:59:59,,True,RN,Renovación Nacional,RN
1132,Jorge,Guzmán,Zepeda,0,En Contra,20630,Boletín N° 11092-07,2023-05-08 19:09:23,90,40,5,0,1,Quórum Simple,1,Aprobado,1,Proyecto de Ley,11092-07,Particular,"Letra L) del artículo 14 ter, contenido en el numeral 7) del artículo primero del proyecto, en los términos sugeridos por la Comisión de Constitución.
",Segundo Trámite,Primer Informe,1985-06-11,1,Masculino,10,2026-03-10 23:59:59,,True,EVOP,Evolución Política,EVOP
1133,Juan,Irarrázaval,Rossel,0,En Contra,20630,Boletín N° 11092-07,2023-05-08 19:09:23,90,40,5,0,1,Quórum Simple,1,Aprobado,1,Proyecto de Ley,11092-07,Particular,"Letra L) del artículo 14 ter, contenido en el numeral 7) del artículo primero del proyecto, en los términos sugeridos por la Comisión de Constitución.
",Segundo Trámite,Primer Informe,1983-06-23,1,Masculino,10,2026-03-10 23:59:59,,True,PREP,Partido Republicano,PREP
1135,Johannes,Kaiser,Barents-Von Hohenhagen,0,En Contra,20630,Boletín N° 11092-07,2023-05-08 19:09:23,90,40,5,0,1,Quórum Simple,1,Aprobado,1,Proyecto de Ley,11092-07,Particular,"Letra L) del artículo 14 ter, contenido en el numeral 7) del artículo primero del proyecto, en los términos sugeridos por la Comisión de Constitución.
",Segundo Trámite,Primer Informe,1976-01-05,1,Masculino,10,2026-03-10 23:59:59,,True,PREP,Partido Republicano,PREP
1136,Paula,Labra,Besserer,1,Afirmativo,20630,Boletín N° 11092-07,2023-05-08 19:09:23,90,40,5,0,1,Quórum Simple,1,Aprobado,1,Proyecto de Ley,11092-07,Particular,"Letra L) del artículo 14 ter, contenido en el numeral 7) del artículo primero del proyecto, en los términos sugeridos por la Comisión de Constitución.
",Segundo Trámite,Primer Informe,1987-05-04,0,Femenino,10,2026-03-10 23:59:59,,True,IND,Independientes,IND
1137,Tomás,Lagomarsino,Guzmán,1,Afirmativo,20630,Boletín N° 11092-07,2023-05-08 19:09:23,90,40,5,0,1,Quórum Simple,1,Aprobado,1,Proyecto de Ley,11092-07,Particular,"Letra L) del artículo 14 ter, contenido en el numeral 7) del artículo primero del proyecto, en los términos sugeridos por la Comisión de Constitución.
",Segundo Trámite,Primer Informe,1990-07-13,1,Masculino,10,2026-03-10 23:59:59,,True,IND,Independientes,IND
1138,Henry,Leal,Bizama,0,En Contra,20630,Boletín N° 11092-07,2023-05-08 19:09:23,90,40,5,0,1,Quórum Simple,1,Aprobado,1,Proyecto de Ley,11092-07,Particular,"Letra L) del artículo 14 ter, contenido en el numeral 7) del artículo primero del proyecto, en los términos sugeridos por la Comisión de Constitución.
",Segundo Trámite,Primer Informe,1972-09-16,1,Masculino,10,2026-03-10 23:59:59,,True,UDI,Unión Demócrata Independiente,UDI
1139,Enrique,Lee,Flores,0,En Contra,20630,Boletín N° 11092-07,2023-05-08 19:09:23,90,40,5,0,1,Quórum Simple,1,Aprobado,1,Proyecto de Ley,11092-07,Particular,"Letra L) del artículo 14 ter, contenido en el numeral 7) del artículo primero del proyecto, en los términos sugeridos por la Comisión de Constitución.
",Segundo Trámite,Primer Informe,1967-12-16,1,Masculino,10,2026-03-10 23:59:59,,True,PRI,Partido Regionalista Independiente,PRI
1140,Daniel,Lilayu,Vivanco,0,En Contra,20630,Boletín N° 11092-07,2023-05-08 19:09:23,90,40,5,0,1,Quórum Simple,1,Aprobado,1,Proyecto de Ley,11092-07,Particular,"Letra L) del artículo 14 ter, contenido en el numeral 7) del artículo primero del proyecto, en los términos sugeridos por la Comisión de Constitución.
",Segundo Trámite,Primer Informe,1949-03-02,1,Masculino,10,2026-03-10 23:59:59,,True,UDI,Unión Demócrata Independiente,UDI
1142,Daniel,Manouchehri,Lobos,1,Afirmativo,20630,Boletín N° 11092-07,2023-05-08 19:09:23,90,40,5,0,1,Quórum Simple,1,Aprobado,1,Proyecto de Ley,11092-07,Particular,"Letra L) del artículo 14 ter, contenido en el numeral 7) del artículo primero del proyecto, en los términos sugeridos por la Comisión de Constitución.
",Segundo Trámite,Primer Informe,1984-05-25,1,Masculino,10,2026-03-10 23:59:59,,True,PS,Partido Socialista,PS
1143,Cristóbal,Martínez,Ramírez,0,En Contra,20630,Boletín N° 11092-07,2023-05-08 19:09:23,90,40,5,0,1,Quórum Simple,1,Aprobado,1,Proyecto de Ley,11092-07,Particular,"Letra L) del artículo 14 ter, contenido en el numeral 7) del artículo primero del proyecto, en los términos sugeridos por la Comisión de Constitución.
",Segundo Trámite,Primer Informe,1984-04-30,1,Masculino,10,2026-03-10 23:59:59,,True,UDI,Unión Demócrata Independiente,UDI
1144,Christian,Matheson,Villán,0,En Contra,20630,Boletín N° 11092-07,2023-05-08 19:09:23,90,40,5,0,1,Quórum Simple,1,Aprobado,1,Proyecto de Ley,11092-07,Particular,"Letra L) del artículo 14 ter, contenido en el numeral 7) del artículo primero del proyecto, en los términos sugeridos por la Comisión de Constitución.
",Segundo Trámite,Primer Informe,1957-12-17,1,Masculino,10,2026-03-10 23:59:59,,True,IND,Independientes,IND
1146,José Carlos,Meza,Pereira,0,En Contra,20630,Boletín N° 11092-07,2023-05-08 19:09:23,90,40,5,0,1,Quórum Simple,1,Aprobado,1,Proyecto de Ley,11092-07,Particular,"Letra L) del artículo 14 ter, contenido en el numeral 7) del artículo primero del proyecto, en los términos sugeridos por la Comisión de Constitución.
",Segundo Trámite,Primer Informe,1989-03-07,1,Masculino,10,2026-03-10 23:59:59,,True,PREP,Partido Republicano,PREP
1147,Helia,Molina,Milman,1,Afirmativo,20630,Boletín N° 11092-07,2023-05-08 19:09:23,90,40,5,0,1,Quórum Simple,1,Aprobado,1,Proyecto de Ley,11092-07,Particular,"Letra L) del artículo 14 ter, contenido en el numeral 7) del artículo primero del proyecto, en los términos sugeridos por la Comisión de Constitución.
",Segundo Trámite,Primer Informe,1947-04-02,0,Femenino,10,2026-03-10 23:59:59,,True,PPD,Partido Por la Democracia,PPD
1148,Javiera,Morales,Alvarado,1,Afirmativo,20630,Boletín N° 11092-07,2023-05-08 19:09:23,90,40,5,0,1,Quórum Simple,1,Aprobado,1,Proyecto de Ley,11092-07,Particular,"Letra L) del artículo 14 ter, contenido en el numeral 7) del artículo primero del proyecto, en los términos sugeridos por la Comisión de Constitución.
",Segundo Trámite,Primer Informe,1983-11-16,0,Femenino,10,2026-03-10 23:59:59,,True,PCS,Partido Convergencia Social,PCS
1149,Carla,Morales,Maldonado,1,Afirmativo,20630,Boletín N° 11092-07,2023-05-08 19:09:23,90,40,5,0,1,Quórum Simple,1,Aprobado,1,Proyecto de Ley,11092-07,Particular,"Letra L) del artículo 14 ter, contenido en el numeral 7) del artículo primero del proyecto, en los términos sugeridos por la Comisión de Constitución.
",Segundo Trámite,Primer Informe,1977-10-27,0,Femenino,10,2026-03-10 23:59:59,,True,RN,Renovación Nacional,RN
1150,Benjamín,Moreno,Bascur,0,En Contra,20630,Boletín N° 11092-07,2023-05-08 19:09:23,90,40,5,0,1,Quórum Simple,1,Aprobado,1,Proyecto de Ley,11092-07,Particular,"Letra L) del artículo 14 ter, contenido en el numeral 7) del artículo primero del proyecto, en los términos sugeridos por la Comisión de Constitución.
",Segundo Trámite,Primer Informe,1993-04-02,1,Masculino,10,2026-03-10 23:59:59,,True,PREP,Partido Republicano,PREP
1151,Camila,Musante,Müller,1,Afirmativo,20630,Boletín N° 11092-07,2023-05-08 19:09:23,90,40,5,0,1,Quórum Simple,1,Aprobado,1,Proyecto de Ley,11092-07,Particular,"Letra L) del artículo 14 ter, contenido en el numeral 7) del artículo primero del proyecto, en los términos sugeridos por la Comisión de Constitución.
",Segundo Trámite,Primer Informe,1990-02-06,0,Femenino,10,2026-03-10 23:59:59,,True,IND,Independientes,IND
1153,Coca Ericka,Ñanco,Vásquez,1,Afirmativo,20630,Boletín N° 11092-07,2023-05-08 19:09:23,90,40,5,0,1,Quórum Simple,1,Aprobado,1,Proyecto de Ley,11092-07,Particular,"Letra L) del artículo 14 ter, contenido en el numeral 7) del artículo primero del proyecto, en los términos sugeridos por la Comisión de Constitución.
",Segundo Trámite,Primer Informe,1992-03-20,0,Femenino,10,2026-03-10 23:59:59,,True,RD,Revolución Democrática,RD
1154,Mauricio,Ojeda,Rebolledo,0,En Contra,20630,Boletín N° 11092-07,2023-05-08 19:09:23,90,40,5,0,1,Quórum Simple,1,Aprobado,1,Proyecto de Ley,11092-07,Particular,"Letra L) del artículo 14 ter, contenido en el numeral 7) del artículo primero del proyecto, en los términos sugeridos por la Comisión de Constitución.
",Segundo Trámite,Primer Informe,1982-01-19,1,Masculino,10,2026-03-10 23:59:59,,True,IND,Independientes,IND
1155,Rubén Darío,Oyarzo,Figueroa,1,Afirmativo,20630,Boletín N° 11092-07,2023-05-08 19:09:23,90,40,5,0,1,Quórum Simple,1,Aprobado,1,Proyecto de Ley,11092-07,Particular,"Letra L) del artículo 14 ter, contenido en el numeral 7) del artículo primero del proyecto, en los términos sugeridos por la Comisión de Constitución.
",Segundo Trámite,Primer Informe,1980-12-13,1,Masculino,10,2026-03-10 23:59:59,,True,PDG,Partido de la Gente,PDG
1156,Hernán,Palma,Pérez,1,Afirmativo,20630,Boletín N° 11092-07,2023-05-08 19:09:23,90,40,5,0,1,Quórum Simple,1,Aprobado,1,Proyecto de Ley,11092-07,Particular,"Letra L) del artículo 14 ter, contenido en el numeral 7) del artículo primero del proyecto, en los términos sugeridos por la Comisión de Constitución.
",Segundo Trámite,Primer Informe,1958-11-03,1,Masculino,10,2026-03-10 23:59:59,,True,IND,Independientes,IND
1158,Víctor Alejandro,Pino,Fuentes,0,En Contra,20630,Boletín N° 11092-07,2023-05-08 19:09:23,90,40,5,0,1,Quórum Simple,1,Aprobado,1,Proyecto de Ley,11092-07,Particular,"Letra L) del artículo 14 ter, contenido en el numeral 7) del artículo primero del proyecto, en los términos sugeridos por la Comisión de Constitución.
",Segundo Trámite,Primer Informe,1974-12-08,1,Masculino,10,2026-03-10 23:59:59,,True,IND,Independientes,IND
1159,Lorena,Pizarro,Sierra,1,Afirmativo,20630,Boletín N° 11092-07,2023-05-08 19:09:23,90,40,5,0,1,Quórum Simple,1,Aprobado,1,Proyecto de Ley,11092-07,Particular,"Letra L) del artículo 14 ter, contenido en el numeral 7) del artículo primero del proyecto, en los términos sugeridos por la Comisión de Constitución.
",Segundo Trámite,Primer Informe,1966-02-14,0,Femenino,10,2026-03-10 23:59:59,,True,PC,Partido Comunista,PC
1160,Alejandra,Placencia,Cabello,1,Afirmativo,20630,Boletín N° 11092-07,2023-05-08 19:09:23,90,40,5,0,1,Quórum Simple,1,Aprobado,1,Proyecto de Ley,11092-07,Particular,"Letra L) del artículo 14 ter, contenido en el numeral 7) del artículo primero del proyecto, en los términos sugeridos por la Comisión de Constitución.
",Segundo Trámite,Primer Informe,1978-02-14,0,Femenino,10,2026-03-10 23:59:59,,True,PC,Partido Comunista,PC
1161,Francisco,Pulgar,Castillo,1,Afirmativo,20630,Boletín N° 11092-07,2023-05-08 19:09:23,90,40,5,0,1,Quórum Simple,1,Aprobado,1,Proyecto de Ley,11092-07,Particular,"Letra L) del artículo 14 ter, contenido en el numeral 7) del artículo primero del proyecto, en los términos sugeridos por la Comisión de Constitución.
",Segundo Trámite,Primer Informe,1971-05-27,1,Masculino,10,2026-03-10 23:59:59,,True,IND,Independientes,IND
1162,Matías,Ramírez,Pascal,1,Afirmativo,20630,Boletín N° 11092-07,2023-05-08 19:09:23,90,40,5,0,1,Quórum Simple,1,Aprobado,1,Proyecto de Ley,11092-07,Particular,"Letra L) del artículo 14 ter, contenido en el numeral 7) del artículo primero del proyecto, en los términos sugeridos por la Comisión de Constitución.
",Segundo Trámite,Primer Informe,1984-11-14,1,Masculino,10,2026-03-10 23:59:59,,True,PC,Partido Comunista,PC
1163,Marcia,Raphael,Mora,1,Afirmativo,20630,Boletín N° 11092-07,2023-05-08 19:09:23,90,40,5,0,1,Quórum Simple,1,Aprobado,1,Proyecto de Ley,11092-07,Particular,"Letra L) del artículo 14 ter, contenido en el numeral 7) del artículo primero del proyecto, en los términos sugeridos por la Comisión de Constitución.
",Segundo Trámite,Primer Informe,1963-12-06,0,Femenino,10,2026-03-10 23:59:59,,True,RN,Renovación Nacional,RN
1164,Marcela,Riquelme,Aliaga,1,Afirmativo,20630,Boletín N° 11092-07,2023-05-08 19:09:23,90,40,5,0,1,Quórum Simple,1,Aprobado,1,Proyecto de Ley,11092-07,Particular,"Letra L) del artículo 14 ter, contenido en el numeral 7) del artículo primero del proyecto, en los términos sugeridos por la Comisión de Constitución.
",Segundo Trámite,Primer Informe,1973-03-04,0,Femenino,10,2026-03-10 23:59:59,,True,IND,Independientes,IND
1165,Agustín,Romero,Leiva,0,En Contra,20630,Boletín N° 11092-07,2023-05-08 19:09:23,90,40,5,0,1,Quórum Simple,1,Aprobado,1,Proyecto de Ley,11092-07,Particular,"Letra L) del artículo 14 ter, contenido en el numeral 7) del artículo primero del proyecto, en los términos sugeridos por la Comisión de Constitución.
",Segundo Trámite,Primer Informe,1975-01-03,1,Masculino,10,2026-03-10 23:59:59,,True,PREP,Partido Republicano,PREP
1166,Natalia,Romero,Talguia,0,En Contra,20630,Boletín N° 11092-07,2023-05-08 19:09:23,90,40,5,0,1,Quórum Simple,1,Aprobado,1,Proyecto de Ley,11092-07,Particular,"Letra L) del artículo 14 ter, contenido en el numeral 7) del artículo primero del proyecto, en los términos sugeridos por la Comisión de Constitución.
",Segundo Trámite,Primer Informe,1985-06-29,0,Femenino,10,2026-03-10 23:59:59,,True,IND,Independientes,IND
1167,Jaime,Sáez,Quiroz,1,Afirmativo,20630,Boletín N° 11092-07,2023-05-08 19:09:23,90,40,5,0,1,Quórum Simple,1,Aprobado,1,Proyecto de Ley,11092-07,Particular,"Letra L) del artículo 14 ter, contenido en el numeral 7) del artículo primero del proyecto, en los términos sugeridos por la Comisión de Constitución.
",Segundo Trámite,Primer Informe,1985-12-09,1,Masculino,10,2026-03-10 23:59:59,,True,RD,Revolución Democrática,RD
1168,Jorge,Saffirio,Espinoza,1,Afirmativo,20630,Boletín N° 11092-07,2023-05-08 19:09:23,90,40,5,0,1,Quórum Simple,1,Aprobado,1,Proyecto de Ley,11092-07,Particular,"Letra L) del artículo 14 ter, contenido en el numeral 7) del artículo primero del proyecto, en los términos sugeridos por la Comisión de Constitución.
",Segundo Trámite,Primer Informe,1953-06-09,1,Masculino,10,2026-03-10 23:59:59,,True,IND,Independientes,IND
1169,Clara,Sagardía,Cabezas,1,Afirmativo,20630,Boletín N° 11092-07,2023-05-08 19:09:23,90,40,5,0,1,Quórum Simple,1,Aprobado,1,Proyecto de Ley,11092-07,Particular,"Letra L) del artículo 14 ter, contenido en el numeral 7) del artículo primero del proyecto, en los términos sugeridos por la Comisión de Constitución.
",Segundo Trámite,Primer Informe,1952-08-13,0,Femenino,10,2026-03-10 23:59:59,,True,IND,Independientes,IND
1170,Luis,Sánchez,Ossa,0,En Contra,20630,Boletín N° 11092-07,2023-05-08 19:09:23,90,40,5,0,1,Quórum Simple,1,Aprobado,1,Proyecto de Ley,11092-07,Particular,"Letra L) del artículo 14 ter, contenido en el numeral 7) del artículo primero del proyecto, en los términos sugeridos por la Comisión de Constitución.
",Segundo Trámite,Primer Informe,1988-10-04,1,Masculino,10,2026-03-10 23:59:59,,True,PREP,Partido Republicano,PREP
1171,Emilia,Schneider,Videla,1,Afirmativo,20630,Boletín N° 11092-07,2023-05-08 19:09:23,90,40,5,0,1,Quórum Simple,1,Aprobado,1,Proyecto de Ley,11092-07,Particular,"Letra L) del artículo 14 ter, contenido en el numeral 7) del artículo primero del proyecto, en los términos sugeridos por la Comisión de Constitución.
",Segundo Trámite,Primer Informe,1996-10-23,0,Femenino,10,2026-03-10 23:59:59,,True,PCS,Partido Convergencia Social,PCS
1172,Stephan,Schubert,Rubio,0,En Contra,20630,Boletín N° 11092-07,2023-05-08 19:09:23,90,40,5,0,1,Quórum Simple,1,Aprobado,1,Proyecto de Ley,11092-07,Particular,"Letra L) del artículo 14 ter, contenido en el numeral 7) del artículo primero del proyecto, en los términos sugeridos por la Comisión de Constitución.
",Segundo Trámite,Primer Informe,1977-12-19,1,Masculino,10,2026-03-10 23:59:59,,True,IND,Independientes,IND
1173,Daniela,Serrano,Salazar,1,Afirmativo,20630,Boletín N° 11092-07,2023-05-08 19:09:23,90,40,5,0,1,Quórum Simple,1,Aprobado,1,Proyecto de Ley,11092-07,Particular,"Letra L) del artículo 14 ter, contenido en el numeral 7) del artículo primero del proyecto, en los términos sugeridos por la Comisión de Constitución.
",Segundo Trámite,Primer Informe,1995-03-17,0,Femenino,10,2026-03-10 23:59:59,,True,PC,Partido Comunista,PC
1174,Marco Antonio,Sulantay,Olivares,0,En Contra,20630,Boletín N° 11092-07,2023-05-08 19:09:23,90,40,5,0,1,Quórum Simple,1,Aprobado,1,Proyecto de Ley,11092-07,Particular,"Letra L) del artículo 14 ter, contenido en el numeral 7) del artículo primero del proyecto, en los términos sugeridos por la Comisión de Constitución.
",Segundo Trámite,Primer Informe,1973-03-31,1,Masculino,10,2026-03-10 23:59:59,,True,UDI,Unión Demócrata Independiente,UDI
1175,Cristián,Tapia,Ramos,1,Afirmativo,20630,Boletín N° 11092-07,2023-05-08 19:09:23,90,40,5,0,1,Quórum Simple,1,Aprobado,1,Proyecto de Ley,11092-07,Particular,"Letra L) del artículo 14 ter, contenido en el numeral 7) del artículo primero del proyecto, en los términos sugeridos por la Comisión de Constitución.
",Segundo Trámite,Primer Informe,1968-07-14,1,Masculino,10,2026-03-10 23:59:59,,True,IND,Independientes,IND
1176,Hotuiti,Teao,Drago,0,En Contra,20630,Boletín N° 11092-07,2023-05-08 19:09:23,90,40,5,0,1,Quórum Simple,1,Aprobado,1,Proyecto de Ley,11092-07,Particular,"Letra L) del artículo 14 ter, contenido en el numeral 7) del artículo primero del proyecto, en los términos sugeridos por la Comisión de Constitución.
",Segundo Trámite,Primer Informe,1977-08-01,1,Masculino,10,2026-03-10 23:59:59,,True,IND,Independientes,IND
1177,Carolina,Tello,Rojas,1,Afirmativo,20630,Boletín N° 11092-07,2023-05-08 19:09:23,90,40,5,0,1,Quórum Simple,1,Aprobado,1,Proyecto de Ley,11092-07,Particular,"Letra L) del artículo 14 ter, contenido en el numeral 7) del artículo primero del proyecto, en los términos sugeridos por la Comisión de Constitución.
",Segundo Trámite,Primer Informe,1985-10-01,0,Femenino,10,2026-03-10 23:59:59,,True,PC,Partido Comunista,PC
1178,Héctor,Ulloa,Aguilera,1,Afirmativo,20630,Boletín N° 11092-07,2023-05-08 19:09:23,90,40,5,0,1,Quórum Simple,1,Aprobado,1,Proyecto de Ley,11092-07,Particular,"Letra L) del artículo 14 ter, contenido en el numeral 7) del artículo primero del proyecto, en los términos sugeridos por la Comisión de Constitución.
",Segundo Trámite,Primer Informe,1969-08-06,1,Masculino,10,2026-03-10 23:59:59,,True,IND,Independientes,IND
1179,Alberto,Undurraga,Vicuña,1,Afirmativo,20630,Boletín N° 11092-07,2023-05-08 19:09:23,90,40,5,0,1,Quórum Simple,1,Aprobado,1,Proyecto de Ley,11092-07,Particular,"Letra L) del artículo 14 ter, contenido en el numeral 7) del artículo primero del proyecto, en los términos sugeridos por la Comisión de Constitución.
",Segundo Trámite,Primer Informe,1969-06-17,1,Masculino,10,2026-03-10 23:59:59,,True,DC,Partido Demócrata Cristiano,DC
1180,Consuelo,Veloso,Ávila,1,Afirmativo,20630,Boletín N° 11092-07,2023-05-08 19:09:23,90,40,5,0,1,Quórum Simple,1,Aprobado,1,Proyecto de Ley,11092-07,Particular,"Letra L) del artículo 14 ter, contenido en el numeral 7) del artículo primero del proyecto, en los términos sugeridos por la Comisión de Constitución.
",Segundo Trámite,Primer Informe,1994-02-11,0,Femenino,10,2026-03-10 23:59:59,,True,RD,Revolución Democrática,RD
1182,Sebastián,Videla,Castillo,1,Afirmativo,20630,Boletín N° 11092-07,2023-05-08 19:09:23,90,40,5,0,1,Quórum Simple,1,Aprobado,1,Proyecto de Ley,11092-07,Particular,"Letra L) del artículo 14 ter, contenido en el numeral 7) del artículo primero del proyecto, en los términos sugeridos por la Comisión de Constitución.
",Segundo Trámite,Primer Informe,1986-04-29,1,Masculino,10,2026-03-10 23:59:59,,True,IND,Independientes,IND
1183,Flor,Weisse,Novoa,0,En Contra,20630,Boletín N° 11092-07,2023-05-08 19:09:23,90,40,5,0,1,Quórum Simple,1,Aprobado,1,Proyecto de Ley,11092-07,Particular,"Letra L) del artículo 14 ter, contenido en el numeral 7) del artículo primero del proyecto, en los términos sugeridos por la Comisión de Constitución.
",Segundo Trámite,Primer Informe,1960-03-27,0,Femenino,10,2026-03-10 23:59:59,,True,UDI,Unión Demócrata Independiente,UDI
74,Jaime,Naranjo,Ortiz,1,Afirmativo,20630,Boletín N° 11092-07,2023-05-08 19:09:23,90,40,5,0,1,Quórum Simple,1,Aprobado,1,Proyecto de Ley,11092-07,Particular,"Letra L) del artículo 14 ter, contenido en el numeral 7) del artículo primero del proyecto, en los términos sugeridos por la Comisión de Constitución.
",Segundo Trámite,Primer Informe,1951-01-12,1,Masculino,10,2026-03-10 23:59:59,,True,PS,Partido Socialista,PS
803,René,Alinco,Bustos,1,Afirmativo,20630,Boletín N° 11092-07,2023-05-08 19:09:23,90,40,5,0,1,Quórum Simple,1,Aprobado,1,Proyecto de Ley,11092-07,Particular,"Letra L) del artículo 14 ter, contenido en el numeral 7) del artículo primero del proyecto, en los términos sugeridos por la Comisión de Constitución.
",Segundo Trámite,Primer Informe,1958-06-02,1,Masculino,10,2026-03-10 23:59:59,,True,IND,Independientes,IND
815,Sergio,Bobadilla,Muñoz,0,En Contra,20630,Boletín N° 11092-07,2023-05-08 19:09:23,90,40,5,0,1,Quórum Simple,1,Aprobado,1,Proyecto de Ley,11092-07,Particular,"Letra L) del artículo 14 ter, contenido en el numeral 7) del artículo primero del proyecto, en los términos sugeridos por la Comisión de Constitución.
",Segundo Trámite,Primer Informe,1958-03-25,1,Masculino,10,2026-03-10 23:59:59,,True,UDI,Unión Demócrata Independiente,UDI
917,Gastón,Von Mühlenbrock,Zamora,0,En Contra,20630,Boletín N° 11092-07,2023-05-08 19:09:23,90,40,5,0,1,Quórum Simple,1,Aprobado,1,Proyecto de Ley,11092-07,Particular,"Letra L) del artículo 14 ter, contenido en el numeral 7) del artículo primero del proyecto, en los términos sugeridos por la Comisión de Constitución.
",Segundo Trámite,Primer Informe,1954-12-26,1,Masculino,10,2026-03-10 23:59:59,,True,UDI,Unión Demócrata Independiente,UDI
948,Gaspar,Rivas,Sánchez,1,Afirmativo,20630,Boletín N° 11092-07,2023-05-08 19:09:23,90,40,5,0,1,Quórum Simple,1,Aprobado,1,Proyecto de Ley,11092-07,Particular,"Letra L) del artículo 14 ter, contenido en el numeral 7) del artículo primero del proyecto, en los términos sugeridos por la Comisión de Constitución.
",Segundo Trámite,Primer Informe,1978-05-17,1,Masculino,10,2026-03-10 23:59:59,,True,PDG,Partido de la Gente,PDG
953,Frank,Sauerbaum,Muñoz,1,Afirmativo,20630,Boletín N° 11092-07,2023-05-08 19:09:23,90,40,5,0,1,Quórum Simple,1,Aprobado,1,Proyecto de Ley,11092-07,Particular,"Letra L) del artículo 14 ter, contenido en el numeral 7) del artículo primero del proyecto, en los términos sugeridos por la Comisión de Constitución.
",Segundo Trámite,Primer Informe,1972-11-21,1,Masculino,10,2026-03-10 23:59:59,,True,RN,Renovación Nacional,RN
971,Bernardo,Berger,Fett,1,Afirmativo,20630,Boletín N° 11092-07,2023-05-08 19:09:23,90,40,5,0,1,Quórum Simple,1,Aprobado,1,Proyecto de Ley,11092-07,Particular,"Letra L) del artículo 14 ter, contenido en el numeral 7) del artículo primero del proyecto, en los términos sugeridos por la Comisión de Constitución.
",Segundo Trámite,Primer Informe,1946-10-04,1,Masculino,10,2026-03-10 23:59:59,,True,IND,Independientes,IND
973,Karol,Cariola,Oliva,1,Afirmativo,20630,Boletín N° 11092-07,2023-05-08 19:09:23,90,40,5,0,1,Quórum Simple,1,Aprobado,1,Proyecto de Ley,11092-07,Particular,"Letra L) del artículo 14 ter, contenido en el numeral 7) del artículo primero del proyecto, en los términos sugeridos por la Comisión de Constitución.
",Segundo Trámite,Primer Informe,1987-04-01,0,Femenino,10,2026-03-10 23:59:59,,True,PC,Partido Comunista,PC
975,Daniella,Cicardini,Milla,1,Afirmativo,20630,Boletín N° 11092-07,2023-05-08 19:09:23,90,40,5,0,1,Quórum Simple,1,Aprobado,1,Proyecto de Ley,11092-07,Particular,"Letra L) del artículo 14 ter, contenido en el numeral 7) del artículo primero del proyecto, en los términos sugeridos por la Comisión de Constitución.
",Segundo Trámite,Primer Informe,1987-12-31,0,Femenino,10,2026-03-10 23:59:59,,True,PS,Partido Socialista,PS
976,Juan Antonio,Coloma,Álamos,0,En Contra,20630,Boletín N° 11092-07,2023-05-08 19:09:23,90,40,5,0,1,Quórum Simple,1,Aprobado,1,Proyecto de Ley,11092-07,Particular,"Letra L) del artículo 14 ter, contenido en el numeral 7) del artículo primero del proyecto, en los términos sugeridos por la Comisión de Constitución.
",Segundo Trámite,Primer Informe,1980-03-14,1,Masculino,10,2026-03-10 23:59:59,,True,UDI,Unión Demócrata Independiente,UDI
990,Daniel,Melo,Contreras,1,Afirmativo,20630,Boletín N° 11092-07,2023-05-08 19:09:23,90,40,5,0,1,Quórum Simple,1,Aprobado,1,Proyecto de Ley,11092-07,Particular,"Letra L) del artículo 14 ter, contenido en el numeral 7) del artículo primero del proyecto, en los términos sugeridos por la Comisión de Constitución.
",Segundo Trámite,Primer Informe,1979-02-18,1,Masculino,10,2026-03-10 23:59:59,,True,PS,Partido Socialista,PS
991,Vlado,Mirosevic,Verdugo,1,Afirmativo,20630,Boletín N° 11092-07,2023-05-08 19:09:23,90,40,5,0,1,Quórum Simple,1,Aprobado,1,Proyecto de Ley,11092-07,Particular,"Letra L) del artículo 14 ter, contenido en el numeral 7) del artículo primero del proyecto, en los términos sugeridos por la Comisión de Constitución.
",Segundo Trámite,Primer Informe,1987-05-23,1,Masculino,10,2026-03-10 23:59:59,,True,PL,Partido Liberal de Chile,PL
999,Jorge,Rathgeb,Schifferli,1,Afirmativo,20630,Boletín N° 11092-07,2023-05-08 19:09:23,90,40,5,0,1,Quórum Simple,1,Aprobado,1,Proyecto de Ley,11092-07,Particular,"Letra L) del artículo 14 ter, contenido en el numeral 7) del artículo primero del proyecto, en los términos sugeridos por la Comisión de Constitución.
",Segundo Trámite,Primer Informe,1967-12-28,1,Masculino,10,2026-03-10 23:59:59,,True,RN,Renovación Nacional,RN
1002,Leonardo,Soto,Ferrada,1,Afirmativo,20631,Boletín N° 11092-07,2023-05-08 19:10:13,91,43,1,0,1,Quórum Simple,1,Aprobado,1,Proyecto de Ley,11092-07,Particular,"Artículo 30, contenido en el numeral 12) del artículo primero del proyecto, en los términos sugeridos por la Comisión de Constitución. 
",Segundo Trámite,Primer Informe,1966-05-15,1,Masculino,10,2026-03-10 23:59:59,,True,PS,Partido Socialista,PS
1003,Renzo,Trisotti,Martínez,0,En Contra,20631,Boletín N° 11092-07,2023-05-08 19:10:13,91,43,1,0,1,Quórum Simple,1,Aprobado,1,Proyecto de Ley,11092-07,Particular,"Artículo 30, contenido en el numeral 12) del artículo primero del proyecto, en los términos sugeridos por la Comisión de Constitución. 
",Segundo Trámite,Primer Informe,1976-03-15,1,Masculino,10,2026-03-10 23:59:59,,True,UDI,Unión Demócrata Independiente,UDI
1009,Jorge,Alessandri,Vergara,0,En Contra,20631,Boletín N° 11092-07,2023-05-08 19:10:13,91,43,1,0,1,Quórum Simple,1,Aprobado,1,Proyecto de Ley,11092-07,Particular,"Artículo 30, contenido en el numeral 12) del artículo primero del proyecto, en los términos sugeridos por la Comisión de Constitución. 
",Segundo Trámite,Primer Informe,1979-06-08,1,Masculino,10,2026-03-10 23:59:59,,True,UDI,Unión Demócrata Independiente,UDI
1012,Boris,Barrera,Moreno,1,Afirmativo,20631,Boletín N° 11092-07,2023-05-08 19:10:13,91,43,1,0,1,Quórum Simple,1,Aprobado,1,Proyecto de Ley,11092-07,Particular,"Artículo 30, contenido en el numeral 12) del artículo primero del proyecto, en los términos sugeridos por la Comisión de Constitución. 
",Segundo Trámite,Primer Informe,1970-05-03,1,Masculino,10,2026-03-10 23:59:59,,True,PC,Partido Comunista,PC
1013,Alejandro,Bernales,Maldonado,1,Afirmativo,20631,Boletín N° 11092-07,2023-05-08 19:10:13,91,43,1,0,1,Quórum Simple,1,Aprobado,1,Proyecto de Ley,11092-07,Particular,"Artículo 30, contenido en el numeral 12) del artículo primero del proyecto, en los términos sugeridos por la Comisión de Constitución. 
",Segundo Trámite,Primer Informe,1979-02-02,1,Masculino,10,2026-03-10 23:59:59,,True,PL,Partido Liberal de Chile,PL
1016,Miguel Ángel,Calisto,Águila,1,Afirmativo,20631,Boletín N° 11092-07,2023-05-08 19:10:13,91,43,1,0,1,Quórum Simple,1,Aprobado,1,Proyecto de Ley,11092-07,Particular,"Artículo 30, contenido en el numeral 12) del artículo primero del proyecto, en los términos sugeridos por la Comisión de Constitución. 
",Segundo Trámite,Primer Informe,1985-07-19,1,Masculino,10,2026-03-10 23:59:59,,True,IND,Independientes,IND
1017,Álvaro,Carter,Fernández,0,En Contra,20631,Boletín N° 11092-07,2023-05-08 19:10:13,91,43,1,0,1,Quórum Simple,1,Aprobado,1,Proyecto de Ley,11092-07,Particular,"Artículo 30, contenido en el numeral 12) del artículo primero del proyecto, en los términos sugeridos por la Comisión de Constitución. 
",Segundo Trámite,Primer Informe,1980-10-09,1,Masculino,10,2026-03-10 23:59:59,,True,UDI,Unión Demócrata Independiente,UDI
1019,José Miguel,Castro,Bascuñán,1,Afirmativo,20631,Boletín N° 11092-07,2023-05-08 19:10:13,91,43,1,0,1,Quórum Simple,1,Aprobado,1,Proyecto de Ley,11092-07,Particular,"Artículo 30, contenido en el numeral 12) del artículo primero del proyecto, en los términos sugeridos por la Comisión de Constitución. 
",Segundo Trámite,Primer Informe,1974-08-05,1,Masculino,10,2026-03-10 23:59:59,,True,RN,Renovación Nacional,RN
1021,Andrés,Celis,Montt,1,Afirmativo,20631,Boletín N° 11092-07,2023-05-08 19:10:13,91,43,1,0,1,Quórum Simple,1,Aprobado,1,Proyecto de Ley,11092-07,Particular,"Artículo 30, contenido en el numeral 12) del artículo primero del proyecto, en los términos sugeridos por la Comisión de Constitución. 
",Segundo Trámite,Primer Informe,1975-04-08,1,Masculino,10,2026-03-10 23:59:59,,True,RN,Renovación Nacional,RN
1022,Sofía,Cid,Versalovic,0,En Contra,20631,Boletín N° 11092-07,2023-05-08 19:10:13,91,43,1,0,1,Quórum Simple,1,Aprobado,1,Proyecto de Ley,11092-07,Particular,"Artículo 30, contenido en el numeral 12) del artículo primero del proyecto, en los términos sugeridos por la Comisión de Constitución. 
",Segundo Trámite,Primer Informe,1971-09-29,0,Femenino,10,2026-03-10 23:59:59,,True,RN,Renovación Nacional,RN
1025,Catalina,Del Real,Mihovilovic,0,En Contra,20631,Boletín N° 11092-07,2023-05-08 19:10:13,91,43,1,0,1,Quórum Simple,1,Aprobado,1,Proyecto de Ley,11092-07,Particular,"Artículo 30, contenido en el numeral 12) del artículo primero del proyecto, en los términos sugeridos por la Comisión de Constitución. 
",Segundo Trámite,Primer Informe,1968-11-07,0,Femenino,10,2026-03-10 23:59:59,,True,RN,Renovación Nacional,RN
1028,Eduardo,Durán,Salinas,0,En Contra,20631,Boletín N° 11092-07,2023-05-08 19:10:13,91,43,1,0,1,Quórum Simple,1,Aprobado,1,Proyecto de Ley,11092-07,Particular,"Artículo 30, contenido en el numeral 12) del artículo primero del proyecto, en los términos sugeridos por la Comisión de Constitución. 
",Segundo Trámite,Primer Informe,1972-01-01,1,Masculino,10,2026-03-10 23:59:59,,True,RN,Renovación Nacional,RN
1030,Camila,Flores,Oporto,0,En Contra,20631,Boletín N° 11092-07,2023-05-08 19:10:13,91,43,1,0,1,Quórum Simple,1,Aprobado,1,Proyecto de Ley,11092-07,Particular,"Artículo 30, contenido en el numeral 12) del artículo primero del proyecto, en los términos sugeridos por la Comisión de Constitución. 
",Segundo Trámite,Primer Informe,1987-02-09,0,Femenino,10,2026-03-10 23:59:59,,True,RN,Renovación Nacional,RN
1034,Félix,González,Gatica,1,Afirmativo,20631,Boletín N° 11092-07,2023-05-08 19:10:13,91,43,1,0,1,Quórum Simple,1,Aprobado,1,Proyecto de Ley,11092-07,Particular,"Artículo 30, contenido en el numeral 12) del artículo primero del proyecto, en los términos sugeridos por la Comisión de Constitución. 
",Segundo Trámite,Primer Informe,1972-05-26,1,Masculino,10,2026-03-10 23:59:59,,True,PEV,Partido Ecologista Verde,PEV
1035,Carmen,Hertz,Cádiz,1,Afirmativo,20631,Boletín N° 11092-07,2023-05-08 19:10:13,91,43,1,0,1,Quórum Simple,1,Aprobado,1,Proyecto de Ley,11092-07,Particular,"Artículo 30, contenido en el numeral 12) del artículo primero del proyecto, en los términos sugeridos por la Comisión de Constitución. 
",Segundo Trámite,Primer Informe,1945-06-19,0,Femenino,10,2026-03-10 23:59:59,,True,PC,Partido Comunista,PC
1036,Tomás,Hirsch,Goldschmidt,1,Afirmativo,20631,Boletín N° 11092-07,2023-05-08 19:10:13,91,43,1,0,1,Quórum Simple,1,Aprobado,1,Proyecto de Ley,11092-07,Particular,"Artículo 30, contenido en el numeral 12) del artículo primero del proyecto, en los términos sugeridos por la Comisión de Constitución. 
",Segundo Trámite,Primer Informe,1956-07-19,1,Masculino,10,2026-03-10 23:59:59,,True,PAH,Partido Acción Humanista,PAH
1037,Diego,Ibáñez,Cotroneo,1,Afirmativo,20631,Boletín N° 11092-07,2023-05-08 19:10:13,91,43,1,0,1,Quórum Simple,1,Aprobado,1,Proyecto de Ley,11092-07,Particular,"Artículo 30, contenido en el numeral 12) del artículo primero del proyecto, en los términos sugeridos por la Comisión de Constitución. 
",Segundo Trámite,Primer Informe,1989-01-25,1,Masculino,10,2026-03-10 23:59:59,,True,PCS,Partido Convergencia Social,PCS
1038,Marcos,Ilabaca,Cerda,1,Afirmativo,20631,Boletín N° 11092-07,2023-05-08 19:10:13,91,43,1,0,1,Quórum Simple,1,Aprobado,1,Proyecto de Ley,11092-07,Particular,"Artículo 30, contenido en el numeral 12) del artículo primero del proyecto, en los términos sugeridos por la Comisión de Constitución. 
",Segundo Trámite,Primer Informe,1970-10-05,1,Masculino,10,2026-03-10 23:59:59,,True,PS,Partido Socialista,PS
1040,Harry,Jürgensen,Rundshagen,0,En Contra,20631,Boletín N° 11092-07,2023-05-08 19:10:13,91,43,1,0,1,Quórum Simple,1,Aprobado,1,Proyecto de Ley,11092-07,Particular,"Artículo 30, contenido en el numeral 12) del artículo primero del proyecto, en los términos sugeridos por la Comisión de Constitución. 
",Segundo Trámite,Primer Informe,1968-09-03,1,Masculino,10,2026-03-10 23:59:59,,True,IND,Independientes,IND
1044,Raúl,Leiva,Carvajal,1,Afirmativo,20631,Boletín N° 11092-07,2023-05-08 19:10:13,91,43,1,0,1,Quórum Simple,1,Aprobado,1,Proyecto de Ley,11092-07,Particular,"Artículo 30, contenido en el numeral 12) del artículo primero del proyecto, en los términos sugeridos por la Comisión de Constitución. 
",Segundo Trámite,Primer Informe,1974-03-24,1,Masculino,10,2026-03-10 23:59:59,,True,PS,Partido Socialista,PS
1046,Andrés,Longton,Herrera,1,Afirmativo,20631,Boletín N° 11092-07,2023-05-08 19:10:13,91,43,1,0,1,Quórum Simple,1,Aprobado,1,Proyecto de Ley,11092-07,Particular,"Artículo 30, contenido en el numeral 12) del artículo primero del proyecto, en los términos sugeridos por la Comisión de Constitución. 
",Segundo Trámite,Primer Informe,1982-05-26,1,Masculino,10,2026-03-10 23:59:59,,True,RN,Renovación Nacional,RN
1048,Carolina,Marzán,Pinto,1,Afirmativo,20631,Boletín N° 11092-07,2023-05-08 19:10:13,91,43,1,0,1,Quórum Simple,1,Aprobado,1,Proyecto de Ley,11092-07,Particular,"Artículo 30, contenido en el numeral 12) del artículo primero del proyecto, en los términos sugeridos por la Comisión de Constitución. 
",Segundo Trámite,Primer Informe,1963-12-22,0,Femenino,10,2026-03-10 23:59:59,,True,PPD,Partido Por la Democracia,PPD
1049,Cosme,Mellado,Pino,1,Afirmativo,20631,Boletín N° 11092-07,2023-05-08 19:10:13,91,43,1,0,1,Quórum Simple,1,Aprobado,1,Proyecto de Ley,11092-07,Particular,"Artículo 30, contenido en el numeral 12) del artículo primero del proyecto, en los términos sugeridos por la Comisión de Constitución. 
",Segundo Trámite,Primer Informe,1960-02-24,1,Masculino,10,2026-03-10 23:59:59,,True,PR,Partido Radical de Chile,PR
1050,Miguel,Mellado,Suazo,1,Afirmativo,20631,Boletín N° 11092-07,2023-05-08 19:10:13,91,43,1,0,1,Quórum Simple,1,Aprobado,1,Proyecto de Ley,11092-07,Particular,"Artículo 30, contenido en el numeral 12) del artículo primero del proyecto, en los términos sugeridos por la Comisión de Constitución. 
",Segundo Trámite,Primer Informe,1958-12-29,1,Masculino,10,2026-03-10 23:59:59,,True,RN,Renovación Nacional,RN
1054,Francesca,Muñoz,González,1,Afirmativo,20631,Boletín N° 11092-07,2023-05-08 19:10:13,91,43,1,0,1,Quórum Simple,1,Aprobado,1,Proyecto de Ley,11092-07,Particular,"Artículo 30, contenido en el numeral 12) del artículo primero del proyecto, en los términos sugeridos por la Comisión de Constitución. 
",Segundo Trámite,Primer Informe,1980-03-07,0,Femenino,10,2026-03-10 23:59:59,,True,IND,Independientes,IND
1056,Emilia,Nuyado,Ancapichun,1,Afirmativo,20631,Boletín N° 11092-07,2023-05-08 19:10:13,91,43,1,0,1,Quórum Simple,1,Aprobado,1,Proyecto de Ley,11092-07,Particular,"Artículo 30, contenido en el numeral 12) del artículo primero del proyecto, en los términos sugeridos por la Comisión de Constitución. 
",Segundo Trámite,Primer Informe,1968-08-17,0,Femenino,10,2026-03-10 23:59:59,,True,PS,Partido Socialista,PS
1057,Erika,Olivera,De La Fuente,1,Afirmativo,20631,Boletín N° 11092-07,2023-05-08 19:10:13,91,43,1,0,1,Quórum Simple,1,Aprobado,1,Proyecto de Ley,11092-07,Particular,"Artículo 30, contenido en el numeral 12) del artículo primero del proyecto, en los términos sugeridos por la Comisión de Constitución. 
",Segundo Trámite,Primer Informe,1976-01-04,0,Femenino,10,2026-03-10 23:59:59,,True,IND,Independientes,IND
1058,Maite,Orsini,Pascal,1,Afirmativo,20631,Boletín N° 11092-07,2023-05-08 19:10:13,91,43,1,0,1,Quórum Simple,1,Aprobado,1,Proyecto de Ley,11092-07,Particular,"Artículo 30, contenido en el numeral 12) del artículo primero del proyecto, en los términos sugeridos por la Comisión de Constitución. 
",Segundo Trámite,Primer Informe,1988-02-23,0,Femenino,10,2026-03-10 23:59:59,,True,RD,Revolución Democrática,RD
1059,Ximena,Ossandón,Irarrázabal,1,Afirmativo,20631,Boletín N° 11092-07,2023-05-08 19:10:13,91,43,1,0,1,Quórum Simple,1,Aprobado,1,Proyecto de Ley,11092-07,Particular,"Artículo 30, contenido en el numeral 12) del artículo primero del proyecto, en los términos sugeridos por la Comisión de Constitución. 
",Segundo Trámite,Primer Informe,1963-12-13,0,Femenino,10,2026-03-10 23:59:59,,True,RN,Renovación Nacional,RN
1062,Joanna,Pérez,Olea,1,Afirmativo,20631,Boletín N° 11092-07,2023-05-08 19:10:13,91,43,1,0,1,Quórum Simple,1,Aprobado,1,Proyecto de Ley,11092-07,Particular,"Artículo 30, contenido en el numeral 12) del artículo primero del proyecto, en los términos sugeridos por la Comisión de Constitución. 
",Segundo Trámite,Primer Informe,1976-04-01,0,Femenino,10,2026-03-10 23:59:59,,True,IND,Independientes,IND
1065,Guillermo,Ramírez,Diez,0,En Contra,20631,Boletín N° 11092-07,2023-05-08 19:10:13,91,43,1,0,1,Quórum Simple,1,Aprobado,1,Proyecto de Ley,11092-07,Particular,"Artículo 30, contenido en el numeral 12) del artículo primero del proyecto, en los términos sugeridos por la Comisión de Constitución. 
",Segundo Trámite,Primer Informe,1979-04-16,1,Masculino,10,2026-03-10 23:59:59,,True,UDI,Unión Demócrata Independiente,UDI
1067,Hugo,Rey,Martínez,1,Afirmativo,20631,Boletín N° 11092-07,2023-05-08 19:10:13,91,43,1,0,1,Quórum Simple,1,Aprobado,1,Proyecto de Ley,11092-07,Particular,"Artículo 30, contenido en el numeral 12) del artículo primero del proyecto, en los términos sugeridos por la Comisión de Constitución. 
",Segundo Trámite,Primer Informe,1973-12-06,1,Masculino,10,2026-03-10 23:59:59,,True,RN,Renovación Nacional,RN
1068,Camila,Rojas,Valderrama,1,Afirmativo,20631,Boletín N° 11092-07,2023-05-08 19:10:13,91,43,1,0,1,Quórum Simple,1,Aprobado,1,Proyecto de Ley,11092-07,Particular,"Artículo 30, contenido en el numeral 12) del artículo primero del proyecto, en los términos sugeridos por la Comisión de Constitución. 
",Segundo Trámite,Primer Informe,1991-03-11,0,Femenino,10,2026-03-10 23:59:59,,True,COMUNES,Partido Comunes,COMUNES
1073,Juan,Santana,Castillo,1,Afirmativo,20631,Boletín N° 11092-07,2023-05-08 19:10:13,91,43,1,0,1,Quórum Simple,1,Aprobado,1,Proyecto de Ley,11092-07,Particular,"Artículo 30, contenido en el numeral 12) del artículo primero del proyecto, en los términos sugeridos por la Comisión de Constitución. 
",Segundo Trámite,Primer Informe,1989-09-20,1,Masculino,10,2026-03-10 23:59:59,,True,PS,Partido Socialista,PS
1076,Alexis,Sepúlveda,Soto,1,Afirmativo,20631,Boletín N° 11092-07,2023-05-08 19:10:13,91,43,1,0,1,Quórum Simple,1,Aprobado,1,Proyecto de Ley,11092-07,Particular,"Artículo 30, contenido en el numeral 12) del artículo primero del proyecto, en los términos sugeridos por la Comisión de Constitución. 
",Segundo Trámite,Primer Informe,1969-12-29,1,Masculino,10,2026-03-10 23:59:59,,True,PR,Partido Radical de Chile,PR
1077,Raúl,Soto,Mardones,1,Afirmativo,20631,Boletín N° 11092-07,2023-05-08 19:10:13,91,43,1,0,1,Quórum Simple,1,Aprobado,1,Proyecto de Ley,11092-07,Particular,"Artículo 30, contenido en el numeral 12) del artículo primero del proyecto, en los términos sugeridos por la Comisión de Constitución. 
",Segundo Trámite,Primer Informe,1987-11-20,1,Masculino,10,2026-03-10 23:59:59,,True,PPD,Partido Por la Democracia,PPD
1081,Francisco,Undurraga,Gazitúa,1,Afirmativo,20631,Boletín N° 11092-07,2023-05-08 19:10:13,91,43,1,0,1,Quórum Simple,1,Aprobado,1,Proyecto de Ley,11092-07,Particular,"Artículo 30, contenido en el numeral 12) del artículo primero del proyecto, en los términos sugeridos por la Comisión de Constitución. 
",Segundo Trámite,Primer Informe,1965-09-29,1,Masculino,10,2026-03-10 23:59:59,,True,EVOP,Evolución Política,EVOP
1082,Cristóbal,Urruticoechea,Ríos,0,En Contra,20631,Boletín N° 11092-07,2023-05-08 19:10:13,91,43,1,0,1,Quórum Simple,1,Aprobado,1,Proyecto de Ley,11092-07,Particular,"Artículo 30, contenido en el numeral 12) del artículo primero del proyecto, en los términos sugeridos por la Comisión de Constitución. 
",Segundo Trámite,Primer Informe,1975-11-21,1,Masculino,10,2026-03-10 23:59:59,,True,PREP,Partido Republicano,PREP
1086,Gonzalo,Winter,Etcheberry,1,Afirmativo,20631,Boletín N° 11092-07,2023-05-08 19:10:13,91,43,1,0,1,Quórum Simple,1,Aprobado,1,Proyecto de Ley,11092-07,Particular,"Artículo 30, contenido en el numeral 12) del artículo primero del proyecto, en los términos sugeridos por la Comisión de Constitución. 
",Segundo Trámite,Primer Informe,1987-01-06,1,Masculino,10,2026-03-10 23:59:59,,True,PCS,Partido Convergencia Social,PCS
1087,Gael,Yeomans,Araya,1,Afirmativo,20631,Boletín N° 11092-07,2023-05-08 19:10:13,91,43,1,0,1,Quórum Simple,1,Aprobado,1,Proyecto de Ley,11092-07,Particular,"Artículo 30, contenido en el numeral 12) del artículo primero del proyecto, en los términos sugeridos por la Comisión de Constitución. 
",Segundo Trámite,Primer Informe,1988-12-04,0,Femenino,10,2026-03-10 23:59:59,,True,PCS,Partido Convergencia Social,PCS
1094,Cristian,Labbé,Martínez,1,Afirmativo,20631,Boletín N° 11092-07,2023-05-08 19:10:13,91,43,1,0,1,Quórum Simple,1,Aprobado,1,Proyecto de Ley,11092-07,Particular,"Artículo 30, contenido en el numeral 12) del artículo primero del proyecto, en los términos sugeridos por la Comisión de Constitución. 
",Segundo Trámite,Primer Informe,1980-03-06,1,Masculino,10,2026-03-10 23:59:59,,True,UDI,Unión Demócrata Independiente,UDI
1096,María Candelaria,Acevedo,Sáez,1,Afirmativo,20631,Boletín N° 11092-07,2023-05-08 19:10:13,91,43,1,0,1,Quórum Simple,1,Aprobado,1,Proyecto de Ley,11092-07,Particular,"Artículo 30, contenido en el numeral 12) del artículo primero del proyecto, en los términos sugeridos por la Comisión de Constitución. 
",Segundo Trámite,Primer Informe,1958-09-12,0,Femenino,10,2026-03-10 23:59:59,,True,PC,Partido Comunista,PC
1097,Eric,Aedo,Jeldres,1,Afirmativo,20631,Boletín N° 11092-07,2023-05-08 19:10:13,91,43,1,0,1,Quórum Simple,1,Aprobado,1,Proyecto de Ley,11092-07,Particular,"Artículo 30, contenido en el numeral 12) del artículo primero del proyecto, en los términos sugeridos por la Comisión de Constitución. 
",Segundo Trámite,Primer Informe,1968-07-13,1,Masculino,10,2026-03-10 23:59:59,,True,DC,Partido Demócrata Cristiano,DC
1098,Yovana,Ahumada,Palma,0,En Contra,20631,Boletín N° 11092-07,2023-05-08 19:10:13,91,43,1,0,1,Quórum Simple,1,Aprobado,1,Proyecto de Ley,11092-07,Particular,"Artículo 30, contenido en el numeral 12) del artículo primero del proyecto, en los términos sugeridos por la Comisión de Constitución. 
",Segundo Trámite,Primer Informe,1973-02-24,0,Femenino,10,2026-03-10 23:59:59,,True,IND,Independientes,IND
1099,Jaime,Araya,Guerrero,1,Afirmativo,20631,Boletín N° 11092-07,2023-05-08 19:10:13,91,43,1,0,1,Quórum Simple,1,Aprobado,1,Proyecto de Ley,11092-07,Particular,"Artículo 30, contenido en el numeral 12) del artículo primero del proyecto, en los términos sugeridos por la Comisión de Constitución. 
",Segundo Trámite,Primer Informe,1976-02-04,1,Masculino,10,2026-03-10 23:59:59,,True,IND,Independientes,IND
1100,Cristián,Araya,Lerdo de Tejada,0,En Contra,20631,Boletín N° 11092-07,2023-05-08 19:10:13,91,43,1,0,1,Quórum Simple,1,Aprobado,1,Proyecto de Ley,11092-07,Particular,"Artículo 30, contenido en el numeral 12) del artículo primero del proyecto, en los términos sugeridos por la Comisión de Constitución. 
",Segundo Trámite,Primer Informe,1988-09-30,1,Masculino,10,2026-03-10 23:59:59,,True,PREP,Partido Republicano,PREP
1101,Mónica,Arce,Castro,1,Afirmativo,20631,Boletín N° 11092-07,2023-05-08 19:10:13,91,43,1,0,1,Quórum Simple,1,Aprobado,1,Proyecto de Ley,11092-07,Particular,"Artículo 30, contenido en el numeral 12) del artículo primero del proyecto, en los términos sugeridos por la Comisión de Constitución. 
",Segundo Trámite,Primer Informe,1976-03-02,0,Femenino,10,2026-03-10 23:59:59,,True,IND,Independientes,IND
1102,Roberto,Arroyo,Muñoz,0,En Contra,20631,Boletín N° 11092-07,2023-05-08 19:10:13,91,43,1,0,1,Quórum Simple,1,Aprobado,1,Proyecto de Ley,11092-07,Particular,"Artículo 30, contenido en el numeral 12) del artículo primero del proyecto, en los términos sugeridos por la Comisión de Constitución. 
",Segundo Trámite,Primer Informe,1963-11-29,1,Masculino,10,2026-03-10 23:59:59,,True,PDG,Partido de la Gente,PDG
1103,Danisa,Astudillo,Peiretti,1,Afirmativo,20631,Boletín N° 11092-07,2023-05-08 19:10:13,91,43,1,0,1,Quórum Simple,1,Aprobado,1,Proyecto de Ley,11092-07,Particular,"Artículo 30, contenido en el numeral 12) del artículo primero del proyecto, en los términos sugeridos por la Comisión de Constitución. 
",Segundo Trámite,Primer Informe,1975-05-03,0,Femenino,10,2026-03-10 23:59:59,,True,PS,Partido Socialista,PS
1104,Chiara,Barchiesi,Chávez,0,En Contra,20631,Boletín N° 11092-07,2023-05-08 19:10:13,91,43,1,0,1,Quórum Simple,1,Aprobado,1,Proyecto de Ley,11092-07,Particular,"Artículo 30, contenido en el numeral 12) del artículo primero del proyecto, en los términos sugeridos por la Comisión de Constitución. 
",Segundo Trámite,Primer Informe,1996-12-22,0,Femenino,10,2026-03-10 23:59:59,,True,PREP,Partido Republicano,PREP
1105,Héctor,Barría,Angulo,1,Afirmativo,20631,Boletín N° 11092-07,2023-05-08 19:10:13,91,43,1,0,1,Quórum Simple,1,Aprobado,1,Proyecto de Ley,11092-07,Particular,"Artículo 30, contenido en el numeral 12) del artículo primero del proyecto, en los términos sugeridos por la Comisión de Constitución. 
",Segundo Trámite,Primer Informe,1980-04-24,1,Masculino,10,2026-03-10 23:59:59,,True,DC,Partido Demócrata Cristiano,DC
1106,Miguel Ángel,Becker,Alvear,0,En Contra,20631,Boletín N° 11092-07,2023-05-08 19:10:13,91,43,1,0,1,Quórum Simple,1,Aprobado,1,Proyecto de Ley,11092-07,Particular,"Artículo 30, contenido en el numeral 12) del artículo primero del proyecto, en los términos sugeridos por la Comisión de Constitución. 
",Segundo Trámite,Primer Informe,1960-10-07,1,Masculino,10,2026-03-10 23:59:59,,True,RN,Renovación Nacional,RN
1107,María Francisca,Bello,Campos,1,Afirmativo,20631,Boletín N° 11092-07,2023-05-08 19:10:13,91,43,1,0,1,Quórum Simple,1,Aprobado,1,Proyecto de Ley,11092-07,Particular,"Artículo 30, contenido en el numeral 12) del artículo primero del proyecto, en los términos sugeridos por la Comisión de Constitución. 
",Segundo Trámite,Primer Informe,1987-09-17,0,Femenino,10,2026-03-10 23:59:59,,True,PCS,Partido Convergencia Social,PCS
1108,Juan Carlos,Beltrán,Silva,1,Afirmativo,20631,Boletín N° 11092-07,2023-05-08 19:10:13,91,43,1,0,1,Quórum Simple,1,Aprobado,1,Proyecto de Ley,11092-07,Particular,"Artículo 30, contenido en el numeral 12) del artículo primero del proyecto, en los términos sugeridos por la Comisión de Constitución. 
",Segundo Trámite,Primer Informe,1962-12-19,1,Masculino,10,2026-03-10 23:59:59,,True,RN,Renovación Nacional,RN
1109,Gustavo,Benavente,Vergara,0,En Contra,20631,Boletín N° 11092-07,2023-05-08 19:10:13,91,43,1,0,1,Quórum Simple,1,Aprobado,1,Proyecto de Ley,11092-07,Particular,"Artículo 30, contenido en el numeral 12) del artículo primero del proyecto, en los términos sugeridos por la Comisión de Constitución. 
",Segundo Trámite,Primer Informe,1966-08-13,1,Masculino,10,2026-03-10 23:59:59,,True,UDI,Unión Demócrata Independiente,UDI
1110,Carlos,Bianchi,Chelech,1,Afirmativo,20631,Boletín N° 11092-07,2023-05-08 19:10:13,91,43,1,0,1,Quórum Simple,1,Aprobado,1,Proyecto de Ley,11092-07,Particular,"Artículo 30, contenido en el numeral 12) del artículo primero del proyecto, en los términos sugeridos por la Comisión de Constitución. 
",Segundo Trámite,Primer Informe,1960-11-04,1,Masculino,10,2026-03-10 23:59:59,,True,IND,Independientes,IND
1111,Fernando,Bórquez,Montecinos,0,En Contra,20631,Boletín N° 11092-07,2023-05-08 19:10:13,91,43,1,0,1,Quórum Simple,1,Aprobado,1,Proyecto de Ley,11092-07,Particular,"Artículo 30, contenido en el numeral 12) del artículo primero del proyecto, en los términos sugeridos por la Comisión de Constitución. 
",Segundo Trámite,Primer Informe,1968-06-06,1,Masculino,10,2026-03-10 23:59:59,,True,UDI,Unión Demócrata Independiente,UDI
1112,Ana María,Bravo,Castro,1,Afirmativo,20631,Boletín N° 11092-07,2023-05-08 19:10:13,91,43,1,0,1,Quórum Simple,1,Aprobado,1,Proyecto de Ley,11092-07,Particular,"Artículo 30, contenido en el numeral 12) del artículo primero del proyecto, en los términos sugeridos por la Comisión de Constitución. 
",Segundo Trámite,Primer Informe,1973-12-03,0,Femenino,10,2026-03-10 23:59:59,,True,PS,Partido Socialista,PS
1113,Marta,Bravo,Salinas,0,En Contra,20631,Boletín N° 11092-07,2023-05-08 19:10:13,91,43,1,0,1,Quórum Simple,1,Aprobado,1,Proyecto de Ley,11092-07,Particular,"Artículo 30, contenido en el numeral 12) del artículo primero del proyecto, en los términos sugeridos por la Comisión de Constitución. 
",Segundo Trámite,Primer Informe,1976-02-25,0,Femenino,10,2026-03-10 23:59:59,,True,UDI,Unión Demócrata Independiente,UDI
1114,Félix,Bugueño,Sotelo,1,Afirmativo,20631,Boletín N° 11092-07,2023-05-08 19:10:13,91,43,1,0,1,Quórum Simple,1,Aprobado,1,Proyecto de Ley,11092-07,Particular,"Artículo 30, contenido en el numeral 12) del artículo primero del proyecto, en los términos sugeridos por la Comisión de Constitución. 
",Segundo Trámite,Primer Informe,1973-05-18,1,Masculino,10,2026-03-10 23:59:59,,True,FRVS,Federación Regionalista Verde Social,FRVS
1115,Mercedes,Bulnes,Núñez,1,Afirmativo,20631,Boletín N° 11092-07,2023-05-08 19:10:13,91,43,1,0,1,Quórum Simple,1,Aprobado,1,Proyecto de Ley,11092-07,Particular,"Artículo 30, contenido en el numeral 12) del artículo primero del proyecto, en los términos sugeridos por la Comisión de Constitución. 
",Segundo Trámite,Primer Informe,1950-06-06,0,Femenino,10,2024-11-22 00:00:00,,True,IND,Independientes,IND
1116,Felipe,Camaño,Cárdenas,1,Afirmativo,20631,Boletín N° 11092-07,2023-05-08 19:10:13,91,43,1,0,1,Quórum Simple,1,Aprobado,1,Proyecto de Ley,11092-07,Particular,"Artículo 30, contenido en el numeral 12) del artículo primero del proyecto, en los términos sugeridos por la Comisión de Constitución. 
",Segundo Trámite,Primer Informe,1991-08-21,1,Masculino,10,2026-03-10 23:59:59,,True,IND,Independientes,IND
1117,Nathalie,Castillo,Rojas,1,Afirmativo,20631,Boletín N° 11092-07,2023-05-08 19:10:13,91,43,1,0,1,Quórum Simple,1,Aprobado,1,Proyecto de Ley,11092-07,Particular,"Artículo 30, contenido en el numeral 12) del artículo primero del proyecto, en los términos sugeridos por la Comisión de Constitución. 
",Segundo Trámite,Primer Informe,1983-07-02,0,Femenino,10,2026-03-10 23:59:59,,True,PC,Partido Comunista,PC
1118,Ricardo,Cifuentes,Lillo,1,Afirmativo,20631,Boletín N° 11092-07,2023-05-08 19:10:13,91,43,1,0,1,Quórum Simple,1,Aprobado,1,Proyecto de Ley,11092-07,Particular,"Artículo 30, contenido en el numeral 12) del artículo primero del proyecto, en los términos sugeridos por la Comisión de Constitución. 
",Segundo Trámite,Primer Informe,1962-09-12,1,Masculino,10,2026-03-10 23:59:59,,True,DC,Partido Demócrata Cristiano,DC
1119,Sara,Concha,Smith,1,Afirmativo,20631,Boletín N° 11092-07,2023-05-08 19:10:13,91,43,1,0,1,Quórum Simple,1,Aprobado,1,Proyecto de Ley,11092-07,Particular,"Artículo 30, contenido en el numeral 12) del artículo primero del proyecto, en los términos sugeridos por la Comisión de Constitución. 
",Segundo Trámite,Primer Informe,1995-09-09,0,Femenino,10,2026-03-10 23:59:59,,True,PSC,Partido Social Cristiano,PSC
1120,María Luisa,Cordero,Velásquez,1,Afirmativo,20631,Boletín N° 11092-07,2023-05-08 19:10:13,91,43,1,0,1,Quórum Simple,1,Aprobado,1,Proyecto de Ley,11092-07,Particular,"Artículo 30, contenido en el numeral 12) del artículo primero del proyecto, en los términos sugeridos por la Comisión de Constitución. 
",Segundo Trámite,Primer Informe,1943-01-23,0,Femenino,10,2026-03-10 23:59:59,,True,IND,Independientes,IND
1121,Eduardo,Cornejo,Lagos,0,En Contra,20631,Boletín N° 11092-07,2023-05-08 19:10:13,91,43,1,0,1,Quórum Simple,1,Aprobado,1,Proyecto de Ley,11092-07,Particular,"Artículo 30, contenido en el numeral 12) del artículo primero del proyecto, en los términos sugeridos por la Comisión de Constitución. 
",Segundo Trámite,Primer Informe,1972-01-12,1,Masculino,10,2026-03-10 23:59:59,,True,UDI,Unión Demócrata Independiente,UDI
1122,Luis Alberto,Cuello,Peña y Lillo,1,Afirmativo,20631,Boletín N° 11092-07,2023-05-08 19:10:13,91,43,1,0,1,Quórum Simple,1,Aprobado,1,Proyecto de Ley,11092-07,Particular,"Artículo 30, contenido en el numeral 12) del artículo primero del proyecto, en los términos sugeridos por la Comisión de Constitución. 
",Segundo Trámite,Primer Informe,1977-01-24,1,Masculino,10,2026-03-10 23:59:59,,True,PC,Partido Comunista,PC
1123,Gonzalo,De la Carrera,Correa,0,En Contra,20631,Boletín N° 11092-07,2023-05-08 19:10:13,91,43,1,0,1,Quórum Simple,1,Aprobado,1,Proyecto de Ley,11092-07,Particular,"Artículo 30, contenido en el numeral 12) del artículo primero del proyecto, en los términos sugeridos por la Comisión de Constitución. 
",Segundo Trámite,Primer Informe,1962-01-13,1,Masculino,10,2026-03-10 23:59:59,,True,IND,Independientes,IND
1124,Tomás,De Rementería,Venegas,1,Afirmativo,20631,Boletín N° 11092-07,2023-05-08 19:10:13,91,43,1,0,1,Quórum Simple,1,Aprobado,1,Proyecto de Ley,11092-07,Particular,"Artículo 30, contenido en el numeral 12) del artículo primero del proyecto, en los términos sugeridos por la Comisión de Constitución. 
",Segundo Trámite,Primer Informe,1987-03-17,1,Masculino,10,2025-05-05 23:59:59,,True,PS,Partido Socialista,PS
1125,Viviana,Delgado,Riquelme,1,Afirmativo,20631,Boletín N° 11092-07,2023-05-08 19:10:13,91,43,1,0,1,Quórum Simple,1,Aprobado,1,Proyecto de Ley,11092-07,Particular,"Artículo 30, contenido en el numeral 12) del artículo primero del proyecto, en los términos sugeridos por la Comisión de Constitución. 
",Segundo Trámite,Primer Informe,1973-09-04,0,Femenino,10,2026-03-10 23:59:59,,True,IND,Independientes,IND
1126,Felipe,Donoso,Castro,0,En Contra,20631,Boletín N° 11092-07,2023-05-08 19:10:13,91,43,1,0,1,Quórum Simple,1,Aprobado,1,Proyecto de Ley,11092-07,Particular,"Artículo 30, contenido en el numeral 12) del artículo primero del proyecto, en los términos sugeridos por la Comisión de Constitución. 
",Segundo Trámite,Primer Informe,1982-12-12,1,Masculino,10,2026-03-10 23:59:59,,True,UDI,Unión Demócrata Independiente,UDI
1127,Lorena,Fries,Monleón,1,Afirmativo,20631,Boletín N° 11092-07,2023-05-08 19:10:13,91,43,1,0,1,Quórum Simple,1,Aprobado,1,Proyecto de Ley,11092-07,Particular,"Artículo 30, contenido en el numeral 12) del artículo primero del proyecto, en los términos sugeridos por la Comisión de Constitución. 
",Segundo Trámite,Primer Informe,1960-04-01,0,Femenino,10,2026-03-10 23:59:59,,True,PCS,Partido Convergencia Social,PCS
1128,Ana María,Gazmuri,Vieira,1,Afirmativo,20631,Boletín N° 11092-07,2023-05-08 19:10:13,91,43,1,0,1,Quórum Simple,1,Aprobado,1,Proyecto de Ley,11092-07,Particular,"Artículo 30, contenido en el numeral 12) del artículo primero del proyecto, en los términos sugeridos por la Comisión de Constitución. 
",Segundo Trámite,Primer Informe,1966-01-22,0,Femenino,10,2026-03-10 23:59:59,,True,PAH,Partido Acción Humanista,PAH
1129,Andrés,Giordano,Salazar,1,Afirmativo,20631,Boletín N° 11092-07,2023-05-08 19:10:13,91,43,1,0,1,Quórum Simple,1,Aprobado,1,Proyecto de Ley,11092-07,Particular,"Artículo 30, contenido en el numeral 12) del artículo primero del proyecto, en los términos sugeridos por la Comisión de Constitución. 
",Segundo Trámite,Primer Informe,1986-12-29,1,Masculino,10,2026-03-10 23:59:59,,True,IND,Independientes,IND
1131,Mauro,González,Villarroel,0,En Contra,20631,Boletín N° 11092-07,2023-05-08 19:10:13,91,43,1,0,1,Quórum Simple,1,Aprobado,1,Proyecto de Ley,11092-07,Particular,"Artículo 30, contenido en el numeral 12) del artículo primero del proyecto, en los términos sugeridos por la Comisión de Constitución. 
",Segundo Trámite,Primer Informe,1985-05-25,1,Masculino,10,2026-03-10 23:59:59,,True,RN,Renovación Nacional,RN
1132,Jorge,Guzmán,Zepeda,2,Abstención,20631,Boletín N° 11092-07,2023-05-08 19:10:13,91,43,1,0,1,Quórum Simple,1,Aprobado,1,Proyecto de Ley,11092-07,Particular,"Artículo 30, contenido en el numeral 12) del artículo primero del proyecto, en los términos sugeridos por la Comisión de Constitución. 
",Segundo Trámite,Primer Informe,1985-06-11,1,Masculino,10,2026-03-10 23:59:59,,True,EVOP,Evolución Política,EVOP
1133,Juan,Irarrázaval,Rossel,0,En Contra,20631,Boletín N° 11092-07,2023-05-08 19:10:13,91,43,1,0,1,Quórum Simple,1,Aprobado,1,Proyecto de Ley,11092-07,Particular,"Artículo 30, contenido en el numeral 12) del artículo primero del proyecto, en los términos sugeridos por la Comisión de Constitución. 
",Segundo Trámite,Primer Informe,1983-06-23,1,Masculino,10,2026-03-10 23:59:59,,True,PREP,Partido Republicano,PREP
1135,Johannes,Kaiser,Barents-Von Hohenhagen,0,En Contra,20631,Boletín N° 11092-07,2023-05-08 19:10:13,91,43,1,0,1,Quórum Simple,1,Aprobado,1,Proyecto de Ley,11092-07,Particular,"Artículo 30, contenido en el numeral 12) del artículo primero del proyecto, en los términos sugeridos por la Comisión de Constitución. 
",Segundo Trámite,Primer Informe,1976-01-05,1,Masculino,10,2026-03-10 23:59:59,,True,PREP,Partido Republicano,PREP
1136,Paula,Labra,Besserer,0,En Contra,20631,Boletín N° 11092-07,2023-05-08 19:10:13,91,43,1,0,1,Quórum Simple,1,Aprobado,1,Proyecto de Ley,11092-07,Particular,"Artículo 30, contenido en el numeral 12) del artículo primero del proyecto, en los términos sugeridos por la Comisión de Constitución. 
",Segundo Trámite,Primer Informe,1987-05-04,0,Femenino,10,2026-03-10 23:59:59,,True,IND,Independientes,IND
1137,Tomás,Lagomarsino,Guzmán,1,Afirmativo,20631,Boletín N° 11092-07,2023-05-08 19:10:13,91,43,1,0,1,Quórum Simple,1,Aprobado,1,Proyecto de Ley,11092-07,Particular,"Artículo 30, contenido en el numeral 12) del artículo primero del proyecto, en los términos sugeridos por la Comisión de Constitución. 
",Segundo Trámite,Primer Informe,1990-07-13,1,Masculino,10,2026-03-10 23:59:59,,True,IND,Independientes,IND
1138,Henry,Leal,Bizama,0,En Contra,20631,Boletín N° 11092-07,2023-05-08 19:10:13,91,43,1,0,1,Quórum Simple,1,Aprobado,1,Proyecto de Ley,11092-07,Particular,"Artículo 30, contenido en el numeral 12) del artículo primero del proyecto, en los términos sugeridos por la Comisión de Constitución. 
",Segundo Trámite,Primer Informe,1972-09-16,1,Masculino,10,2026-03-10 23:59:59,,True,UDI,Unión Demócrata Independiente,UDI
1139,Enrique,Lee,Flores,0,En Contra,20631,Boletín N° 11092-07,2023-05-08 19:10:13,91,43,1,0,1,Quórum Simple,1,Aprobado,1,Proyecto de Ley,11092-07,Particular,"Artículo 30, contenido en el numeral 12) del artículo primero del proyecto, en los términos sugeridos por la Comisión de Constitución. 
",Segundo Trámite,Primer Informe,1967-12-16,1,Masculino,10,2026-03-10 23:59:59,,True,PRI,Partido Regionalista Independiente,PRI
1140,Daniel,Lilayu,Vivanco,0,En Contra,20631,Boletín N° 11092-07,2023-05-08 19:10:13,91,43,1,0,1,Quórum Simple,1,Aprobado,1,Proyecto de Ley,11092-07,Particular,"Artículo 30, contenido en el numeral 12) del artículo primero del proyecto, en los términos sugeridos por la Comisión de Constitución. 
",Segundo Trámite,Primer Informe,1949-03-02,1,Masculino,10,2026-03-10 23:59:59,,True,UDI,Unión Demócrata Independiente,UDI
1142,Daniel,Manouchehri,Lobos,1,Afirmativo,20631,Boletín N° 11092-07,2023-05-08 19:10:13,91,43,1,0,1,Quórum Simple,1,Aprobado,1,Proyecto de Ley,11092-07,Particular,"Artículo 30, contenido en el numeral 12) del artículo primero del proyecto, en los términos sugeridos por la Comisión de Constitución. 
",Segundo Trámite,Primer Informe,1984-05-25,1,Masculino,10,2026-03-10 23:59:59,,True,PS,Partido Socialista,PS
1143,Cristóbal,Martínez,Ramírez,0,En Contra,20631,Boletín N° 11092-07,2023-05-08 19:10:13,91,43,1,0,1,Quórum Simple,1,Aprobado,1,Proyecto de Ley,11092-07,Particular,"Artículo 30, contenido en el numeral 12) del artículo primero del proyecto, en los términos sugeridos por la Comisión de Constitución. 
",Segundo Trámite,Primer Informe,1984-04-30,1,Masculino,10,2026-03-10 23:59:59,,True,UDI,Unión Demócrata Independiente,UDI
1144,Christian,Matheson,Villán,0,En Contra,20631,Boletín N° 11092-07,2023-05-08 19:10:13,91,43,1,0,1,Quórum Simple,1,Aprobado,1,Proyecto de Ley,11092-07,Particular,"Artículo 30, contenido en el numeral 12) del artículo primero del proyecto, en los términos sugeridos por la Comisión de Constitución. 
",Segundo Trámite,Primer Informe,1957-12-17,1,Masculino,10,2026-03-10 23:59:59,,True,IND,Independientes,IND
1146,José Carlos,Meza,Pereira,0,En Contra,20631,Boletín N° 11092-07,2023-05-08 19:10:13,91,43,1,0,1,Quórum Simple,1,Aprobado,1,Proyecto de Ley,11092-07,Particular,"Artículo 30, contenido en el numeral 12) del artículo primero del proyecto, en los términos sugeridos por la Comisión de Constitución. 
",Segundo Trámite,Primer Informe,1989-03-07,1,Masculino,10,2026-03-10 23:59:59,,True,PREP,Partido Republicano,PREP
1147,Helia,Molina,Milman,1,Afirmativo,20631,Boletín N° 11092-07,2023-05-08 19:10:13,91,43,1,0,1,Quórum Simple,1,Aprobado,1,Proyecto de Ley,11092-07,Particular,"Artículo 30, contenido en el numeral 12) del artículo primero del proyecto, en los términos sugeridos por la Comisión de Constitución. 
",Segundo Trámite,Primer Informe,1947-04-02,0,Femenino,10,2026-03-10 23:59:59,,True,PPD,Partido Por la Democracia,PPD
1148,Javiera,Morales,Alvarado,1,Afirmativo,20631,Boletín N° 11092-07,2023-05-08 19:10:13,91,43,1,0,1,Quórum Simple,1,Aprobado,1,Proyecto de Ley,11092-07,Particular,"Artículo 30, contenido en el numeral 12) del artículo primero del proyecto, en los términos sugeridos por la Comisión de Constitución. 
",Segundo Trámite,Primer Informe,1983-11-16,0,Femenino,10,2026-03-10 23:59:59,,True,PCS,Partido Convergencia Social,PCS
1149,Carla,Morales,Maldonado,1,Afirmativo,20631,Boletín N° 11092-07,2023-05-08 19:10:13,91,43,1,0,1,Quórum Simple,1,Aprobado,1,Proyecto de Ley,11092-07,Particular,"Artículo 30, contenido en el numeral 12) del artículo primero del proyecto, en los términos sugeridos por la Comisión de Constitución. 
",Segundo Trámite,Primer Informe,1977-10-27,0,Femenino,10,2026-03-10 23:59:59,,True,RN,Renovación Nacional,RN
1150,Benjamín,Moreno,Bascur,0,En Contra,20631,Boletín N° 11092-07,2023-05-08 19:10:13,91,43,1,0,1,Quórum Simple,1,Aprobado,1,Proyecto de Ley,11092-07,Particular,"Artículo 30, contenido en el numeral 12) del artículo primero del proyecto, en los términos sugeridos por la Comisión de Constitución. 
",Segundo Trámite,Primer Informe,1993-04-02,1,Masculino,10,2026-03-10 23:59:59,,True,PREP,Partido Republicano,PREP
1151,Camila,Musante,Müller,1,Afirmativo,20631,Boletín N° 11092-07,2023-05-08 19:10:13,91,43,1,0,1,Quórum Simple,1,Aprobado,1,Proyecto de Ley,11092-07,Particular,"Artículo 30, contenido en el numeral 12) del artículo primero del proyecto, en los términos sugeridos por la Comisión de Constitución. 
",Segundo Trámite,Primer Informe,1990-02-06,0,Femenino,10,2026-03-10 23:59:59,,True,IND,Independientes,IND
1153,Coca Ericka,Ñanco,Vásquez,1,Afirmativo,20631,Boletín N° 11092-07,2023-05-08 19:10:13,91,43,1,0,1,Quórum Simple,1,Aprobado,1,Proyecto de Ley,11092-07,Particular,"Artículo 30, contenido en el numeral 12) del artículo primero del proyecto, en los términos sugeridos por la Comisión de Constitución. 
",Segundo Trámite,Primer Informe,1992-03-20,0,Femenino,10,2026-03-10 23:59:59,,True,RD,Revolución Democrática,RD
1154,Mauricio,Ojeda,Rebolledo,0,En Contra,20631,Boletín N° 11092-07,2023-05-08 19:10:13,91,43,1,0,1,Quórum Simple,1,Aprobado,1,Proyecto de Ley,11092-07,Particular,"Artículo 30, contenido en el numeral 12) del artículo primero del proyecto, en los términos sugeridos por la Comisión de Constitución. 
",Segundo Trámite,Primer Informe,1982-01-19,1,Masculino,10,2026-03-10 23:59:59,,True,IND,Independientes,IND
1155,Rubén Darío,Oyarzo,Figueroa,1,Afirmativo,20631,Boletín N° 11092-07,2023-05-08 19:10:13,91,43,1,0,1,Quórum Simple,1,Aprobado,1,Proyecto de Ley,11092-07,Particular,"Artículo 30, contenido en el numeral 12) del artículo primero del proyecto, en los términos sugeridos por la Comisión de Constitución. 
",Segundo Trámite,Primer Informe,1980-12-13,1,Masculino,10,2026-03-10 23:59:59,,True,PDG,Partido de la Gente,PDG
1156,Hernán,Palma,Pérez,1,Afirmativo,20631,Boletín N° 11092-07,2023-05-08 19:10:13,91,43,1,0,1,Quórum Simple,1,Aprobado,1,Proyecto de Ley,11092-07,Particular,"Artículo 30, contenido en el numeral 12) del artículo primero del proyecto, en los términos sugeridos por la Comisión de Constitución. 
",Segundo Trámite,Primer Informe,1958-11-03,1,Masculino,10,2026-03-10 23:59:59,,True,IND,Independientes,IND
1158,Víctor Alejandro,Pino,Fuentes,0,En Contra,20631,Boletín N° 11092-07,2023-05-08 19:10:13,91,43,1,0,1,Quórum Simple,1,Aprobado,1,Proyecto de Ley,11092-07,Particular,"Artículo 30, contenido en el numeral 12) del artículo primero del proyecto, en los términos sugeridos por la Comisión de Constitución. 
",Segundo Trámite,Primer Informe,1974-12-08,1,Masculino,10,2026-03-10 23:59:59,,True,IND,Independientes,IND
1159,Lorena,Pizarro,Sierra,1,Afirmativo,20631,Boletín N° 11092-07,2023-05-08 19:10:13,91,43,1,0,1,Quórum Simple,1,Aprobado,1,Proyecto de Ley,11092-07,Particular,"Artículo 30, contenido en el numeral 12) del artículo primero del proyecto, en los términos sugeridos por la Comisión de Constitución. 
",Segundo Trámite,Primer Informe,1966-02-14,0,Femenino,10,2026-03-10 23:59:59,,True,PC,Partido Comunista,PC
1160,Alejandra,Placencia,Cabello,1,Afirmativo,20631,Boletín N° 11092-07,2023-05-08 19:10:13,91,43,1,0,1,Quórum Simple,1,Aprobado,1,Proyecto de Ley,11092-07,Particular,"Artículo 30, contenido en el numeral 12) del artículo primero del proyecto, en los términos sugeridos por la Comisión de Constitución. 
",Segundo Trámite,Primer Informe,1978-02-14,0,Femenino,10,2026-03-10 23:59:59,,True,PC,Partido Comunista,PC
1161,Francisco,Pulgar,Castillo,1,Afirmativo,20631,Boletín N° 11092-07,2023-05-08 19:10:13,91,43,1,0,1,Quórum Simple,1,Aprobado,1,Proyecto de Ley,11092-07,Particular,"Artículo 30, contenido en el numeral 12) del artículo primero del proyecto, en los términos sugeridos por la Comisión de Constitución. 
",Segundo Trámite,Primer Informe,1971-05-27,1,Masculino,10,2026-03-10 23:59:59,,True,IND,Independientes,IND
1162,Matías,Ramírez,Pascal,1,Afirmativo,20631,Boletín N° 11092-07,2023-05-08 19:10:13,91,43,1,0,1,Quórum Simple,1,Aprobado,1,Proyecto de Ley,11092-07,Particular,"Artículo 30, contenido en el numeral 12) del artículo primero del proyecto, en los términos sugeridos por la Comisión de Constitución. 
",Segundo Trámite,Primer Informe,1984-11-14,1,Masculino,10,2026-03-10 23:59:59,,True,PC,Partido Comunista,PC
1163,Marcia,Raphael,Mora,1,Afirmativo,20631,Boletín N° 11092-07,2023-05-08 19:10:13,91,43,1,0,1,Quórum Simple,1,Aprobado,1,Proyecto de Ley,11092-07,Particular,"Artículo 30, contenido en el numeral 12) del artículo primero del proyecto, en los términos sugeridos por la Comisión de Constitución. 
",Segundo Trámite,Primer Informe,1963-12-06,0,Femenino,10,2026-03-10 23:59:59,,True,RN,Renovación Nacional,RN
1164,Marcela,Riquelme,Aliaga,1,Afirmativo,20631,Boletín N° 11092-07,2023-05-08 19:10:13,91,43,1,0,1,Quórum Simple,1,Aprobado,1,Proyecto de Ley,11092-07,Particular,"Artículo 30, contenido en el numeral 12) del artículo primero del proyecto, en los términos sugeridos por la Comisión de Constitución. 
",Segundo Trámite,Primer Informe,1973-03-04,0,Femenino,10,2026-03-10 23:59:59,,True,IND,Independientes,IND
1165,Agustín,Romero,Leiva,0,En Contra,20631,Boletín N° 11092-07,2023-05-08 19:10:13,91,43,1,0,1,Quórum Simple,1,Aprobado,1,Proyecto de Ley,11092-07,Particular,"Artículo 30, contenido en el numeral 12) del artículo primero del proyecto, en los términos sugeridos por la Comisión de Constitución. 
",Segundo Trámite,Primer Informe,1975-01-03,1,Masculino,10,2026-03-10 23:59:59,,True,PREP,Partido Republicano,PREP
1166,Natalia,Romero,Talguia,1,Afirmativo,20631,Boletín N° 11092-07,2023-05-08 19:10:13,91,43,1,0,1,Quórum Simple,1,Aprobado,1,Proyecto de Ley,11092-07,Particular,"Artículo 30, contenido en el numeral 12) del artículo primero del proyecto, en los términos sugeridos por la Comisión de Constitución. 
",Segundo Trámite,Primer Informe,1985-06-29,0,Femenino,10,2026-03-10 23:59:59,,True,IND,Independientes,IND
1167,Jaime,Sáez,Quiroz,1,Afirmativo,20631,Boletín N° 11092-07,2023-05-08 19:10:13,91,43,1,0,1,Quórum Simple,1,Aprobado,1,Proyecto de Ley,11092-07,Particular,"Artículo 30, contenido en el numeral 12) del artículo primero del proyecto, en los términos sugeridos por la Comisión de Constitución. 
",Segundo Trámite,Primer Informe,1985-12-09,1,Masculino,10,2026-03-10 23:59:59,,True,RD,Revolución Democrática,RD
1168,Jorge,Saffirio,Espinoza,1,Afirmativo,20631,Boletín N° 11092-07,2023-05-08 19:10:13,91,43,1,0,1,Quórum Simple,1,Aprobado,1,Proyecto de Ley,11092-07,Particular,"Artículo 30, contenido en el numeral 12) del artículo primero del proyecto, en los términos sugeridos por la Comisión de Constitución. 
",Segundo Trámite,Primer Informe,1953-06-09,1,Masculino,10,2026-03-10 23:59:59,,True,IND,Independientes,IND
1169,Clara,Sagardía,Cabezas,1,Afirmativo,20631,Boletín N° 11092-07,2023-05-08 19:10:13,91,43,1,0,1,Quórum Simple,1,Aprobado,1,Proyecto de Ley,11092-07,Particular,"Artículo 30, contenido en el numeral 12) del artículo primero del proyecto, en los términos sugeridos por la Comisión de Constitución. 
",Segundo Trámite,Primer Informe,1952-08-13,0,Femenino,10,2026-03-10 23:59:59,,True,IND,Independientes,IND
1170,Luis,Sánchez,Ossa,0,En Contra,20631,Boletín N° 11092-07,2023-05-08 19:10:13,91,43,1,0,1,Quórum Simple,1,Aprobado,1,Proyecto de Ley,11092-07,Particular,"Artículo 30, contenido en el numeral 12) del artículo primero del proyecto, en los términos sugeridos por la Comisión de Constitución. 
",Segundo Trámite,Primer Informe,1988-10-04,1,Masculino,10,2026-03-10 23:59:59,,True,PREP,Partido Republicano,PREP
1171,Emilia,Schneider,Videla,1,Afirmativo,20631,Boletín N° 11092-07,2023-05-08 19:10:13,91,43,1,0,1,Quórum Simple,1,Aprobado,1,Proyecto de Ley,11092-07,Particular,"Artículo 30, contenido en el numeral 12) del artículo primero del proyecto, en los términos sugeridos por la Comisión de Constitución. 
",Segundo Trámite,Primer Informe,1996-10-23,0,Femenino,10,2026-03-10 23:59:59,,True,PCS,Partido Convergencia Social,PCS
1172,Stephan,Schubert,Rubio,0,En Contra,20631,Boletín N° 11092-07,2023-05-08 19:10:13,91,43,1,0,1,Quórum Simple,1,Aprobado,1,Proyecto de Ley,11092-07,Particular,"Artículo 30, contenido en el numeral 12) del artículo primero del proyecto, en los términos sugeridos por la Comisión de Constitución. 
",Segundo Trámite,Primer Informe,1977-12-19,1,Masculino,10,2026-03-10 23:59:59,,True,IND,Independientes,IND
1173,Daniela,Serrano,Salazar,1,Afirmativo,20631,Boletín N° 11092-07,2023-05-08 19:10:13,91,43,1,0,1,Quórum Simple,1,Aprobado,1,Proyecto de Ley,11092-07,Particular,"Artículo 30, contenido en el numeral 12) del artículo primero del proyecto, en los términos sugeridos por la Comisión de Constitución. 
",Segundo Trámite,Primer Informe,1995-03-17,0,Femenino,10,2026-03-10 23:59:59,,True,PC,Partido Comunista,PC
1174,Marco Antonio,Sulantay,Olivares,0,En Contra,20631,Boletín N° 11092-07,2023-05-08 19:10:13,91,43,1,0,1,Quórum Simple,1,Aprobado,1,Proyecto de Ley,11092-07,Particular,"Artículo 30, contenido en el numeral 12) del artículo primero del proyecto, en los términos sugeridos por la Comisión de Constitución. 
",Segundo Trámite,Primer Informe,1973-03-31,1,Masculino,10,2026-03-10 23:59:59,,True,UDI,Unión Demócrata Independiente,UDI
1175,Cristián,Tapia,Ramos,1,Afirmativo,20631,Boletín N° 11092-07,2023-05-08 19:10:13,91,43,1,0,1,Quórum Simple,1,Aprobado,1,Proyecto de Ley,11092-07,Particular,"Artículo 30, contenido en el numeral 12) del artículo primero del proyecto, en los términos sugeridos por la Comisión de Constitución. 
",Segundo Trámite,Primer Informe,1968-07-14,1,Masculino,10,2026-03-10 23:59:59,,True,IND,Independientes,IND
1176,Hotuiti,Teao,Drago,0,En Contra,20631,Boletín N° 11092-07,2023-05-08 19:10:13,91,43,1,0,1,Quórum Simple,1,Aprobado,1,Proyecto de Ley,11092-07,Particular,"Artículo 30, contenido en el numeral 12) del artículo primero del proyecto, en los términos sugeridos por la Comisión de Constitución. 
",Segundo Trámite,Primer Informe,1977-08-01,1,Masculino,10,2026-03-10 23:59:59,,True,IND,Independientes,IND
1177,Carolina,Tello,Rojas,1,Afirmativo,20631,Boletín N° 11092-07,2023-05-08 19:10:13,91,43,1,0,1,Quórum Simple,1,Aprobado,1,Proyecto de Ley,11092-07,Particular,"Artículo 30, contenido en el numeral 12) del artículo primero del proyecto, en los términos sugeridos por la Comisión de Constitución. 
",Segundo Trámite,Primer Informe,1985-10-01,0,Femenino,10,2026-03-10 23:59:59,,True,PC,Partido Comunista,PC
1178,Héctor,Ulloa,Aguilera,1,Afirmativo,20631,Boletín N° 11092-07,2023-05-08 19:10:13,91,43,1,0,1,Quórum Simple,1,Aprobado,1,Proyecto de Ley,11092-07,Particular,"Artículo 30, contenido en el numeral 12) del artículo primero del proyecto, en los términos sugeridos por la Comisión de Constitución. 
",Segundo Trámite,Primer Informe,1969-08-06,1,Masculino,10,2026-03-10 23:59:59,,True,IND,Independientes,IND
1179,Alberto,Undurraga,Vicuña,1,Afirmativo,20631,Boletín N° 11092-07,2023-05-08 19:10:13,91,43,1,0,1,Quórum Simple,1,Aprobado,1,Proyecto de Ley,11092-07,Particular,"Artículo 30, contenido en el numeral 12) del artículo primero del proyecto, en los términos sugeridos por la Comisión de Constitución. 
",Segundo Trámite,Primer Informe,1969-06-17,1,Masculino,10,2026-03-10 23:59:59,,True,DC,Partido Demócrata Cristiano,DC
1180,Consuelo,Veloso,Ávila,1,Afirmativo,20631,Boletín N° 11092-07,2023-05-08 19:10:13,91,43,1,0,1,Quórum Simple,1,Aprobado,1,Proyecto de Ley,11092-07,Particular,"Artículo 30, contenido en el numeral 12) del artículo primero del proyecto, en los términos sugeridos por la Comisión de Constitución. 
",Segundo Trámite,Primer Informe,1994-02-11,0,Femenino,10,2026-03-10 23:59:59,,True,RD,Revolución Democrática,RD
1182,Sebastián,Videla,Castillo,1,Afirmativo,20631,Boletín N° 11092-07,2023-05-08 19:10:13,91,43,1,0,1,Quórum Simple,1,Aprobado,1,Proyecto de Ley,11092-07,Particular,"Artículo 30, contenido en el numeral 12) del artículo primero del proyecto, en los términos sugeridos por la Comisión de Constitución. 
",Segundo Trámite,Primer Informe,1986-04-29,1,Masculino,10,2026-03-10 23:59:59,,True,IND,Independientes,IND
1183,Flor,Weisse,Novoa,0,En Contra,20631,Boletín N° 11092-07,2023-05-08 19:10:13,91,43,1,0,1,Quórum Simple,1,Aprobado,1,Proyecto de Ley,11092-07,Particular,"Artículo 30, contenido en el numeral 12) del artículo primero del proyecto, en los términos sugeridos por la Comisión de Constitución. 
",Segundo Trámite,Primer Informe,1960-03-27,0,Femenino,10,2026-03-10 23:59:59,,True,UDI,Unión Demócrata Independiente,UDI
74,Jaime,Naranjo,Ortiz,1,Afirmativo,20631,Boletín N° 11092-07,2023-05-08 19:10:13,91,43,1,0,1,Quórum Simple,1,Aprobado,1,Proyecto de Ley,11092-07,Particular,"Artículo 30, contenido en el numeral 12) del artículo primero del proyecto, en los términos sugeridos por la Comisión de Constitución. 
",Segundo Trámite,Primer Informe,1951-01-12,1,Masculino,10,2026-03-10 23:59:59,,True,PS,Partido Socialista,PS
803,René,Alinco,Bustos,1,Afirmativo,20631,Boletín N° 11092-07,2023-05-08 19:10:13,91,43,1,0,1,Quórum Simple,1,Aprobado,1,Proyecto de Ley,11092-07,Particular,"Artículo 30, contenido en el numeral 12) del artículo primero del proyecto, en los términos sugeridos por la Comisión de Constitución. 
",Segundo Trámite,Primer Informe,1958-06-02,1,Masculino,10,2026-03-10 23:59:59,,True,IND,Independientes,IND
815,Sergio,Bobadilla,Muñoz,0,En Contra,20631,Boletín N° 11092-07,2023-05-08 19:10:13,91,43,1,0,1,Quórum Simple,1,Aprobado,1,Proyecto de Ley,11092-07,Particular,"Artículo 30, contenido en el numeral 12) del artículo primero del proyecto, en los términos sugeridos por la Comisión de Constitución. 
",Segundo Trámite,Primer Informe,1958-03-25,1,Masculino,10,2026-03-10 23:59:59,,True,UDI,Unión Demócrata Independiente,UDI
917,Gastón,Von Mühlenbrock,Zamora,0,En Contra,20631,Boletín N° 11092-07,2023-05-08 19:10:13,91,43,1,0,1,Quórum Simple,1,Aprobado,1,Proyecto de Ley,11092-07,Particular,"Artículo 30, contenido en el numeral 12) del artículo primero del proyecto, en los términos sugeridos por la Comisión de Constitución. 
",Segundo Trámite,Primer Informe,1954-12-26,1,Masculino,10,2026-03-10 23:59:59,,True,UDI,Unión Demócrata Independiente,UDI
948,Gaspar,Rivas,Sánchez,1,Afirmativo,20631,Boletín N° 11092-07,2023-05-08 19:10:13,91,43,1,0,1,Quórum Simple,1,Aprobado,1,Proyecto de Ley,11092-07,Particular,"Artículo 30, contenido en el numeral 12) del artículo primero del proyecto, en los términos sugeridos por la Comisión de Constitución. 
",Segundo Trámite,Primer Informe,1978-05-17,1,Masculino,10,2026-03-10 23:59:59,,True,PDG,Partido de la Gente,PDG
953,Frank,Sauerbaum,Muñoz,1,Afirmativo,20631,Boletín N° 11092-07,2023-05-08 19:10:13,91,43,1,0,1,Quórum Simple,1,Aprobado,1,Proyecto de Ley,11092-07,Particular,"Artículo 30, contenido en el numeral 12) del artículo primero del proyecto, en los términos sugeridos por la Comisión de Constitución. 
",Segundo Trámite,Primer Informe,1972-11-21,1,Masculino,10,2026-03-10 23:59:59,,True,RN,Renovación Nacional,RN
971,Bernardo,Berger,Fett,1,Afirmativo,20631,Boletín N° 11092-07,2023-05-08 19:10:13,91,43,1,0,1,Quórum Simple,1,Aprobado,1,Proyecto de Ley,11092-07,Particular,"Artículo 30, contenido en el numeral 12) del artículo primero del proyecto, en los términos sugeridos por la Comisión de Constitución. 
",Segundo Trámite,Primer Informe,1946-10-04,1,Masculino,10,2026-03-10 23:59:59,,True,IND,Independientes,IND
973,Karol,Cariola,Oliva,1,Afirmativo,20631,Boletín N° 11092-07,2023-05-08 19:10:13,91,43,1,0,1,Quórum Simple,1,Aprobado,1,Proyecto de Ley,11092-07,Particular,"Artículo 30, contenido en el numeral 12) del artículo primero del proyecto, en los términos sugeridos por la Comisión de Constitución. 
",Segundo Trámite,Primer Informe,1987-04-01,0,Femenino,10,2026-03-10 23:59:59,,True,PC,Partido Comunista,PC
975,Daniella,Cicardini,Milla,1,Afirmativo,20631,Boletín N° 11092-07,2023-05-08 19:10:13,91,43,1,0,1,Quórum Simple,1,Aprobado,1,Proyecto de Ley,11092-07,Particular,"Artículo 30, contenido en el numeral 12) del artículo primero del proyecto, en los términos sugeridos por la Comisión de Constitución. 
",Segundo Trámite,Primer Informe,1987-12-31,0,Femenino,10,2026-03-10 23:59:59,,True,PS,Partido Socialista,PS
976,Juan Antonio,Coloma,Álamos,0,En Contra,20631,Boletín N° 11092-07,2023-05-08 19:10:13,91,43,1,0,1,Quórum Simple,1,Aprobado,1,Proyecto de Ley,11092-07,Particular,"Artículo 30, contenido en el numeral 12) del artículo primero del proyecto, en los términos sugeridos por la Comisión de Constitución. 
",Segundo Trámite,Primer Informe,1980-03-14,1,Masculino,10,2026-03-10 23:59:59,,True,UDI,Unión Demócrata Independiente,UDI
990,Daniel,Melo,Contreras,1,Afirmativo,20631,Boletín N° 11092-07,2023-05-08 19:10:13,91,43,1,0,1,Quórum Simple,1,Aprobado,1,Proyecto de Ley,11092-07,Particular,"Artículo 30, contenido en el numeral 12) del artículo primero del proyecto, en los términos sugeridos por la Comisión de Constitución. 
",Segundo Trámite,Primer Informe,1979-02-18,1,Masculino,10,2026-03-10 23:59:59,,True,PS,Partido Socialista,PS
991,Vlado,Mirosevic,Verdugo,1,Afirmativo,20631,Boletín N° 11092-07,2023-05-08 19:10:13,91,43,1,0,1,Quórum Simple,1,Aprobado,1,Proyecto de Ley,11092-07,Particular,"Artículo 30, contenido en el numeral 12) del artículo primero del proyecto, en los términos sugeridos por la Comisión de Constitución. 
",Segundo Trámite,Primer Informe,1987-05-23,1,Masculino,10,2026-03-10 23:59:59,,True,PL,Partido Liberal de Chile,PL
999,Jorge,Rathgeb,Schifferli,1,Afirmativo,20631,Boletín N° 11092-07,2023-05-08 19:10:13,91,43,1,0,1,Quórum Simple,1,Aprobado,1,Proyecto de Ley,11092-07,Particular,"Artículo 30, contenido en el numeral 12) del artículo primero del proyecto, en los términos sugeridos por la Comisión de Constitución. 
",Segundo Trámite,Primer Informe,1967-12-28,1,Masculino,10,2026-03-10 23:59:59,,True,RN,Renovación Nacional,RN
1002,Leonardo,Soto,Ferrada,1,Afirmativo,20632,Boletín N° 11092-07,2023-05-08 19:11:06,93,42,0,0,1,Quórum Simple,1,Aprobado,1,Proyecto de Ley,11092-07,Particular,"Artículo 30 bis, contenido en el numeral 12) del artículo primero del proyecto, en los términos sugeridos por la Comisión de Constitución. 
",Segundo Trámite,Primer Informe,1966-05-15,1,Masculino,10,2026-03-10 23:59:59,,True,PS,Partido Socialista,PS
1003,Renzo,Trisotti,Martínez,0,En Contra,20632,Boletín N° 11092-07,2023-05-08 19:11:06,93,42,0,0,1,Quórum Simple,1,Aprobado,1,Proyecto de Ley,11092-07,Particular,"Artículo 30 bis, contenido en el numeral 12) del artículo primero del proyecto, en los términos sugeridos por la Comisión de Constitución. 
",Segundo Trámite,Primer Informe,1976-03-15,1,Masculino,10,2026-03-10 23:59:59,,True,UDI,Unión Demócrata Independiente,UDI
1009,Jorge,Alessandri,Vergara,0,En Contra,20632,Boletín N° 11092-07,2023-05-08 19:11:06,93,42,0,0,1,Quórum Simple,1,Aprobado,1,Proyecto de Ley,11092-07,Particular,"Artículo 30 bis, contenido en el numeral 12) del artículo primero del proyecto, en los términos sugeridos por la Comisión de Constitución. 
",Segundo Trámite,Primer Informe,1979-06-08,1,Masculino,10,2026-03-10 23:59:59,,True,UDI,Unión Demócrata Independiente,UDI
1012,Boris,Barrera,Moreno,1,Afirmativo,20632,Boletín N° 11092-07,2023-05-08 19:11:06,93,42,0,0,1,Quórum Simple,1,Aprobado,1,Proyecto de Ley,11092-07,Particular,"Artículo 30 bis, contenido en el numeral 12) del artículo primero del proyecto, en los términos sugeridos por la Comisión de Constitución. 
",Segundo Trámite,Primer Informe,1970-05-03,1,Masculino,10,2026-03-10 23:59:59,,True,PC,Partido Comunista,PC
1013,Alejandro,Bernales,Maldonado,1,Afirmativo,20632,Boletín N° 11092-07,2023-05-08 19:11:06,93,42,0,0,1,Quórum Simple,1,Aprobado,1,Proyecto de Ley,11092-07,Particular,"Artículo 30 bis, contenido en el numeral 12) del artículo primero del proyecto, en los términos sugeridos por la Comisión de Constitución. 
",Segundo Trámite,Primer Informe,1979-02-02,1,Masculino,10,2026-03-10 23:59:59,,True,PL,Partido Liberal de Chile,PL
1016,Miguel Ángel,Calisto,Águila,1,Afirmativo,20632,Boletín N° 11092-07,2023-05-08 19:11:06,93,42,0,0,1,Quórum Simple,1,Aprobado,1,Proyecto de Ley,11092-07,Particular,"Artículo 30 bis, contenido en el numeral 12) del artículo primero del proyecto, en los términos sugeridos por la Comisión de Constitución. 
",Segundo Trámite,Primer Informe,1985-07-19,1,Masculino,10,2026-03-10 23:59:59,,True,IND,Independientes,IND
1017,Álvaro,Carter,Fernández,0,En Contra,20632,Boletín N° 11092-07,2023-05-08 19:11:06,93,42,0,0,1,Quórum Simple,1,Aprobado,1,Proyecto de Ley,11092-07,Particular,"Artículo 30 bis, contenido en el numeral 12) del artículo primero del proyecto, en los términos sugeridos por la Comisión de Constitución. 
",Segundo Trámite,Primer Informe,1980-10-09,1,Masculino,10,2026-03-10 23:59:59,,True,UDI,Unión Demócrata Independiente,UDI
1019,José Miguel,Castro,Bascuñán,1,Afirmativo,20632,Boletín N° 11092-07,2023-05-08 19:11:06,93,42,0,0,1,Quórum Simple,1,Aprobado,1,Proyecto de Ley,11092-07,Particular,"Artículo 30 bis, contenido en el numeral 12) del artículo primero del proyecto, en los términos sugeridos por la Comisión de Constitución. 
",Segundo Trámite,Primer Informe,1974-08-05,1,Masculino,10,2026-03-10 23:59:59,,True,RN,Renovación Nacional,RN
1021,Andrés,Celis,Montt,1,Afirmativo,20632,Boletín N° 11092-07,2023-05-08 19:11:06,93,42,0,0,1,Quórum Simple,1,Aprobado,1,Proyecto de Ley,11092-07,Particular,"Artículo 30 bis, contenido en el numeral 12) del artículo primero del proyecto, en los términos sugeridos por la Comisión de Constitución. 
",Segundo Trámite,Primer Informe,1975-04-08,1,Masculino,10,2026-03-10 23:59:59,,True,RN,Renovación Nacional,RN
1022,Sofía,Cid,Versalovic,0,En Contra,20632,Boletín N° 11092-07,2023-05-08 19:11:06,93,42,0,0,1,Quórum Simple,1,Aprobado,1,Proyecto de Ley,11092-07,Particular,"Artículo 30 bis, contenido en el numeral 12) del artículo primero del proyecto, en los términos sugeridos por la Comisión de Constitución. 
",Segundo Trámite,Primer Informe,1971-09-29,0,Femenino,10,2026-03-10 23:59:59,,True,RN,Renovación Nacional,RN
1025,Catalina,Del Real,Mihovilovic,0,En Contra,20632,Boletín N° 11092-07,2023-05-08 19:11:06,93,42,0,0,1,Quórum Simple,1,Aprobado,1,Proyecto de Ley,11092-07,Particular,"Artículo 30 bis, contenido en el numeral 12) del artículo primero del proyecto, en los términos sugeridos por la Comisión de Constitución. 
",Segundo Trámite,Primer Informe,1968-11-07,0,Femenino,10,2026-03-10 23:59:59,,True,RN,Renovación Nacional,RN
1028,Eduardo,Durán,Salinas,0,En Contra,20632,Boletín N° 11092-07,2023-05-08 19:11:06,93,42,0,0,1,Quórum Simple,1,Aprobado,1,Proyecto de Ley,11092-07,Particular,"Artículo 30 bis, contenido en el numeral 12) del artículo primero del proyecto, en los términos sugeridos por la Comisión de Constitución. 
",Segundo Trámite,Primer Informe,1972-01-01,1,Masculino,10,2026-03-10 23:59:59,,True,RN,Renovación Nacional,RN
1030,Camila,Flores,Oporto,0,En Contra,20632,Boletín N° 11092-07,2023-05-08 19:11:06,93,42,0,0,1,Quórum Simple,1,Aprobado,1,Proyecto de Ley,11092-07,Particular,"Artículo 30 bis, contenido en el numeral 12) del artículo primero del proyecto, en los términos sugeridos por la Comisión de Constitución. 
",Segundo Trámite,Primer Informe,1987-02-09,0,Femenino,10,2026-03-10 23:59:59,,True,RN,Renovación Nacional,RN
1034,Félix,González,Gatica,1,Afirmativo,20632,Boletín N° 11092-07,2023-05-08 19:11:06,93,42,0,0,1,Quórum Simple,1,Aprobado,1,Proyecto de Ley,11092-07,Particular,"Artículo 30 bis, contenido en el numeral 12) del artículo primero del proyecto, en los términos sugeridos por la Comisión de Constitución. 
",Segundo Trámite,Primer Informe,1972-05-26,1,Masculino,10,2026-03-10 23:59:59,,True,PEV,Partido Ecologista Verde,PEV
1035,Carmen,Hertz,Cádiz,1,Afirmativo,20632,Boletín N° 11092-07,2023-05-08 19:11:06,93,42,0,0,1,Quórum Simple,1,Aprobado,1,Proyecto de Ley,11092-07,Particular,"Artículo 30 bis, contenido en el numeral 12) del artículo primero del proyecto, en los términos sugeridos por la Comisión de Constitución. 
",Segundo Trámite,Primer Informe,1945-06-19,0,Femenino,10,2026-03-10 23:59:59,,True,PC,Partido Comunista,PC
1036,Tomás,Hirsch,Goldschmidt,1,Afirmativo,20632,Boletín N° 11092-07,2023-05-08 19:11:06,93,42,0,0,1,Quórum Simple,1,Aprobado,1,Proyecto de Ley,11092-07,Particular,"Artículo 30 bis, contenido en el numeral 12) del artículo primero del proyecto, en los términos sugeridos por la Comisión de Constitución. 
",Segundo Trámite,Primer Informe,1956-07-19,1,Masculino,10,2026-03-10 23:59:59,,True,PAH,Partido Acción Humanista,PAH
1037,Diego,Ibáñez,Cotroneo,1,Afirmativo,20632,Boletín N° 11092-07,2023-05-08 19:11:06,93,42,0,0,1,Quórum Simple,1,Aprobado,1,Proyecto de Ley,11092-07,Particular,"Artículo 30 bis, contenido en el numeral 12) del artículo primero del proyecto, en los términos sugeridos por la Comisión de Constitución. 
",Segundo Trámite,Primer Informe,1989-01-25,1,Masculino,10,2026-03-10 23:59:59,,True,PCS,Partido Convergencia Social,PCS
1038,Marcos,Ilabaca,Cerda,1,Afirmativo,20632,Boletín N° 11092-07,2023-05-08 19:11:06,93,42,0,0,1,Quórum Simple,1,Aprobado,1,Proyecto de Ley,11092-07,Particular,"Artículo 30 bis, contenido en el numeral 12) del artículo primero del proyecto, en los términos sugeridos por la Comisión de Constitución. 
",Segundo Trámite,Primer Informe,1970-10-05,1,Masculino,10,2026-03-10 23:59:59,,True,PS,Partido Socialista,PS
1040,Harry,Jürgensen,Rundshagen,0,En Contra,20632,Boletín N° 11092-07,2023-05-08 19:11:06,93,42,0,0,1,Quórum Simple,1,Aprobado,1,Proyecto de Ley,11092-07,Particular,"Artículo 30 bis, contenido en el numeral 12) del artículo primero del proyecto, en los términos sugeridos por la Comisión de Constitución. 
",Segundo Trámite,Primer Informe,1968-09-03,1,Masculino,10,2026-03-10 23:59:59,,True,IND,Independientes,IND
1044,Raúl,Leiva,Carvajal,1,Afirmativo,20632,Boletín N° 11092-07,2023-05-08 19:11:06,93,42,0,0,1,Quórum Simple,1,Aprobado,1,Proyecto de Ley,11092-07,Particular,"Artículo 30 bis, contenido en el numeral 12) del artículo primero del proyecto, en los términos sugeridos por la Comisión de Constitución. 
",Segundo Trámite,Primer Informe,1974-03-24,1,Masculino,10,2026-03-10 23:59:59,,True,PS,Partido Socialista,PS
1046,Andrés,Longton,Herrera,1,Afirmativo,20632,Boletín N° 11092-07,2023-05-08 19:11:06,93,42,0,0,1,Quórum Simple,1,Aprobado,1,Proyecto de Ley,11092-07,Particular,"Artículo 30 bis, contenido en el numeral 12) del artículo primero del proyecto, en los términos sugeridos por la Comisión de Constitución. 
",Segundo Trámite,Primer Informe,1982-05-26,1,Masculino,10,2026-03-10 23:59:59,,True,RN,Renovación Nacional,RN
1048,Carolina,Marzán,Pinto,1,Afirmativo,20632,Boletín N° 11092-07,2023-05-08 19:11:06,93,42,0,0,1,Quórum Simple,1,Aprobado,1,Proyecto de Ley,11092-07,Particular,"Artículo 30 bis, contenido en el numeral 12) del artículo primero del proyecto, en los términos sugeridos por la Comisión de Constitución. 
",Segundo Trámite,Primer Informe,1963-12-22,0,Femenino,10,2026-03-10 23:59:59,,True,PPD,Partido Por la Democracia,PPD
1049,Cosme,Mellado,Pino,1,Afirmativo,20632,Boletín N° 11092-07,2023-05-08 19:11:06,93,42,0,0,1,Quórum Simple,1,Aprobado,1,Proyecto de Ley,11092-07,Particular,"Artículo 30 bis, contenido en el numeral 12) del artículo primero del proyecto, en los términos sugeridos por la Comisión de Constitución. 
",Segundo Trámite,Primer Informe,1960-02-24,1,Masculino,10,2026-03-10 23:59:59,,True,PR,Partido Radical de Chile,PR
1050,Miguel,Mellado,Suazo,1,Afirmativo,20632,Boletín N° 11092-07,2023-05-08 19:11:06,93,42,0,0,1,Quórum Simple,1,Aprobado,1,Proyecto de Ley,11092-07,Particular,"Artículo 30 bis, contenido en el numeral 12) del artículo primero del proyecto, en los términos sugeridos por la Comisión de Constitución. 
",Segundo Trámite,Primer Informe,1958-12-29,1,Masculino,10,2026-03-10 23:59:59,,True,RN,Renovación Nacional,RN
1054,Francesca,Muñoz,González,1,Afirmativo,20632,Boletín N° 11092-07,2023-05-08 19:11:06,93,42,0,0,1,Quórum Simple,1,Aprobado,1,Proyecto de Ley,11092-07,Particular,"Artículo 30 bis, contenido en el numeral 12) del artículo primero del proyecto, en los términos sugeridos por la Comisión de Constitución. 
",Segundo Trámite,Primer Informe,1980-03-07,0,Femenino,10,2026-03-10 23:59:59,,True,IND,Independientes,IND
1056,Emilia,Nuyado,Ancapichun,1,Afirmativo,20632,Boletín N° 11092-07,2023-05-08 19:11:06,93,42,0,0,1,Quórum Simple,1,Aprobado,1,Proyecto de Ley,11092-07,Particular,"Artículo 30 bis, contenido en el numeral 12) del artículo primero del proyecto, en los términos sugeridos por la Comisión de Constitución. 
",Segundo Trámite,Primer Informe,1968-08-17,0,Femenino,10,2026-03-10 23:59:59,,True,PS,Partido Socialista,PS
1057,Erika,Olivera,De La Fuente,1,Afirmativo,20632,Boletín N° 11092-07,2023-05-08 19:11:06,93,42,0,0,1,Quórum Simple,1,Aprobado,1,Proyecto de Ley,11092-07,Particular,"Artículo 30 bis, contenido en el numeral 12) del artículo primero del proyecto, en los términos sugeridos por la Comisión de Constitución. 
",Segundo Trámite,Primer Informe,1976-01-04,0,Femenino,10,2026-03-10 23:59:59,,True,IND,Independientes,IND
1058,Maite,Orsini,Pascal,1,Afirmativo,20632,Boletín N° 11092-07,2023-05-08 19:11:06,93,42,0,0,1,Quórum Simple,1,Aprobado,1,Proyecto de Ley,11092-07,Particular,"Artículo 30 bis, contenido en el numeral 12) del artículo primero del proyecto, en los términos sugeridos por la Comisión de Constitución. 
",Segundo Trámite,Primer Informe,1988-02-23,0,Femenino,10,2026-03-10 23:59:59,,True,RD,Revolución Democrática,RD
1059,Ximena,Ossandón,Irarrázabal,1,Afirmativo,20632,Boletín N° 11092-07,2023-05-08 19:11:06,93,42,0,0,1,Quórum Simple,1,Aprobado,1,Proyecto de Ley,11092-07,Particular,"Artículo 30 bis, contenido en el numeral 12) del artículo primero del proyecto, en los términos sugeridos por la Comisión de Constitución. 
",Segundo Trámite,Primer Informe,1963-12-13,0,Femenino,10,2026-03-10 23:59:59,,True,RN,Renovación Nacional,RN
1062,Joanna,Pérez,Olea,1,Afirmativo,20632,Boletín N° 11092-07,2023-05-08 19:11:06,93,42,0,0,1,Quórum Simple,1,Aprobado,1,Proyecto de Ley,11092-07,Particular,"Artículo 30 bis, contenido en el numeral 12) del artículo primero del proyecto, en los términos sugeridos por la Comisión de Constitución. 
",Segundo Trámite,Primer Informe,1976-04-01,0,Femenino,10,2026-03-10 23:59:59,,True,IND,Independientes,IND
1065,Guillermo,Ramírez,Diez,0,En Contra,20632,Boletín N° 11092-07,2023-05-08 19:11:06,93,42,0,0,1,Quórum Simple,1,Aprobado,1,Proyecto de Ley,11092-07,Particular,"Artículo 30 bis, contenido en el numeral 12) del artículo primero del proyecto, en los términos sugeridos por la Comisión de Constitución. 
",Segundo Trámite,Primer Informe,1979-04-16,1,Masculino,10,2026-03-10 23:59:59,,True,UDI,Unión Demócrata Independiente,UDI
1067,Hugo,Rey,Martínez,1,Afirmativo,20632,Boletín N° 11092-07,2023-05-08 19:11:06,93,42,0,0,1,Quórum Simple,1,Aprobado,1,Proyecto de Ley,11092-07,Particular,"Artículo 30 bis, contenido en el numeral 12) del artículo primero del proyecto, en los términos sugeridos por la Comisión de Constitución. 
",Segundo Trámite,Primer Informe,1973-12-06,1,Masculino,10,2026-03-10 23:59:59,,True,RN,Renovación Nacional,RN
1068,Camila,Rojas,Valderrama,1,Afirmativo,20632,Boletín N° 11092-07,2023-05-08 19:11:06,93,42,0,0,1,Quórum Simple,1,Aprobado,1,Proyecto de Ley,11092-07,Particular,"Artículo 30 bis, contenido en el numeral 12) del artículo primero del proyecto, en los términos sugeridos por la Comisión de Constitución. 
",Segundo Trámite,Primer Informe,1991-03-11,0,Femenino,10,2026-03-10 23:59:59,,True,COMUNES,Partido Comunes,COMUNES
1073,Juan,Santana,Castillo,1,Afirmativo,20632,Boletín N° 11092-07,2023-05-08 19:11:06,93,42,0,0,1,Quórum Simple,1,Aprobado,1,Proyecto de Ley,11092-07,Particular,"Artículo 30 bis, contenido en el numeral 12) del artículo primero del proyecto, en los términos sugeridos por la Comisión de Constitución. 
",Segundo Trámite,Primer Informe,1989-09-20,1,Masculino,10,2026-03-10 23:59:59,,True,PS,Partido Socialista,PS
1076,Alexis,Sepúlveda,Soto,1,Afirmativo,20632,Boletín N° 11092-07,2023-05-08 19:11:06,93,42,0,0,1,Quórum Simple,1,Aprobado,1,Proyecto de Ley,11092-07,Particular,"Artículo 30 bis, contenido en el numeral 12) del artículo primero del proyecto, en los términos sugeridos por la Comisión de Constitución. 
",Segundo Trámite,Primer Informe,1969-12-29,1,Masculino,10,2026-03-10 23:59:59,,True,PR,Partido Radical de Chile,PR
1077,Raúl,Soto,Mardones,1,Afirmativo,20632,Boletín N° 11092-07,2023-05-08 19:11:06,93,42,0,0,1,Quórum Simple,1,Aprobado,1,Proyecto de Ley,11092-07,Particular,"Artículo 30 bis, contenido en el numeral 12) del artículo primero del proyecto, en los términos sugeridos por la Comisión de Constitución. 
",Segundo Trámite,Primer Informe,1987-11-20,1,Masculino,10,2026-03-10 23:59:59,,True,PPD,Partido Por la Democracia,PPD
1081,Francisco,Undurraga,Gazitúa,1,Afirmativo,20632,Boletín N° 11092-07,2023-05-08 19:11:06,93,42,0,0,1,Quórum Simple,1,Aprobado,1,Proyecto de Ley,11092-07,Particular,"Artículo 30 bis, contenido en el numeral 12) del artículo primero del proyecto, en los términos sugeridos por la Comisión de Constitución. 
",Segundo Trámite,Primer Informe,1965-09-29,1,Masculino,10,2026-03-10 23:59:59,,True,EVOP,Evolución Política,EVOP
1082,Cristóbal,Urruticoechea,Ríos,0,En Contra,20632,Boletín N° 11092-07,2023-05-08 19:11:06,93,42,0,0,1,Quórum Simple,1,Aprobado,1,Proyecto de Ley,11092-07,Particular,"Artículo 30 bis, contenido en el numeral 12) del artículo primero del proyecto, en los términos sugeridos por la Comisión de Constitución. 
",Segundo Trámite,Primer Informe,1975-11-21,1,Masculino,10,2026-03-10 23:59:59,,True,PREP,Partido Republicano,PREP
1086,Gonzalo,Winter,Etcheberry,1,Afirmativo,20632,Boletín N° 11092-07,2023-05-08 19:11:06,93,42,0,0,1,Quórum Simple,1,Aprobado,1,Proyecto de Ley,11092-07,Particular,"Artículo 30 bis, contenido en el numeral 12) del artículo primero del proyecto, en los términos sugeridos por la Comisión de Constitución. 
",Segundo Trámite,Primer Informe,1987-01-06,1,Masculino,10,2026-03-10 23:59:59,,True,PCS,Partido Convergencia Social,PCS
1087,Gael,Yeomans,Araya,1,Afirmativo,20632,Boletín N° 11092-07,2023-05-08 19:11:06,93,42,0,0,1,Quórum Simple,1,Aprobado,1,Proyecto de Ley,11092-07,Particular,"Artículo 30 bis, contenido en el numeral 12) del artículo primero del proyecto, en los términos sugeridos por la Comisión de Constitución. 
",Segundo Trámite,Primer Informe,1988-12-04,0,Femenino,10,2026-03-10 23:59:59,,True,PCS,Partido Convergencia Social,PCS
1094,Cristian,Labbé,Martínez,0,En Contra,20632,Boletín N° 11092-07,2023-05-08 19:11:06,93,42,0,0,1,Quórum Simple,1,Aprobado,1,Proyecto de Ley,11092-07,Particular,"Artículo 30 bis, contenido en el numeral 12) del artículo primero del proyecto, en los términos sugeridos por la Comisión de Constitución. 
",Segundo Trámite,Primer Informe,1980-03-06,1,Masculino,10,2026-03-10 23:59:59,,True,UDI,Unión Demócrata Independiente,UDI
1096,María Candelaria,Acevedo,Sáez,1,Afirmativo,20632,Boletín N° 11092-07,2023-05-08 19:11:06,93,42,0,0,1,Quórum Simple,1,Aprobado,1,Proyecto de Ley,11092-07,Particular,"Artículo 30 bis, contenido en el numeral 12) del artículo primero del proyecto, en los términos sugeridos por la Comisión de Constitución. 
",Segundo Trámite,Primer Informe,1958-09-12,0,Femenino,10,2026-03-10 23:59:59,,True,PC,Partido Comunista,PC
1097,Eric,Aedo,Jeldres,1,Afirmativo,20632,Boletín N° 11092-07,2023-05-08 19:11:06,93,42,0,0,1,Quórum Simple,1,Aprobado,1,Proyecto de Ley,11092-07,Particular,"Artículo 30 bis, contenido en el numeral 12) del artículo primero del proyecto, en los términos sugeridos por la Comisión de Constitución. 
",Segundo Trámite,Primer Informe,1968-07-13,1,Masculino,10,2026-03-10 23:59:59,,True,DC,Partido Demócrata Cristiano,DC
1098,Yovana,Ahumada,Palma,0,En Contra,20632,Boletín N° 11092-07,2023-05-08 19:11:06,93,42,0,0,1,Quórum Simple,1,Aprobado,1,Proyecto de Ley,11092-07,Particular,"Artículo 30 bis, contenido en el numeral 12) del artículo primero del proyecto, en los términos sugeridos por la Comisión de Constitución. 
",Segundo Trámite,Primer Informe,1973-02-24,0,Femenino,10,2026-03-10 23:59:59,,True,IND,Independientes,IND
1099,Jaime,Araya,Guerrero,1,Afirmativo,20632,Boletín N° 11092-07,2023-05-08 19:11:06,93,42,0,0,1,Quórum Simple,1,Aprobado,1,Proyecto de Ley,11092-07,Particular,"Artículo 30 bis, contenido en el numeral 12) del artículo primero del proyecto, en los términos sugeridos por la Comisión de Constitución. 
",Segundo Trámite,Primer Informe,1976-02-04,1,Masculino,10,2026-03-10 23:59:59,,True,IND,Independientes,IND
1100,Cristián,Araya,Lerdo de Tejada,0,En Contra,20632,Boletín N° 11092-07,2023-05-08 19:11:06,93,42,0,0,1,Quórum Simple,1,Aprobado,1,Proyecto de Ley,11092-07,Particular,"Artículo 30 bis, contenido en el numeral 12) del artículo primero del proyecto, en los términos sugeridos por la Comisión de Constitución. 
",Segundo Trámite,Primer Informe,1988-09-30,1,Masculino,10,2026-03-10 23:59:59,,True,PREP,Partido Republicano,PREP
1101,Mónica,Arce,Castro,1,Afirmativo,20632,Boletín N° 11092-07,2023-05-08 19:11:06,93,42,0,0,1,Quórum Simple,1,Aprobado,1,Proyecto de Ley,11092-07,Particular,"Artículo 30 bis, contenido en el numeral 12) del artículo primero del proyecto, en los términos sugeridos por la Comisión de Constitución. 
",Segundo Trámite,Primer Informe,1976-03-02,0,Femenino,10,2026-03-10 23:59:59,,True,IND,Independientes,IND
1102,Roberto,Arroyo,Muñoz,0,En Contra,20632,Boletín N° 11092-07,2023-05-08 19:11:06,93,42,0,0,1,Quórum Simple,1,Aprobado,1,Proyecto de Ley,11092-07,Particular,"Artículo 30 bis, contenido en el numeral 12) del artículo primero del proyecto, en los términos sugeridos por la Comisión de Constitución. 
",Segundo Trámite,Primer Informe,1963-11-29,1,Masculino,10,2026-03-10 23:59:59,,True,PDG,Partido de la Gente,PDG
1103,Danisa,Astudillo,Peiretti,1,Afirmativo,20632,Boletín N° 11092-07,2023-05-08 19:11:06,93,42,0,0,1,Quórum Simple,1,Aprobado,1,Proyecto de Ley,11092-07,Particular,"Artículo 30 bis, contenido en el numeral 12) del artículo primero del proyecto, en los términos sugeridos por la Comisión de Constitución. 
",Segundo Trámite,Primer Informe,1975-05-03,0,Femenino,10,2026-03-10 23:59:59,,True,PS,Partido Socialista,PS
1104,Chiara,Barchiesi,Chávez,0,En Contra,20632,Boletín N° 11092-07,2023-05-08 19:11:06,93,42,0,0,1,Quórum Simple,1,Aprobado,1,Proyecto de Ley,11092-07,Particular,"Artículo 30 bis, contenido en el numeral 12) del artículo primero del proyecto, en los términos sugeridos por la Comisión de Constitución. 
",Segundo Trámite,Primer Informe,1996-12-22,0,Femenino,10,2026-03-10 23:59:59,,True,PREP,Partido Republicano,PREP
1105,Héctor,Barría,Angulo,1,Afirmativo,20632,Boletín N° 11092-07,2023-05-08 19:11:06,93,42,0,0,1,Quórum Simple,1,Aprobado,1,Proyecto de Ley,11092-07,Particular,"Artículo 30 bis, contenido en el numeral 12) del artículo primero del proyecto, en los términos sugeridos por la Comisión de Constitución. 
",Segundo Trámite,Primer Informe,1980-04-24,1,Masculino,10,2026-03-10 23:59:59,,True,DC,Partido Demócrata Cristiano,DC
1106,Miguel Ángel,Becker,Alvear,1,Afirmativo,20632,Boletín N° 11092-07,2023-05-08 19:11:06,93,42,0,0,1,Quórum Simple,1,Aprobado,1,Proyecto de Ley,11092-07,Particular,"Artículo 30 bis, contenido en el numeral 12) del artículo primero del proyecto, en los términos sugeridos por la Comisión de Constitución. 
",Segundo Trámite,Primer Informe,1960-10-07,1,Masculino,10,2026-03-10 23:59:59,,True,RN,Renovación Nacional,RN
1107,María Francisca,Bello,Campos,1,Afirmativo,20632,Boletín N° 11092-07,2023-05-08 19:11:06,93,42,0,0,1,Quórum Simple,1,Aprobado,1,Proyecto de Ley,11092-07,Particular,"Artículo 30 bis, contenido en el numeral 12) del artículo primero del proyecto, en los términos sugeridos por la Comisión de Constitución. 
",Segundo Trámite,Primer Informe,1987-09-17,0,Femenino,10,2026-03-10 23:59:59,,True,PCS,Partido Convergencia Social,PCS
1108,Juan Carlos,Beltrán,Silva,1,Afirmativo,20632,Boletín N° 11092-07,2023-05-08 19:11:06,93,42,0,0,1,Quórum Simple,1,Aprobado,1,Proyecto de Ley,11092-07,Particular,"Artículo 30 bis, contenido en el numeral 12) del artículo primero del proyecto, en los términos sugeridos por la Comisión de Constitución. 
",Segundo Trámite,Primer Informe,1962-12-19,1,Masculino,10,2026-03-10 23:59:59,,True,RN,Renovación Nacional,RN
1109,Gustavo,Benavente,Vergara,0,En Contra,20632,Boletín N° 11092-07,2023-05-08 19:11:06,93,42,0,0,1,Quórum Simple,1,Aprobado,1,Proyecto de Ley,11092-07,Particular,"Artículo 30 bis, contenido en el numeral 12) del artículo primero del proyecto, en los términos sugeridos por la Comisión de Constitución. 
",Segundo Trámite,Primer Informe,1966-08-13,1,Masculino,10,2026-03-10 23:59:59,,True,UDI,Unión Demócrata Independiente,UDI
1110,Carlos,Bianchi,Chelech,1,Afirmativo,20632,Boletín N° 11092-07,2023-05-08 19:11:06,93,42,0,0,1,Quórum Simple,1,Aprobado,1,Proyecto de Ley,11092-07,Particular,"Artículo 30 bis, contenido en el numeral 12) del artículo primero del proyecto, en los términos sugeridos por la Comisión de Constitución. 
",Segundo Trámite,Primer Informe,1960-11-04,1,Masculino,10,2026-03-10 23:59:59,,True,IND,Independientes,IND
1111,Fernando,Bórquez,Montecinos,0,En Contra,20632,Boletín N° 11092-07,2023-05-08 19:11:06,93,42,0,0,1,Quórum Simple,1,Aprobado,1,Proyecto de Ley,11092-07,Particular,"Artículo 30 bis, contenido en el numeral 12) del artículo primero del proyecto, en los términos sugeridos por la Comisión de Constitución. 
",Segundo Trámite,Primer Informe,1968-06-06,1,Masculino,10,2026-03-10 23:59:59,,True,UDI,Unión Demócrata Independiente,UDI
1112,Ana María,Bravo,Castro,1,Afirmativo,20632,Boletín N° 11092-07,2023-05-08 19:11:06,93,42,0,0,1,Quórum Simple,1,Aprobado,1,Proyecto de Ley,11092-07,Particular,"Artículo 30 bis, contenido en el numeral 12) del artículo primero del proyecto, en los términos sugeridos por la Comisión de Constitución. 
",Segundo Trámite,Primer Informe,1973-12-03,0,Femenino,10,2026-03-10 23:59:59,,True,PS,Partido Socialista,PS
1113,Marta,Bravo,Salinas,0,En Contra,20632,Boletín N° 11092-07,2023-05-08 19:11:06,93,42,0,0,1,Quórum Simple,1,Aprobado,1,Proyecto de Ley,11092-07,Particular,"Artículo 30 bis, contenido en el numeral 12) del artículo primero del proyecto, en los términos sugeridos por la Comisión de Constitución. 
",Segundo Trámite,Primer Informe,1976-02-25,0,Femenino,10,2026-03-10 23:59:59,,True,UDI,Unión Demócrata Independiente,UDI
1114,Félix,Bugueño,Sotelo,1,Afirmativo,20632,Boletín N° 11092-07,2023-05-08 19:11:06,93,42,0,0,1,Quórum Simple,1,Aprobado,1,Proyecto de Ley,11092-07,Particular,"Artículo 30 bis, contenido en el numeral 12) del artículo primero del proyecto, en los términos sugeridos por la Comisión de Constitución. 
",Segundo Trámite,Primer Informe,1973-05-18,1,Masculino,10,2026-03-10 23:59:59,,True,FRVS,Federación Regionalista Verde Social,FRVS
1115,Mercedes,Bulnes,Núñez,1,Afirmativo,20632,Boletín N° 11092-07,2023-05-08 19:11:06,93,42,0,0,1,Quórum Simple,1,Aprobado,1,Proyecto de Ley,11092-07,Particular,"Artículo 30 bis, contenido en el numeral 12) del artículo primero del proyecto, en los términos sugeridos por la Comisión de Constitución. 
",Segundo Trámite,Primer Informe,1950-06-06,0,Femenino,10,2024-11-22 00:00:00,,True,IND,Independientes,IND
1116,Felipe,Camaño,Cárdenas,1,Afirmativo,20632,Boletín N° 11092-07,2023-05-08 19:11:06,93,42,0,0,1,Quórum Simple,1,Aprobado,1,Proyecto de Ley,11092-07,Particular,"Artículo 30 bis, contenido en el numeral 12) del artículo primero del proyecto, en los términos sugeridos por la Comisión de Constitución. 
",Segundo Trámite,Primer Informe,1991-08-21,1,Masculino,10,2026-03-10 23:59:59,,True,IND,Independientes,IND
1117,Nathalie,Castillo,Rojas,1,Afirmativo,20632,Boletín N° 11092-07,2023-05-08 19:11:06,93,42,0,0,1,Quórum Simple,1,Aprobado,1,Proyecto de Ley,11092-07,Particular,"Artículo 30 bis, contenido en el numeral 12) del artículo primero del proyecto, en los términos sugeridos por la Comisión de Constitución. 
",Segundo Trámite,Primer Informe,1983-07-02,0,Femenino,10,2026-03-10 23:59:59,,True,PC,Partido Comunista,PC
1118,Ricardo,Cifuentes,Lillo,1,Afirmativo,20632,Boletín N° 11092-07,2023-05-08 19:11:06,93,42,0,0,1,Quórum Simple,1,Aprobado,1,Proyecto de Ley,11092-07,Particular,"Artículo 30 bis, contenido en el numeral 12) del artículo primero del proyecto, en los términos sugeridos por la Comisión de Constitución. 
",Segundo Trámite,Primer Informe,1962-09-12,1,Masculino,10,2026-03-10 23:59:59,,True,DC,Partido Demócrata Cristiano,DC
1119,Sara,Concha,Smith,1,Afirmativo,20632,Boletín N° 11092-07,2023-05-08 19:11:06,93,42,0,0,1,Quórum Simple,1,Aprobado,1,Proyecto de Ley,11092-07,Particular,"Artículo 30 bis, contenido en el numeral 12) del artículo primero del proyecto, en los términos sugeridos por la Comisión de Constitución. 
",Segundo Trámite,Primer Informe,1995-09-09,0,Femenino,10,2026-03-10 23:59:59,,True,PSC,Partido Social Cristiano,PSC
1120,María Luisa,Cordero,Velásquez,1,Afirmativo,20632,Boletín N° 11092-07,2023-05-08 19:11:06,93,42,0,0,1,Quórum Simple,1,Aprobado,1,Proyecto de Ley,11092-07,Particular,"Artículo 30 bis, contenido en el numeral 12) del artículo primero del proyecto, en los términos sugeridos por la Comisión de Constitución. 
",Segundo Trámite,Primer Informe,1943-01-23,0,Femenino,10,2026-03-10 23:59:59,,True,IND,Independientes,IND
1121,Eduardo,Cornejo,Lagos,0,En Contra,20632,Boletín N° 11092-07,2023-05-08 19:11:06,93,42,0,0,1,Quórum Simple,1,Aprobado,1,Proyecto de Ley,11092-07,Particular,"Artículo 30 bis, contenido en el numeral 12) del artículo primero del proyecto, en los términos sugeridos por la Comisión de Constitución. 
",Segundo Trámite,Primer Informe,1972-01-12,1,Masculino,10,2026-03-10 23:59:59,,True,UDI,Unión Demócrata Independiente,UDI
1122,Luis Alberto,Cuello,Peña y Lillo,1,Afirmativo,20632,Boletín N° 11092-07,2023-05-08 19:11:06,93,42,0,0,1,Quórum Simple,1,Aprobado,1,Proyecto de Ley,11092-07,Particular,"Artículo 30 bis, contenido en el numeral 12) del artículo primero del proyecto, en los términos sugeridos por la Comisión de Constitución. 
",Segundo Trámite,Primer Informe,1977-01-24,1,Masculino,10,2026-03-10 23:59:59,,True,PC,Partido Comunista,PC
1123,Gonzalo,De la Carrera,Correa,0,En Contra,20632,Boletín N° 11092-07,2023-05-08 19:11:06,93,42,0,0,1,Quórum Simple,1,Aprobado,1,Proyecto de Ley,11092-07,Particular,"Artículo 30 bis, contenido en el numeral 12) del artículo primero del proyecto, en los términos sugeridos por la Comisión de Constitución. 
",Segundo Trámite,Primer Informe,1962-01-13,1,Masculino,10,2026-03-10 23:59:59,,True,IND,Independientes,IND
1124,Tomás,De Rementería,Venegas,1,Afirmativo,20632,Boletín N° 11092-07,2023-05-08 19:11:06,93,42,0,0,1,Quórum Simple,1,Aprobado,1,Proyecto de Ley,11092-07,Particular,"Artículo 30 bis, contenido en el numeral 12) del artículo primero del proyecto, en los términos sugeridos por la Comisión de Constitución. 
",Segundo Trámite,Primer Informe,1987-03-17,1,Masculino,10,2025-05-05 23:59:59,,True,PS,Partido Socialista,PS
1125,Viviana,Delgado,Riquelme,1,Afirmativo,20632,Boletín N° 11092-07,2023-05-08 19:11:06,93,42,0,0,1,Quórum Simple,1,Aprobado,1,Proyecto de Ley,11092-07,Particular,"Artículo 30 bis, contenido en el numeral 12) del artículo primero del proyecto, en los términos sugeridos por la Comisión de Constitución. 
",Segundo Trámite,Primer Informe,1973-09-04,0,Femenino,10,2026-03-10 23:59:59,,True,IND,Independientes,IND
1126,Felipe,Donoso,Castro,0,En Contra,20632,Boletín N° 11092-07,2023-05-08 19:11:06,93,42,0,0,1,Quórum Simple,1,Aprobado,1,Proyecto de Ley,11092-07,Particular,"Artículo 30 bis, contenido en el numeral 12) del artículo primero del proyecto, en los términos sugeridos por la Comisión de Constitución. 
",Segundo Trámite,Primer Informe,1982-12-12,1,Masculino,10,2026-03-10 23:59:59,,True,UDI,Unión Demócrata Independiente,UDI
1127,Lorena,Fries,Monleón,1,Afirmativo,20632,Boletín N° 11092-07,2023-05-08 19:11:06,93,42,0,0,1,Quórum Simple,1,Aprobado,1,Proyecto de Ley,11092-07,Particular,"Artículo 30 bis, contenido en el numeral 12) del artículo primero del proyecto, en los términos sugeridos por la Comisión de Constitución. 
",Segundo Trámite,Primer Informe,1960-04-01,0,Femenino,10,2026-03-10 23:59:59,,True,PCS,Partido Convergencia Social,PCS
1128,Ana María,Gazmuri,Vieira,1,Afirmativo,20632,Boletín N° 11092-07,2023-05-08 19:11:06,93,42,0,0,1,Quórum Simple,1,Aprobado,1,Proyecto de Ley,11092-07,Particular,"Artículo 30 bis, contenido en el numeral 12) del artículo primero del proyecto, en los términos sugeridos por la Comisión de Constitución. 
",Segundo Trámite,Primer Informe,1966-01-22,0,Femenino,10,2026-03-10 23:59:59,,True,PAH,Partido Acción Humanista,PAH
1129,Andrés,Giordano,Salazar,1,Afirmativo,20632,Boletín N° 11092-07,2023-05-08 19:11:06,93,42,0,0,1,Quórum Simple,1,Aprobado,1,Proyecto de Ley,11092-07,Particular,"Artículo 30 bis, contenido en el numeral 12) del artículo primero del proyecto, en los términos sugeridos por la Comisión de Constitución. 
",Segundo Trámite,Primer Informe,1986-12-29,1,Masculino,10,2026-03-10 23:59:59,,True,IND,Independientes,IND
1131,Mauro,González,Villarroel,0,En Contra,20632,Boletín N° 11092-07,2023-05-08 19:11:06,93,42,0,0,1,Quórum Simple,1,Aprobado,1,Proyecto de Ley,11092-07,Particular,"Artículo 30 bis, contenido en el numeral 12) del artículo primero del proyecto, en los términos sugeridos por la Comisión de Constitución. 
",Segundo Trámite,Primer Informe,1985-05-25,1,Masculino,10,2026-03-10 23:59:59,,True,RN,Renovación Nacional,RN
1132,Jorge,Guzmán,Zepeda,1,Afirmativo,20632,Boletín N° 11092-07,2023-05-08 19:11:06,93,42,0,0,1,Quórum Simple,1,Aprobado,1,Proyecto de Ley,11092-07,Particular,"Artículo 30 bis, contenido en el numeral 12) del artículo primero del proyecto, en los términos sugeridos por la Comisión de Constitución. 
",Segundo Trámite,Primer Informe,1985-06-11,1,Masculino,10,2026-03-10 23:59:59,,True,EVOP,Evolución Política,EVOP
1133,Juan,Irarrázaval,Rossel,0,En Contra,20632,Boletín N° 11092-07,2023-05-08 19:11:06,93,42,0,0,1,Quórum Simple,1,Aprobado,1,Proyecto de Ley,11092-07,Particular,"Artículo 30 bis, contenido en el numeral 12) del artículo primero del proyecto, en los términos sugeridos por la Comisión de Constitución. 
",Segundo Trámite,Primer Informe,1983-06-23,1,Masculino,10,2026-03-10 23:59:59,,True,PREP,Partido Republicano,PREP
1135,Johannes,Kaiser,Barents-Von Hohenhagen,0,En Contra,20632,Boletín N° 11092-07,2023-05-08 19:11:06,93,42,0,0,1,Quórum Simple,1,Aprobado,1,Proyecto de Ley,11092-07,Particular,"Artículo 30 bis, contenido en el numeral 12) del artículo primero del proyecto, en los términos sugeridos por la Comisión de Constitución. 
",Segundo Trámite,Primer Informe,1976-01-05,1,Masculino,10,2026-03-10 23:59:59,,True,PREP,Partido Republicano,PREP
1136,Paula,Labra,Besserer,1,Afirmativo,20632,Boletín N° 11092-07,2023-05-08 19:11:06,93,42,0,0,1,Quórum Simple,1,Aprobado,1,Proyecto de Ley,11092-07,Particular,"Artículo 30 bis, contenido en el numeral 12) del artículo primero del proyecto, en los términos sugeridos por la Comisión de Constitución. 
",Segundo Trámite,Primer Informe,1987-05-04,0,Femenino,10,2026-03-10 23:59:59,,True,IND,Independientes,IND
1137,Tomás,Lagomarsino,Guzmán,1,Afirmativo,20632,Boletín N° 11092-07,2023-05-08 19:11:06,93,42,0,0,1,Quórum Simple,1,Aprobado,1,Proyecto de Ley,11092-07,Particular,"Artículo 30 bis, contenido en el numeral 12) del artículo primero del proyecto, en los términos sugeridos por la Comisión de Constitución. 
",Segundo Trámite,Primer Informe,1990-07-13,1,Masculino,10,2026-03-10 23:59:59,,True,IND,Independientes,IND
1138,Henry,Leal,Bizama,0,En Contra,20632,Boletín N° 11092-07,2023-05-08 19:11:06,93,42,0,0,1,Quórum Simple,1,Aprobado,1,Proyecto de Ley,11092-07,Particular,"Artículo 30 bis, contenido en el numeral 12) del artículo primero del proyecto, en los términos sugeridos por la Comisión de Constitución. 
",Segundo Trámite,Primer Informe,1972-09-16,1,Masculino,10,2026-03-10 23:59:59,,True,UDI,Unión Demócrata Independiente,UDI
1139,Enrique,Lee,Flores,0,En Contra,20632,Boletín N° 11092-07,2023-05-08 19:11:06,93,42,0,0,1,Quórum Simple,1,Aprobado,1,Proyecto de Ley,11092-07,Particular,"Artículo 30 bis, contenido en el numeral 12) del artículo primero del proyecto, en los términos sugeridos por la Comisión de Constitución. 
",Segundo Trámite,Primer Informe,1967-12-16,1,Masculino,10,2026-03-10 23:59:59,,True,PRI,Partido Regionalista Independiente,PRI
1140,Daniel,Lilayu,Vivanco,0,En Contra,20632,Boletín N° 11092-07,2023-05-08 19:11:06,93,42,0,0,1,Quórum Simple,1,Aprobado,1,Proyecto de Ley,11092-07,Particular,"Artículo 30 bis, contenido en el numeral 12) del artículo primero del proyecto, en los términos sugeridos por la Comisión de Constitución. 
",Segundo Trámite,Primer Informe,1949-03-02,1,Masculino,10,2026-03-10 23:59:59,,True,UDI,Unión Demócrata Independiente,UDI
1142,Daniel,Manouchehri,Lobos,1,Afirmativo,20632,Boletín N° 11092-07,2023-05-08 19:11:06,93,42,0,0,1,Quórum Simple,1,Aprobado,1,Proyecto de Ley,11092-07,Particular,"Artículo 30 bis, contenido en el numeral 12) del artículo primero del proyecto, en los términos sugeridos por la Comisión de Constitución. 
",Segundo Trámite,Primer Informe,1984-05-25,1,Masculino,10,2026-03-10 23:59:59,,True,PS,Partido Socialista,PS
1143,Cristóbal,Martínez,Ramírez,0,En Contra,20632,Boletín N° 11092-07,2023-05-08 19:11:06,93,42,0,0,1,Quórum Simple,1,Aprobado,1,Proyecto de Ley,11092-07,Particular,"Artículo 30 bis, contenido en el numeral 12) del artículo primero del proyecto, en los términos sugeridos por la Comisión de Constitución. 
",Segundo Trámite,Primer Informe,1984-04-30,1,Masculino,10,2026-03-10 23:59:59,,True,UDI,Unión Demócrata Independiente,UDI
1144,Christian,Matheson,Villán,0,En Contra,20632,Boletín N° 11092-07,2023-05-08 19:11:06,93,42,0,0,1,Quórum Simple,1,Aprobado,1,Proyecto de Ley,11092-07,Particular,"Artículo 30 bis, contenido en el numeral 12) del artículo primero del proyecto, en los términos sugeridos por la Comisión de Constitución. 
",Segundo Trámite,Primer Informe,1957-12-17,1,Masculino,10,2026-03-10 23:59:59,,True,IND,Independientes,IND
1146,José Carlos,Meza,Pereira,0,En Contra,20632,Boletín N° 11092-07,2023-05-08 19:11:06,93,42,0,0,1,Quórum Simple,1,Aprobado,1,Proyecto de Ley,11092-07,Particular,"Artículo 30 bis, contenido en el numeral 12) del artículo primero del proyecto, en los términos sugeridos por la Comisión de Constitución. 
",Segundo Trámite,Primer Informe,1989-03-07,1,Masculino,10,2026-03-10 23:59:59,,True,PREP,Partido Republicano,PREP
1147,Helia,Molina,Milman,1,Afirmativo,20632,Boletín N° 11092-07,2023-05-08 19:11:06,93,42,0,0,1,Quórum Simple,1,Aprobado,1,Proyecto de Ley,11092-07,Particular,"Artículo 30 bis, contenido en el numeral 12) del artículo primero del proyecto, en los términos sugeridos por la Comisión de Constitución. 
",Segundo Trámite,Primer Informe,1947-04-02,0,Femenino,10,2026-03-10 23:59:59,,True,PPD,Partido Por la Democracia,PPD
1148,Javiera,Morales,Alvarado,1,Afirmativo,20632,Boletín N° 11092-07,2023-05-08 19:11:06,93,42,0,0,1,Quórum Simple,1,Aprobado,1,Proyecto de Ley,11092-07,Particular,"Artículo 30 bis, contenido en el numeral 12) del artículo primero del proyecto, en los términos sugeridos por la Comisión de Constitución. 
",Segundo Trámite,Primer Informe,1983-11-16,0,Femenino,10,2026-03-10 23:59:59,,True,PCS,Partido Convergencia Social,PCS
1149,Carla,Morales,Maldonado,1,Afirmativo,20632,Boletín N° 11092-07,2023-05-08 19:11:06,93,42,0,0,1,Quórum Simple,1,Aprobado,1,Proyecto de Ley,11092-07,Particular,"Artículo 30 bis, contenido en el numeral 12) del artículo primero del proyecto, en los términos sugeridos por la Comisión de Constitución. 
",Segundo Trámite,Primer Informe,1977-10-27,0,Femenino,10,2026-03-10 23:59:59,,True,RN,Renovación Nacional,RN
1150,Benjamín,Moreno,Bascur,0,En Contra,20632,Boletín N° 11092-07,2023-05-08 19:11:06,93,42,0,0,1,Quórum Simple,1,Aprobado,1,Proyecto de Ley,11092-07,Particular,"Artículo 30 bis, contenido en el numeral 12) del artículo primero del proyecto, en los términos sugeridos por la Comisión de Constitución. 
",Segundo Trámite,Primer Informe,1993-04-02,1,Masculino,10,2026-03-10 23:59:59,,True,PREP,Partido Republicano,PREP
1151,Camila,Musante,Müller,1,Afirmativo,20632,Boletín N° 11092-07,2023-05-08 19:11:06,93,42,0,0,1,Quórum Simple,1,Aprobado,1,Proyecto de Ley,11092-07,Particular,"Artículo 30 bis, contenido en el numeral 12) del artículo primero del proyecto, en los términos sugeridos por la Comisión de Constitución. 
",Segundo Trámite,Primer Informe,1990-02-06,0,Femenino,10,2026-03-10 23:59:59,,True,IND,Independientes,IND
1153,Coca Ericka,Ñanco,Vásquez,1,Afirmativo,20632,Boletín N° 11092-07,2023-05-08 19:11:06,93,42,0,0,1,Quórum Simple,1,Aprobado,1,Proyecto de Ley,11092-07,Particular,"Artículo 30 bis, contenido en el numeral 12) del artículo primero del proyecto, en los términos sugeridos por la Comisión de Constitución. 
",Segundo Trámite,Primer Informe,1992-03-20,0,Femenino,10,2026-03-10 23:59:59,,True,RD,Revolución Democrática,RD
1154,Mauricio,Ojeda,Rebolledo,0,En Contra,20632,Boletín N° 11092-07,2023-05-08 19:11:06,93,42,0,0,1,Quórum Simple,1,Aprobado,1,Proyecto de Ley,11092-07,Particular,"Artículo 30 bis, contenido en el numeral 12) del artículo primero del proyecto, en los términos sugeridos por la Comisión de Constitución. 
",Segundo Trámite,Primer Informe,1982-01-19,1,Masculino,10,2026-03-10 23:59:59,,True,IND,Independientes,IND
1155,Rubén Darío,Oyarzo,Figueroa,1,Afirmativo,20632,Boletín N° 11092-07,2023-05-08 19:11:06,93,42,0,0,1,Quórum Simple,1,Aprobado,1,Proyecto de Ley,11092-07,Particular,"Artículo 30 bis, contenido en el numeral 12) del artículo primero del proyecto, en los términos sugeridos por la Comisión de Constitución. 
",Segundo Trámite,Primer Informe,1980-12-13,1,Masculino,10,2026-03-10 23:59:59,,True,PDG,Partido de la Gente,PDG
1156,Hernán,Palma,Pérez,1,Afirmativo,20632,Boletín N° 11092-07,2023-05-08 19:11:06,93,42,0,0,1,Quórum Simple,1,Aprobado,1,Proyecto de Ley,11092-07,Particular,"Artículo 30 bis, contenido en el numeral 12) del artículo primero del proyecto, en los términos sugeridos por la Comisión de Constitución. 
",Segundo Trámite,Primer Informe,1958-11-03,1,Masculino,10,2026-03-10 23:59:59,,True,IND,Independientes,IND
1158,Víctor Alejandro,Pino,Fuentes,0,En Contra,20632,Boletín N° 11092-07,2023-05-08 19:11:06,93,42,0,0,1,Quórum Simple,1,Aprobado,1,Proyecto de Ley,11092-07,Particular,"Artículo 30 bis, contenido en el numeral 12) del artículo primero del proyecto, en los términos sugeridos por la Comisión de Constitución. 
",Segundo Trámite,Primer Informe,1974-12-08,1,Masculino,10,2026-03-10 23:59:59,,True,IND,Independientes,IND
1159,Lorena,Pizarro,Sierra,1,Afirmativo,20632,Boletín N° 11092-07,2023-05-08 19:11:06,93,42,0,0,1,Quórum Simple,1,Aprobado,1,Proyecto de Ley,11092-07,Particular,"Artículo 30 bis, contenido en el numeral 12) del artículo primero del proyecto, en los términos sugeridos por la Comisión de Constitución. 
",Segundo Trámite,Primer Informe,1966-02-14,0,Femenino,10,2026-03-10 23:59:59,,True,PC,Partido Comunista,PC
1160,Alejandra,Placencia,Cabello,1,Afirmativo,20632,Boletín N° 11092-07,2023-05-08 19:11:06,93,42,0,0,1,Quórum Simple,1,Aprobado,1,Proyecto de Ley,11092-07,Particular,"Artículo 30 bis, contenido en el numeral 12) del artículo primero del proyecto, en los términos sugeridos por la Comisión de Constitución. 
",Segundo Trámite,Primer Informe,1978-02-14,0,Femenino,10,2026-03-10 23:59:59,,True,PC,Partido Comunista,PC
1161,Francisco,Pulgar,Castillo,1,Afirmativo,20632,Boletín N° 11092-07,2023-05-08 19:11:06,93,42,0,0,1,Quórum Simple,1,Aprobado,1,Proyecto de Ley,11092-07,Particular,"Artículo 30 bis, contenido en el numeral 12) del artículo primero del proyecto, en los términos sugeridos por la Comisión de Constitución. 
",Segundo Trámite,Primer Informe,1971-05-27,1,Masculino,10,2026-03-10 23:59:59,,True,IND,Independientes,IND
1162,Matías,Ramírez,Pascal,1,Afirmativo,20632,Boletín N° 11092-07,2023-05-08 19:11:06,93,42,0,0,1,Quórum Simple,1,Aprobado,1,Proyecto de Ley,11092-07,Particular,"Artículo 30 bis, contenido en el numeral 12) del artículo primero del proyecto, en los términos sugeridos por la Comisión de Constitución. 
",Segundo Trámite,Primer Informe,1984-11-14,1,Masculino,10,2026-03-10 23:59:59,,True,PC,Partido Comunista,PC
1163,Marcia,Raphael,Mora,1,Afirmativo,20632,Boletín N° 11092-07,2023-05-08 19:11:06,93,42,0,0,1,Quórum Simple,1,Aprobado,1,Proyecto de Ley,11092-07,Particular,"Artículo 30 bis, contenido en el numeral 12) del artículo primero del proyecto, en los términos sugeridos por la Comisión de Constitución. 
",Segundo Trámite,Primer Informe,1963-12-06,0,Femenino,10,2026-03-10 23:59:59,,True,RN,Renovación Nacional,RN
1164,Marcela,Riquelme,Aliaga,1,Afirmativo,20632,Boletín N° 11092-07,2023-05-08 19:11:06,93,42,0,0,1,Quórum Simple,1,Aprobado,1,Proyecto de Ley,11092-07,Particular,"Artículo 30 bis, contenido en el numeral 12) del artículo primero del proyecto, en los términos sugeridos por la Comisión de Constitución. 
",Segundo Trámite,Primer Informe,1973-03-04,0,Femenino,10,2026-03-10 23:59:59,,True,IND,Independientes,IND
1165,Agustín,Romero,Leiva,0,En Contra,20632,Boletín N° 11092-07,2023-05-08 19:11:06,93,42,0,0,1,Quórum Simple,1,Aprobado,1,Proyecto de Ley,11092-07,Particular,"Artículo 30 bis, contenido en el numeral 12) del artículo primero del proyecto, en los términos sugeridos por la Comisión de Constitución. 
",Segundo Trámite,Primer Informe,1975-01-03,1,Masculino,10,2026-03-10 23:59:59,,True,PREP,Partido Republicano,PREP
1166,Natalia,Romero,Talguia,1,Afirmativo,20632,Boletín N° 11092-07,2023-05-08 19:11:06,93,42,0,0,1,Quórum Simple,1,Aprobado,1,Proyecto de Ley,11092-07,Particular,"Artículo 30 bis, contenido en el numeral 12) del artículo primero del proyecto, en los términos sugeridos por la Comisión de Constitución. 
",Segundo Trámite,Primer Informe,1985-06-29,0,Femenino,10,2026-03-10 23:59:59,,True,IND,Independientes,IND
1167,Jaime,Sáez,Quiroz,1,Afirmativo,20632,Boletín N° 11092-07,2023-05-08 19:11:06,93,42,0,0,1,Quórum Simple,1,Aprobado,1,Proyecto de Ley,11092-07,Particular,"Artículo 30 bis, contenido en el numeral 12) del artículo primero del proyecto, en los términos sugeridos por la Comisión de Constitución. 
",Segundo Trámite,Primer Informe,1985-12-09,1,Masculino,10,2026-03-10 23:59:59,,True,RD,Revolución Democrática,RD
1168,Jorge,Saffirio,Espinoza,1,Afirmativo,20632,Boletín N° 11092-07,2023-05-08 19:11:06,93,42,0,0,1,Quórum Simple,1,Aprobado,1,Proyecto de Ley,11092-07,Particular,"Artículo 30 bis, contenido en el numeral 12) del artículo primero del proyecto, en los términos sugeridos por la Comisión de Constitución. 
",Segundo Trámite,Primer Informe,1953-06-09,1,Masculino,10,2026-03-10 23:59:59,,True,IND,Independientes,IND
1169,Clara,Sagardía,Cabezas,1,Afirmativo,20632,Boletín N° 11092-07,2023-05-08 19:11:06,93,42,0,0,1,Quórum Simple,1,Aprobado,1,Proyecto de Ley,11092-07,Particular,"Artículo 30 bis, contenido en el numeral 12) del artículo primero del proyecto, en los términos sugeridos por la Comisión de Constitución. 
",Segundo Trámite,Primer Informe,1952-08-13,0,Femenino,10,2026-03-10 23:59:59,,True,IND,Independientes,IND
1170,Luis,Sánchez,Ossa,0,En Contra,20632,Boletín N° 11092-07,2023-05-08 19:11:06,93,42,0,0,1,Quórum Simple,1,Aprobado,1,Proyecto de Ley,11092-07,Particular,"Artículo 30 bis, contenido en el numeral 12) del artículo primero del proyecto, en los términos sugeridos por la Comisión de Constitución. 
",Segundo Trámite,Primer Informe,1988-10-04,1,Masculino,10,2026-03-10 23:59:59,,True,PREP,Partido Republicano,PREP
1171,Emilia,Schneider,Videla,1,Afirmativo,20632,Boletín N° 11092-07,2023-05-08 19:11:06,93,42,0,0,1,Quórum Simple,1,Aprobado,1,Proyecto de Ley,11092-07,Particular,"Artículo 30 bis, contenido en el numeral 12) del artículo primero del proyecto, en los términos sugeridos por la Comisión de Constitución. 
",Segundo Trámite,Primer Informe,1996-10-23,0,Femenino,10,2026-03-10 23:59:59,,True,PCS,Partido Convergencia Social,PCS
1172,Stephan,Schubert,Rubio,0,En Contra,20632,Boletín N° 11092-07,2023-05-08 19:11:06,93,42,0,0,1,Quórum Simple,1,Aprobado,1,Proyecto de Ley,11092-07,Particular,"Artículo 30 bis, contenido en el numeral 12) del artículo primero del proyecto, en los términos sugeridos por la Comisión de Constitución. 
",Segundo Trámite,Primer Informe,1977-12-19,1,Masculino,10,2026-03-10 23:59:59,,True,IND,Independientes,IND
1173,Daniela,Serrano,Salazar,1,Afirmativo,20632,Boletín N° 11092-07,2023-05-08 19:11:06,93,42,0,0,1,Quórum Simple,1,Aprobado,1,Proyecto de Ley,11092-07,Particular,"Artículo 30 bis, contenido en el numeral 12) del artículo primero del proyecto, en los términos sugeridos por la Comisión de Constitución. 
",Segundo Trámite,Primer Informe,1995-03-17,0,Femenino,10,2026-03-10 23:59:59,,True,PC,Partido Comunista,PC
1174,Marco Antonio,Sulantay,Olivares,0,En Contra,20632,Boletín N° 11092-07,2023-05-08 19:11:06,93,42,0,0,1,Quórum Simple,1,Aprobado,1,Proyecto de Ley,11092-07,Particular,"Artículo 30 bis, contenido en el numeral 12) del artículo primero del proyecto, en los términos sugeridos por la Comisión de Constitución. 
",Segundo Trámite,Primer Informe,1973-03-31,1,Masculino,10,2026-03-10 23:59:59,,True,UDI,Unión Demócrata Independiente,UDI
1175,Cristián,Tapia,Ramos,1,Afirmativo,20632,Boletín N° 11092-07,2023-05-08 19:11:06,93,42,0,0,1,Quórum Simple,1,Aprobado,1,Proyecto de Ley,11092-07,Particular,"Artículo 30 bis, contenido en el numeral 12) del artículo primero del proyecto, en los términos sugeridos por la Comisión de Constitución. 
",Segundo Trámite,Primer Informe,1968-07-14,1,Masculino,10,2026-03-10 23:59:59,,True,IND,Independientes,IND
1176,Hotuiti,Teao,Drago,0,En Contra,20632,Boletín N° 11092-07,2023-05-08 19:11:06,93,42,0,0,1,Quórum Simple,1,Aprobado,1,Proyecto de Ley,11092-07,Particular,"Artículo 30 bis, contenido en el numeral 12) del artículo primero del proyecto, en los términos sugeridos por la Comisión de Constitución. 
",Segundo Trámite,Primer Informe,1977-08-01,1,Masculino,10,2026-03-10 23:59:59,,True,IND,Independientes,IND
1177,Carolina,Tello,Rojas,1,Afirmativo,20632,Boletín N° 11092-07,2023-05-08 19:11:06,93,42,0,0,1,Quórum Simple,1,Aprobado,1,Proyecto de Ley,11092-07,Particular,"Artículo 30 bis, contenido en el numeral 12) del artículo primero del proyecto, en los términos sugeridos por la Comisión de Constitución. 
",Segundo Trámite,Primer Informe,1985-10-01,0,Femenino,10,2026-03-10 23:59:59,,True,PC,Partido Comunista,PC
1178,Héctor,Ulloa,Aguilera,1,Afirmativo,20632,Boletín N° 11092-07,2023-05-08 19:11:06,93,42,0,0,1,Quórum Simple,1,Aprobado,1,Proyecto de Ley,11092-07,Particular,"Artículo 30 bis, contenido en el numeral 12) del artículo primero del proyecto, en los términos sugeridos por la Comisión de Constitución. 
",Segundo Trámite,Primer Informe,1969-08-06,1,Masculino,10,2026-03-10 23:59:59,,True,IND,Independientes,IND
1179,Alberto,Undurraga,Vicuña,1,Afirmativo,20632,Boletín N° 11092-07,2023-05-08 19:11:06,93,42,0,0,1,Quórum Simple,1,Aprobado,1,Proyecto de Ley,11092-07,Particular,"Artículo 30 bis, contenido en el numeral 12) del artículo primero del proyecto, en los términos sugeridos por la Comisión de Constitución. 
",Segundo Trámite,Primer Informe,1969-06-17,1,Masculino,10,2026-03-10 23:59:59,,True,DC,Partido Demócrata Cristiano,DC
1180,Consuelo,Veloso,Ávila,1,Afirmativo,20632,Boletín N° 11092-07,2023-05-08 19:11:06,93,42,0,0,1,Quórum Simple,1,Aprobado,1,Proyecto de Ley,11092-07,Particular,"Artículo 30 bis, contenido en el numeral 12) del artículo primero del proyecto, en los términos sugeridos por la Comisión de Constitución. 
",Segundo Trámite,Primer Informe,1994-02-11,0,Femenino,10,2026-03-10 23:59:59,,True,RD,Revolución Democrática,RD
1182,Sebastián,Videla,Castillo,1,Afirmativo,20632,Boletín N° 11092-07,2023-05-08 19:11:06,93,42,0,0,1,Quórum Simple,1,Aprobado,1,Proyecto de Ley,11092-07,Particular,"Artículo 30 bis, contenido en el numeral 12) del artículo primero del proyecto, en los términos sugeridos por la Comisión de Constitución. 
",Segundo Trámite,Primer Informe,1986-04-29,1,Masculino,10,2026-03-10 23:59:59,,True,IND,Independientes,IND
1183,Flor,Weisse,Novoa,0,En Contra,20632,Boletín N° 11092-07,2023-05-08 19:11:06,93,42,0,0,1,Quórum Simple,1,Aprobado,1,Proyecto de Ley,11092-07,Particular,"Artículo 30 bis, contenido en el numeral 12) del artículo primero del proyecto, en los términos sugeridos por la Comisión de Constitución. 
",Segundo Trámite,Primer Informe,1960-03-27,0,Femenino,10,2026-03-10 23:59:59,,True,UDI,Unión Demócrata Independiente,UDI
74,Jaime,Naranjo,Ortiz,1,Afirmativo,20632,Boletín N° 11092-07,2023-05-08 19:11:06,93,42,0,0,1,Quórum Simple,1,Aprobado,1,Proyecto de Ley,11092-07,Particular,"Artículo 30 bis, contenido en el numeral 12) del artículo primero del proyecto, en los términos sugeridos por la Comisión de Constitución. 
",Segundo Trámite,Primer Informe,1951-01-12,1,Masculino,10,2026-03-10 23:59:59,,True,PS,Partido Socialista,PS
803,René,Alinco,Bustos,1,Afirmativo,20632,Boletín N° 11092-07,2023-05-08 19:11:06,93,42,0,0,1,Quórum Simple,1,Aprobado,1,Proyecto de Ley,11092-07,Particular,"Artículo 30 bis, contenido en el numeral 12) del artículo primero del proyecto, en los términos sugeridos por la Comisión de Constitución. 
",Segundo Trámite,Primer Informe,1958-06-02,1,Masculino,10,2026-03-10 23:59:59,,True,IND,Independientes,IND
815,Sergio,Bobadilla,Muñoz,0,En Contra,20632,Boletín N° 11092-07,2023-05-08 19:11:06,93,42,0,0,1,Quórum Simple,1,Aprobado,1,Proyecto de Ley,11092-07,Particular,"Artículo 30 bis, contenido en el numeral 12) del artículo primero del proyecto, en los términos sugeridos por la Comisión de Constitución. 
",Segundo Trámite,Primer Informe,1958-03-25,1,Masculino,10,2026-03-10 23:59:59,,True,UDI,Unión Demócrata Independiente,UDI
917,Gastón,Von Mühlenbrock,Zamora,0,En Contra,20632,Boletín N° 11092-07,2023-05-08 19:11:06,93,42,0,0,1,Quórum Simple,1,Aprobado,1,Proyecto de Ley,11092-07,Particular,"Artículo 30 bis, contenido en el numeral 12) del artículo primero del proyecto, en los términos sugeridos por la Comisión de Constitución. 
",Segundo Trámite,Primer Informe,1954-12-26,1,Masculino,10,2026-03-10 23:59:59,,True,UDI,Unión Demócrata Independiente,UDI
948,Gaspar,Rivas,Sánchez,1,Afirmativo,20632,Boletín N° 11092-07,2023-05-08 19:11:06,93,42,0,0,1,Quórum Simple,1,Aprobado,1,Proyecto de Ley,11092-07,Particular,"Artículo 30 bis, contenido en el numeral 12) del artículo primero del proyecto, en los términos sugeridos por la Comisión de Constitución. 
",Segundo Trámite,Primer Informe,1978-05-17,1,Masculino,10,2026-03-10 23:59:59,,True,PDG,Partido de la Gente,PDG
953,Frank,Sauerbaum,Muñoz,1,Afirmativo,20632,Boletín N° 11092-07,2023-05-08 19:11:06,93,42,0,0,1,Quórum Simple,1,Aprobado,1,Proyecto de Ley,11092-07,Particular,"Artículo 30 bis, contenido en el numeral 12) del artículo primero del proyecto, en los términos sugeridos por la Comisión de Constitución. 
",Segundo Trámite,Primer Informe,1972-11-21,1,Masculino,10,2026-03-10 23:59:59,,True,RN,Renovación Nacional,RN
971,Bernardo,Berger,Fett,1,Afirmativo,20632,Boletín N° 11092-07,2023-05-08 19:11:06,93,42,0,0,1,Quórum Simple,1,Aprobado,1,Proyecto de Ley,11092-07,Particular,"Artículo 30 bis, contenido en el numeral 12) del artículo primero del proyecto, en los términos sugeridos por la Comisión de Constitución. 
",Segundo Trámite,Primer Informe,1946-10-04,1,Masculino,10,2026-03-10 23:59:59,,True,IND,Independientes,IND
973,Karol,Cariola,Oliva,1,Afirmativo,20632,Boletín N° 11092-07,2023-05-08 19:11:06,93,42,0,0,1,Quórum Simple,1,Aprobado,1,Proyecto de Ley,11092-07,Particular,"Artículo 30 bis, contenido en el numeral 12) del artículo primero del proyecto, en los términos sugeridos por la Comisión de Constitución. 
",Segundo Trámite,Primer Informe,1987-04-01,0,Femenino,10,2026-03-10 23:59:59,,True,PC,Partido Comunista,PC
975,Daniella,Cicardini,Milla,1,Afirmativo,20632,Boletín N° 11092-07,2023-05-08 19:11:06,93,42,0,0,1,Quórum Simple,1,Aprobado,1,Proyecto de Ley,11092-07,Particular,"Artículo 30 bis, contenido en el numeral 12) del artículo primero del proyecto, en los términos sugeridos por la Comisión de Constitución. 
",Segundo Trámite,Primer Informe,1987-12-31,0,Femenino,10,2026-03-10 23:59:59,,True,PS,Partido Socialista,PS
976,Juan Antonio,Coloma,Álamos,0,En Contra,20632,Boletín N° 11092-07,2023-05-08 19:11:06,93,42,0,0,1,Quórum Simple,1,Aprobado,1,Proyecto de Ley,11092-07,Particular,"Artículo 30 bis, contenido en el numeral 12) del artículo primero del proyecto, en los términos sugeridos por la Comisión de Constitución. 
",Segundo Trámite,Primer Informe,1980-03-14,1,Masculino,10,2026-03-10 23:59:59,,True,UDI,Unión Demócrata Independiente,UDI
990,Daniel,Melo,Contreras,1,Afirmativo,20632,Boletín N° 11092-07,2023-05-08 19:11:06,93,42,0,0,1,Quórum Simple,1,Aprobado,1,Proyecto de Ley,11092-07,Particular,"Artículo 30 bis, contenido en el numeral 12) del artículo primero del proyecto, en los términos sugeridos por la Comisión de Constitución. 
",Segundo Trámite,Primer Informe,1979-02-18,1,Masculino,10,2026-03-10 23:59:59,,True,PS,Partido Socialista,PS
991,Vlado,Mirosevic,Verdugo,1,Afirmativo,20632,Boletín N° 11092-07,2023-05-08 19:11:06,93,42,0,0,1,Quórum Simple,1,Aprobado,1,Proyecto de Ley,11092-07,Particular,"Artículo 30 bis, contenido en el numeral 12) del artículo primero del proyecto, en los términos sugeridos por la Comisión de Constitución. 
",Segundo Trámite,Primer Informe,1987-05-23,1,Masculino,10,2026-03-10 23:59:59,,True,PL,Partido Liberal de Chile,PL
999,Jorge,Rathgeb,Schifferli,1,Afirmativo,20632,Boletín N° 11092-07,2023-05-08 19:11:06,93,42,0,0,1,Quórum Simple,1,Aprobado,1,Proyecto de Ley,11092-07,Particular,"Artículo 30 bis, contenido en el numeral 12) del artículo primero del proyecto, en los términos sugeridos por la Comisión de Constitución. 
",Segundo Trámite,Primer Informe,1967-12-28,1,Masculino,10,2026-03-10 23:59:59,,True,RN,Renovación Nacional,RN
1002,Leonardo,Soto,Ferrada,1,Afirmativo,20633,Boletín N° 11092-07,2023-05-08 19:11:56,94,39,2,0,1,Quórum Simple,1,Aprobado,1,Proyecto de Ley,11092-07,Particular,"Artículo 30 ter, contenido en el numeral 12) del artículo primero del proyecto, en los términos sugeridos por la Comisión de Constitución.",Segundo Trámite,Primer Informe,1966-05-15,1,Masculino,10,2026-03-10 23:59:59,,True,PS,Partido Socialista,PS
1003,Renzo,Trisotti,Martínez,0,En Contra,20633,Boletín N° 11092-07,2023-05-08 19:11:56,94,39,2,0,1,Quórum Simple,1,Aprobado,1,Proyecto de Ley,11092-07,Particular,"Artículo 30 ter, contenido en el numeral 12) del artículo primero del proyecto, en los términos sugeridos por la Comisión de Constitución.",Segundo Trámite,Primer Informe,1976-03-15,1,Masculino,10,2026-03-10 23:59:59,,True,UDI,Unión Demócrata Independiente,UDI
1009,Jorge,Alessandri,Vergara,0,En Contra,20633,Boletín N° 11092-07,2023-05-08 19:11:56,94,39,2,0,1,Quórum Simple,1,Aprobado,1,Proyecto de Ley,11092-07,Particular,"Artículo 30 ter, contenido en el numeral 12) del artículo primero del proyecto, en los términos sugeridos por la Comisión de Constitución.",Segundo Trámite,Primer Informe,1979-06-08,1,Masculino,10,2026-03-10 23:59:59,,True,UDI,Unión Demócrata Independiente,UDI
1012,Boris,Barrera,Moreno,1,Afirmativo,20633,Boletín N° 11092-07,2023-05-08 19:11:56,94,39,2,0,1,Quórum Simple,1,Aprobado,1,Proyecto de Ley,11092-07,Particular,"Artículo 30 ter, contenido en el numeral 12) del artículo primero del proyecto, en los términos sugeridos por la Comisión de Constitución.",Segundo Trámite,Primer Informe,1970-05-03,1,Masculino,10,2026-03-10 23:59:59,,True,PC,Partido Comunista,PC
1013,Alejandro,Bernales,Maldonado,1,Afirmativo,20633,Boletín N° 11092-07,2023-05-08 19:11:56,94,39,2,0,1,Quórum Simple,1,Aprobado,1,Proyecto de Ley,11092-07,Particular,"Artículo 30 ter, contenido en el numeral 12) del artículo primero del proyecto, en los términos sugeridos por la Comisión de Constitución.",Segundo Trámite,Primer Informe,1979-02-02,1,Masculino,10,2026-03-10 23:59:59,,True,PL,Partido Liberal de Chile,PL
1016,Miguel Ángel,Calisto,Águila,1,Afirmativo,20633,Boletín N° 11092-07,2023-05-08 19:11:56,94,39,2,0,1,Quórum Simple,1,Aprobado,1,Proyecto de Ley,11092-07,Particular,"Artículo 30 ter, contenido en el numeral 12) del artículo primero del proyecto, en los términos sugeridos por la Comisión de Constitución.",Segundo Trámite,Primer Informe,1985-07-19,1,Masculino,10,2026-03-10 23:59:59,,True,IND,Independientes,IND
1017,Álvaro,Carter,Fernández,0,En Contra,20633,Boletín N° 11092-07,2023-05-08 19:11:56,94,39,2,0,1,Quórum Simple,1,Aprobado,1,Proyecto de Ley,11092-07,Particular,"Artículo 30 ter, contenido en el numeral 12) del artículo primero del proyecto, en los términos sugeridos por la Comisión de Constitución.",Segundo Trámite,Primer Informe,1980-10-09,1,Masculino,10,2026-03-10 23:59:59,,True,UDI,Unión Demócrata Independiente,UDI
1019,José Miguel,Castro,Bascuñán,1,Afirmativo,20633,Boletín N° 11092-07,2023-05-08 19:11:56,94,39,2,0,1,Quórum Simple,1,Aprobado,1,Proyecto de Ley,11092-07,Particular,"Artículo 30 ter, contenido en el numeral 12) del artículo primero del proyecto, en los términos sugeridos por la Comisión de Constitución.",Segundo Trámite,Primer Informe,1974-08-05,1,Masculino,10,2026-03-10 23:59:59,,True,RN,Renovación Nacional,RN
1021,Andrés,Celis,Montt,1,Afirmativo,20633,Boletín N° 11092-07,2023-05-08 19:11:56,94,39,2,0,1,Quórum Simple,1,Aprobado,1,Proyecto de Ley,11092-07,Particular,"Artículo 30 ter, contenido en el numeral 12) del artículo primero del proyecto, en los términos sugeridos por la Comisión de Constitución.",Segundo Trámite,Primer Informe,1975-04-08,1,Masculino,10,2026-03-10 23:59:59,,True,RN,Renovación Nacional,RN
1022,Sofía,Cid,Versalovic,0,En Contra,20633,Boletín N° 11092-07,2023-05-08 19:11:56,94,39,2,0,1,Quórum Simple,1,Aprobado,1,Proyecto de Ley,11092-07,Particular,"Artículo 30 ter, contenido en el numeral 12) del artículo primero del proyecto, en los términos sugeridos por la Comisión de Constitución.",Segundo Trámite,Primer Informe,1971-09-29,0,Femenino,10,2026-03-10 23:59:59,,True,RN,Renovación Nacional,RN
1025,Catalina,Del Real,Mihovilovic,0,En Contra,20633,Boletín N° 11092-07,2023-05-08 19:11:56,94,39,2,0,1,Quórum Simple,1,Aprobado,1,Proyecto de Ley,11092-07,Particular,"Artículo 30 ter, contenido en el numeral 12) del artículo primero del proyecto, en los términos sugeridos por la Comisión de Constitución.",Segundo Trámite,Primer Informe,1968-11-07,0,Femenino,10,2026-03-10 23:59:59,,True,RN,Renovación Nacional,RN
1028,Eduardo,Durán,Salinas,2,Abstención,20633,Boletín N° 11092-07,2023-05-08 19:11:56,94,39,2,0,1,Quórum Simple,1,Aprobado,1,Proyecto de Ley,11092-07,Particular,"Artículo 30 ter, contenido en el numeral 12) del artículo primero del proyecto, en los términos sugeridos por la Comisión de Constitución.",Segundo Trámite,Primer Informe,1972-01-01,1,Masculino,10,2026-03-10 23:59:59,,True,RN,Renovación Nacional,RN
1030,Camila,Flores,Oporto,0,En Contra,20633,Boletín N° 11092-07,2023-05-08 19:11:56,94,39,2,0,1,Quórum Simple,1,Aprobado,1,Proyecto de Ley,11092-07,Particular,"Artículo 30 ter, contenido en el numeral 12) del artículo primero del proyecto, en los términos sugeridos por la Comisión de Constitución.",Segundo Trámite,Primer Informe,1987-02-09,0,Femenino,10,2026-03-10 23:59:59,,True,RN,Renovación Nacional,RN
1034,Félix,González,Gatica,1,Afirmativo,20633,Boletín N° 11092-07,2023-05-08 19:11:56,94,39,2,0,1,Quórum Simple,1,Aprobado,1,Proyecto de Ley,11092-07,Particular,"Artículo 30 ter, contenido en el numeral 12) del artículo primero del proyecto, en los términos sugeridos por la Comisión de Constitución.",Segundo Trámite,Primer Informe,1972-05-26,1,Masculino,10,2026-03-10 23:59:59,,True,PEV,Partido Ecologista Verde,PEV
1035,Carmen,Hertz,Cádiz,1,Afirmativo,20633,Boletín N° 11092-07,2023-05-08 19:11:56,94,39,2,0,1,Quórum Simple,1,Aprobado,1,Proyecto de Ley,11092-07,Particular,"Artículo 30 ter, contenido en el numeral 12) del artículo primero del proyecto, en los términos sugeridos por la Comisión de Constitución.",Segundo Trámite,Primer Informe,1945-06-19,0,Femenino,10,2026-03-10 23:59:59,,True,PC,Partido Comunista,PC
1036,Tomás,Hirsch,Goldschmidt,1,Afirmativo,20633,Boletín N° 11092-07,2023-05-08 19:11:56,94,39,2,0,1,Quórum Simple,1,Aprobado,1,Proyecto de Ley,11092-07,Particular,"Artículo 30 ter, contenido en el numeral 12) del artículo primero del proyecto, en los términos sugeridos por la Comisión de Constitución.",Segundo Trámite,Primer Informe,1956-07-19,1,Masculino,10,2026-03-10 23:59:59,,True,PAH,Partido Acción Humanista,PAH
1037,Diego,Ibáñez,Cotroneo,1,Afirmativo,20633,Boletín N° 11092-07,2023-05-08 19:11:56,94,39,2,0,1,Quórum Simple,1,Aprobado,1,Proyecto de Ley,11092-07,Particular,"Artículo 30 ter, contenido en el numeral 12) del artículo primero del proyecto, en los términos sugeridos por la Comisión de Constitución.",Segundo Trámite,Primer Informe,1989-01-25,1,Masculino,10,2026-03-10 23:59:59,,True,PCS,Partido Convergencia Social,PCS
1038,Marcos,Ilabaca,Cerda,1,Afirmativo,20633,Boletín N° 11092-07,2023-05-08 19:11:56,94,39,2,0,1,Quórum Simple,1,Aprobado,1,Proyecto de Ley,11092-07,Particular,"Artículo 30 ter, contenido en el numeral 12) del artículo primero del proyecto, en los términos sugeridos por la Comisión de Constitución.",Segundo Trámite,Primer Informe,1970-10-05,1,Masculino,10,2026-03-10 23:59:59,,True,PS,Partido Socialista,PS
1040,Harry,Jürgensen,Rundshagen,0,En Contra,20633,Boletín N° 11092-07,2023-05-08 19:11:56,94,39,2,0,1,Quórum Simple,1,Aprobado,1,Proyecto de Ley,11092-07,Particular,"Artículo 30 ter, contenido en el numeral 12) del artículo primero del proyecto, en los términos sugeridos por la Comisión de Constitución.",Segundo Trámite,Primer Informe,1968-09-03,1,Masculino,10,2026-03-10 23:59:59,,True,IND,Independientes,IND
1044,Raúl,Leiva,Carvajal,1,Afirmativo,20633,Boletín N° 11092-07,2023-05-08 19:11:56,94,39,2,0,1,Quórum Simple,1,Aprobado,1,Proyecto de Ley,11092-07,Particular,"Artículo 30 ter, contenido en el numeral 12) del artículo primero del proyecto, en los términos sugeridos por la Comisión de Constitución.",Segundo Trámite,Primer Informe,1974-03-24,1,Masculino,10,2026-03-10 23:59:59,,True,PS,Partido Socialista,PS
1046,Andrés,Longton,Herrera,1,Afirmativo,20633,Boletín N° 11092-07,2023-05-08 19:11:56,94,39,2,0,1,Quórum Simple,1,Aprobado,1,Proyecto de Ley,11092-07,Particular,"Artículo 30 ter, contenido en el numeral 12) del artículo primero del proyecto, en los términos sugeridos por la Comisión de Constitución.",Segundo Trámite,Primer Informe,1982-05-26,1,Masculino,10,2026-03-10 23:59:59,,True,RN,Renovación Nacional,RN
1048,Carolina,Marzán,Pinto,1,Afirmativo,20633,Boletín N° 11092-07,2023-05-08 19:11:56,94,39,2,0,1,Quórum Simple,1,Aprobado,1,Proyecto de Ley,11092-07,Particular,"Artículo 30 ter, contenido en el numeral 12) del artículo primero del proyecto, en los términos sugeridos por la Comisión de Constitución.",Segundo Trámite,Primer Informe,1963-12-22,0,Femenino,10,2026-03-10 23:59:59,,True,PPD,Partido Por la Democracia,PPD
1049,Cosme,Mellado,Pino,1,Afirmativo,20633,Boletín N° 11092-07,2023-05-08 19:11:56,94,39,2,0,1,Quórum Simple,1,Aprobado,1,Proyecto de Ley,11092-07,Particular,"Artículo 30 ter, contenido en el numeral 12) del artículo primero del proyecto, en los términos sugeridos por la Comisión de Constitución.",Segundo Trámite,Primer Informe,1960-02-24,1,Masculino,10,2026-03-10 23:59:59,,True,PR,Partido Radical de Chile,PR
1050,Miguel,Mellado,Suazo,1,Afirmativo,20633,Boletín N° 11092-07,2023-05-08 19:11:56,94,39,2,0,1,Quórum Simple,1,Aprobado,1,Proyecto de Ley,11092-07,Particular,"Artículo 30 ter, contenido en el numeral 12) del artículo primero del proyecto, en los términos sugeridos por la Comisión de Constitución.",Segundo Trámite,Primer Informe,1958-12-29,1,Masculino,10,2026-03-10 23:59:59,,True,RN,Renovación Nacional,RN
1054,Francesca,Muñoz,González,1,Afirmativo,20633,Boletín N° 11092-07,2023-05-08 19:11:56,94,39,2,0,1,Quórum Simple,1,Aprobado,1,Proyecto de Ley,11092-07,Particular,"Artículo 30 ter, contenido en el numeral 12) del artículo primero del proyecto, en los términos sugeridos por la Comisión de Constitución.",Segundo Trámite,Primer Informe,1980-03-07,0,Femenino,10,2026-03-10 23:59:59,,True,IND,Independientes,IND
1056,Emilia,Nuyado,Ancapichun,1,Afirmativo,20633,Boletín N° 11092-07,2023-05-08 19:11:56,94,39,2,0,1,Quórum Simple,1,Aprobado,1,Proyecto de Ley,11092-07,Particular,"Artículo 30 ter, contenido en el numeral 12) del artículo primero del proyecto, en los términos sugeridos por la Comisión de Constitución.",Segundo Trámite,Primer Informe,1968-08-17,0,Femenino,10,2026-03-10 23:59:59,,True,PS,Partido Socialista,PS
1057,Erika,Olivera,De La Fuente,1,Afirmativo,20633,Boletín N° 11092-07,2023-05-08 19:11:56,94,39,2,0,1,Quórum Simple,1,Aprobado,1,Proyecto de Ley,11092-07,Particular,"Artículo 30 ter, contenido en el numeral 12) del artículo primero del proyecto, en los términos sugeridos por la Comisión de Constitución.",Segundo Trámite,Primer Informe,1976-01-04,0,Femenino,10,2026-03-10 23:59:59,,True,IND,Independientes,IND
1058,Maite,Orsini,Pascal,1,Afirmativo,20633,Boletín N° 11092-07,2023-05-08 19:11:56,94,39,2,0,1,Quórum Simple,1,Aprobado,1,Proyecto de Ley,11092-07,Particular,"Artículo 30 ter, contenido en el numeral 12) del artículo primero del proyecto, en los términos sugeridos por la Comisión de Constitución.",Segundo Trámite,Primer Informe,1988-02-23,0,Femenino,10,2026-03-10 23:59:59,,True,RD,Revolución Democrática,RD
1059,Ximena,Ossandón,Irarrázabal,1,Afirmativo,20633,Boletín N° 11092-07,2023-05-08 19:11:56,94,39,2,0,1,Quórum Simple,1,Aprobado,1,Proyecto de Ley,11092-07,Particular,"Artículo 30 ter, contenido en el numeral 12) del artículo primero del proyecto, en los términos sugeridos por la Comisión de Constitución.",Segundo Trámite,Primer Informe,1963-12-13,0,Femenino,10,2026-03-10 23:59:59,,True,RN,Renovación Nacional,RN
1062,Joanna,Pérez,Olea,1,Afirmativo,20633,Boletín N° 11092-07,2023-05-08 19:11:56,94,39,2,0,1,Quórum Simple,1,Aprobado,1,Proyecto de Ley,11092-07,Particular,"Artículo 30 ter, contenido en el numeral 12) del artículo primero del proyecto, en los términos sugeridos por la Comisión de Constitución.",Segundo Trámite,Primer Informe,1976-04-01,0,Femenino,10,2026-03-10 23:59:59,,True,IND,Independientes,IND
1065,Guillermo,Ramírez,Diez,0,En Contra,20633,Boletín N° 11092-07,2023-05-08 19:11:56,94,39,2,0,1,Quórum Simple,1,Aprobado,1,Proyecto de Ley,11092-07,Particular,"Artículo 30 ter, contenido en el numeral 12) del artículo primero del proyecto, en los términos sugeridos por la Comisión de Constitución.",Segundo Trámite,Primer Informe,1979-04-16,1,Masculino,10,2026-03-10 23:59:59,,True,UDI,Unión Demócrata Independiente,UDI
1067,Hugo,Rey,Martínez,1,Afirmativo,20633,Boletín N° 11092-07,2023-05-08 19:11:56,94,39,2,0,1,Quórum Simple,1,Aprobado,1,Proyecto de Ley,11092-07,Particular,"Artículo 30 ter, contenido en el numeral 12) del artículo primero del proyecto, en los términos sugeridos por la Comisión de Constitución.",Segundo Trámite,Primer Informe,1973-12-06,1,Masculino,10,2026-03-10 23:59:59,,True,RN,Renovación Nacional,RN
1068,Camila,Rojas,Valderrama,1,Afirmativo,20633,Boletín N° 11092-07,2023-05-08 19:11:56,94,39,2,0,1,Quórum Simple,1,Aprobado,1,Proyecto de Ley,11092-07,Particular,"Artículo 30 ter, contenido en el numeral 12) del artículo primero del proyecto, en los términos sugeridos por la Comisión de Constitución.",Segundo Trámite,Primer Informe,1991-03-11,0,Femenino,10,2026-03-10 23:59:59,,True,COMUNES,Partido Comunes,COMUNES
1073,Juan,Santana,Castillo,1,Afirmativo,20633,Boletín N° 11092-07,2023-05-08 19:11:56,94,39,2,0,1,Quórum Simple,1,Aprobado,1,Proyecto de Ley,11092-07,Particular,"Artículo 30 ter, contenido en el numeral 12) del artículo primero del proyecto, en los términos sugeridos por la Comisión de Constitución.",Segundo Trámite,Primer Informe,1989-09-20,1,Masculino,10,2026-03-10 23:59:59,,True,PS,Partido Socialista,PS
1076,Alexis,Sepúlveda,Soto,1,Afirmativo,20633,Boletín N° 11092-07,2023-05-08 19:11:56,94,39,2,0,1,Quórum Simple,1,Aprobado,1,Proyecto de Ley,11092-07,Particular,"Artículo 30 ter, contenido en el numeral 12) del artículo primero del proyecto, en los términos sugeridos por la Comisión de Constitución.",Segundo Trámite,Primer Informe,1969-12-29,1,Masculino,10,2026-03-10 23:59:59,,True,PR,Partido Radical de Chile,PR
1077,Raúl,Soto,Mardones,1,Afirmativo,20633,Boletín N° 11092-07,2023-05-08 19:11:56,94,39,2,0,1,Quórum Simple,1,Aprobado,1,Proyecto de Ley,11092-07,Particular,"Artículo 30 ter, contenido en el numeral 12) del artículo primero del proyecto, en los términos sugeridos por la Comisión de Constitución.",Segundo Trámite,Primer Informe,1987-11-20,1,Masculino,10,2026-03-10 23:59:59,,True,PPD,Partido Por la Democracia,PPD
1081,Francisco,Undurraga,Gazitúa,1,Afirmativo,20633,Boletín N° 11092-07,2023-05-08 19:11:56,94,39,2,0,1,Quórum Simple,1,Aprobado,1,Proyecto de Ley,11092-07,Particular,"Artículo 30 ter, contenido en el numeral 12) del artículo primero del proyecto, en los términos sugeridos por la Comisión de Constitución.",Segundo Trámite,Primer Informe,1965-09-29,1,Masculino,10,2026-03-10 23:59:59,,True,EVOP,Evolución Política,EVOP
1082,Cristóbal,Urruticoechea,Ríos,0,En Contra,20633,Boletín N° 11092-07,2023-05-08 19:11:56,94,39,2,0,1,Quórum Simple,1,Aprobado,1,Proyecto de Ley,11092-07,Particular,"Artículo 30 ter, contenido en el numeral 12) del artículo primero del proyecto, en los términos sugeridos por la Comisión de Constitución.",Segundo Trámite,Primer Informe,1975-11-21,1,Masculino,10,2026-03-10 23:59:59,,True,PREP,Partido Republicano,PREP
1086,Gonzalo,Winter,Etcheberry,1,Afirmativo,20633,Boletín N° 11092-07,2023-05-08 19:11:56,94,39,2,0,1,Quórum Simple,1,Aprobado,1,Proyecto de Ley,11092-07,Particular,"Artículo 30 ter, contenido en el numeral 12) del artículo primero del proyecto, en los términos sugeridos por la Comisión de Constitución.",Segundo Trámite,Primer Informe,1987-01-06,1,Masculino,10,2026-03-10 23:59:59,,True,PCS,Partido Convergencia Social,PCS
1087,Gael,Yeomans,Araya,1,Afirmativo,20633,Boletín N° 11092-07,2023-05-08 19:11:56,94,39,2,0,1,Quórum Simple,1,Aprobado,1,Proyecto de Ley,11092-07,Particular,"Artículo 30 ter, contenido en el numeral 12) del artículo primero del proyecto, en los términos sugeridos por la Comisión de Constitución.",Segundo Trámite,Primer Informe,1988-12-04,0,Femenino,10,2026-03-10 23:59:59,,True,PCS,Partido Convergencia Social,PCS
1094,Cristian,Labbé,Martínez,0,En Contra,20633,Boletín N° 11092-07,2023-05-08 19:11:56,94,39,2,0,1,Quórum Simple,1,Aprobado,1,Proyecto de Ley,11092-07,Particular,"Artículo 30 ter, contenido en el numeral 12) del artículo primero del proyecto, en los términos sugeridos por la Comisión de Constitución.",Segundo Trámite,Primer Informe,1980-03-06,1,Masculino,10,2026-03-10 23:59:59,,True,UDI,Unión Demócrata Independiente,UDI
1096,María Candelaria,Acevedo,Sáez,1,Afirmativo,20633,Boletín N° 11092-07,2023-05-08 19:11:56,94,39,2,0,1,Quórum Simple,1,Aprobado,1,Proyecto de Ley,11092-07,Particular,"Artículo 30 ter, contenido en el numeral 12) del artículo primero del proyecto, en los términos sugeridos por la Comisión de Constitución.",Segundo Trámite,Primer Informe,1958-09-12,0,Femenino,10,2026-03-10 23:59:59,,True,PC,Partido Comunista,PC
1097,Eric,Aedo,Jeldres,1,Afirmativo,20633,Boletín N° 11092-07,2023-05-08 19:11:56,94,39,2,0,1,Quórum Simple,1,Aprobado,1,Proyecto de Ley,11092-07,Particular,"Artículo 30 ter, contenido en el numeral 12) del artículo primero del proyecto, en los términos sugeridos por la Comisión de Constitución.",Segundo Trámite,Primer Informe,1968-07-13,1,Masculino,10,2026-03-10 23:59:59,,True,DC,Partido Demócrata Cristiano,DC
1098,Yovana,Ahumada,Palma,0,En Contra,20633,Boletín N° 11092-07,2023-05-08 19:11:56,94,39,2,0,1,Quórum Simple,1,Aprobado,1,Proyecto de Ley,11092-07,Particular,"Artículo 30 ter, contenido en el numeral 12) del artículo primero del proyecto, en los términos sugeridos por la Comisión de Constitución.",Segundo Trámite,Primer Informe,1973-02-24,0,Femenino,10,2026-03-10 23:59:59,,True,IND,Independientes,IND
1099,Jaime,Araya,Guerrero,1,Afirmativo,20633,Boletín N° 11092-07,2023-05-08 19:11:56,94,39,2,0,1,Quórum Simple,1,Aprobado,1,Proyecto de Ley,11092-07,Particular,"Artículo 30 ter, contenido en el numeral 12) del artículo primero del proyecto, en los términos sugeridos por la Comisión de Constitución.",Segundo Trámite,Primer Informe,1976-02-04,1,Masculino,10,2026-03-10 23:59:59,,True,IND,Independientes,IND
1100,Cristián,Araya,Lerdo de Tejada,0,En Contra,20633,Boletín N° 11092-07,2023-05-08 19:11:56,94,39,2,0,1,Quórum Simple,1,Aprobado,1,Proyecto de Ley,11092-07,Particular,"Artículo 30 ter, contenido en el numeral 12) del artículo primero del proyecto, en los términos sugeridos por la Comisión de Constitución.",Segundo Trámite,Primer Informe,1988-09-30,1,Masculino,10,2026-03-10 23:59:59,,True,PREP,Partido Republicano,PREP
1101,Mónica,Arce,Castro,1,Afirmativo,20633,Boletín N° 11092-07,2023-05-08 19:11:56,94,39,2,0,1,Quórum Simple,1,Aprobado,1,Proyecto de Ley,11092-07,Particular,"Artículo 30 ter, contenido en el numeral 12) del artículo primero del proyecto, en los términos sugeridos por la Comisión de Constitución.",Segundo Trámite,Primer Informe,1976-03-02,0,Femenino,10,2026-03-10 23:59:59,,True,IND,Independientes,IND
1102,Roberto,Arroyo,Muñoz,0,En Contra,20633,Boletín N° 11092-07,2023-05-08 19:11:56,94,39,2,0,1,Quórum Simple,1,Aprobado,1,Proyecto de Ley,11092-07,Particular,"Artículo 30 ter, contenido en el numeral 12) del artículo primero del proyecto, en los términos sugeridos por la Comisión de Constitución.",Segundo Trámite,Primer Informe,1963-11-29,1,Masculino,10,2026-03-10 23:59:59,,True,PDG,Partido de la Gente,PDG
1103,Danisa,Astudillo,Peiretti,1,Afirmativo,20633,Boletín N° 11092-07,2023-05-08 19:11:56,94,39,2,0,1,Quórum Simple,1,Aprobado,1,Proyecto de Ley,11092-07,Particular,"Artículo 30 ter, contenido en el numeral 12) del artículo primero del proyecto, en los términos sugeridos por la Comisión de Constitución.",Segundo Trámite,Primer Informe,1975-05-03,0,Femenino,10,2026-03-10 23:59:59,,True,PS,Partido Socialista,PS
1104,Chiara,Barchiesi,Chávez,0,En Contra,20633,Boletín N° 11092-07,2023-05-08 19:11:56,94,39,2,0,1,Quórum Simple,1,Aprobado,1,Proyecto de Ley,11092-07,Particular,"Artículo 30 ter, contenido en el numeral 12) del artículo primero del proyecto, en los términos sugeridos por la Comisión de Constitución.",Segundo Trámite,Primer Informe,1996-12-22,0,Femenino,10,2026-03-10 23:59:59,,True,PREP,Partido Republicano,PREP
1105,Héctor,Barría,Angulo,1,Afirmativo,20633,Boletín N° 11092-07,2023-05-08 19:11:56,94,39,2,0,1,Quórum Simple,1,Aprobado,1,Proyecto de Ley,11092-07,Particular,"Artículo 30 ter, contenido en el numeral 12) del artículo primero del proyecto, en los términos sugeridos por la Comisión de Constitución.",Segundo Trámite,Primer Informe,1980-04-24,1,Masculino,10,2026-03-10 23:59:59,,True,DC,Partido Demócrata Cristiano,DC
1106,Miguel Ángel,Becker,Alvear,1,Afirmativo,20633,Boletín N° 11092-07,2023-05-08 19:11:56,94,39,2,0,1,Quórum Simple,1,Aprobado,1,Proyecto de Ley,11092-07,Particular,"Artículo 30 ter, contenido en el numeral 12) del artículo primero del proyecto, en los términos sugeridos por la Comisión de Constitución.",Segundo Trámite,Primer Informe,1960-10-07,1,Masculino,10,2026-03-10 23:59:59,,True,RN,Renovación Nacional,RN
1107,María Francisca,Bello,Campos,1,Afirmativo,20633,Boletín N° 11092-07,2023-05-08 19:11:56,94,39,2,0,1,Quórum Simple,1,Aprobado,1,Proyecto de Ley,11092-07,Particular,"Artículo 30 ter, contenido en el numeral 12) del artículo primero del proyecto, en los términos sugeridos por la Comisión de Constitución.",Segundo Trámite,Primer Informe,1987-09-17,0,Femenino,10,2026-03-10 23:59:59,,True,PCS,Partido Convergencia Social,PCS
1108,Juan Carlos,Beltrán,Silva,1,Afirmativo,20633,Boletín N° 11092-07,2023-05-08 19:11:56,94,39,2,0,1,Quórum Simple,1,Aprobado,1,Proyecto de Ley,11092-07,Particular,"Artículo 30 ter, contenido en el numeral 12) del artículo primero del proyecto, en los términos sugeridos por la Comisión de Constitución.",Segundo Trámite,Primer Informe,1962-12-19,1,Masculino,10,2026-03-10 23:59:59,,True,RN,Renovación Nacional,RN
1109,Gustavo,Benavente,Vergara,0,En Contra,20633,Boletín N° 11092-07,2023-05-08 19:11:56,94,39,2,0,1,Quórum Simple,1,Aprobado,1,Proyecto de Ley,11092-07,Particular,"Artículo 30 ter, contenido en el numeral 12) del artículo primero del proyecto, en los términos sugeridos por la Comisión de Constitución.",Segundo Trámite,Primer Informe,1966-08-13,1,Masculino,10,2026-03-10 23:59:59,,True,UDI,Unión Demócrata Independiente,UDI
1110,Carlos,Bianchi,Chelech,1,Afirmativo,20633,Boletín N° 11092-07,2023-05-08 19:11:56,94,39,2,0,1,Quórum Simple,1,Aprobado,1,Proyecto de Ley,11092-07,Particular,"Artículo 30 ter, contenido en el numeral 12) del artículo primero del proyecto, en los términos sugeridos por la Comisión de Constitución.",Segundo Trámite,Primer Informe,1960-11-04,1,Masculino,10,2026-03-10 23:59:59,,True,IND,Independientes,IND
1111,Fernando,Bórquez,Montecinos,0,En Contra,20633,Boletín N° 11092-07,2023-05-08 19:11:56,94,39,2,0,1,Quórum Simple,1,Aprobado,1,Proyecto de Ley,11092-07,Particular,"Artículo 30 ter, contenido en el numeral 12) del artículo primero del proyecto, en los términos sugeridos por la Comisión de Constitución.",Segundo Trámite,Primer Informe,1968-06-06,1,Masculino,10,2026-03-10 23:59:59,,True,UDI,Unión Demócrata Independiente,UDI
1112,Ana María,Bravo,Castro,1,Afirmativo,20633,Boletín N° 11092-07,2023-05-08 19:11:56,94,39,2,0,1,Quórum Simple,1,Aprobado,1,Proyecto de Ley,11092-07,Particular,"Artículo 30 ter, contenido en el numeral 12) del artículo primero del proyecto, en los términos sugeridos por la Comisión de Constitución.",Segundo Trámite,Primer Informe,1973-12-03,0,Femenino,10,2026-03-10 23:59:59,,True,PS,Partido Socialista,PS
1113,Marta,Bravo,Salinas,0,En Contra,20633,Boletín N° 11092-07,2023-05-08 19:11:56,94,39,2,0,1,Quórum Simple,1,Aprobado,1,Proyecto de Ley,11092-07,Particular,"Artículo 30 ter, contenido en el numeral 12) del artículo primero del proyecto, en los términos sugeridos por la Comisión de Constitución.",Segundo Trámite,Primer Informe,1976-02-25,0,Femenino,10,2026-03-10 23:59:59,,True,UDI,Unión Demócrata Independiente,UDI
1114,Félix,Bugueño,Sotelo,1,Afirmativo,20633,Boletín N° 11092-07,2023-05-08 19:11:56,94,39,2,0,1,Quórum Simple,1,Aprobado,1,Proyecto de Ley,11092-07,Particular,"Artículo 30 ter, contenido en el numeral 12) del artículo primero del proyecto, en los términos sugeridos por la Comisión de Constitución.",Segundo Trámite,Primer Informe,1973-05-18,1,Masculino,10,2026-03-10 23:59:59,,True,FRVS,Federación Regionalista Verde Social,FRVS
1115,Mercedes,Bulnes,Núñez,1,Afirmativo,20633,Boletín N° 11092-07,2023-05-08 19:11:56,94,39,2,0,1,Quórum Simple,1,Aprobado,1,Proyecto de Ley,11092-07,Particular,"Artículo 30 ter, contenido en el numeral 12) del artículo primero del proyecto, en los términos sugeridos por la Comisión de Constitución.",Segundo Trámite,Primer Informe,1950-06-06,0,Femenino,10,2024-11-22 00:00:00,,True,IND,Independientes,IND
1116,Felipe,Camaño,Cárdenas,1,Afirmativo,20633,Boletín N° 11092-07,2023-05-08 19:11:56,94,39,2,0,1,Quórum Simple,1,Aprobado,1,Proyecto de Ley,11092-07,Particular,"Artículo 30 ter, contenido en el numeral 12) del artículo primero del proyecto, en los términos sugeridos por la Comisión de Constitución.",Segundo Trámite,Primer Informe,1991-08-21,1,Masculino,10,2026-03-10 23:59:59,,True,IND,Independientes,IND
1117,Nathalie,Castillo,Rojas,1,Afirmativo,20633,Boletín N° 11092-07,2023-05-08 19:11:56,94,39,2,0,1,Quórum Simple,1,Aprobado,1,Proyecto de Ley,11092-07,Particular,"Artículo 30 ter, contenido en el numeral 12) del artículo primero del proyecto, en los términos sugeridos por la Comisión de Constitución.",Segundo Trámite,Primer Informe,1983-07-02,0,Femenino,10,2026-03-10 23:59:59,,True,PC,Partido Comunista,PC
1118,Ricardo,Cifuentes,Lillo,1,Afirmativo,20633,Boletín N° 11092-07,2023-05-08 19:11:56,94,39,2,0,1,Quórum Simple,1,Aprobado,1,Proyecto de Ley,11092-07,Particular,"Artículo 30 ter, contenido en el numeral 12) del artículo primero del proyecto, en los términos sugeridos por la Comisión de Constitución.",Segundo Trámite,Primer Informe,1962-09-12,1,Masculino,10,2026-03-10 23:59:59,,True,DC,Partido Demócrata Cristiano,DC
1119,Sara,Concha,Smith,1,Afirmativo,20633,Boletín N° 11092-07,2023-05-08 19:11:56,94,39,2,0,1,Quórum Simple,1,Aprobado,1,Proyecto de Ley,11092-07,Particular,"Artículo 30 ter, contenido en el numeral 12) del artículo primero del proyecto, en los términos sugeridos por la Comisión de Constitución.",Segundo Trámite,Primer Informe,1995-09-09,0,Femenino,10,2026-03-10 23:59:59,,True,PSC,Partido Social Cristiano,PSC
1120,María Luisa,Cordero,Velásquez,1,Afirmativo,20633,Boletín N° 11092-07,2023-05-08 19:11:56,94,39,2,0,1,Quórum Simple,1,Aprobado,1,Proyecto de Ley,11092-07,Particular,"Artículo 30 ter, contenido en el numeral 12) del artículo primero del proyecto, en los términos sugeridos por la Comisión de Constitución.",Segundo Trámite,Primer Informe,1943-01-23,0,Femenino,10,2026-03-10 23:59:59,,True,IND,Independientes,IND
1121,Eduardo,Cornejo,Lagos,0,En Contra,20633,Boletín N° 11092-07,2023-05-08 19:11:56,94,39,2,0,1,Quórum Simple,1,Aprobado,1,Proyecto de Ley,11092-07,Particular,"Artículo 30 ter, contenido en el numeral 12) del artículo primero del proyecto, en los términos sugeridos por la Comisión de Constitución.",Segundo Trámite,Primer Informe,1972-01-12,1,Masculino,10,2026-03-10 23:59:59,,True,UDI,Unión Demócrata Independiente,UDI
1122,Luis Alberto,Cuello,Peña y Lillo,1,Afirmativo,20633,Boletín N° 11092-07,2023-05-08 19:11:56,94,39,2,0,1,Quórum Simple,1,Aprobado,1,Proyecto de Ley,11092-07,Particular,"Artículo 30 ter, contenido en el numeral 12) del artículo primero del proyecto, en los términos sugeridos por la Comisión de Constitución.",Segundo Trámite,Primer Informe,1977-01-24,1,Masculino,10,2026-03-10 23:59:59,,True,PC,Partido Comunista,PC
1123,Gonzalo,De la Carrera,Correa,0,En Contra,20633,Boletín N° 11092-07,2023-05-08 19:11:56,94,39,2,0,1,Quórum Simple,1,Aprobado,1,Proyecto de Ley,11092-07,Particular,"Artículo 30 ter, contenido en el numeral 12) del artículo primero del proyecto, en los términos sugeridos por la Comisión de Constitución.",Segundo Trámite,Primer Informe,1962-01-13,1,Masculino,10,2026-03-10 23:59:59,,True,IND,Independientes,IND
1124,Tomás,De Rementería,Venegas,1,Afirmativo,20633,Boletín N° 11092-07,2023-05-08 19:11:56,94,39,2,0,1,Quórum Simple,1,Aprobado,1,Proyecto de Ley,11092-07,Particular,"Artículo 30 ter, contenido en el numeral 12) del artículo primero del proyecto, en los términos sugeridos por la Comisión de Constitución.",Segundo Trámite,Primer Informe,1987-03-17,1,Masculino,10,2025-05-05 23:59:59,,True,PS,Partido Socialista,PS
1125,Viviana,Delgado,Riquelme,1,Afirmativo,20633,Boletín N° 11092-07,2023-05-08 19:11:56,94,39,2,0,1,Quórum Simple,1,Aprobado,1,Proyecto de Ley,11092-07,Particular,"Artículo 30 ter, contenido en el numeral 12) del artículo primero del proyecto, en los términos sugeridos por la Comisión de Constitución.",Segundo Trámite,Primer Informe,1973-09-04,0,Femenino,10,2026-03-10 23:59:59,,True,IND,Independientes,IND
1126,Felipe,Donoso,Castro,0,En Contra,20633,Boletín N° 11092-07,2023-05-08 19:11:56,94,39,2,0,1,Quórum Simple,1,Aprobado,1,Proyecto de Ley,11092-07,Particular,"Artículo 30 ter, contenido en el numeral 12) del artículo primero del proyecto, en los términos sugeridos por la Comisión de Constitución.",Segundo Trámite,Primer Informe,1982-12-12,1,Masculino,10,2026-03-10 23:59:59,,True,UDI,Unión Demócrata Independiente,UDI
1127,Lorena,Fries,Monleón,1,Afirmativo,20633,Boletín N° 11092-07,2023-05-08 19:11:56,94,39,2,0,1,Quórum Simple,1,Aprobado,1,Proyecto de Ley,11092-07,Particular,"Artículo 30 ter, contenido en el numeral 12) del artículo primero del proyecto, en los términos sugeridos por la Comisión de Constitución.",Segundo Trámite,Primer Informe,1960-04-01,0,Femenino,10,2026-03-10 23:59:59,,True,PCS,Partido Convergencia Social,PCS
1128,Ana María,Gazmuri,Vieira,1,Afirmativo,20633,Boletín N° 11092-07,2023-05-08 19:11:56,94,39,2,0,1,Quórum Simple,1,Aprobado,1,Proyecto de Ley,11092-07,Particular,"Artículo 30 ter, contenido en el numeral 12) del artículo primero del proyecto, en los términos sugeridos por la Comisión de Constitución.",Segundo Trámite,Primer Informe,1966-01-22,0,Femenino,10,2026-03-10 23:59:59,,True,PAH,Partido Acción Humanista,PAH
1129,Andrés,Giordano,Salazar,1,Afirmativo,20633,Boletín N° 11092-07,2023-05-08 19:11:56,94,39,2,0,1,Quórum Simple,1,Aprobado,1,Proyecto de Ley,11092-07,Particular,"Artículo 30 ter, contenido en el numeral 12) del artículo primero del proyecto, en los términos sugeridos por la Comisión de Constitución.",Segundo Trámite,Primer Informe,1986-12-29,1,Masculino,10,2026-03-10 23:59:59,,True,IND,Independientes,IND
1131,Mauro,González,Villarroel,2,Abstención,20633,Boletín N° 11092-07,2023-05-08 19:11:56,94,39,2,0,1,Quórum Simple,1,Aprobado,1,Proyecto de Ley,11092-07,Particular,"Artículo 30 ter, contenido en el numeral 12) del artículo primero del proyecto, en los términos sugeridos por la Comisión de Constitución.",Segundo Trámite,Primer Informe,1985-05-25,1,Masculino,10,2026-03-10 23:59:59,,True,RN,Renovación Nacional,RN
1132,Jorge,Guzmán,Zepeda,1,Afirmativo,20633,Boletín N° 11092-07,2023-05-08 19:11:56,94,39,2,0,1,Quórum Simple,1,Aprobado,1,Proyecto de Ley,11092-07,Particular,"Artículo 30 ter, contenido en el numeral 12) del artículo primero del proyecto, en los términos sugeridos por la Comisión de Constitución.",Segundo Trámite,Primer Informe,1985-06-11,1,Masculino,10,2026-03-10 23:59:59,,True,EVOP,Evolución Política,EVOP
1133,Juan,Irarrázaval,Rossel,0,En Contra,20633,Boletín N° 11092-07,2023-05-08 19:11:56,94,39,2,0,1,Quórum Simple,1,Aprobado,1,Proyecto de Ley,11092-07,Particular,"Artículo 30 ter, contenido en el numeral 12) del artículo primero del proyecto, en los términos sugeridos por la Comisión de Constitución.",Segundo Trámite,Primer Informe,1983-06-23,1,Masculino,10,2026-03-10 23:59:59,,True,PREP,Partido Republicano,PREP
1135,Johannes,Kaiser,Barents-Von Hohenhagen,0,En Contra,20633,Boletín N° 11092-07,2023-05-08 19:11:56,94,39,2,0,1,Quórum Simple,1,Aprobado,1,Proyecto de Ley,11092-07,Particular,"Artículo 30 ter, contenido en el numeral 12) del artículo primero del proyecto, en los términos sugeridos por la Comisión de Constitución.",Segundo Trámite,Primer Informe,1976-01-05,1,Masculino,10,2026-03-10 23:59:59,,True,PREP,Partido Republicano,PREP
1136,Paula,Labra,Besserer,1,Afirmativo,20633,Boletín N° 11092-07,2023-05-08 19:11:56,94,39,2,0,1,Quórum Simple,1,Aprobado,1,Proyecto de Ley,11092-07,Particular,"Artículo 30 ter, contenido en el numeral 12) del artículo primero del proyecto, en los términos sugeridos por la Comisión de Constitución.",Segundo Trámite,Primer Informe,1987-05-04,0,Femenino,10,2026-03-10 23:59:59,,True,IND,Independientes,IND
1137,Tomás,Lagomarsino,Guzmán,1,Afirmativo,20633,Boletín N° 11092-07,2023-05-08 19:11:56,94,39,2,0,1,Quórum Simple,1,Aprobado,1,Proyecto de Ley,11092-07,Particular,"Artículo 30 ter, contenido en el numeral 12) del artículo primero del proyecto, en los términos sugeridos por la Comisión de Constitución.",Segundo Trámite,Primer Informe,1990-07-13,1,Masculino,10,2026-03-10 23:59:59,,True,IND,Independientes,IND
1138,Henry,Leal,Bizama,0,En Contra,20633,Boletín N° 11092-07,2023-05-08 19:11:56,94,39,2,0,1,Quórum Simple,1,Aprobado,1,Proyecto de Ley,11092-07,Particular,"Artículo 30 ter, contenido en el numeral 12) del artículo primero del proyecto, en los términos sugeridos por la Comisión de Constitución.",Segundo Trámite,Primer Informe,1972-09-16,1,Masculino,10,2026-03-10 23:59:59,,True,UDI,Unión Demócrata Independiente,UDI
1139,Enrique,Lee,Flores,0,En Contra,20633,Boletín N° 11092-07,2023-05-08 19:11:56,94,39,2,0,1,Quórum Simple,1,Aprobado,1,Proyecto de Ley,11092-07,Particular,"Artículo 30 ter, contenido en el numeral 12) del artículo primero del proyecto, en los términos sugeridos por la Comisión de Constitución.",Segundo Trámite,Primer Informe,1967-12-16,1,Masculino,10,2026-03-10 23:59:59,,True,PRI,Partido Regionalista Independiente,PRI
1140,Daniel,Lilayu,Vivanco,0,En Contra,20633,Boletín N° 11092-07,2023-05-08 19:11:56,94,39,2,0,1,Quórum Simple,1,Aprobado,1,Proyecto de Ley,11092-07,Particular,"Artículo 30 ter, contenido en el numeral 12) del artículo primero del proyecto, en los términos sugeridos por la Comisión de Constitución.",Segundo Trámite,Primer Informe,1949-03-02,1,Masculino,10,2026-03-10 23:59:59,,True,UDI,Unión Demócrata Independiente,UDI
1142,Daniel,Manouchehri,Lobos,1,Afirmativo,20633,Boletín N° 11092-07,2023-05-08 19:11:56,94,39,2,0,1,Quórum Simple,1,Aprobado,1,Proyecto de Ley,11092-07,Particular,"Artículo 30 ter, contenido en el numeral 12) del artículo primero del proyecto, en los términos sugeridos por la Comisión de Constitución.",Segundo Trámite,Primer Informe,1984-05-25,1,Masculino,10,2026-03-10 23:59:59,,True,PS,Partido Socialista,PS
1143,Cristóbal,Martínez,Ramírez,1,Afirmativo,20633,Boletín N° 11092-07,2023-05-08 19:11:56,94,39,2,0,1,Quórum Simple,1,Aprobado,1,Proyecto de Ley,11092-07,Particular,"Artículo 30 ter, contenido en el numeral 12) del artículo primero del proyecto, en los términos sugeridos por la Comisión de Constitución.",Segundo Trámite,Primer Informe,1984-04-30,1,Masculino,10,2026-03-10 23:59:59,,True,UDI,Unión Demócrata Independiente,UDI
1144,Christian,Matheson,Villán,0,En Contra,20633,Boletín N° 11092-07,2023-05-08 19:11:56,94,39,2,0,1,Quórum Simple,1,Aprobado,1,Proyecto de Ley,11092-07,Particular,"Artículo 30 ter, contenido en el numeral 12) del artículo primero del proyecto, en los términos sugeridos por la Comisión de Constitución.",Segundo Trámite,Primer Informe,1957-12-17,1,Masculino,10,2026-03-10 23:59:59,,True,IND,Independientes,IND
1146,José Carlos,Meza,Pereira,0,En Contra,20633,Boletín N° 11092-07,2023-05-08 19:11:56,94,39,2,0,1,Quórum Simple,1,Aprobado,1,Proyecto de Ley,11092-07,Particular,"Artículo 30 ter, contenido en el numeral 12) del artículo primero del proyecto, en los términos sugeridos por la Comisión de Constitución.",Segundo Trámite,Primer Informe,1989-03-07,1,Masculino,10,2026-03-10 23:59:59,,True,PREP,Partido Republicano,PREP
1147,Helia,Molina,Milman,1,Afirmativo,20633,Boletín N° 11092-07,2023-05-08 19:11:56,94,39,2,0,1,Quórum Simple,1,Aprobado,1,Proyecto de Ley,11092-07,Particular,"Artículo 30 ter, contenido en el numeral 12) del artículo primero del proyecto, en los términos sugeridos por la Comisión de Constitución.",Segundo Trámite,Primer Informe,1947-04-02,0,Femenino,10,2026-03-10 23:59:59,,True,PPD,Partido Por la Democracia,PPD
1148,Javiera,Morales,Alvarado,1,Afirmativo,20633,Boletín N° 11092-07,2023-05-08 19:11:56,94,39,2,0,1,Quórum Simple,1,Aprobado,1,Proyecto de Ley,11092-07,Particular,"Artículo 30 ter, contenido en el numeral 12) del artículo primero del proyecto, en los términos sugeridos por la Comisión de Constitución.",Segundo Trámite,Primer Informe,1983-11-16,0,Femenino,10,2026-03-10 23:59:59,,True,PCS,Partido Convergencia Social,PCS
1149,Carla,Morales,Maldonado,1,Afirmativo,20633,Boletín N° 11092-07,2023-05-08 19:11:56,94,39,2,0,1,Quórum Simple,1,Aprobado,1,Proyecto de Ley,11092-07,Particular,"Artículo 30 ter, contenido en el numeral 12) del artículo primero del proyecto, en los términos sugeridos por la Comisión de Constitución.",Segundo Trámite,Primer Informe,1977-10-27,0,Femenino,10,2026-03-10 23:59:59,,True,RN,Renovación Nacional,RN
1150,Benjamín,Moreno,Bascur,0,En Contra,20633,Boletín N° 11092-07,2023-05-08 19:11:56,94,39,2,0,1,Quórum Simple,1,Aprobado,1,Proyecto de Ley,11092-07,Particular,"Artículo 30 ter, contenido en el numeral 12) del artículo primero del proyecto, en los términos sugeridos por la Comisión de Constitución.",Segundo Trámite,Primer Informe,1993-04-02,1,Masculino,10,2026-03-10 23:59:59,,True,PREP,Partido Republicano,PREP
1151,Camila,Musante,Müller,1,Afirmativo,20633,Boletín N° 11092-07,2023-05-08 19:11:56,94,39,2,0,1,Quórum Simple,1,Aprobado,1,Proyecto de Ley,11092-07,Particular,"Artículo 30 ter, contenido en el numeral 12) del artículo primero del proyecto, en los términos sugeridos por la Comisión de Constitución.",Segundo Trámite,Primer Informe,1990-02-06,0,Femenino,10,2026-03-10 23:59:59,,True,IND,Independientes,IND
1153,Coca Ericka,Ñanco,Vásquez,1,Afirmativo,20633,Boletín N° 11092-07,2023-05-08 19:11:56,94,39,2,0,1,Quórum Simple,1,Aprobado,1,Proyecto de Ley,11092-07,Particular,"Artículo 30 ter, contenido en el numeral 12) del artículo primero del proyecto, en los términos sugeridos por la Comisión de Constitución.",Segundo Trámite,Primer Informe,1992-03-20,0,Femenino,10,2026-03-10 23:59:59,,True,RD,Revolución Democrática,RD
1154,Mauricio,Ojeda,Rebolledo,0,En Contra,20633,Boletín N° 11092-07,2023-05-08 19:11:56,94,39,2,0,1,Quórum Simple,1,Aprobado,1,Proyecto de Ley,11092-07,Particular,"Artículo 30 ter, contenido en el numeral 12) del artículo primero del proyecto, en los términos sugeridos por la Comisión de Constitución.",Segundo Trámite,Primer Informe,1982-01-19,1,Masculino,10,2026-03-10 23:59:59,,True,IND,Independientes,IND
1155,Rubén Darío,Oyarzo,Figueroa,1,Afirmativo,20633,Boletín N° 11092-07,2023-05-08 19:11:56,94,39,2,0,1,Quórum Simple,1,Aprobado,1,Proyecto de Ley,11092-07,Particular,"Artículo 30 ter, contenido en el numeral 12) del artículo primero del proyecto, en los términos sugeridos por la Comisión de Constitución.",Segundo Trámite,Primer Informe,1980-12-13,1,Masculino,10,2026-03-10 23:59:59,,True,PDG,Partido de la Gente,PDG
1156,Hernán,Palma,Pérez,1,Afirmativo,20633,Boletín N° 11092-07,2023-05-08 19:11:56,94,39,2,0,1,Quórum Simple,1,Aprobado,1,Proyecto de Ley,11092-07,Particular,"Artículo 30 ter, contenido en el numeral 12) del artículo primero del proyecto, en los términos sugeridos por la Comisión de Constitución.",Segundo Trámite,Primer Informe,1958-11-03,1,Masculino,10,2026-03-10 23:59:59,,True,IND,Independientes,IND
1158,Víctor Alejandro,Pino,Fuentes,0,En Contra,20633,Boletín N° 11092-07,2023-05-08 19:11:56,94,39,2,0,1,Quórum Simple,1,Aprobado,1,Proyecto de Ley,11092-07,Particular,"Artículo 30 ter, contenido en el numeral 12) del artículo primero del proyecto, en los términos sugeridos por la Comisión de Constitución.",Segundo Trámite,Primer Informe,1974-12-08,1,Masculino,10,2026-03-10 23:59:59,,True,IND,Independientes,IND
1159,Lorena,Pizarro,Sierra,1,Afirmativo,20633,Boletín N° 11092-07,2023-05-08 19:11:56,94,39,2,0,1,Quórum Simple,1,Aprobado,1,Proyecto de Ley,11092-07,Particular,"Artículo 30 ter, contenido en el numeral 12) del artículo primero del proyecto, en los términos sugeridos por la Comisión de Constitución.",Segundo Trámite,Primer Informe,1966-02-14,0,Femenino,10,2026-03-10 23:59:59,,True,PC,Partido Comunista,PC
1160,Alejandra,Placencia,Cabello,1,Afirmativo,20633,Boletín N° 11092-07,2023-05-08 19:11:56,94,39,2,0,1,Quórum Simple,1,Aprobado,1,Proyecto de Ley,11092-07,Particular,"Artículo 30 ter, contenido en el numeral 12) del artículo primero del proyecto, en los términos sugeridos por la Comisión de Constitución.",Segundo Trámite,Primer Informe,1978-02-14,0,Femenino,10,2026-03-10 23:59:59,,True,PC,Partido Comunista,PC
1161,Francisco,Pulgar,Castillo,1,Afirmativo,20633,Boletín N° 11092-07,2023-05-08 19:11:56,94,39,2,0,1,Quórum Simple,1,Aprobado,1,Proyecto de Ley,11092-07,Particular,"Artículo 30 ter, contenido en el numeral 12) del artículo primero del proyecto, en los términos sugeridos por la Comisión de Constitución.",Segundo Trámite,Primer Informe,1971-05-27,1,Masculino,10,2026-03-10 23:59:59,,True,IND,Independientes,IND
1162,Matías,Ramírez,Pascal,1,Afirmativo,20633,Boletín N° 11092-07,2023-05-08 19:11:56,94,39,2,0,1,Quórum Simple,1,Aprobado,1,Proyecto de Ley,11092-07,Particular,"Artículo 30 ter, contenido en el numeral 12) del artículo primero del proyecto, en los términos sugeridos por la Comisión de Constitución.",Segundo Trámite,Primer Informe,1984-11-14,1,Masculino,10,2026-03-10 23:59:59,,True,PC,Partido Comunista,PC
1163,Marcia,Raphael,Mora,1,Afirmativo,20633,Boletín N° 11092-07,2023-05-08 19:11:56,94,39,2,0,1,Quórum Simple,1,Aprobado,1,Proyecto de Ley,11092-07,Particular,"Artículo 30 ter, contenido en el numeral 12) del artículo primero del proyecto, en los términos sugeridos por la Comisión de Constitución.",Segundo Trámite,Primer Informe,1963-12-06,0,Femenino,10,2026-03-10 23:59:59,,True,RN,Renovación Nacional,RN
1164,Marcela,Riquelme,Aliaga,1,Afirmativo,20633,Boletín N° 11092-07,2023-05-08 19:11:56,94,39,2,0,1,Quórum Simple,1,Aprobado,1,Proyecto de Ley,11092-07,Particular,"Artículo 30 ter, contenido en el numeral 12) del artículo primero del proyecto, en los términos sugeridos por la Comisión de Constitución.",Segundo Trámite,Primer Informe,1973-03-04,0,Femenino,10,2026-03-10 23:59:59,,True,IND,Independientes,IND
1165,Agustín,Romero,Leiva,0,En Contra,20633,Boletín N° 11092-07,2023-05-08 19:11:56,94,39,2,0,1,Quórum Simple,1,Aprobado,1,Proyecto de Ley,11092-07,Particular,"Artículo 30 ter, contenido en el numeral 12) del artículo primero del proyecto, en los términos sugeridos por la Comisión de Constitución.",Segundo Trámite,Primer Informe,1975-01-03,1,Masculino,10,2026-03-10 23:59:59,,True,PREP,Partido Republicano,PREP
1166,Natalia,Romero,Talguia,1,Afirmativo,20633,Boletín N° 11092-07,2023-05-08 19:11:56,94,39,2,0,1,Quórum Simple,1,Aprobado,1,Proyecto de Ley,11092-07,Particular,"Artículo 30 ter, contenido en el numeral 12) del artículo primero del proyecto, en los términos sugeridos por la Comisión de Constitución.",Segundo Trámite,Primer Informe,1985-06-29,0,Femenino,10,2026-03-10 23:59:59,,True,IND,Independientes,IND
1167,Jaime,Sáez,Quiroz,1,Afirmativo,20633,Boletín N° 11092-07,2023-05-08 19:11:56,94,39,2,0,1,Quórum Simple,1,Aprobado,1,Proyecto de Ley,11092-07,Particular,"Artículo 30 ter, contenido en el numeral 12) del artículo primero del proyecto, en los términos sugeridos por la Comisión de Constitución.",Segundo Trámite,Primer Informe,1985-12-09,1,Masculino,10,2026-03-10 23:59:59,,True,RD,Revolución Democrática,RD
1168,Jorge,Saffirio,Espinoza,1,Afirmativo,20633,Boletín N° 11092-07,2023-05-08 19:11:56,94,39,2,0,1,Quórum Simple,1,Aprobado,1,Proyecto de Ley,11092-07,Particular,"Artículo 30 ter, contenido en el numeral 12) del artículo primero del proyecto, en los términos sugeridos por la Comisión de Constitución.",Segundo Trámite,Primer Informe,1953-06-09,1,Masculino,10,2026-03-10 23:59:59,,True,IND,Independientes,IND
1169,Clara,Sagardía,Cabezas,1,Afirmativo,20633,Boletín N° 11092-07,2023-05-08 19:11:56,94,39,2,0,1,Quórum Simple,1,Aprobado,1,Proyecto de Ley,11092-07,Particular,"Artículo 30 ter, contenido en el numeral 12) del artículo primero del proyecto, en los términos sugeridos por la Comisión de Constitución.",Segundo Trámite,Primer Informe,1952-08-13,0,Femenino,10,2026-03-10 23:59:59,,True,IND,Independientes,IND
1170,Luis,Sánchez,Ossa,0,En Contra,20633,Boletín N° 11092-07,2023-05-08 19:11:56,94,39,2,0,1,Quórum Simple,1,Aprobado,1,Proyecto de Ley,11092-07,Particular,"Artículo 30 ter, contenido en el numeral 12) del artículo primero del proyecto, en los términos sugeridos por la Comisión de Constitución.",Segundo Trámite,Primer Informe,1988-10-04,1,Masculino,10,2026-03-10 23:59:59,,True,PREP,Partido Republicano,PREP
1171,Emilia,Schneider,Videla,1,Afirmativo,20633,Boletín N° 11092-07,2023-05-08 19:11:56,94,39,2,0,1,Quórum Simple,1,Aprobado,1,Proyecto de Ley,11092-07,Particular,"Artículo 30 ter, contenido en el numeral 12) del artículo primero del proyecto, en los términos sugeridos por la Comisión de Constitución.",Segundo Trámite,Primer Informe,1996-10-23,0,Femenino,10,2026-03-10 23:59:59,,True,PCS,Partido Convergencia Social,PCS
1172,Stephan,Schubert,Rubio,0,En Contra,20633,Boletín N° 11092-07,2023-05-08 19:11:56,94,39,2,0,1,Quórum Simple,1,Aprobado,1,Proyecto de Ley,11092-07,Particular,"Artículo 30 ter, contenido en el numeral 12) del artículo primero del proyecto, en los términos sugeridos por la Comisión de Constitución.",Segundo Trámite,Primer Informe,1977-12-19,1,Masculino,10,2026-03-10 23:59:59,,True,IND,Independientes,IND
1173,Daniela,Serrano,Salazar,1,Afirmativo,20633,Boletín N° 11092-07,2023-05-08 19:11:56,94,39,2,0,1,Quórum Simple,1,Aprobado,1,Proyecto de Ley,11092-07,Particular,"Artículo 30 ter, contenido en el numeral 12) del artículo primero del proyecto, en los términos sugeridos por la Comisión de Constitución.",Segundo Trámite,Primer Informe,1995-03-17,0,Femenino,10,2026-03-10 23:59:59,,True,PC,Partido Comunista,PC
1174,Marco Antonio,Sulantay,Olivares,0,En Contra,20633,Boletín N° 11092-07,2023-05-08 19:11:56,94,39,2,0,1,Quórum Simple,1,Aprobado,1,Proyecto de Ley,11092-07,Particular,"Artículo 30 ter, contenido en el numeral 12) del artículo primero del proyecto, en los términos sugeridos por la Comisión de Constitución.",Segundo Trámite,Primer Informe,1973-03-31,1,Masculino,10,2026-03-10 23:59:59,,True,UDI,Unión Demócrata Independiente,UDI
1175,Cristián,Tapia,Ramos,1,Afirmativo,20633,Boletín N° 11092-07,2023-05-08 19:11:56,94,39,2,0,1,Quórum Simple,1,Aprobado,1,Proyecto de Ley,11092-07,Particular,"Artículo 30 ter, contenido en el numeral 12) del artículo primero del proyecto, en los términos sugeridos por la Comisión de Constitución.",Segundo Trámite,Primer Informe,1968-07-14,1,Masculino,10,2026-03-10 23:59:59,,True,IND,Independientes,IND
1176,Hotuiti,Teao,Drago,0,En Contra,20633,Boletín N° 11092-07,2023-05-08 19:11:56,94,39,2,0,1,Quórum Simple,1,Aprobado,1,Proyecto de Ley,11092-07,Particular,"Artículo 30 ter, contenido en el numeral 12) del artículo primero del proyecto, en los términos sugeridos por la Comisión de Constitución.",Segundo Trámite,Primer Informe,1977-08-01,1,Masculino,10,2026-03-10 23:59:59,,True,IND,Independientes,IND
1177,Carolina,Tello,Rojas,1,Afirmativo,20633,Boletín N° 11092-07,2023-05-08 19:11:56,94,39,2,0,1,Quórum Simple,1,Aprobado,1,Proyecto de Ley,11092-07,Particular,"Artículo 30 ter, contenido en el numeral 12) del artículo primero del proyecto, en los términos sugeridos por la Comisión de Constitución.",Segundo Trámite,Primer Informe,1985-10-01,0,Femenino,10,2026-03-10 23:59:59,,True,PC,Partido Comunista,PC
1178,Héctor,Ulloa,Aguilera,1,Afirmativo,20633,Boletín N° 11092-07,2023-05-08 19:11:56,94,39,2,0,1,Quórum Simple,1,Aprobado,1,Proyecto de Ley,11092-07,Particular,"Artículo 30 ter, contenido en el numeral 12) del artículo primero del proyecto, en los términos sugeridos por la Comisión de Constitución.",Segundo Trámite,Primer Informe,1969-08-06,1,Masculino,10,2026-03-10 23:59:59,,True,IND,Independientes,IND
1179,Alberto,Undurraga,Vicuña,1,Afirmativo,20633,Boletín N° 11092-07,2023-05-08 19:11:56,94,39,2,0,1,Quórum Simple,1,Aprobado,1,Proyecto de Ley,11092-07,Particular,"Artículo 30 ter, contenido en el numeral 12) del artículo primero del proyecto, en los términos sugeridos por la Comisión de Constitución.",Segundo Trámite,Primer Informe,1969-06-17,1,Masculino,10,2026-03-10 23:59:59,,True,DC,Partido Demócrata Cristiano,DC
1180,Consuelo,Veloso,Ávila,1,Afirmativo,20633,Boletín N° 11092-07,2023-05-08 19:11:56,94,39,2,0,1,Quórum Simple,1,Aprobado,1,Proyecto de Ley,11092-07,Particular,"Artículo 30 ter, contenido en el numeral 12) del artículo primero del proyecto, en los términos sugeridos por la Comisión de Constitución.",Segundo Trámite,Primer Informe,1994-02-11,0,Femenino,10,2026-03-10 23:59:59,,True,RD,Revolución Democrática,RD
1182,Sebastián,Videla,Castillo,1,Afirmativo,20633,Boletín N° 11092-07,2023-05-08 19:11:56,94,39,2,0,1,Quórum Simple,1,Aprobado,1,Proyecto de Ley,11092-07,Particular,"Artículo 30 ter, contenido en el numeral 12) del artículo primero del proyecto, en los términos sugeridos por la Comisión de Constitución.",Segundo Trámite,Primer Informe,1986-04-29,1,Masculino,10,2026-03-10 23:59:59,,True,IND,Independientes,IND
1183,Flor,Weisse,Novoa,0,En Contra,20633,Boletín N° 11092-07,2023-05-08 19:11:56,94,39,2,0,1,Quórum Simple,1,Aprobado,1,Proyecto de Ley,11092-07,Particular,"Artículo 30 ter, contenido en el numeral 12) del artículo primero del proyecto, en los términos sugeridos por la Comisión de Constitución.",Segundo Trámite,Primer Informe,1960-03-27,0,Femenino,10,2026-03-10 23:59:59,,True,UDI,Unión Demócrata Independiente,UDI
74,Jaime,Naranjo,Ortiz,1,Afirmativo,20633,Boletín N° 11092-07,2023-05-08 19:11:56,94,39,2,0,1,Quórum Simple,1,Aprobado,1,Proyecto de Ley,11092-07,Particular,"Artículo 30 ter, contenido en el numeral 12) del artículo primero del proyecto, en los términos sugeridos por la Comisión de Constitución.",Segundo Trámite,Primer Informe,1951-01-12,1,Masculino,10,2026-03-10 23:59:59,,True,PS,Partido Socialista,PS
803,René,Alinco,Bustos,1,Afirmativo,20633,Boletín N° 11092-07,2023-05-08 19:11:56,94,39,2,0,1,Quórum Simple,1,Aprobado,1,Proyecto de Ley,11092-07,Particular,"Artículo 30 ter, contenido en el numeral 12) del artículo primero del proyecto, en los términos sugeridos por la Comisión de Constitución.",Segundo Trámite,Primer Informe,1958-06-02,1,Masculino,10,2026-03-10 23:59:59,,True,IND,Independientes,IND
815,Sergio,Bobadilla,Muñoz,0,En Contra,20633,Boletín N° 11092-07,2023-05-08 19:11:56,94,39,2,0,1,Quórum Simple,1,Aprobado,1,Proyecto de Ley,11092-07,Particular,"Artículo 30 ter, contenido en el numeral 12) del artículo primero del proyecto, en los términos sugeridos por la Comisión de Constitución.",Segundo Trámite,Primer Informe,1958-03-25,1,Masculino,10,2026-03-10 23:59:59,,True,UDI,Unión Demócrata Independiente,UDI
917,Gastón,Von Mühlenbrock,Zamora,0,En Contra,20633,Boletín N° 11092-07,2023-05-08 19:11:56,94,39,2,0,1,Quórum Simple,1,Aprobado,1,Proyecto de Ley,11092-07,Particular,"Artículo 30 ter, contenido en el numeral 12) del artículo primero del proyecto, en los términos sugeridos por la Comisión de Constitución.",Segundo Trámite,Primer Informe,1954-12-26,1,Masculino,10,2026-03-10 23:59:59,,True,UDI,Unión Demócrata Independiente,UDI
948,Gaspar,Rivas,Sánchez,1,Afirmativo,20633,Boletín N° 11092-07,2023-05-08 19:11:56,94,39,2,0,1,Quórum Simple,1,Aprobado,1,Proyecto de Ley,11092-07,Particular,"Artículo 30 ter, contenido en el numeral 12) del artículo primero del proyecto, en los términos sugeridos por la Comisión de Constitución.",Segundo Trámite,Primer Informe,1978-05-17,1,Masculino,10,2026-03-10 23:59:59,,True,PDG,Partido de la Gente,PDG
953,Frank,Sauerbaum,Muñoz,1,Afirmativo,20633,Boletín N° 11092-07,2023-05-08 19:11:56,94,39,2,0,1,Quórum Simple,1,Aprobado,1,Proyecto de Ley,11092-07,Particular,"Artículo 30 ter, contenido en el numeral 12) del artículo primero del proyecto, en los términos sugeridos por la Comisión de Constitución.",Segundo Trámite,Primer Informe,1972-11-21,1,Masculino,10,2026-03-10 23:59:59,,True,RN,Renovación Nacional,RN
971,Bernardo,Berger,Fett,1,Afirmativo,20633,Boletín N° 11092-07,2023-05-08 19:11:56,94,39,2,0,1,Quórum Simple,1,Aprobado,1,Proyecto de Ley,11092-07,Particular,"Artículo 30 ter, contenido en el numeral 12) del artículo primero del proyecto, en los términos sugeridos por la Comisión de Constitución.",Segundo Trámite,Primer Informe,1946-10-04,1,Masculino,10,2026-03-10 23:59:59,,True,IND,Independientes,IND
973,Karol,Cariola,Oliva,1,Afirmativo,20633,Boletín N° 11092-07,2023-05-08 19:11:56,94,39,2,0,1,Quórum Simple,1,Aprobado,1,Proyecto de Ley,11092-07,Particular,"Artículo 30 ter, contenido en el numeral 12) del artículo primero del proyecto, en los términos sugeridos por la Comisión de Constitución.",Segundo Trámite,Primer Informe,1987-04-01,0,Femenino,10,2026-03-10 23:59:59,,True,PC,Partido Comunista,PC
975,Daniella,Cicardini,Milla,1,Afirmativo,20633,Boletín N° 11092-07,2023-05-08 19:11:56,94,39,2,0,1,Quórum Simple,1,Aprobado,1,Proyecto de Ley,11092-07,Particular,"Artículo 30 ter, contenido en el numeral 12) del artículo primero del proyecto, en los términos sugeridos por la Comisión de Constitución.",Segundo Trámite,Primer Informe,1987-12-31,0,Femenino,10,2026-03-10 23:59:59,,True,PS,Partido Socialista,PS
976,Juan Antonio,Coloma,Álamos,0,En Contra,20633,Boletín N° 11092-07,2023-05-08 19:11:56,94,39,2,0,1,Quórum Simple,1,Aprobado,1,Proyecto de Ley,11092-07,Particular,"Artículo 30 ter, contenido en el numeral 12) del artículo primero del proyecto, en los términos sugeridos por la Comisión de Constitución.",Segundo Trámite,Primer Informe,1980-03-14,1,Masculino,10,2026-03-10 23:59:59,,True,UDI,Unión Demócrata Independiente,UDI
990,Daniel,Melo,Contreras,1,Afirmativo,20633,Boletín N° 11092-07,2023-05-08 19:11:56,94,39,2,0,1,Quórum Simple,1,Aprobado,1,Proyecto de Ley,11092-07,Particular,"Artículo 30 ter, contenido en el numeral 12) del artículo primero del proyecto, en los términos sugeridos por la Comisión de Constitución.",Segundo Trámite,Primer Informe,1979-02-18,1,Masculino,10,2026-03-10 23:59:59,,True,PS,Partido Socialista,PS
991,Vlado,Mirosevic,Verdugo,1,Afirmativo,20633,Boletín N° 11092-07,2023-05-08 19:11:56,94,39,2,0,1,Quórum Simple,1,Aprobado,1,Proyecto de Ley,11092-07,Particular,"Artículo 30 ter, contenido en el numeral 12) del artículo primero del proyecto, en los términos sugeridos por la Comisión de Constitución.",Segundo Trámite,Primer Informe,1987-05-23,1,Masculino,10,2026-03-10 23:59:59,,True,PL,Partido Liberal de Chile,PL
999,Jorge,Rathgeb,Schifferli,1,Afirmativo,20633,Boletín N° 11092-07,2023-05-08 19:11:56,94,39,2,0,1,Quórum Simple,1,Aprobado,1,Proyecto de Ley,11092-07,Particular,"Artículo 30 ter, contenido en el numeral 12) del artículo primero del proyecto, en los términos sugeridos por la Comisión de Constitución.",Segundo Trámite,Primer Informe,1967-12-28,1,Masculino,10,2026-03-10 23:59:59,,True,RN,Renovación Nacional,RN
1002,Leonardo,Soto,Ferrada,1,Afirmativo,20634,Boletín N° 11092-07,2023-05-08 19:12:58,94,40,1,0,1,Quórum Simple,1,Aprobado,1,Proyecto de Ley,11092-07,Particular,"Artículo 30 quáter, contenido en el numeral 12) del artículo primero del proyecto, en los términos sugeridos por la Comisión de Constitución. 
",Segundo Trámite,Primer Informe,1966-05-15,1,Masculino,10,2026-03-10 23:59:59,,True,PS,Partido Socialista,PS
1003,Renzo,Trisotti,Martínez,0,En Contra,20634,Boletín N° 11092-07,2023-05-08 19:12:58,94,40,1,0,1,Quórum Simple,1,Aprobado,1,Proyecto de Ley,11092-07,Particular,"Artículo 30 quáter, contenido en el numeral 12) del artículo primero del proyecto, en los términos sugeridos por la Comisión de Constitución. 
",Segundo Trámite,Primer Informe,1976-03-15,1,Masculino,10,2026-03-10 23:59:59,,True,UDI,Unión Demócrata Independiente,UDI
1009,Jorge,Alessandri,Vergara,0,En Contra,20634,Boletín N° 11092-07,2023-05-08 19:12:58,94,40,1,0,1,Quórum Simple,1,Aprobado,1,Proyecto de Ley,11092-07,Particular,"Artículo 30 quáter, contenido en el numeral 12) del artículo primero del proyecto, en los términos sugeridos por la Comisión de Constitución. 
",Segundo Trámite,Primer Informe,1979-06-08,1,Masculino,10,2026-03-10 23:59:59,,True,UDI,Unión Demócrata Independiente,UDI
1012,Boris,Barrera,Moreno,1,Afirmativo,20634,Boletín N° 11092-07,2023-05-08 19:12:58,94,40,1,0,1,Quórum Simple,1,Aprobado,1,Proyecto de Ley,11092-07,Particular,"Artículo 30 quáter, contenido en el numeral 12) del artículo primero del proyecto, en los términos sugeridos por la Comisión de Constitución. 
",Segundo Trámite,Primer Informe,1970-05-03,1,Masculino,10,2026-03-10 23:59:59,,True,PC,Partido Comunista,PC
1013,Alejandro,Bernales,Maldonado,1,Afirmativo,20634,Boletín N° 11092-07,2023-05-08 19:12:58,94,40,1,0,1,Quórum Simple,1,Aprobado,1,Proyecto de Ley,11092-07,Particular,"Artículo 30 quáter, contenido en el numeral 12) del artículo primero del proyecto, en los términos sugeridos por la Comisión de Constitución. 
",Segundo Trámite,Primer Informe,1979-02-02,1,Masculino,10,2026-03-10 23:59:59,,True,PL,Partido Liberal de Chile,PL
1016,Miguel Ángel,Calisto,Águila,1,Afirmativo,20634,Boletín N° 11092-07,2023-05-08 19:12:58,94,40,1,0,1,Quórum Simple,1,Aprobado,1,Proyecto de Ley,11092-07,Particular,"Artículo 30 quáter, contenido en el numeral 12) del artículo primero del proyecto, en los términos sugeridos por la Comisión de Constitución. 
",Segundo Trámite,Primer Informe,1985-07-19,1,Masculino,10,2026-03-10 23:59:59,,True,IND,Independientes,IND
1017,Álvaro,Carter,Fernández,0,En Contra,20634,Boletín N° 11092-07,2023-05-08 19:12:58,94,40,1,0,1,Quórum Simple,1,Aprobado,1,Proyecto de Ley,11092-07,Particular,"Artículo 30 quáter, contenido en el numeral 12) del artículo primero del proyecto, en los términos sugeridos por la Comisión de Constitución. 
",Segundo Trámite,Primer Informe,1980-10-09,1,Masculino,10,2026-03-10 23:59:59,,True,UDI,Unión Demócrata Independiente,UDI
1019,José Miguel,Castro,Bascuñán,1,Afirmativo,20634,Boletín N° 11092-07,2023-05-08 19:12:58,94,40,1,0,1,Quórum Simple,1,Aprobado,1,Proyecto de Ley,11092-07,Particular,"Artículo 30 quáter, contenido en el numeral 12) del artículo primero del proyecto, en los términos sugeridos por la Comisión de Constitución. 
",Segundo Trámite,Primer Informe,1974-08-05,1,Masculino,10,2026-03-10 23:59:59,,True,RN,Renovación Nacional,RN
1021,Andrés,Celis,Montt,1,Afirmativo,20634,Boletín N° 11092-07,2023-05-08 19:12:58,94,40,1,0,1,Quórum Simple,1,Aprobado,1,Proyecto de Ley,11092-07,Particular,"Artículo 30 quáter, contenido en el numeral 12) del artículo primero del proyecto, en los términos sugeridos por la Comisión de Constitución. 
",Segundo Trámite,Primer Informe,1975-04-08,1,Masculino,10,2026-03-10 23:59:59,,True,RN,Renovación Nacional,RN
1022,Sofía,Cid,Versalovic,0,En Contra,20634,Boletín N° 11092-07,2023-05-08 19:12:58,94,40,1,0,1,Quórum Simple,1,Aprobado,1,Proyecto de Ley,11092-07,Particular,"Artículo 30 quáter, contenido en el numeral 12) del artículo primero del proyecto, en los términos sugeridos por la Comisión de Constitución. 
",Segundo Trámite,Primer Informe,1971-09-29,0,Femenino,10,2026-03-10 23:59:59,,True,RN,Renovación Nacional,RN
1025,Catalina,Del Real,Mihovilovic,0,En Contra,20634,Boletín N° 11092-07,2023-05-08 19:12:58,94,40,1,0,1,Quórum Simple,1,Aprobado,1,Proyecto de Ley,11092-07,Particular,"Artículo 30 quáter, contenido en el numeral 12) del artículo primero del proyecto, en los términos sugeridos por la Comisión de Constitución. 
",Segundo Trámite,Primer Informe,1968-11-07,0,Femenino,10,2026-03-10 23:59:59,,True,RN,Renovación Nacional,RN
1028,Eduardo,Durán,Salinas,2,Abstención,20634,Boletín N° 11092-07,2023-05-08 19:12:58,94,40,1,0,1,Quórum Simple,1,Aprobado,1,Proyecto de Ley,11092-07,Particular,"Artículo 30 quáter, contenido en el numeral 12) del artículo primero del proyecto, en los términos sugeridos por la Comisión de Constitución. 
",Segundo Trámite,Primer Informe,1972-01-01,1,Masculino,10,2026-03-10 23:59:59,,True,RN,Renovación Nacional,RN
1030,Camila,Flores,Oporto,0,En Contra,20634,Boletín N° 11092-07,2023-05-08 19:12:58,94,40,1,0,1,Quórum Simple,1,Aprobado,1,Proyecto de Ley,11092-07,Particular,"Artículo 30 quáter, contenido en el numeral 12) del artículo primero del proyecto, en los términos sugeridos por la Comisión de Constitución. 
",Segundo Trámite,Primer Informe,1987-02-09,0,Femenino,10,2026-03-10 23:59:59,,True,RN,Renovación Nacional,RN
1034,Félix,González,Gatica,1,Afirmativo,20634,Boletín N° 11092-07,2023-05-08 19:12:58,94,40,1,0,1,Quórum Simple,1,Aprobado,1,Proyecto de Ley,11092-07,Particular,"Artículo 30 quáter, contenido en el numeral 12) del artículo primero del proyecto, en los términos sugeridos por la Comisión de Constitución. 
",Segundo Trámite,Primer Informe,1972-05-26,1,Masculino,10,2026-03-10 23:59:59,,True,PEV,Partido Ecologista Verde,PEV
1035,Carmen,Hertz,Cádiz,1,Afirmativo,20634,Boletín N° 11092-07,2023-05-08 19:12:58,94,40,1,0,1,Quórum Simple,1,Aprobado,1,Proyecto de Ley,11092-07,Particular,"Artículo 30 quáter, contenido en el numeral 12) del artículo primero del proyecto, en los términos sugeridos por la Comisión de Constitución. 
",Segundo Trámite,Primer Informe,1945-06-19,0,Femenino,10,2026-03-10 23:59:59,,True,PC,Partido Comunista,PC
1036,Tomás,Hirsch,Goldschmidt,1,Afirmativo,20634,Boletín N° 11092-07,2023-05-08 19:12:58,94,40,1,0,1,Quórum Simple,1,Aprobado,1,Proyecto de Ley,11092-07,Particular,"Artículo 30 quáter, contenido en el numeral 12) del artículo primero del proyecto, en los términos sugeridos por la Comisión de Constitución. 
",Segundo Trámite,Primer Informe,1956-07-19,1,Masculino,10,2026-03-10 23:59:59,,True,PAH,Partido Acción Humanista,PAH
1037,Diego,Ibáñez,Cotroneo,1,Afirmativo,20634,Boletín N° 11092-07,2023-05-08 19:12:58,94,40,1,0,1,Quórum Simple,1,Aprobado,1,Proyecto de Ley,11092-07,Particular,"Artículo 30 quáter, contenido en el numeral 12) del artículo primero del proyecto, en los términos sugeridos por la Comisión de Constitución. 
",Segundo Trámite,Primer Informe,1989-01-25,1,Masculino,10,2026-03-10 23:59:59,,True,PCS,Partido Convergencia Social,PCS
1038,Marcos,Ilabaca,Cerda,1,Afirmativo,20634,Boletín N° 11092-07,2023-05-08 19:12:58,94,40,1,0,1,Quórum Simple,1,Aprobado,1,Proyecto de Ley,11092-07,Particular,"Artículo 30 quáter, contenido en el numeral 12) del artículo primero del proyecto, en los términos sugeridos por la Comisión de Constitución. 
",Segundo Trámite,Primer Informe,1970-10-05,1,Masculino,10,2026-03-10 23:59:59,,True,PS,Partido Socialista,PS
1040,Harry,Jürgensen,Rundshagen,0,En Contra,20634,Boletín N° 11092-07,2023-05-08 19:12:58,94,40,1,0,1,Quórum Simple,1,Aprobado,1,Proyecto de Ley,11092-07,Particular,"Artículo 30 quáter, contenido en el numeral 12) del artículo primero del proyecto, en los términos sugeridos por la Comisión de Constitución. 
",Segundo Trámite,Primer Informe,1968-09-03,1,Masculino,10,2026-03-10 23:59:59,,True,IND,Independientes,IND
1044,Raúl,Leiva,Carvajal,1,Afirmativo,20634,Boletín N° 11092-07,2023-05-08 19:12:58,94,40,1,0,1,Quórum Simple,1,Aprobado,1,Proyecto de Ley,11092-07,Particular,"Artículo 30 quáter, contenido en el numeral 12) del artículo primero del proyecto, en los términos sugeridos por la Comisión de Constitución. 
",Segundo Trámite,Primer Informe,1974-03-24,1,Masculino,10,2026-03-10 23:59:59,,True,PS,Partido Socialista,PS
1046,Andrés,Longton,Herrera,1,Afirmativo,20634,Boletín N° 11092-07,2023-05-08 19:12:58,94,40,1,0,1,Quórum Simple,1,Aprobado,1,Proyecto de Ley,11092-07,Particular,"Artículo 30 quáter, contenido en el numeral 12) del artículo primero del proyecto, en los términos sugeridos por la Comisión de Constitución. 
",Segundo Trámite,Primer Informe,1982-05-26,1,Masculino,10,2026-03-10 23:59:59,,True,RN,Renovación Nacional,RN
1048,Carolina,Marzán,Pinto,1,Afirmativo,20634,Boletín N° 11092-07,2023-05-08 19:12:58,94,40,1,0,1,Quórum Simple,1,Aprobado,1,Proyecto de Ley,11092-07,Particular,"Artículo 30 quáter, contenido en el numeral 12) del artículo primero del proyecto, en los términos sugeridos por la Comisión de Constitución. 
",Segundo Trámite,Primer Informe,1963-12-22,0,Femenino,10,2026-03-10 23:59:59,,True,PPD,Partido Por la Democracia,PPD
1049,Cosme,Mellado,Pino,1,Afirmativo,20634,Boletín N° 11092-07,2023-05-08 19:12:58,94,40,1,0,1,Quórum Simple,1,Aprobado,1,Proyecto de Ley,11092-07,Particular,"Artículo 30 quáter, contenido en el numeral 12) del artículo primero del proyecto, en los términos sugeridos por la Comisión de Constitución. 
",Segundo Trámite,Primer Informe,1960-02-24,1,Masculino,10,2026-03-10 23:59:59,,True,PR,Partido Radical de Chile,PR
1050,Miguel,Mellado,Suazo,1,Afirmativo,20634,Boletín N° 11092-07,2023-05-08 19:12:58,94,40,1,0,1,Quórum Simple,1,Aprobado,1,Proyecto de Ley,11092-07,Particular,"Artículo 30 quáter, contenido en el numeral 12) del artículo primero del proyecto, en los términos sugeridos por la Comisión de Constitución. 
",Segundo Trámite,Primer Informe,1958-12-29,1,Masculino,10,2026-03-10 23:59:59,,True,RN,Renovación Nacional,RN
1054,Francesca,Muñoz,González,1,Afirmativo,20634,Boletín N° 11092-07,2023-05-08 19:12:58,94,40,1,0,1,Quórum Simple,1,Aprobado,1,Proyecto de Ley,11092-07,Particular,"Artículo 30 quáter, contenido en el numeral 12) del artículo primero del proyecto, en los términos sugeridos por la Comisión de Constitución. 
",Segundo Trámite,Primer Informe,1980-03-07,0,Femenino,10,2026-03-10 23:59:59,,True,IND,Independientes,IND
1056,Emilia,Nuyado,Ancapichun,1,Afirmativo,20634,Boletín N° 11092-07,2023-05-08 19:12:58,94,40,1,0,1,Quórum Simple,1,Aprobado,1,Proyecto de Ley,11092-07,Particular,"Artículo 30 quáter, contenido en el numeral 12) del artículo primero del proyecto, en los términos sugeridos por la Comisión de Constitución. 
",Segundo Trámite,Primer Informe,1968-08-17,0,Femenino,10,2026-03-10 23:59:59,,True,PS,Partido Socialista,PS
1057,Erika,Olivera,De La Fuente,1,Afirmativo,20634,Boletín N° 11092-07,2023-05-08 19:12:58,94,40,1,0,1,Quórum Simple,1,Aprobado,1,Proyecto de Ley,11092-07,Particular,"Artículo 30 quáter, contenido en el numeral 12) del artículo primero del proyecto, en los términos sugeridos por la Comisión de Constitución. 
",Segundo Trámite,Primer Informe,1976-01-04,0,Femenino,10,2026-03-10 23:59:59,,True,IND,Independientes,IND
1058,Maite,Orsini,Pascal,1,Afirmativo,20634,Boletín N° 11092-07,2023-05-08 19:12:58,94,40,1,0,1,Quórum Simple,1,Aprobado,1,Proyecto de Ley,11092-07,Particular,"Artículo 30 quáter, contenido en el numeral 12) del artículo primero del proyecto, en los términos sugeridos por la Comisión de Constitución. 
",Segundo Trámite,Primer Informe,1988-02-23,0,Femenino,10,2026-03-10 23:59:59,,True,RD,Revolución Democrática,RD
1059,Ximena,Ossandón,Irarrázabal,1,Afirmativo,20634,Boletín N° 11092-07,2023-05-08 19:12:58,94,40,1,0,1,Quórum Simple,1,Aprobado,1,Proyecto de Ley,11092-07,Particular,"Artículo 30 quáter, contenido en el numeral 12) del artículo primero del proyecto, en los términos sugeridos por la Comisión de Constitución. 
",Segundo Trámite,Primer Informe,1963-12-13,0,Femenino,10,2026-03-10 23:59:59,,True,RN,Renovación Nacional,RN
1062,Joanna,Pérez,Olea,1,Afirmativo,20634,Boletín N° 11092-07,2023-05-08 19:12:58,94,40,1,0,1,Quórum Simple,1,Aprobado,1,Proyecto de Ley,11092-07,Particular,"Artículo 30 quáter, contenido en el numeral 12) del artículo primero del proyecto, en los términos sugeridos por la Comisión de Constitución. 
",Segundo Trámite,Primer Informe,1976-04-01,0,Femenino,10,2026-03-10 23:59:59,,True,IND,Independientes,IND
1065,Guillermo,Ramírez,Diez,0,En Contra,20634,Boletín N° 11092-07,2023-05-08 19:12:58,94,40,1,0,1,Quórum Simple,1,Aprobado,1,Proyecto de Ley,11092-07,Particular,"Artículo 30 quáter, contenido en el numeral 12) del artículo primero del proyecto, en los términos sugeridos por la Comisión de Constitución. 
",Segundo Trámite,Primer Informe,1979-04-16,1,Masculino,10,2026-03-10 23:59:59,,True,UDI,Unión Demócrata Independiente,UDI
1067,Hugo,Rey,Martínez,1,Afirmativo,20634,Boletín N° 11092-07,2023-05-08 19:12:58,94,40,1,0,1,Quórum Simple,1,Aprobado,1,Proyecto de Ley,11092-07,Particular,"Artículo 30 quáter, contenido en el numeral 12) del artículo primero del proyecto, en los términos sugeridos por la Comisión de Constitución. 
",Segundo Trámite,Primer Informe,1973-12-06,1,Masculino,10,2026-03-10 23:59:59,,True,RN,Renovación Nacional,RN
1068,Camila,Rojas,Valderrama,1,Afirmativo,20634,Boletín N° 11092-07,2023-05-08 19:12:58,94,40,1,0,1,Quórum Simple,1,Aprobado,1,Proyecto de Ley,11092-07,Particular,"Artículo 30 quáter, contenido en el numeral 12) del artículo primero del proyecto, en los términos sugeridos por la Comisión de Constitución. 
",Segundo Trámite,Primer Informe,1991-03-11,0,Femenino,10,2026-03-10 23:59:59,,True,COMUNES,Partido Comunes,COMUNES
1073,Juan,Santana,Castillo,1,Afirmativo,20634,Boletín N° 11092-07,2023-05-08 19:12:58,94,40,1,0,1,Quórum Simple,1,Aprobado,1,Proyecto de Ley,11092-07,Particular,"Artículo 30 quáter, contenido en el numeral 12) del artículo primero del proyecto, en los términos sugeridos por la Comisión de Constitución. 
",Segundo Trámite,Primer Informe,1989-09-20,1,Masculino,10,2026-03-10 23:59:59,,True,PS,Partido Socialista,PS
1076,Alexis,Sepúlveda,Soto,1,Afirmativo,20634,Boletín N° 11092-07,2023-05-08 19:12:58,94,40,1,0,1,Quórum Simple,1,Aprobado,1,Proyecto de Ley,11092-07,Particular,"Artículo 30 quáter, contenido en el numeral 12) del artículo primero del proyecto, en los términos sugeridos por la Comisión de Constitución. 
",Segundo Trámite,Primer Informe,1969-12-29,1,Masculino,10,2026-03-10 23:59:59,,True,PR,Partido Radical de Chile,PR
1077,Raúl,Soto,Mardones,1,Afirmativo,20634,Boletín N° 11092-07,2023-05-08 19:12:58,94,40,1,0,1,Quórum Simple,1,Aprobado,1,Proyecto de Ley,11092-07,Particular,"Artículo 30 quáter, contenido en el numeral 12) del artículo primero del proyecto, en los términos sugeridos por la Comisión de Constitución. 
",Segundo Trámite,Primer Informe,1987-11-20,1,Masculino,10,2026-03-10 23:59:59,,True,PPD,Partido Por la Democracia,PPD
1081,Francisco,Undurraga,Gazitúa,1,Afirmativo,20634,Boletín N° 11092-07,2023-05-08 19:12:58,94,40,1,0,1,Quórum Simple,1,Aprobado,1,Proyecto de Ley,11092-07,Particular,"Artículo 30 quáter, contenido en el numeral 12) del artículo primero del proyecto, en los términos sugeridos por la Comisión de Constitución. 
",Segundo Trámite,Primer Informe,1965-09-29,1,Masculino,10,2026-03-10 23:59:59,,True,EVOP,Evolución Política,EVOP
1082,Cristóbal,Urruticoechea,Ríos,0,En Contra,20634,Boletín N° 11092-07,2023-05-08 19:12:58,94,40,1,0,1,Quórum Simple,1,Aprobado,1,Proyecto de Ley,11092-07,Particular,"Artículo 30 quáter, contenido en el numeral 12) del artículo primero del proyecto, en los términos sugeridos por la Comisión de Constitución. 
",Segundo Trámite,Primer Informe,1975-11-21,1,Masculino,10,2026-03-10 23:59:59,,True,PREP,Partido Republicano,PREP
1086,Gonzalo,Winter,Etcheberry,1,Afirmativo,20634,Boletín N° 11092-07,2023-05-08 19:12:58,94,40,1,0,1,Quórum Simple,1,Aprobado,1,Proyecto de Ley,11092-07,Particular,"Artículo 30 quáter, contenido en el numeral 12) del artículo primero del proyecto, en los términos sugeridos por la Comisión de Constitución. 
",Segundo Trámite,Primer Informe,1987-01-06,1,Masculino,10,2026-03-10 23:59:59,,True,PCS,Partido Convergencia Social,PCS
1087,Gael,Yeomans,Araya,1,Afirmativo,20634,Boletín N° 11092-07,2023-05-08 19:12:58,94,40,1,0,1,Quórum Simple,1,Aprobado,1,Proyecto de Ley,11092-07,Particular,"Artículo 30 quáter, contenido en el numeral 12) del artículo primero del proyecto, en los términos sugeridos por la Comisión de Constitución. 
",Segundo Trámite,Primer Informe,1988-12-04,0,Femenino,10,2026-03-10 23:59:59,,True,PCS,Partido Convergencia Social,PCS
1094,Cristian,Labbé,Martínez,0,En Contra,20634,Boletín N° 11092-07,2023-05-08 19:12:58,94,40,1,0,1,Quórum Simple,1,Aprobado,1,Proyecto de Ley,11092-07,Particular,"Artículo 30 quáter, contenido en el numeral 12) del artículo primero del proyecto, en los términos sugeridos por la Comisión de Constitución. 
",Segundo Trámite,Primer Informe,1980-03-06,1,Masculino,10,2026-03-10 23:59:59,,True,UDI,Unión Demócrata Independiente,UDI
1096,María Candelaria,Acevedo,Sáez,1,Afirmativo,20634,Boletín N° 11092-07,2023-05-08 19:12:58,94,40,1,0,1,Quórum Simple,1,Aprobado,1,Proyecto de Ley,11092-07,Particular,"Artículo 30 quáter, contenido en el numeral 12) del artículo primero del proyecto, en los términos sugeridos por la Comisión de Constitución. 
",Segundo Trámite,Primer Informe,1958-09-12,0,Femenino,10,2026-03-10 23:59:59,,True,PC,Partido Comunista,PC
1097,Eric,Aedo,Jeldres,1,Afirmativo,20634,Boletín N° 11092-07,2023-05-08 19:12:58,94,40,1,0,1,Quórum Simple,1,Aprobado,1,Proyecto de Ley,11092-07,Particular,"Artículo 30 quáter, contenido en el numeral 12) del artículo primero del proyecto, en los términos sugeridos por la Comisión de Constitución. 
",Segundo Trámite,Primer Informe,1968-07-13,1,Masculino,10,2026-03-10 23:59:59,,True,DC,Partido Demócrata Cristiano,DC
1098,Yovana,Ahumada,Palma,0,En Contra,20634,Boletín N° 11092-07,2023-05-08 19:12:58,94,40,1,0,1,Quórum Simple,1,Aprobado,1,Proyecto de Ley,11092-07,Particular,"Artículo 30 quáter, contenido en el numeral 12) del artículo primero del proyecto, en los términos sugeridos por la Comisión de Constitución. 
",Segundo Trámite,Primer Informe,1973-02-24,0,Femenino,10,2026-03-10 23:59:59,,True,IND,Independientes,IND
1099,Jaime,Araya,Guerrero,1,Afirmativo,20634,Boletín N° 11092-07,2023-05-08 19:12:58,94,40,1,0,1,Quórum Simple,1,Aprobado,1,Proyecto de Ley,11092-07,Particular,"Artículo 30 quáter, contenido en el numeral 12) del artículo primero del proyecto, en los términos sugeridos por la Comisión de Constitución. 
",Segundo Trámite,Primer Informe,1976-02-04,1,Masculino,10,2026-03-10 23:59:59,,True,IND,Independientes,IND
1100,Cristián,Araya,Lerdo de Tejada,0,En Contra,20634,Boletín N° 11092-07,2023-05-08 19:12:58,94,40,1,0,1,Quórum Simple,1,Aprobado,1,Proyecto de Ley,11092-07,Particular,"Artículo 30 quáter, contenido en el numeral 12) del artículo primero del proyecto, en los términos sugeridos por la Comisión de Constitución. 
",Segundo Trámite,Primer Informe,1988-09-30,1,Masculino,10,2026-03-10 23:59:59,,True,PREP,Partido Republicano,PREP
1101,Mónica,Arce,Castro,1,Afirmativo,20634,Boletín N° 11092-07,2023-05-08 19:12:58,94,40,1,0,1,Quórum Simple,1,Aprobado,1,Proyecto de Ley,11092-07,Particular,"Artículo 30 quáter, contenido en el numeral 12) del artículo primero del proyecto, en los términos sugeridos por la Comisión de Constitución. 
",Segundo Trámite,Primer Informe,1976-03-02,0,Femenino,10,2026-03-10 23:59:59,,True,IND,Independientes,IND
1102,Roberto,Arroyo,Muñoz,0,En Contra,20634,Boletín N° 11092-07,2023-05-08 19:12:58,94,40,1,0,1,Quórum Simple,1,Aprobado,1,Proyecto de Ley,11092-07,Particular,"Artículo 30 quáter, contenido en el numeral 12) del artículo primero del proyecto, en los términos sugeridos por la Comisión de Constitución. 
",Segundo Trámite,Primer Informe,1963-11-29,1,Masculino,10,2026-03-10 23:59:59,,True,PDG,Partido de la Gente,PDG
1103,Danisa,Astudillo,Peiretti,1,Afirmativo,20634,Boletín N° 11092-07,2023-05-08 19:12:58,94,40,1,0,1,Quórum Simple,1,Aprobado,1,Proyecto de Ley,11092-07,Particular,"Artículo 30 quáter, contenido en el numeral 12) del artículo primero del proyecto, en los términos sugeridos por la Comisión de Constitución. 
",Segundo Trámite,Primer Informe,1975-05-03,0,Femenino,10,2026-03-10 23:59:59,,True,PS,Partido Socialista,PS
1104,Chiara,Barchiesi,Chávez,0,En Contra,20634,Boletín N° 11092-07,2023-05-08 19:12:58,94,40,1,0,1,Quórum Simple,1,Aprobado,1,Proyecto de Ley,11092-07,Particular,"Artículo 30 quáter, contenido en el numeral 12) del artículo primero del proyecto, en los términos sugeridos por la Comisión de Constitución. 
",Segundo Trámite,Primer Informe,1996-12-22,0,Femenino,10,2026-03-10 23:59:59,,True,PREP,Partido Republicano,PREP
1105,Héctor,Barría,Angulo,1,Afirmativo,20634,Boletín N° 11092-07,2023-05-08 19:12:58,94,40,1,0,1,Quórum Simple,1,Aprobado,1,Proyecto de Ley,11092-07,Particular,"Artículo 30 quáter, contenido en el numeral 12) del artículo primero del proyecto, en los términos sugeridos por la Comisión de Constitución. 
",Segundo Trámite,Primer Informe,1980-04-24,1,Masculino,10,2026-03-10 23:59:59,,True,DC,Partido Demócrata Cristiano,DC
1106,Miguel Ángel,Becker,Alvear,1,Afirmativo,20634,Boletín N° 11092-07,2023-05-08 19:12:58,94,40,1,0,1,Quórum Simple,1,Aprobado,1,Proyecto de Ley,11092-07,Particular,"Artículo 30 quáter, contenido en el numeral 12) del artículo primero del proyecto, en los términos sugeridos por la Comisión de Constitución. 
",Segundo Trámite,Primer Informe,1960-10-07,1,Masculino,10,2026-03-10 23:59:59,,True,RN,Renovación Nacional,RN
1107,María Francisca,Bello,Campos,1,Afirmativo,20634,Boletín N° 11092-07,2023-05-08 19:12:58,94,40,1,0,1,Quórum Simple,1,Aprobado,1,Proyecto de Ley,11092-07,Particular,"Artículo 30 quáter, contenido en el numeral 12) del artículo primero del proyecto, en los términos sugeridos por la Comisión de Constitución. 
",Segundo Trámite,Primer Informe,1987-09-17,0,Femenino,10,2026-03-10 23:59:59,,True,PCS,Partido Convergencia Social,PCS
1108,Juan Carlos,Beltrán,Silva,1,Afirmativo,20634,Boletín N° 11092-07,2023-05-08 19:12:58,94,40,1,0,1,Quórum Simple,1,Aprobado,1,Proyecto de Ley,11092-07,Particular,"Artículo 30 quáter, contenido en el numeral 12) del artículo primero del proyecto, en los términos sugeridos por la Comisión de Constitución. 
",Segundo Trámite,Primer Informe,1962-12-19,1,Masculino,10,2026-03-10 23:59:59,,True,RN,Renovación Nacional,RN
1109,Gustavo,Benavente,Vergara,0,En Contra,20634,Boletín N° 11092-07,2023-05-08 19:12:58,94,40,1,0,1,Quórum Simple,1,Aprobado,1,Proyecto de Ley,11092-07,Particular,"Artículo 30 quáter, contenido en el numeral 12) del artículo primero del proyecto, en los términos sugeridos por la Comisión de Constitución. 
",Segundo Trámite,Primer Informe,1966-08-13,1,Masculino,10,2026-03-10 23:59:59,,True,UDI,Unión Demócrata Independiente,UDI
1110,Carlos,Bianchi,Chelech,1,Afirmativo,20634,Boletín N° 11092-07,2023-05-08 19:12:58,94,40,1,0,1,Quórum Simple,1,Aprobado,1,Proyecto de Ley,11092-07,Particular,"Artículo 30 quáter, contenido en el numeral 12) del artículo primero del proyecto, en los términos sugeridos por la Comisión de Constitución. 
",Segundo Trámite,Primer Informe,1960-11-04,1,Masculino,10,2026-03-10 23:59:59,,True,IND,Independientes,IND
1111,Fernando,Bórquez,Montecinos,0,En Contra,20634,Boletín N° 11092-07,2023-05-08 19:12:58,94,40,1,0,1,Quórum Simple,1,Aprobado,1,Proyecto de Ley,11092-07,Particular,"Artículo 30 quáter, contenido en el numeral 12) del artículo primero del proyecto, en los términos sugeridos por la Comisión de Constitución. 
",Segundo Trámite,Primer Informe,1968-06-06,1,Masculino,10,2026-03-10 23:59:59,,True,UDI,Unión Demócrata Independiente,UDI
1112,Ana María,Bravo,Castro,1,Afirmativo,20634,Boletín N° 11092-07,2023-05-08 19:12:58,94,40,1,0,1,Quórum Simple,1,Aprobado,1,Proyecto de Ley,11092-07,Particular,"Artículo 30 quáter, contenido en el numeral 12) del artículo primero del proyecto, en los términos sugeridos por la Comisión de Constitución. 
",Segundo Trámite,Primer Informe,1973-12-03,0,Femenino,10,2026-03-10 23:59:59,,True,PS,Partido Socialista,PS
1113,Marta,Bravo,Salinas,0,En Contra,20634,Boletín N° 11092-07,2023-05-08 19:12:58,94,40,1,0,1,Quórum Simple,1,Aprobado,1,Proyecto de Ley,11092-07,Particular,"Artículo 30 quáter, contenido en el numeral 12) del artículo primero del proyecto, en los términos sugeridos por la Comisión de Constitución. 
",Segundo Trámite,Primer Informe,1976-02-25,0,Femenino,10,2026-03-10 23:59:59,,True,UDI,Unión Demócrata Independiente,UDI
1114,Félix,Bugueño,Sotelo,1,Afirmativo,20634,Boletín N° 11092-07,2023-05-08 19:12:58,94,40,1,0,1,Quórum Simple,1,Aprobado,1,Proyecto de Ley,11092-07,Particular,"Artículo 30 quáter, contenido en el numeral 12) del artículo primero del proyecto, en los términos sugeridos por la Comisión de Constitución. 
",Segundo Trámite,Primer Informe,1973-05-18,1,Masculino,10,2026-03-10 23:59:59,,True,FRVS,Federación Regionalista Verde Social,FRVS
1115,Mercedes,Bulnes,Núñez,1,Afirmativo,20634,Boletín N° 11092-07,2023-05-08 19:12:58,94,40,1,0,1,Quórum Simple,1,Aprobado,1,Proyecto de Ley,11092-07,Particular,"Artículo 30 quáter, contenido en el numeral 12) del artículo primero del proyecto, en los términos sugeridos por la Comisión de Constitución. 
",Segundo Trámite,Primer Informe,1950-06-06,0,Femenino,10,2024-11-22 00:00:00,,True,IND,Independientes,IND
1116,Felipe,Camaño,Cárdenas,1,Afirmativo,20634,Boletín N° 11092-07,2023-05-08 19:12:58,94,40,1,0,1,Quórum Simple,1,Aprobado,1,Proyecto de Ley,11092-07,Particular,"Artículo 30 quáter, contenido en el numeral 12) del artículo primero del proyecto, en los términos sugeridos por la Comisión de Constitución. 
",Segundo Trámite,Primer Informe,1991-08-21,1,Masculino,10,2026-03-10 23:59:59,,True,IND,Independientes,IND
1117,Nathalie,Castillo,Rojas,1,Afirmativo,20634,Boletín N° 11092-07,2023-05-08 19:12:58,94,40,1,0,1,Quórum Simple,1,Aprobado,1,Proyecto de Ley,11092-07,Particular,"Artículo 30 quáter, contenido en el numeral 12) del artículo primero del proyecto, en los términos sugeridos por la Comisión de Constitución. 
",Segundo Trámite,Primer Informe,1983-07-02,0,Femenino,10,2026-03-10 23:59:59,,True,PC,Partido Comunista,PC
1118,Ricardo,Cifuentes,Lillo,1,Afirmativo,20634,Boletín N° 11092-07,2023-05-08 19:12:58,94,40,1,0,1,Quórum Simple,1,Aprobado,1,Proyecto de Ley,11092-07,Particular,"Artículo 30 quáter, contenido en el numeral 12) del artículo primero del proyecto, en los términos sugeridos por la Comisión de Constitución. 
",Segundo Trámite,Primer Informe,1962-09-12,1,Masculino,10,2026-03-10 23:59:59,,True,DC,Partido Demócrata Cristiano,DC
1119,Sara,Concha,Smith,1,Afirmativo,20634,Boletín N° 11092-07,2023-05-08 19:12:58,94,40,1,0,1,Quórum Simple,1,Aprobado,1,Proyecto de Ley,11092-07,Particular,"Artículo 30 quáter, contenido en el numeral 12) del artículo primero del proyecto, en los términos sugeridos por la Comisión de Constitución. 
",Segundo Trámite,Primer Informe,1995-09-09,0,Femenino,10,2026-03-10 23:59:59,,True,PSC,Partido Social Cristiano,PSC
1120,María Luisa,Cordero,Velásquez,1,Afirmativo,20634,Boletín N° 11092-07,2023-05-08 19:12:58,94,40,1,0,1,Quórum Simple,1,Aprobado,1,Proyecto de Ley,11092-07,Particular,"Artículo 30 quáter, contenido en el numeral 12) del artículo primero del proyecto, en los términos sugeridos por la Comisión de Constitución. 
",Segundo Trámite,Primer Informe,1943-01-23,0,Femenino,10,2026-03-10 23:59:59,,True,IND,Independientes,IND
1121,Eduardo,Cornejo,Lagos,0,En Contra,20634,Boletín N° 11092-07,2023-05-08 19:12:58,94,40,1,0,1,Quórum Simple,1,Aprobado,1,Proyecto de Ley,11092-07,Particular,"Artículo 30 quáter, contenido en el numeral 12) del artículo primero del proyecto, en los términos sugeridos por la Comisión de Constitución. 
",Segundo Trámite,Primer Informe,1972-01-12,1,Masculino,10,2026-03-10 23:59:59,,True,UDI,Unión Demócrata Independiente,UDI
1122,Luis Alberto,Cuello,Peña y Lillo,1,Afirmativo,20634,Boletín N° 11092-07,2023-05-08 19:12:58,94,40,1,0,1,Quórum Simple,1,Aprobado,1,Proyecto de Ley,11092-07,Particular,"Artículo 30 quáter, contenido en el numeral 12) del artículo primero del proyecto, en los términos sugeridos por la Comisión de Constitución. 
",Segundo Trámite,Primer Informe,1977-01-24,1,Masculino,10,2026-03-10 23:59:59,,True,PC,Partido Comunista,PC
1123,Gonzalo,De la Carrera,Correa,0,En Contra,20634,Boletín N° 11092-07,2023-05-08 19:12:58,94,40,1,0,1,Quórum Simple,1,Aprobado,1,Proyecto de Ley,11092-07,Particular,"Artículo 30 quáter, contenido en el numeral 12) del artículo primero del proyecto, en los términos sugeridos por la Comisión de Constitución. 
",Segundo Trámite,Primer Informe,1962-01-13,1,Masculino,10,2026-03-10 23:59:59,,True,IND,Independientes,IND
1124,Tomás,De Rementería,Venegas,1,Afirmativo,20634,Boletín N° 11092-07,2023-05-08 19:12:58,94,40,1,0,1,Quórum Simple,1,Aprobado,1,Proyecto de Ley,11092-07,Particular,"Artículo 30 quáter, contenido en el numeral 12) del artículo primero del proyecto, en los términos sugeridos por la Comisión de Constitución. 
",Segundo Trámite,Primer Informe,1987-03-17,1,Masculino,10,2025-05-05 23:59:59,,True,PS,Partido Socialista,PS
1125,Viviana,Delgado,Riquelme,1,Afirmativo,20634,Boletín N° 11092-07,2023-05-08 19:12:58,94,40,1,0,1,Quórum Simple,1,Aprobado,1,Proyecto de Ley,11092-07,Particular,"Artículo 30 quáter, contenido en el numeral 12) del artículo primero del proyecto, en los términos sugeridos por la Comisión de Constitución. 
",Segundo Trámite,Primer Informe,1973-09-04,0,Femenino,10,2026-03-10 23:59:59,,True,IND,Independientes,IND
1126,Felipe,Donoso,Castro,0,En Contra,20634,Boletín N° 11092-07,2023-05-08 19:12:58,94,40,1,0,1,Quórum Simple,1,Aprobado,1,Proyecto de Ley,11092-07,Particular,"Artículo 30 quáter, contenido en el numeral 12) del artículo primero del proyecto, en los términos sugeridos por la Comisión de Constitución. 
",Segundo Trámite,Primer Informe,1982-12-12,1,Masculino,10,2026-03-10 23:59:59,,True,UDI,Unión Demócrata Independiente,UDI
1127,Lorena,Fries,Monleón,1,Afirmativo,20634,Boletín N° 11092-07,2023-05-08 19:12:58,94,40,1,0,1,Quórum Simple,1,Aprobado,1,Proyecto de Ley,11092-07,Particular,"Artículo 30 quáter, contenido en el numeral 12) del artículo primero del proyecto, en los términos sugeridos por la Comisión de Constitución. 
",Segundo Trámite,Primer Informe,1960-04-01,0,Femenino,10,2026-03-10 23:59:59,,True,PCS,Partido Convergencia Social,PCS
1128,Ana María,Gazmuri,Vieira,1,Afirmativo,20634,Boletín N° 11092-07,2023-05-08 19:12:58,94,40,1,0,1,Quórum Simple,1,Aprobado,1,Proyecto de Ley,11092-07,Particular,"Artículo 30 quáter, contenido en el numeral 12) del artículo primero del proyecto, en los términos sugeridos por la Comisión de Constitución. 
",Segundo Trámite,Primer Informe,1966-01-22,0,Femenino,10,2026-03-10 23:59:59,,True,PAH,Partido Acción Humanista,PAH
1129,Andrés,Giordano,Salazar,1,Afirmativo,20634,Boletín N° 11092-07,2023-05-08 19:12:58,94,40,1,0,1,Quórum Simple,1,Aprobado,1,Proyecto de Ley,11092-07,Particular,"Artículo 30 quáter, contenido en el numeral 12) del artículo primero del proyecto, en los términos sugeridos por la Comisión de Constitución. 
",Segundo Trámite,Primer Informe,1986-12-29,1,Masculino,10,2026-03-10 23:59:59,,True,IND,Independientes,IND
1131,Mauro,González,Villarroel,1,Afirmativo,20634,Boletín N° 11092-07,2023-05-08 19:12:58,94,40,1,0,1,Quórum Simple,1,Aprobado,1,Proyecto de Ley,11092-07,Particular,"Artículo 30 quáter, contenido en el numeral 12) del artículo primero del proyecto, en los términos sugeridos por la Comisión de Constitución. 
",Segundo Trámite,Primer Informe,1985-05-25,1,Masculino,10,2026-03-10 23:59:59,,True,RN,Renovación Nacional,RN
1132,Jorge,Guzmán,Zepeda,1,Afirmativo,20634,Boletín N° 11092-07,2023-05-08 19:12:58,94,40,1,0,1,Quórum Simple,1,Aprobado,1,Proyecto de Ley,11092-07,Particular,"Artículo 30 quáter, contenido en el numeral 12) del artículo primero del proyecto, en los términos sugeridos por la Comisión de Constitución. 
",Segundo Trámite,Primer Informe,1985-06-11,1,Masculino,10,2026-03-10 23:59:59,,True,EVOP,Evolución Política,EVOP
1133,Juan,Irarrázaval,Rossel,0,En Contra,20634,Boletín N° 11092-07,2023-05-08 19:12:58,94,40,1,0,1,Quórum Simple,1,Aprobado,1,Proyecto de Ley,11092-07,Particular,"Artículo 30 quáter, contenido en el numeral 12) del artículo primero del proyecto, en los términos sugeridos por la Comisión de Constitución. 
",Segundo Trámite,Primer Informe,1983-06-23,1,Masculino,10,2026-03-10 23:59:59,,True,PREP,Partido Republicano,PREP
1135,Johannes,Kaiser,Barents-Von Hohenhagen,0,En Contra,20634,Boletín N° 11092-07,2023-05-08 19:12:58,94,40,1,0,1,Quórum Simple,1,Aprobado,1,Proyecto de Ley,11092-07,Particular,"Artículo 30 quáter, contenido en el numeral 12) del artículo primero del proyecto, en los términos sugeridos por la Comisión de Constitución. 
",Segundo Trámite,Primer Informe,1976-01-05,1,Masculino,10,2026-03-10 23:59:59,,True,PREP,Partido Republicano,PREP
1136,Paula,Labra,Besserer,1,Afirmativo,20634,Boletín N° 11092-07,2023-05-08 19:12:58,94,40,1,0,1,Quórum Simple,1,Aprobado,1,Proyecto de Ley,11092-07,Particular,"Artículo 30 quáter, contenido en el numeral 12) del artículo primero del proyecto, en los términos sugeridos por la Comisión de Constitución. 
",Segundo Trámite,Primer Informe,1987-05-04,0,Femenino,10,2026-03-10 23:59:59,,True,IND,Independientes,IND
1137,Tomás,Lagomarsino,Guzmán,1,Afirmativo,20634,Boletín N° 11092-07,2023-05-08 19:12:58,94,40,1,0,1,Quórum Simple,1,Aprobado,1,Proyecto de Ley,11092-07,Particular,"Artículo 30 quáter, contenido en el numeral 12) del artículo primero del proyecto, en los términos sugeridos por la Comisión de Constitución. 
",Segundo Trámite,Primer Informe,1990-07-13,1,Masculino,10,2026-03-10 23:59:59,,True,IND,Independientes,IND
1138,Henry,Leal,Bizama,1,Afirmativo,20634,Boletín N° 11092-07,2023-05-08 19:12:58,94,40,1,0,1,Quórum Simple,1,Aprobado,1,Proyecto de Ley,11092-07,Particular,"Artículo 30 quáter, contenido en el numeral 12) del artículo primero del proyecto, en los términos sugeridos por la Comisión de Constitución. 
",Segundo Trámite,Primer Informe,1972-09-16,1,Masculino,10,2026-03-10 23:59:59,,True,UDI,Unión Demócrata Independiente,UDI
1139,Enrique,Lee,Flores,0,En Contra,20634,Boletín N° 11092-07,2023-05-08 19:12:58,94,40,1,0,1,Quórum Simple,1,Aprobado,1,Proyecto de Ley,11092-07,Particular,"Artículo 30 quáter, contenido en el numeral 12) del artículo primero del proyecto, en los términos sugeridos por la Comisión de Constitución. 
",Segundo Trámite,Primer Informe,1967-12-16,1,Masculino,10,2026-03-10 23:59:59,,True,PRI,Partido Regionalista Independiente,PRI
1140,Daniel,Lilayu,Vivanco,0,En Contra,20634,Boletín N° 11092-07,2023-05-08 19:12:58,94,40,1,0,1,Quórum Simple,1,Aprobado,1,Proyecto de Ley,11092-07,Particular,"Artículo 30 quáter, contenido en el numeral 12) del artículo primero del proyecto, en los términos sugeridos por la Comisión de Constitución. 
",Segundo Trámite,Primer Informe,1949-03-02,1,Masculino,10,2026-03-10 23:59:59,,True,UDI,Unión Demócrata Independiente,UDI
1142,Daniel,Manouchehri,Lobos,1,Afirmativo,20634,Boletín N° 11092-07,2023-05-08 19:12:58,94,40,1,0,1,Quórum Simple,1,Aprobado,1,Proyecto de Ley,11092-07,Particular,"Artículo 30 quáter, contenido en el numeral 12) del artículo primero del proyecto, en los términos sugeridos por la Comisión de Constitución. 
",Segundo Trámite,Primer Informe,1984-05-25,1,Masculino,10,2026-03-10 23:59:59,,True,PS,Partido Socialista,PS
1143,Cristóbal,Martínez,Ramírez,0,En Contra,20634,Boletín N° 11092-07,2023-05-08 19:12:58,94,40,1,0,1,Quórum Simple,1,Aprobado,1,Proyecto de Ley,11092-07,Particular,"Artículo 30 quáter, contenido en el numeral 12) del artículo primero del proyecto, en los términos sugeridos por la Comisión de Constitución. 
",Segundo Trámite,Primer Informe,1984-04-30,1,Masculino,10,2026-03-10 23:59:59,,True,UDI,Unión Demócrata Independiente,UDI
1144,Christian,Matheson,Villán,0,En Contra,20634,Boletín N° 11092-07,2023-05-08 19:12:58,94,40,1,0,1,Quórum Simple,1,Aprobado,1,Proyecto de Ley,11092-07,Particular,"Artículo 30 quáter, contenido en el numeral 12) del artículo primero del proyecto, en los términos sugeridos por la Comisión de Constitución. 
",Segundo Trámite,Primer Informe,1957-12-17,1,Masculino,10,2026-03-10 23:59:59,,True,IND,Independientes,IND
1146,José Carlos,Meza,Pereira,0,En Contra,20634,Boletín N° 11092-07,2023-05-08 19:12:58,94,40,1,0,1,Quórum Simple,1,Aprobado,1,Proyecto de Ley,11092-07,Particular,"Artículo 30 quáter, contenido en el numeral 12) del artículo primero del proyecto, en los términos sugeridos por la Comisión de Constitución. 
",Segundo Trámite,Primer Informe,1989-03-07,1,Masculino,10,2026-03-10 23:59:59,,True,PREP,Partido Republicano,PREP
1147,Helia,Molina,Milman,1,Afirmativo,20634,Boletín N° 11092-07,2023-05-08 19:12:58,94,40,1,0,1,Quórum Simple,1,Aprobado,1,Proyecto de Ley,11092-07,Particular,"Artículo 30 quáter, contenido en el numeral 12) del artículo primero del proyecto, en los términos sugeridos por la Comisión de Constitución. 
",Segundo Trámite,Primer Informe,1947-04-02,0,Femenino,10,2026-03-10 23:59:59,,True,PPD,Partido Por la Democracia,PPD
1148,Javiera,Morales,Alvarado,1,Afirmativo,20634,Boletín N° 11092-07,2023-05-08 19:12:58,94,40,1,0,1,Quórum Simple,1,Aprobado,1,Proyecto de Ley,11092-07,Particular,"Artículo 30 quáter, contenido en el numeral 12) del artículo primero del proyecto, en los términos sugeridos por la Comisión de Constitución. 
",Segundo Trámite,Primer Informe,1983-11-16,0,Femenino,10,2026-03-10 23:59:59,,True,PCS,Partido Convergencia Social,PCS
1149,Carla,Morales,Maldonado,1,Afirmativo,20634,Boletín N° 11092-07,2023-05-08 19:12:58,94,40,1,0,1,Quórum Simple,1,Aprobado,1,Proyecto de Ley,11092-07,Particular,"Artículo 30 quáter, contenido en el numeral 12) del artículo primero del proyecto, en los términos sugeridos por la Comisión de Constitución. 
",Segundo Trámite,Primer Informe,1977-10-27,0,Femenino,10,2026-03-10 23:59:59,,True,RN,Renovación Nacional,RN
1150,Benjamín,Moreno,Bascur,0,En Contra,20634,Boletín N° 11092-07,2023-05-08 19:12:58,94,40,1,0,1,Quórum Simple,1,Aprobado,1,Proyecto de Ley,11092-07,Particular,"Artículo 30 quáter, contenido en el numeral 12) del artículo primero del proyecto, en los términos sugeridos por la Comisión de Constitución. 
",Segundo Trámite,Primer Informe,1993-04-02,1,Masculino,10,2026-03-10 23:59:59,,True,PREP,Partido Republicano,PREP
1151,Camila,Musante,Müller,1,Afirmativo,20634,Boletín N° 11092-07,2023-05-08 19:12:58,94,40,1,0,1,Quórum Simple,1,Aprobado,1,Proyecto de Ley,11092-07,Particular,"Artículo 30 quáter, contenido en el numeral 12) del artículo primero del proyecto, en los términos sugeridos por la Comisión de Constitución. 
",Segundo Trámite,Primer Informe,1990-02-06,0,Femenino,10,2026-03-10 23:59:59,,True,IND,Independientes,IND
1153,Coca Ericka,Ñanco,Vásquez,1,Afirmativo,20634,Boletín N° 11092-07,2023-05-08 19:12:58,94,40,1,0,1,Quórum Simple,1,Aprobado,1,Proyecto de Ley,11092-07,Particular,"Artículo 30 quáter, contenido en el numeral 12) del artículo primero del proyecto, en los términos sugeridos por la Comisión de Constitución. 
",Segundo Trámite,Primer Informe,1992-03-20,0,Femenino,10,2026-03-10 23:59:59,,True,RD,Revolución Democrática,RD
1154,Mauricio,Ojeda,Rebolledo,0,En Contra,20634,Boletín N° 11092-07,2023-05-08 19:12:58,94,40,1,0,1,Quórum Simple,1,Aprobado,1,Proyecto de Ley,11092-07,Particular,"Artículo 30 quáter, contenido en el numeral 12) del artículo primero del proyecto, en los términos sugeridos por la Comisión de Constitución. 
",Segundo Trámite,Primer Informe,1982-01-19,1,Masculino,10,2026-03-10 23:59:59,,True,IND,Independientes,IND
1155,Rubén Darío,Oyarzo,Figueroa,1,Afirmativo,20634,Boletín N° 11092-07,2023-05-08 19:12:58,94,40,1,0,1,Quórum Simple,1,Aprobado,1,Proyecto de Ley,11092-07,Particular,"Artículo 30 quáter, contenido en el numeral 12) del artículo primero del proyecto, en los términos sugeridos por la Comisión de Constitución. 
",Segundo Trámite,Primer Informe,1980-12-13,1,Masculino,10,2026-03-10 23:59:59,,True,PDG,Partido de la Gente,PDG
1156,Hernán,Palma,Pérez,1,Afirmativo,20634,Boletín N° 11092-07,2023-05-08 19:12:58,94,40,1,0,1,Quórum Simple,1,Aprobado,1,Proyecto de Ley,11092-07,Particular,"Artículo 30 quáter, contenido en el numeral 12) del artículo primero del proyecto, en los términos sugeridos por la Comisión de Constitución. 
",Segundo Trámite,Primer Informe,1958-11-03,1,Masculino,10,2026-03-10 23:59:59,,True,IND,Independientes,IND
1158,Víctor Alejandro,Pino,Fuentes,0,En Contra,20634,Boletín N° 11092-07,2023-05-08 19:12:58,94,40,1,0,1,Quórum Simple,1,Aprobado,1,Proyecto de Ley,11092-07,Particular,"Artículo 30 quáter, contenido en el numeral 12) del artículo primero del proyecto, en los términos sugeridos por la Comisión de Constitución. 
",Segundo Trámite,Primer Informe,1974-12-08,1,Masculino,10,2026-03-10 23:59:59,,True,IND,Independientes,IND
1159,Lorena,Pizarro,Sierra,1,Afirmativo,20634,Boletín N° 11092-07,2023-05-08 19:12:58,94,40,1,0,1,Quórum Simple,1,Aprobado,1,Proyecto de Ley,11092-07,Particular,"Artículo 30 quáter, contenido en el numeral 12) del artículo primero del proyecto, en los términos sugeridos por la Comisión de Constitución. 
",Segundo Trámite,Primer Informe,1966-02-14,0,Femenino,10,2026-03-10 23:59:59,,True,PC,Partido Comunista,PC
1160,Alejandra,Placencia,Cabello,1,Afirmativo,20634,Boletín N° 11092-07,2023-05-08 19:12:58,94,40,1,0,1,Quórum Simple,1,Aprobado,1,Proyecto de Ley,11092-07,Particular,"Artículo 30 quáter, contenido en el numeral 12) del artículo primero del proyecto, en los términos sugeridos por la Comisión de Constitución. 
",Segundo Trámite,Primer Informe,1978-02-14,0,Femenino,10,2026-03-10 23:59:59,,True,PC,Partido Comunista,PC
1161,Francisco,Pulgar,Castillo,1,Afirmativo,20634,Boletín N° 11092-07,2023-05-08 19:12:58,94,40,1,0,1,Quórum Simple,1,Aprobado,1,Proyecto de Ley,11092-07,Particular,"Artículo 30 quáter, contenido en el numeral 12) del artículo primero del proyecto, en los términos sugeridos por la Comisión de Constitución. 
",Segundo Trámite,Primer Informe,1971-05-27,1,Masculino,10,2026-03-10 23:59:59,,True,IND,Independientes,IND
1162,Matías,Ramírez,Pascal,1,Afirmativo,20634,Boletín N° 11092-07,2023-05-08 19:12:58,94,40,1,0,1,Quórum Simple,1,Aprobado,1,Proyecto de Ley,11092-07,Particular,"Artículo 30 quáter, contenido en el numeral 12) del artículo primero del proyecto, en los términos sugeridos por la Comisión de Constitución. 
",Segundo Trámite,Primer Informe,1984-11-14,1,Masculino,10,2026-03-10 23:59:59,,True,PC,Partido Comunista,PC
1163,Marcia,Raphael,Mora,1,Afirmativo,20634,Boletín N° 11092-07,2023-05-08 19:12:58,94,40,1,0,1,Quórum Simple,1,Aprobado,1,Proyecto de Ley,11092-07,Particular,"Artículo 30 quáter, contenido en el numeral 12) del artículo primero del proyecto, en los términos sugeridos por la Comisión de Constitución. 
",Segundo Trámite,Primer Informe,1963-12-06,0,Femenino,10,2026-03-10 23:59:59,,True,RN,Renovación Nacional,RN
1164,Marcela,Riquelme,Aliaga,1,Afirmativo,20634,Boletín N° 11092-07,2023-05-08 19:12:58,94,40,1,0,1,Quórum Simple,1,Aprobado,1,Proyecto de Ley,11092-07,Particular,"Artículo 30 quáter, contenido en el numeral 12) del artículo primero del proyecto, en los términos sugeridos por la Comisión de Constitución. 
",Segundo Trámite,Primer Informe,1973-03-04,0,Femenino,10,2026-03-10 23:59:59,,True,IND,Independientes,IND
1165,Agustín,Romero,Leiva,0,En Contra,20634,Boletín N° 11092-07,2023-05-08 19:12:58,94,40,1,0,1,Quórum Simple,1,Aprobado,1,Proyecto de Ley,11092-07,Particular,"Artículo 30 quáter, contenido en el numeral 12) del artículo primero del proyecto, en los términos sugeridos por la Comisión de Constitución. 
",Segundo Trámite,Primer Informe,1975-01-03,1,Masculino,10,2026-03-10 23:59:59,,True,PREP,Partido Republicano,PREP
1166,Natalia,Romero,Talguia,0,En Contra,20634,Boletín N° 11092-07,2023-05-08 19:12:58,94,40,1,0,1,Quórum Simple,1,Aprobado,1,Proyecto de Ley,11092-07,Particular,"Artículo 30 quáter, contenido en el numeral 12) del artículo primero del proyecto, en los términos sugeridos por la Comisión de Constitución. 
",Segundo Trámite,Primer Informe,1985-06-29,0,Femenino,10,2026-03-10 23:59:59,,True,IND,Independientes,IND
1167,Jaime,Sáez,Quiroz,1,Afirmativo,20634,Boletín N° 11092-07,2023-05-08 19:12:58,94,40,1,0,1,Quórum Simple,1,Aprobado,1,Proyecto de Ley,11092-07,Particular,"Artículo 30 quáter, contenido en el numeral 12) del artículo primero del proyecto, en los términos sugeridos por la Comisión de Constitución. 
",Segundo Trámite,Primer Informe,1985-12-09,1,Masculino,10,2026-03-10 23:59:59,,True,RD,Revolución Democrática,RD
1168,Jorge,Saffirio,Espinoza,1,Afirmativo,20634,Boletín N° 11092-07,2023-05-08 19:12:58,94,40,1,0,1,Quórum Simple,1,Aprobado,1,Proyecto de Ley,11092-07,Particular,"Artículo 30 quáter, contenido en el numeral 12) del artículo primero del proyecto, en los términos sugeridos por la Comisión de Constitución. 
",Segundo Trámite,Primer Informe,1953-06-09,1,Masculino,10,2026-03-10 23:59:59,,True,IND,Independientes,IND
1169,Clara,Sagardía,Cabezas,1,Afirmativo,20634,Boletín N° 11092-07,2023-05-08 19:12:58,94,40,1,0,1,Quórum Simple,1,Aprobado,1,Proyecto de Ley,11092-07,Particular,"Artículo 30 quáter, contenido en el numeral 12) del artículo primero del proyecto, en los términos sugeridos por la Comisión de Constitución. 
",Segundo Trámite,Primer Informe,1952-08-13,0,Femenino,10,2026-03-10 23:59:59,,True,IND,Independientes,IND
1170,Luis,Sánchez,Ossa,0,En Contra,20634,Boletín N° 11092-07,2023-05-08 19:12:58,94,40,1,0,1,Quórum Simple,1,Aprobado,1,Proyecto de Ley,11092-07,Particular,"Artículo 30 quáter, contenido en el numeral 12) del artículo primero del proyecto, en los términos sugeridos por la Comisión de Constitución. 
",Segundo Trámite,Primer Informe,1988-10-04,1,Masculino,10,2026-03-10 23:59:59,,True,PREP,Partido Republicano,PREP
1171,Emilia,Schneider,Videla,1,Afirmativo,20634,Boletín N° 11092-07,2023-05-08 19:12:58,94,40,1,0,1,Quórum Simple,1,Aprobado,1,Proyecto de Ley,11092-07,Particular,"Artículo 30 quáter, contenido en el numeral 12) del artículo primero del proyecto, en los términos sugeridos por la Comisión de Constitución. 
",Segundo Trámite,Primer Informe,1996-10-23,0,Femenino,10,2026-03-10 23:59:59,,True,PCS,Partido Convergencia Social,PCS
1172,Stephan,Schubert,Rubio,0,En Contra,20634,Boletín N° 11092-07,2023-05-08 19:12:58,94,40,1,0,1,Quórum Simple,1,Aprobado,1,Proyecto de Ley,11092-07,Particular,"Artículo 30 quáter, contenido en el numeral 12) del artículo primero del proyecto, en los términos sugeridos por la Comisión de Constitución. 
",Segundo Trámite,Primer Informe,1977-12-19,1,Masculino,10,2026-03-10 23:59:59,,True,IND,Independientes,IND
1173,Daniela,Serrano,Salazar,1,Afirmativo,20634,Boletín N° 11092-07,2023-05-08 19:12:58,94,40,1,0,1,Quórum Simple,1,Aprobado,1,Proyecto de Ley,11092-07,Particular,"Artículo 30 quáter, contenido en el numeral 12) del artículo primero del proyecto, en los términos sugeridos por la Comisión de Constitución. 
",Segundo Trámite,Primer Informe,1995-03-17,0,Femenino,10,2026-03-10 23:59:59,,True,PC,Partido Comunista,PC
1174,Marco Antonio,Sulantay,Olivares,0,En Contra,20634,Boletín N° 11092-07,2023-05-08 19:12:58,94,40,1,0,1,Quórum Simple,1,Aprobado,1,Proyecto de Ley,11092-07,Particular,"Artículo 30 quáter, contenido en el numeral 12) del artículo primero del proyecto, en los términos sugeridos por la Comisión de Constitución. 
",Segundo Trámite,Primer Informe,1973-03-31,1,Masculino,10,2026-03-10 23:59:59,,True,UDI,Unión Demócrata Independiente,UDI
1175,Cristián,Tapia,Ramos,1,Afirmativo,20634,Boletín N° 11092-07,2023-05-08 19:12:58,94,40,1,0,1,Quórum Simple,1,Aprobado,1,Proyecto de Ley,11092-07,Particular,"Artículo 30 quáter, contenido en el numeral 12) del artículo primero del proyecto, en los términos sugeridos por la Comisión de Constitución. 
",Segundo Trámite,Primer Informe,1968-07-14,1,Masculino,10,2026-03-10 23:59:59,,True,IND,Independientes,IND
1176,Hotuiti,Teao,Drago,0,En Contra,20634,Boletín N° 11092-07,2023-05-08 19:12:58,94,40,1,0,1,Quórum Simple,1,Aprobado,1,Proyecto de Ley,11092-07,Particular,"Artículo 30 quáter, contenido en el numeral 12) del artículo primero del proyecto, en los términos sugeridos por la Comisión de Constitución. 
",Segundo Trámite,Primer Informe,1977-08-01,1,Masculino,10,2026-03-10 23:59:59,,True,IND,Independientes,IND
1177,Carolina,Tello,Rojas,1,Afirmativo,20634,Boletín N° 11092-07,2023-05-08 19:12:58,94,40,1,0,1,Quórum Simple,1,Aprobado,1,Proyecto de Ley,11092-07,Particular,"Artículo 30 quáter, contenido en el numeral 12) del artículo primero del proyecto, en los términos sugeridos por la Comisión de Constitución. 
",Segundo Trámite,Primer Informe,1985-10-01,0,Femenino,10,2026-03-10 23:59:59,,True,PC,Partido Comunista,PC
1178,Héctor,Ulloa,Aguilera,1,Afirmativo,20634,Boletín N° 11092-07,2023-05-08 19:12:58,94,40,1,0,1,Quórum Simple,1,Aprobado,1,Proyecto de Ley,11092-07,Particular,"Artículo 30 quáter, contenido en el numeral 12) del artículo primero del proyecto, en los términos sugeridos por la Comisión de Constitución. 
",Segundo Trámite,Primer Informe,1969-08-06,1,Masculino,10,2026-03-10 23:59:59,,True,IND,Independientes,IND
1179,Alberto,Undurraga,Vicuña,1,Afirmativo,20634,Boletín N° 11092-07,2023-05-08 19:12:58,94,40,1,0,1,Quórum Simple,1,Aprobado,1,Proyecto de Ley,11092-07,Particular,"Artículo 30 quáter, contenido en el numeral 12) del artículo primero del proyecto, en los términos sugeridos por la Comisión de Constitución. 
",Segundo Trámite,Primer Informe,1969-06-17,1,Masculino,10,2026-03-10 23:59:59,,True,DC,Partido Demócrata Cristiano,DC
1180,Consuelo,Veloso,Ávila,1,Afirmativo,20634,Boletín N° 11092-07,2023-05-08 19:12:58,94,40,1,0,1,Quórum Simple,1,Aprobado,1,Proyecto de Ley,11092-07,Particular,"Artículo 30 quáter, contenido en el numeral 12) del artículo primero del proyecto, en los términos sugeridos por la Comisión de Constitución. 
",Segundo Trámite,Primer Informe,1994-02-11,0,Femenino,10,2026-03-10 23:59:59,,True,RD,Revolución Democrática,RD
1182,Sebastián,Videla,Castillo,1,Afirmativo,20634,Boletín N° 11092-07,2023-05-08 19:12:58,94,40,1,0,1,Quórum Simple,1,Aprobado,1,Proyecto de Ley,11092-07,Particular,"Artículo 30 quáter, contenido en el numeral 12) del artículo primero del proyecto, en los términos sugeridos por la Comisión de Constitución. 
",Segundo Trámite,Primer Informe,1986-04-29,1,Masculino,10,2026-03-10 23:59:59,,True,IND,Independientes,IND
1183,Flor,Weisse,Novoa,0,En Contra,20634,Boletín N° 11092-07,2023-05-08 19:12:58,94,40,1,0,1,Quórum Simple,1,Aprobado,1,Proyecto de Ley,11092-07,Particular,"Artículo 30 quáter, contenido en el numeral 12) del artículo primero del proyecto, en los términos sugeridos por la Comisión de Constitución. 
",Segundo Trámite,Primer Informe,1960-03-27,0,Femenino,10,2026-03-10 23:59:59,,True,UDI,Unión Demócrata Independiente,UDI
74,Jaime,Naranjo,Ortiz,1,Afirmativo,20634,Boletín N° 11092-07,2023-05-08 19:12:58,94,40,1,0,1,Quórum Simple,1,Aprobado,1,Proyecto de Ley,11092-07,Particular,"Artículo 30 quáter, contenido en el numeral 12) del artículo primero del proyecto, en los términos sugeridos por la Comisión de Constitución. 
",Segundo Trámite,Primer Informe,1951-01-12,1,Masculino,10,2026-03-10 23:59:59,,True,PS,Partido Socialista,PS
803,René,Alinco,Bustos,1,Afirmativo,20634,Boletín N° 11092-07,2023-05-08 19:12:58,94,40,1,0,1,Quórum Simple,1,Aprobado,1,Proyecto de Ley,11092-07,Particular,"Artículo 30 quáter, contenido en el numeral 12) del artículo primero del proyecto, en los términos sugeridos por la Comisión de Constitución. 
",Segundo Trámite,Primer Informe,1958-06-02,1,Masculino,10,2026-03-10 23:59:59,,True,IND,Independientes,IND
815,Sergio,Bobadilla,Muñoz,0,En Contra,20634,Boletín N° 11092-07,2023-05-08 19:12:58,94,40,1,0,1,Quórum Simple,1,Aprobado,1,Proyecto de Ley,11092-07,Particular,"Artículo 30 quáter, contenido en el numeral 12) del artículo primero del proyecto, en los términos sugeridos por la Comisión de Constitución. 
",Segundo Trámite,Primer Informe,1958-03-25,1,Masculino,10,2026-03-10 23:59:59,,True,UDI,Unión Demócrata Independiente,UDI
917,Gastón,Von Mühlenbrock,Zamora,0,En Contra,20634,Boletín N° 11092-07,2023-05-08 19:12:58,94,40,1,0,1,Quórum Simple,1,Aprobado,1,Proyecto de Ley,11092-07,Particular,"Artículo 30 quáter, contenido en el numeral 12) del artículo primero del proyecto, en los términos sugeridos por la Comisión de Constitución. 
",Segundo Trámite,Primer Informe,1954-12-26,1,Masculino,10,2026-03-10 23:59:59,,True,UDI,Unión Demócrata Independiente,UDI
948,Gaspar,Rivas,Sánchez,1,Afirmativo,20634,Boletín N° 11092-07,2023-05-08 19:12:58,94,40,1,0,1,Quórum Simple,1,Aprobado,1,Proyecto de Ley,11092-07,Particular,"Artículo 30 quáter, contenido en el numeral 12) del artículo primero del proyecto, en los términos sugeridos por la Comisión de Constitución. 
",Segundo Trámite,Primer Informe,1978-05-17,1,Masculino,10,2026-03-10 23:59:59,,True,PDG,Partido de la Gente,PDG
953,Frank,Sauerbaum,Muñoz,1,Afirmativo,20634,Boletín N° 11092-07,2023-05-08 19:12:58,94,40,1,0,1,Quórum Simple,1,Aprobado,1,Proyecto de Ley,11092-07,Particular,"Artículo 30 quáter, contenido en el numeral 12) del artículo primero del proyecto, en los términos sugeridos por la Comisión de Constitución. 
",Segundo Trámite,Primer Informe,1972-11-21,1,Masculino,10,2026-03-10 23:59:59,,True,RN,Renovación Nacional,RN
971,Bernardo,Berger,Fett,1,Afirmativo,20634,Boletín N° 11092-07,2023-05-08 19:12:58,94,40,1,0,1,Quórum Simple,1,Aprobado,1,Proyecto de Ley,11092-07,Particular,"Artículo 30 quáter, contenido en el numeral 12) del artículo primero del proyecto, en los términos sugeridos por la Comisión de Constitución. 
",Segundo Trámite,Primer Informe,1946-10-04,1,Masculino,10,2026-03-10 23:59:59,,True,IND,Independientes,IND
973,Karol,Cariola,Oliva,1,Afirmativo,20634,Boletín N° 11092-07,2023-05-08 19:12:58,94,40,1,0,1,Quórum Simple,1,Aprobado,1,Proyecto de Ley,11092-07,Particular,"Artículo 30 quáter, contenido en el numeral 12) del artículo primero del proyecto, en los términos sugeridos por la Comisión de Constitución. 
",Segundo Trámite,Primer Informe,1987-04-01,0,Femenino,10,2026-03-10 23:59:59,,True,PC,Partido Comunista,PC
975,Daniella,Cicardini,Milla,1,Afirmativo,20634,Boletín N° 11092-07,2023-05-08 19:12:58,94,40,1,0,1,Quórum Simple,1,Aprobado,1,Proyecto de Ley,11092-07,Particular,"Artículo 30 quáter, contenido en el numeral 12) del artículo primero del proyecto, en los términos sugeridos por la Comisión de Constitución. 
",Segundo Trámite,Primer Informe,1987-12-31,0,Femenino,10,2026-03-10 23:59:59,,True,PS,Partido Socialista,PS
976,Juan Antonio,Coloma,Álamos,0,En Contra,20634,Boletín N° 11092-07,2023-05-08 19:12:58,94,40,1,0,1,Quórum Simple,1,Aprobado,1,Proyecto de Ley,11092-07,Particular,"Artículo 30 quáter, contenido en el numeral 12) del artículo primero del proyecto, en los términos sugeridos por la Comisión de Constitución. 
",Segundo Trámite,Primer Informe,1980-03-14,1,Masculino,10,2026-03-10 23:59:59,,True,UDI,Unión Demócrata Independiente,UDI
990,Daniel,Melo,Contreras,1,Afirmativo,20634,Boletín N° 11092-07,2023-05-08 19:12:58,94,40,1,0,1,Quórum Simple,1,Aprobado,1,Proyecto de Ley,11092-07,Particular,"Artículo 30 quáter, contenido en el numeral 12) del artículo primero del proyecto, en los términos sugeridos por la Comisión de Constitución. 
",Segundo Trámite,Primer Informe,1979-02-18,1,Masculino,10,2026-03-10 23:59:59,,True,PS,Partido Socialista,PS
991,Vlado,Mirosevic,Verdugo,1,Afirmativo,20634,Boletín N° 11092-07,2023-05-08 19:12:58,94,40,1,0,1,Quórum Simple,1,Aprobado,1,Proyecto de Ley,11092-07,Particular,"Artículo 30 quáter, contenido en el numeral 12) del artículo primero del proyecto, en los términos sugeridos por la Comisión de Constitución. 
",Segundo Trámite,Primer Informe,1987-05-23,1,Masculino,10,2026-03-10 23:59:59,,True,PL,Partido Liberal de Chile,PL
999,Jorge,Rathgeb,Schifferli,1,Afirmativo,20634,Boletín N° 11092-07,2023-05-08 19:12:58,94,40,1,0,1,Quórum Simple,1,Aprobado,1,Proyecto de Ley,11092-07,Particular,"Artículo 30 quáter, contenido en el numeral 12) del artículo primero del proyecto, en los términos sugeridos por la Comisión de Constitución. 
",Segundo Trámite,Primer Informe,1967-12-28,1,Masculino,10,2026-03-10 23:59:59,,True,RN,Renovación Nacional,RN
1002,Leonardo,Soto,Ferrada,1,Afirmativo,20635,Boletín N° 11092-07,2023-05-08 19:13:51,92,40,3,0,1,Quórum Simple,1,Aprobado,1,Proyecto de Ley,11092-07,Particular,"Artículo 30 octies, contenido en el numeral 12) del artículo primero del proyecto, en los términos sugeridos por la Comisión de Constitución.
",Segundo Trámite,Primer Informe,1966-05-15,1,Masculino,10,2026-03-10 23:59:59,,True,PS,Partido Socialista,PS
1003,Renzo,Trisotti,Martínez,0,En Contra,20635,Boletín N° 11092-07,2023-05-08 19:13:51,92,40,3,0,1,Quórum Simple,1,Aprobado,1,Proyecto de Ley,11092-07,Particular,"Artículo 30 octies, contenido en el numeral 12) del artículo primero del proyecto, en los términos sugeridos por la Comisión de Constitución.
",Segundo Trámite,Primer Informe,1976-03-15,1,Masculino,10,2026-03-10 23:59:59,,True,UDI,Unión Demócrata Independiente,UDI
1009,Jorge,Alessandri,Vergara,0,En Contra,20635,Boletín N° 11092-07,2023-05-08 19:13:51,92,40,3,0,1,Quórum Simple,1,Aprobado,1,Proyecto de Ley,11092-07,Particular,"Artículo 30 octies, contenido en el numeral 12) del artículo primero del proyecto, en los términos sugeridos por la Comisión de Constitución.
",Segundo Trámite,Primer Informe,1979-06-08,1,Masculino,10,2026-03-10 23:59:59,,True,UDI,Unión Demócrata Independiente,UDI
1012,Boris,Barrera,Moreno,1,Afirmativo,20635,Boletín N° 11092-07,2023-05-08 19:13:51,92,40,3,0,1,Quórum Simple,1,Aprobado,1,Proyecto de Ley,11092-07,Particular,"Artículo 30 octies, contenido en el numeral 12) del artículo primero del proyecto, en los términos sugeridos por la Comisión de Constitución.
",Segundo Trámite,Primer Informe,1970-05-03,1,Masculino,10,2026-03-10 23:59:59,,True,PC,Partido Comunista,PC
1013,Alejandro,Bernales,Maldonado,1,Afirmativo,20635,Boletín N° 11092-07,2023-05-08 19:13:51,92,40,3,0,1,Quórum Simple,1,Aprobado,1,Proyecto de Ley,11092-07,Particular,"Artículo 30 octies, contenido en el numeral 12) del artículo primero del proyecto, en los términos sugeridos por la Comisión de Constitución.
",Segundo Trámite,Primer Informe,1979-02-02,1,Masculino,10,2026-03-10 23:59:59,,True,PL,Partido Liberal de Chile,PL
1016,Miguel Ángel,Calisto,Águila,1,Afirmativo,20635,Boletín N° 11092-07,2023-05-08 19:13:51,92,40,3,0,1,Quórum Simple,1,Aprobado,1,Proyecto de Ley,11092-07,Particular,"Artículo 30 octies, contenido en el numeral 12) del artículo primero del proyecto, en los términos sugeridos por la Comisión de Constitución.
",Segundo Trámite,Primer Informe,1985-07-19,1,Masculino,10,2026-03-10 23:59:59,,True,IND,Independientes,IND
1017,Álvaro,Carter,Fernández,0,En Contra,20635,Boletín N° 11092-07,2023-05-08 19:13:51,92,40,3,0,1,Quórum Simple,1,Aprobado,1,Proyecto de Ley,11092-07,Particular,"Artículo 30 octies, contenido en el numeral 12) del artículo primero del proyecto, en los términos sugeridos por la Comisión de Constitución.
",Segundo Trámite,Primer Informe,1980-10-09,1,Masculino,10,2026-03-10 23:59:59,,True,UDI,Unión Demócrata Independiente,UDI
1019,José Miguel,Castro,Bascuñán,1,Afirmativo,20635,Boletín N° 11092-07,2023-05-08 19:13:51,92,40,3,0,1,Quórum Simple,1,Aprobado,1,Proyecto de Ley,11092-07,Particular,"Artículo 30 octies, contenido en el numeral 12) del artículo primero del proyecto, en los términos sugeridos por la Comisión de Constitución.
",Segundo Trámite,Primer Informe,1974-08-05,1,Masculino,10,2026-03-10 23:59:59,,True,RN,Renovación Nacional,RN
1021,Andrés,Celis,Montt,1,Afirmativo,20635,Boletín N° 11092-07,2023-05-08 19:13:51,92,40,3,0,1,Quórum Simple,1,Aprobado,1,Proyecto de Ley,11092-07,Particular,"Artículo 30 octies, contenido en el numeral 12) del artículo primero del proyecto, en los términos sugeridos por la Comisión de Constitución.
",Segundo Trámite,Primer Informe,1975-04-08,1,Masculino,10,2026-03-10 23:59:59,,True,RN,Renovación Nacional,RN
1022,Sofía,Cid,Versalovic,0,En Contra,20635,Boletín N° 11092-07,2023-05-08 19:13:51,92,40,3,0,1,Quórum Simple,1,Aprobado,1,Proyecto de Ley,11092-07,Particular,"Artículo 30 octies, contenido en el numeral 12) del artículo primero del proyecto, en los términos sugeridos por la Comisión de Constitución.
",Segundo Trámite,Primer Informe,1971-09-29,0,Femenino,10,2026-03-10 23:59:59,,True,RN,Renovación Nacional,RN
1025,Catalina,Del Real,Mihovilovic,0,En Contra,20635,Boletín N° 11092-07,2023-05-08 19:13:51,92,40,3,0,1,Quórum Simple,1,Aprobado,1,Proyecto de Ley,11092-07,Particular,"Artículo 30 octies, contenido en el numeral 12) del artículo primero del proyecto, en los términos sugeridos por la Comisión de Constitución.
",Segundo Trámite,Primer Informe,1968-11-07,0,Femenino,10,2026-03-10 23:59:59,,True,RN,Renovación Nacional,RN
1028,Eduardo,Durán,Salinas,2,Abstención,20635,Boletín N° 11092-07,2023-05-08 19:13:51,92,40,3,0,1,Quórum Simple,1,Aprobado,1,Proyecto de Ley,11092-07,Particular,"Artículo 30 octies, contenido en el numeral 12) del artículo primero del proyecto, en los términos sugeridos por la Comisión de Constitución.
",Segundo Trámite,Primer Informe,1972-01-01,1,Masculino,10,2026-03-10 23:59:59,,True,RN,Renovación Nacional,RN
1030,Camila,Flores,Oporto,0,En Contra,20635,Boletín N° 11092-07,2023-05-08 19:13:51,92,40,3,0,1,Quórum Simple,1,Aprobado,1,Proyecto de Ley,11092-07,Particular,"Artículo 30 octies, contenido en el numeral 12) del artículo primero del proyecto, en los términos sugeridos por la Comisión de Constitución.
",Segundo Trámite,Primer Informe,1987-02-09,0,Femenino,10,2026-03-10 23:59:59,,True,RN,Renovación Nacional,RN
1034,Félix,González,Gatica,1,Afirmativo,20635,Boletín N° 11092-07,2023-05-08 19:13:51,92,40,3,0,1,Quórum Simple,1,Aprobado,1,Proyecto de Ley,11092-07,Particular,"Artículo 30 octies, contenido en el numeral 12) del artículo primero del proyecto, en los términos sugeridos por la Comisión de Constitución.
",Segundo Trámite,Primer Informe,1972-05-26,1,Masculino,10,2026-03-10 23:59:59,,True,PEV,Partido Ecologista Verde,PEV
1035,Carmen,Hertz,Cádiz,1,Afirmativo,20635,Boletín N° 11092-07,2023-05-08 19:13:51,92,40,3,0,1,Quórum Simple,1,Aprobado,1,Proyecto de Ley,11092-07,Particular,"Artículo 30 octies, contenido en el numeral 12) del artículo primero del proyecto, en los términos sugeridos por la Comisión de Constitución.
",Segundo Trámite,Primer Informe,1945-06-19,0,Femenino,10,2026-03-10 23:59:59,,True,PC,Partido Comunista,PC
1036,Tomás,Hirsch,Goldschmidt,1,Afirmativo,20635,Boletín N° 11092-07,2023-05-08 19:13:51,92,40,3,0,1,Quórum Simple,1,Aprobado,1,Proyecto de Ley,11092-07,Particular,"Artículo 30 octies, contenido en el numeral 12) del artículo primero del proyecto, en los términos sugeridos por la Comisión de Constitución.
",Segundo Trámite,Primer Informe,1956-07-19,1,Masculino,10,2026-03-10 23:59:59,,True,PAH,Partido Acción Humanista,PAH
1037,Diego,Ibáñez,Cotroneo,1,Afirmativo,20635,Boletín N° 11092-07,2023-05-08 19:13:51,92,40,3,0,1,Quórum Simple,1,Aprobado,1,Proyecto de Ley,11092-07,Particular,"Artículo 30 octies, contenido en el numeral 12) del artículo primero del proyecto, en los términos sugeridos por la Comisión de Constitución.
",Segundo Trámite,Primer Informe,1989-01-25,1,Masculino,10,2026-03-10 23:59:59,,True,PCS,Partido Convergencia Social,PCS
1038,Marcos,Ilabaca,Cerda,1,Afirmativo,20635,Boletín N° 11092-07,2023-05-08 19:13:51,92,40,3,0,1,Quórum Simple,1,Aprobado,1,Proyecto de Ley,11092-07,Particular,"Artículo 30 octies, contenido en el numeral 12) del artículo primero del proyecto, en los términos sugeridos por la Comisión de Constitución.
",Segundo Trámite,Primer Informe,1970-10-05,1,Masculino,10,2026-03-10 23:59:59,,True,PS,Partido Socialista,PS
1040,Harry,Jürgensen,Rundshagen,0,En Contra,20635,Boletín N° 11092-07,2023-05-08 19:13:51,92,40,3,0,1,Quórum Simple,1,Aprobado,1,Proyecto de Ley,11092-07,Particular,"Artículo 30 octies, contenido en el numeral 12) del artículo primero del proyecto, en los términos sugeridos por la Comisión de Constitución.
",Segundo Trámite,Primer Informe,1968-09-03,1,Masculino,10,2026-03-10 23:59:59,,True,IND,Independientes,IND
1044,Raúl,Leiva,Carvajal,1,Afirmativo,20635,Boletín N° 11092-07,2023-05-08 19:13:51,92,40,3,0,1,Quórum Simple,1,Aprobado,1,Proyecto de Ley,11092-07,Particular,"Artículo 30 octies, contenido en el numeral 12) del artículo primero del proyecto, en los términos sugeridos por la Comisión de Constitución.
",Segundo Trámite,Primer Informe,1974-03-24,1,Masculino,10,2026-03-10 23:59:59,,True,PS,Partido Socialista,PS
1046,Andrés,Longton,Herrera,1,Afirmativo,20635,Boletín N° 11092-07,2023-05-08 19:13:51,92,40,3,0,1,Quórum Simple,1,Aprobado,1,Proyecto de Ley,11092-07,Particular,"Artículo 30 octies, contenido en el numeral 12) del artículo primero del proyecto, en los términos sugeridos por la Comisión de Constitución.
",Segundo Trámite,Primer Informe,1982-05-26,1,Masculino,10,2026-03-10 23:59:59,,True,RN,Renovación Nacional,RN
1048,Carolina,Marzán,Pinto,1,Afirmativo,20635,Boletín N° 11092-07,2023-05-08 19:13:51,92,40,3,0,1,Quórum Simple,1,Aprobado,1,Proyecto de Ley,11092-07,Particular,"Artículo 30 octies, contenido en el numeral 12) del artículo primero del proyecto, en los términos sugeridos por la Comisión de Constitución.
",Segundo Trámite,Primer Informe,1963-12-22,0,Femenino,10,2026-03-10 23:59:59,,True,PPD,Partido Por la Democracia,PPD
1049,Cosme,Mellado,Pino,1,Afirmativo,20635,Boletín N° 11092-07,2023-05-08 19:13:51,92,40,3,0,1,Quórum Simple,1,Aprobado,1,Proyecto de Ley,11092-07,Particular,"Artículo 30 octies, contenido en el numeral 12) del artículo primero del proyecto, en los términos sugeridos por la Comisión de Constitución.
",Segundo Trámite,Primer Informe,1960-02-24,1,Masculino,10,2026-03-10 23:59:59,,True,PR,Partido Radical de Chile,PR
1050,Miguel,Mellado,Suazo,1,Afirmativo,20635,Boletín N° 11092-07,2023-05-08 19:13:51,92,40,3,0,1,Quórum Simple,1,Aprobado,1,Proyecto de Ley,11092-07,Particular,"Artículo 30 octies, contenido en el numeral 12) del artículo primero del proyecto, en los términos sugeridos por la Comisión de Constitución.
",Segundo Trámite,Primer Informe,1958-12-29,1,Masculino,10,2026-03-10 23:59:59,,True,RN,Renovación Nacional,RN
1054,Francesca,Muñoz,González,2,Abstención,20635,Boletín N° 11092-07,2023-05-08 19:13:51,92,40,3,0,1,Quórum Simple,1,Aprobado,1,Proyecto de Ley,11092-07,Particular,"Artículo 30 octies, contenido en el numeral 12) del artículo primero del proyecto, en los términos sugeridos por la Comisión de Constitución.
",Segundo Trámite,Primer Informe,1980-03-07,0,Femenino,10,2026-03-10 23:59:59,,True,IND,Independientes,IND
1056,Emilia,Nuyado,Ancapichun,1,Afirmativo,20635,Boletín N° 11092-07,2023-05-08 19:13:51,92,40,3,0,1,Quórum Simple,1,Aprobado,1,Proyecto de Ley,11092-07,Particular,"Artículo 30 octies, contenido en el numeral 12) del artículo primero del proyecto, en los términos sugeridos por la Comisión de Constitución.
",Segundo Trámite,Primer Informe,1968-08-17,0,Femenino,10,2026-03-10 23:59:59,,True,PS,Partido Socialista,PS
1057,Erika,Olivera,De La Fuente,1,Afirmativo,20635,Boletín N° 11092-07,2023-05-08 19:13:51,92,40,3,0,1,Quórum Simple,1,Aprobado,1,Proyecto de Ley,11092-07,Particular,"Artículo 30 octies, contenido en el numeral 12) del artículo primero del proyecto, en los términos sugeridos por la Comisión de Constitución.
",Segundo Trámite,Primer Informe,1976-01-04,0,Femenino,10,2026-03-10 23:59:59,,True,IND,Independientes,IND
1058,Maite,Orsini,Pascal,1,Afirmativo,20635,Boletín N° 11092-07,2023-05-08 19:13:51,92,40,3,0,1,Quórum Simple,1,Aprobado,1,Proyecto de Ley,11092-07,Particular,"Artículo 30 octies, contenido en el numeral 12) del artículo primero del proyecto, en los términos sugeridos por la Comisión de Constitución.
",Segundo Trámite,Primer Informe,1988-02-23,0,Femenino,10,2026-03-10 23:59:59,,True,RD,Revolución Democrática,RD
1059,Ximena,Ossandón,Irarrázabal,1,Afirmativo,20635,Boletín N° 11092-07,2023-05-08 19:13:51,92,40,3,0,1,Quórum Simple,1,Aprobado,1,Proyecto de Ley,11092-07,Particular,"Artículo 30 octies, contenido en el numeral 12) del artículo primero del proyecto, en los términos sugeridos por la Comisión de Constitución.
",Segundo Trámite,Primer Informe,1963-12-13,0,Femenino,10,2026-03-10 23:59:59,,True,RN,Renovación Nacional,RN
1062,Joanna,Pérez,Olea,1,Afirmativo,20635,Boletín N° 11092-07,2023-05-08 19:13:51,92,40,3,0,1,Quórum Simple,1,Aprobado,1,Proyecto de Ley,11092-07,Particular,"Artículo 30 octies, contenido en el numeral 12) del artículo primero del proyecto, en los términos sugeridos por la Comisión de Constitución.
",Segundo Trámite,Primer Informe,1976-04-01,0,Femenino,10,2026-03-10 23:59:59,,True,IND,Independientes,IND
1065,Guillermo,Ramírez,Diez,0,En Contra,20635,Boletín N° 11092-07,2023-05-08 19:13:51,92,40,3,0,1,Quórum Simple,1,Aprobado,1,Proyecto de Ley,11092-07,Particular,"Artículo 30 octies, contenido en el numeral 12) del artículo primero del proyecto, en los términos sugeridos por la Comisión de Constitución.
",Segundo Trámite,Primer Informe,1979-04-16,1,Masculino,10,2026-03-10 23:59:59,,True,UDI,Unión Demócrata Independiente,UDI
1067,Hugo,Rey,Martínez,1,Afirmativo,20635,Boletín N° 11092-07,2023-05-08 19:13:51,92,40,3,0,1,Quórum Simple,1,Aprobado,1,Proyecto de Ley,11092-07,Particular,"Artículo 30 octies, contenido en el numeral 12) del artículo primero del proyecto, en los términos sugeridos por la Comisión de Constitución.
",Segundo Trámite,Primer Informe,1973-12-06,1,Masculino,10,2026-03-10 23:59:59,,True,RN,Renovación Nacional,RN
1068,Camila,Rojas,Valderrama,1,Afirmativo,20635,Boletín N° 11092-07,2023-05-08 19:13:51,92,40,3,0,1,Quórum Simple,1,Aprobado,1,Proyecto de Ley,11092-07,Particular,"Artículo 30 octies, contenido en el numeral 12) del artículo primero del proyecto, en los términos sugeridos por la Comisión de Constitución.
",Segundo Trámite,Primer Informe,1991-03-11,0,Femenino,10,2026-03-10 23:59:59,,True,COMUNES,Partido Comunes,COMUNES
1073,Juan,Santana,Castillo,1,Afirmativo,20635,Boletín N° 11092-07,2023-05-08 19:13:51,92,40,3,0,1,Quórum Simple,1,Aprobado,1,Proyecto de Ley,11092-07,Particular,"Artículo 30 octies, contenido en el numeral 12) del artículo primero del proyecto, en los términos sugeridos por la Comisión de Constitución.
",Segundo Trámite,Primer Informe,1989-09-20,1,Masculino,10,2026-03-10 23:59:59,,True,PS,Partido Socialista,PS
1076,Alexis,Sepúlveda,Soto,1,Afirmativo,20635,Boletín N° 11092-07,2023-05-08 19:13:51,92,40,3,0,1,Quórum Simple,1,Aprobado,1,Proyecto de Ley,11092-07,Particular,"Artículo 30 octies, contenido en el numeral 12) del artículo primero del proyecto, en los términos sugeridos por la Comisión de Constitución.
",Segundo Trámite,Primer Informe,1969-12-29,1,Masculino,10,2026-03-10 23:59:59,,True,PR,Partido Radical de Chile,PR
1077,Raúl,Soto,Mardones,1,Afirmativo,20635,Boletín N° 11092-07,2023-05-08 19:13:51,92,40,3,0,1,Quórum Simple,1,Aprobado,1,Proyecto de Ley,11092-07,Particular,"Artículo 30 octies, contenido en el numeral 12) del artículo primero del proyecto, en los términos sugeridos por la Comisión de Constitución.
",Segundo Trámite,Primer Informe,1987-11-20,1,Masculino,10,2026-03-10 23:59:59,,True,PPD,Partido Por la Democracia,PPD
1081,Francisco,Undurraga,Gazitúa,1,Afirmativo,20635,Boletín N° 11092-07,2023-05-08 19:13:51,92,40,3,0,1,Quórum Simple,1,Aprobado,1,Proyecto de Ley,11092-07,Particular,"Artículo 30 octies, contenido en el numeral 12) del artículo primero del proyecto, en los términos sugeridos por la Comisión de Constitución.
",Segundo Trámite,Primer Informe,1965-09-29,1,Masculino,10,2026-03-10 23:59:59,,True,EVOP,Evolución Política,EVOP
1082,Cristóbal,Urruticoechea,Ríos,0,En Contra,20635,Boletín N° 11092-07,2023-05-08 19:13:51,92,40,3,0,1,Quórum Simple,1,Aprobado,1,Proyecto de Ley,11092-07,Particular,"Artículo 30 octies, contenido en el numeral 12) del artículo primero del proyecto, en los términos sugeridos por la Comisión de Constitución.
",Segundo Trámite,Primer Informe,1975-11-21,1,Masculino,10,2026-03-10 23:59:59,,True,PREP,Partido Republicano,PREP
1086,Gonzalo,Winter,Etcheberry,1,Afirmativo,20635,Boletín N° 11092-07,2023-05-08 19:13:51,92,40,3,0,1,Quórum Simple,1,Aprobado,1,Proyecto de Ley,11092-07,Particular,"Artículo 30 octies, contenido en el numeral 12) del artículo primero del proyecto, en los términos sugeridos por la Comisión de Constitución.
",Segundo Trámite,Primer Informe,1987-01-06,1,Masculino,10,2026-03-10 23:59:59,,True,PCS,Partido Convergencia Social,PCS
1087,Gael,Yeomans,Araya,1,Afirmativo,20635,Boletín N° 11092-07,2023-05-08 19:13:51,92,40,3,0,1,Quórum Simple,1,Aprobado,1,Proyecto de Ley,11092-07,Particular,"Artículo 30 octies, contenido en el numeral 12) del artículo primero del proyecto, en los términos sugeridos por la Comisión de Constitución.
",Segundo Trámite,Primer Informe,1988-12-04,0,Femenino,10,2026-03-10 23:59:59,,True,PCS,Partido Convergencia Social,PCS
1094,Cristian,Labbé,Martínez,0,En Contra,20635,Boletín N° 11092-07,2023-05-08 19:13:51,92,40,3,0,1,Quórum Simple,1,Aprobado,1,Proyecto de Ley,11092-07,Particular,"Artículo 30 octies, contenido en el numeral 12) del artículo primero del proyecto, en los términos sugeridos por la Comisión de Constitución.
",Segundo Trámite,Primer Informe,1980-03-06,1,Masculino,10,2026-03-10 23:59:59,,True,UDI,Unión Demócrata Independiente,UDI
1096,María Candelaria,Acevedo,Sáez,1,Afirmativo,20635,Boletín N° 11092-07,2023-05-08 19:13:51,92,40,3,0,1,Quórum Simple,1,Aprobado,1,Proyecto de Ley,11092-07,Particular,"Artículo 30 octies, contenido en el numeral 12) del artículo primero del proyecto, en los términos sugeridos por la Comisión de Constitución.
",Segundo Trámite,Primer Informe,1958-09-12,0,Femenino,10,2026-03-10 23:59:59,,True,PC,Partido Comunista,PC
1097,Eric,Aedo,Jeldres,1,Afirmativo,20635,Boletín N° 11092-07,2023-05-08 19:13:51,92,40,3,0,1,Quórum Simple,1,Aprobado,1,Proyecto de Ley,11092-07,Particular,"Artículo 30 octies, contenido en el numeral 12) del artículo primero del proyecto, en los términos sugeridos por la Comisión de Constitución.
",Segundo Trámite,Primer Informe,1968-07-13,1,Masculino,10,2026-03-10 23:59:59,,True,DC,Partido Demócrata Cristiano,DC
1098,Yovana,Ahumada,Palma,0,En Contra,20635,Boletín N° 11092-07,2023-05-08 19:13:51,92,40,3,0,1,Quórum Simple,1,Aprobado,1,Proyecto de Ley,11092-07,Particular,"Artículo 30 octies, contenido en el numeral 12) del artículo primero del proyecto, en los términos sugeridos por la Comisión de Constitución.
",Segundo Trámite,Primer Informe,1973-02-24,0,Femenino,10,2026-03-10 23:59:59,,True,IND,Independientes,IND
1099,Jaime,Araya,Guerrero,1,Afirmativo,20635,Boletín N° 11092-07,2023-05-08 19:13:51,92,40,3,0,1,Quórum Simple,1,Aprobado,1,Proyecto de Ley,11092-07,Particular,"Artículo 30 octies, contenido en el numeral 12) del artículo primero del proyecto, en los términos sugeridos por la Comisión de Constitución.
",Segundo Trámite,Primer Informe,1976-02-04,1,Masculino,10,2026-03-10 23:59:59,,True,IND,Independientes,IND
1100,Cristián,Araya,Lerdo de Tejada,0,En Contra,20635,Boletín N° 11092-07,2023-05-08 19:13:51,92,40,3,0,1,Quórum Simple,1,Aprobado,1,Proyecto de Ley,11092-07,Particular,"Artículo 30 octies, contenido en el numeral 12) del artículo primero del proyecto, en los términos sugeridos por la Comisión de Constitución.
",Segundo Trámite,Primer Informe,1988-09-30,1,Masculino,10,2026-03-10 23:59:59,,True,PREP,Partido Republicano,PREP
1101,Mónica,Arce,Castro,1,Afirmativo,20635,Boletín N° 11092-07,2023-05-08 19:13:51,92,40,3,0,1,Quórum Simple,1,Aprobado,1,Proyecto de Ley,11092-07,Particular,"Artículo 30 octies, contenido en el numeral 12) del artículo primero del proyecto, en los términos sugeridos por la Comisión de Constitución.
",Segundo Trámite,Primer Informe,1976-03-02,0,Femenino,10,2026-03-10 23:59:59,,True,IND,Independientes,IND
1102,Roberto,Arroyo,Muñoz,0,En Contra,20635,Boletín N° 11092-07,2023-05-08 19:13:51,92,40,3,0,1,Quórum Simple,1,Aprobado,1,Proyecto de Ley,11092-07,Particular,"Artículo 30 octies, contenido en el numeral 12) del artículo primero del proyecto, en los términos sugeridos por la Comisión de Constitución.
",Segundo Trámite,Primer Informe,1963-11-29,1,Masculino,10,2026-03-10 23:59:59,,True,PDG,Partido de la Gente,PDG
1103,Danisa,Astudillo,Peiretti,1,Afirmativo,20635,Boletín N° 11092-07,2023-05-08 19:13:51,92,40,3,0,1,Quórum Simple,1,Aprobado,1,Proyecto de Ley,11092-07,Particular,"Artículo 30 octies, contenido en el numeral 12) del artículo primero del proyecto, en los términos sugeridos por la Comisión de Constitución.
",Segundo Trámite,Primer Informe,1975-05-03,0,Femenino,10,2026-03-10 23:59:59,,True,PS,Partido Socialista,PS
1104,Chiara,Barchiesi,Chávez,0,En Contra,20635,Boletín N° 11092-07,2023-05-08 19:13:51,92,40,3,0,1,Quórum Simple,1,Aprobado,1,Proyecto de Ley,11092-07,Particular,"Artículo 30 octies, contenido en el numeral 12) del artículo primero del proyecto, en los términos sugeridos por la Comisión de Constitución.
",Segundo Trámite,Primer Informe,1996-12-22,0,Femenino,10,2026-03-10 23:59:59,,True,PREP,Partido Republicano,PREP
1105,Héctor,Barría,Angulo,1,Afirmativo,20635,Boletín N° 11092-07,2023-05-08 19:13:51,92,40,3,0,1,Quórum Simple,1,Aprobado,1,Proyecto de Ley,11092-07,Particular,"Artículo 30 octies, contenido en el numeral 12) del artículo primero del proyecto, en los términos sugeridos por la Comisión de Constitución.
",Segundo Trámite,Primer Informe,1980-04-24,1,Masculino,10,2026-03-10 23:59:59,,True,DC,Partido Demócrata Cristiano,DC
1106,Miguel Ángel,Becker,Alvear,1,Afirmativo,20635,Boletín N° 11092-07,2023-05-08 19:13:51,92,40,3,0,1,Quórum Simple,1,Aprobado,1,Proyecto de Ley,11092-07,Particular,"Artículo 30 octies, contenido en el numeral 12) del artículo primero del proyecto, en los términos sugeridos por la Comisión de Constitución.
",Segundo Trámite,Primer Informe,1960-10-07,1,Masculino,10,2026-03-10 23:59:59,,True,RN,Renovación Nacional,RN
1107,María Francisca,Bello,Campos,1,Afirmativo,20635,Boletín N° 11092-07,2023-05-08 19:13:51,92,40,3,0,1,Quórum Simple,1,Aprobado,1,Proyecto de Ley,11092-07,Particular,"Artículo 30 octies, contenido en el numeral 12) del artículo primero del proyecto, en los términos sugeridos por la Comisión de Constitución.
",Segundo Trámite,Primer Informe,1987-09-17,0,Femenino,10,2026-03-10 23:59:59,,True,PCS,Partido Convergencia Social,PCS
1108,Juan Carlos,Beltrán,Silva,1,Afirmativo,20635,Boletín N° 11092-07,2023-05-08 19:13:51,92,40,3,0,1,Quórum Simple,1,Aprobado,1,Proyecto de Ley,11092-07,Particular,"Artículo 30 octies, contenido en el numeral 12) del artículo primero del proyecto, en los términos sugeridos por la Comisión de Constitución.
",Segundo Trámite,Primer Informe,1962-12-19,1,Masculino,10,2026-03-10 23:59:59,,True,RN,Renovación Nacional,RN
1109,Gustavo,Benavente,Vergara,0,En Contra,20635,Boletín N° 11092-07,2023-05-08 19:13:51,92,40,3,0,1,Quórum Simple,1,Aprobado,1,Proyecto de Ley,11092-07,Particular,"Artículo 30 octies, contenido en el numeral 12) del artículo primero del proyecto, en los términos sugeridos por la Comisión de Constitución.
",Segundo Trámite,Primer Informe,1966-08-13,1,Masculino,10,2026-03-10 23:59:59,,True,UDI,Unión Demócrata Independiente,UDI
1110,Carlos,Bianchi,Chelech,1,Afirmativo,20635,Boletín N° 11092-07,2023-05-08 19:13:51,92,40,3,0,1,Quórum Simple,1,Aprobado,1,Proyecto de Ley,11092-07,Particular,"Artículo 30 octies, contenido en el numeral 12) del artículo primero del proyecto, en los términos sugeridos por la Comisión de Constitución.
",Segundo Trámite,Primer Informe,1960-11-04,1,Masculino,10,2026-03-10 23:59:59,,True,IND,Independientes,IND
1111,Fernando,Bórquez,Montecinos,0,En Contra,20635,Boletín N° 11092-07,2023-05-08 19:13:51,92,40,3,0,1,Quórum Simple,1,Aprobado,1,Proyecto de Ley,11092-07,Particular,"Artículo 30 octies, contenido en el numeral 12) del artículo primero del proyecto, en los términos sugeridos por la Comisión de Constitución.
",Segundo Trámite,Primer Informe,1968-06-06,1,Masculino,10,2026-03-10 23:59:59,,True,UDI,Unión Demócrata Independiente,UDI
1112,Ana María,Bravo,Castro,1,Afirmativo,20635,Boletín N° 11092-07,2023-05-08 19:13:51,92,40,3,0,1,Quórum Simple,1,Aprobado,1,Proyecto de Ley,11092-07,Particular,"Artículo 30 octies, contenido en el numeral 12) del artículo primero del proyecto, en los términos sugeridos por la Comisión de Constitución.
",Segundo Trámite,Primer Informe,1973-12-03,0,Femenino,10,2026-03-10 23:59:59,,True,PS,Partido Socialista,PS
1113,Marta,Bravo,Salinas,0,En Contra,20635,Boletín N° 11092-07,2023-05-08 19:13:51,92,40,3,0,1,Quórum Simple,1,Aprobado,1,Proyecto de Ley,11092-07,Particular,"Artículo 30 octies, contenido en el numeral 12) del artículo primero del proyecto, en los términos sugeridos por la Comisión de Constitución.
",Segundo Trámite,Primer Informe,1976-02-25,0,Femenino,10,2026-03-10 23:59:59,,True,UDI,Unión Demócrata Independiente,UDI
1114,Félix,Bugueño,Sotelo,1,Afirmativo,20635,Boletín N° 11092-07,2023-05-08 19:13:51,92,40,3,0,1,Quórum Simple,1,Aprobado,1,Proyecto de Ley,11092-07,Particular,"Artículo 30 octies, contenido en el numeral 12) del artículo primero del proyecto, en los términos sugeridos por la Comisión de Constitución.
",Segundo Trámite,Primer Informe,1973-05-18,1,Masculino,10,2026-03-10 23:59:59,,True,FRVS,Federación Regionalista Verde Social,FRVS
1115,Mercedes,Bulnes,Núñez,1,Afirmativo,20635,Boletín N° 11092-07,2023-05-08 19:13:51,92,40,3,0,1,Quórum Simple,1,Aprobado,1,Proyecto de Ley,11092-07,Particular,"Artículo 30 octies, contenido en el numeral 12) del artículo primero del proyecto, en los términos sugeridos por la Comisión de Constitución.
",Segundo Trámite,Primer Informe,1950-06-06,0,Femenino,10,2024-11-22 00:00:00,,True,IND,Independientes,IND
1116,Felipe,Camaño,Cárdenas,1,Afirmativo,20635,Boletín N° 11092-07,2023-05-08 19:13:51,92,40,3,0,1,Quórum Simple,1,Aprobado,1,Proyecto de Ley,11092-07,Particular,"Artículo 30 octies, contenido en el numeral 12) del artículo primero del proyecto, en los términos sugeridos por la Comisión de Constitución.
",Segundo Trámite,Primer Informe,1991-08-21,1,Masculino,10,2026-03-10 23:59:59,,True,IND,Independientes,IND
1117,Nathalie,Castillo,Rojas,1,Afirmativo,20635,Boletín N° 11092-07,2023-05-08 19:13:51,92,40,3,0,1,Quórum Simple,1,Aprobado,1,Proyecto de Ley,11092-07,Particular,"Artículo 30 octies, contenido en el numeral 12) del artículo primero del proyecto, en los términos sugeridos por la Comisión de Constitución.
",Segundo Trámite,Primer Informe,1983-07-02,0,Femenino,10,2026-03-10 23:59:59,,True,PC,Partido Comunista,PC
1118,Ricardo,Cifuentes,Lillo,1,Afirmativo,20635,Boletín N° 11092-07,2023-05-08 19:13:51,92,40,3,0,1,Quórum Simple,1,Aprobado,1,Proyecto de Ley,11092-07,Particular,"Artículo 30 octies, contenido en el numeral 12) del artículo primero del proyecto, en los términos sugeridos por la Comisión de Constitución.
",Segundo Trámite,Primer Informe,1962-09-12,1,Masculino,10,2026-03-10 23:59:59,,True,DC,Partido Demócrata Cristiano,DC
1119,Sara,Concha,Smith,2,Abstención,20635,Boletín N° 11092-07,2023-05-08 19:13:51,92,40,3,0,1,Quórum Simple,1,Aprobado,1,Proyecto de Ley,11092-07,Particular,"Artículo 30 octies, contenido en el numeral 12) del artículo primero del proyecto, en los términos sugeridos por la Comisión de Constitución.
",Segundo Trámite,Primer Informe,1995-09-09,0,Femenino,10,2026-03-10 23:59:59,,True,PSC,Partido Social Cristiano,PSC
1120,María Luisa,Cordero,Velásquez,1,Afirmativo,20635,Boletín N° 11092-07,2023-05-08 19:13:51,92,40,3,0,1,Quórum Simple,1,Aprobado,1,Proyecto de Ley,11092-07,Particular,"Artículo 30 octies, contenido en el numeral 12) del artículo primero del proyecto, en los términos sugeridos por la Comisión de Constitución.
",Segundo Trámite,Primer Informe,1943-01-23,0,Femenino,10,2026-03-10 23:59:59,,True,IND,Independientes,IND
1121,Eduardo,Cornejo,Lagos,0,En Contra,20635,Boletín N° 11092-07,2023-05-08 19:13:51,92,40,3,0,1,Quórum Simple,1,Aprobado,1,Proyecto de Ley,11092-07,Particular,"Artículo 30 octies, contenido en el numeral 12) del artículo primero del proyecto, en los términos sugeridos por la Comisión de Constitución.
",Segundo Trámite,Primer Informe,1972-01-12,1,Masculino,10,2026-03-10 23:59:59,,True,UDI,Unión Demócrata Independiente,UDI
1122,Luis Alberto,Cuello,Peña y Lillo,1,Afirmativo,20635,Boletín N° 11092-07,2023-05-08 19:13:51,92,40,3,0,1,Quórum Simple,1,Aprobado,1,Proyecto de Ley,11092-07,Particular,"Artículo 30 octies, contenido en el numeral 12) del artículo primero del proyecto, en los términos sugeridos por la Comisión de Constitución.
",Segundo Trámite,Primer Informe,1977-01-24,1,Masculino,10,2026-03-10 23:59:59,,True,PC,Partido Comunista,PC
1123,Gonzalo,De la Carrera,Correa,0,En Contra,20635,Boletín N° 11092-07,2023-05-08 19:13:51,92,40,3,0,1,Quórum Simple,1,Aprobado,1,Proyecto de Ley,11092-07,Particular,"Artículo 30 octies, contenido en el numeral 12) del artículo primero del proyecto, en los términos sugeridos por la Comisión de Constitución.
",Segundo Trámite,Primer Informe,1962-01-13,1,Masculino,10,2026-03-10 23:59:59,,True,IND,Independientes,IND
1124,Tomás,De Rementería,Venegas,1,Afirmativo,20635,Boletín N° 11092-07,2023-05-08 19:13:51,92,40,3,0,1,Quórum Simple,1,Aprobado,1,Proyecto de Ley,11092-07,Particular,"Artículo 30 octies, contenido en el numeral 12) del artículo primero del proyecto, en los términos sugeridos por la Comisión de Constitución.
",Segundo Trámite,Primer Informe,1987-03-17,1,Masculino,10,2025-05-05 23:59:59,,True,PS,Partido Socialista,PS
1125,Viviana,Delgado,Riquelme,1,Afirmativo,20635,Boletín N° 11092-07,2023-05-08 19:13:51,92,40,3,0,1,Quórum Simple,1,Aprobado,1,Proyecto de Ley,11092-07,Particular,"Artículo 30 octies, contenido en el numeral 12) del artículo primero del proyecto, en los términos sugeridos por la Comisión de Constitución.
",Segundo Trámite,Primer Informe,1973-09-04,0,Femenino,10,2026-03-10 23:59:59,,True,IND,Independientes,IND
1126,Felipe,Donoso,Castro,0,En Contra,20635,Boletín N° 11092-07,2023-05-08 19:13:51,92,40,3,0,1,Quórum Simple,1,Aprobado,1,Proyecto de Ley,11092-07,Particular,"Artículo 30 octies, contenido en el numeral 12) del artículo primero del proyecto, en los términos sugeridos por la Comisión de Constitución.
",Segundo Trámite,Primer Informe,1982-12-12,1,Masculino,10,2026-03-10 23:59:59,,True,UDI,Unión Demócrata Independiente,UDI
1127,Lorena,Fries,Monleón,1,Afirmativo,20635,Boletín N° 11092-07,2023-05-08 19:13:51,92,40,3,0,1,Quórum Simple,1,Aprobado,1,Proyecto de Ley,11092-07,Particular,"Artículo 30 octies, contenido en el numeral 12) del artículo primero del proyecto, en los términos sugeridos por la Comisión de Constitución.
",Segundo Trámite,Primer Informe,1960-04-01,0,Femenino,10,2026-03-10 23:59:59,,True,PCS,Partido Convergencia Social,PCS
1128,Ana María,Gazmuri,Vieira,1,Afirmativo,20635,Boletín N° 11092-07,2023-05-08 19:13:51,92,40,3,0,1,Quórum Simple,1,Aprobado,1,Proyecto de Ley,11092-07,Particular,"Artículo 30 octies, contenido en el numeral 12) del artículo primero del proyecto, en los términos sugeridos por la Comisión de Constitución.
",Segundo Trámite,Primer Informe,1966-01-22,0,Femenino,10,2026-03-10 23:59:59,,True,PAH,Partido Acción Humanista,PAH
1129,Andrés,Giordano,Salazar,1,Afirmativo,20635,Boletín N° 11092-07,2023-05-08 19:13:51,92,40,3,0,1,Quórum Simple,1,Aprobado,1,Proyecto de Ley,11092-07,Particular,"Artículo 30 octies, contenido en el numeral 12) del artículo primero del proyecto, en los términos sugeridos por la Comisión de Constitución.
",Segundo Trámite,Primer Informe,1986-12-29,1,Masculino,10,2026-03-10 23:59:59,,True,IND,Independientes,IND
1131,Mauro,González,Villarroel,0,En Contra,20635,Boletín N° 11092-07,2023-05-08 19:13:51,92,40,3,0,1,Quórum Simple,1,Aprobado,1,Proyecto de Ley,11092-07,Particular,"Artículo 30 octies, contenido en el numeral 12) del artículo primero del proyecto, en los términos sugeridos por la Comisión de Constitución.
",Segundo Trámite,Primer Informe,1985-05-25,1,Masculino,10,2026-03-10 23:59:59,,True,RN,Renovación Nacional,RN
1132,Jorge,Guzmán,Zepeda,1,Afirmativo,20635,Boletín N° 11092-07,2023-05-08 19:13:51,92,40,3,0,1,Quórum Simple,1,Aprobado,1,Proyecto de Ley,11092-07,Particular,"Artículo 30 octies, contenido en el numeral 12) del artículo primero del proyecto, en los términos sugeridos por la Comisión de Constitución.
",Segundo Trámite,Primer Informe,1985-06-11,1,Masculino,10,2026-03-10 23:59:59,,True,EVOP,Evolución Política,EVOP
1133,Juan,Irarrázaval,Rossel,0,En Contra,20635,Boletín N° 11092-07,2023-05-08 19:13:51,92,40,3,0,1,Quórum Simple,1,Aprobado,1,Proyecto de Ley,11092-07,Particular,"Artículo 30 octies, contenido en el numeral 12) del artículo primero del proyecto, en los términos sugeridos por la Comisión de Constitución.
",Segundo Trámite,Primer Informe,1983-06-23,1,Masculino,10,2026-03-10 23:59:59,,True,PREP,Partido Republicano,PREP
1135,Johannes,Kaiser,Barents-Von Hohenhagen,0,En Contra,20635,Boletín N° 11092-07,2023-05-08 19:13:51,92,40,3,0,1,Quórum Simple,1,Aprobado,1,Proyecto de Ley,11092-07,Particular,"Artículo 30 octies, contenido en el numeral 12) del artículo primero del proyecto, en los términos sugeridos por la Comisión de Constitución.
",Segundo Trámite,Primer Informe,1976-01-05,1,Masculino,10,2026-03-10 23:59:59,,True,PREP,Partido Republicano,PREP
1136,Paula,Labra,Besserer,1,Afirmativo,20635,Boletín N° 11092-07,2023-05-08 19:13:51,92,40,3,0,1,Quórum Simple,1,Aprobado,1,Proyecto de Ley,11092-07,Particular,"Artículo 30 octies, contenido en el numeral 12) del artículo primero del proyecto, en los términos sugeridos por la Comisión de Constitución.
",Segundo Trámite,Primer Informe,1987-05-04,0,Femenino,10,2026-03-10 23:59:59,,True,IND,Independientes,IND
1137,Tomás,Lagomarsino,Guzmán,1,Afirmativo,20635,Boletín N° 11092-07,2023-05-08 19:13:51,92,40,3,0,1,Quórum Simple,1,Aprobado,1,Proyecto de Ley,11092-07,Particular,"Artículo 30 octies, contenido en el numeral 12) del artículo primero del proyecto, en los términos sugeridos por la Comisión de Constitución.
",Segundo Trámite,Primer Informe,1990-07-13,1,Masculino,10,2026-03-10 23:59:59,,True,IND,Independientes,IND
1138,Henry,Leal,Bizama,0,En Contra,20635,Boletín N° 11092-07,2023-05-08 19:13:51,92,40,3,0,1,Quórum Simple,1,Aprobado,1,Proyecto de Ley,11092-07,Particular,"Artículo 30 octies, contenido en el numeral 12) del artículo primero del proyecto, en los términos sugeridos por la Comisión de Constitución.
",Segundo Trámite,Primer Informe,1972-09-16,1,Masculino,10,2026-03-10 23:59:59,,True,UDI,Unión Demócrata Independiente,UDI
1139,Enrique,Lee,Flores,0,En Contra,20635,Boletín N° 11092-07,2023-05-08 19:13:51,92,40,3,0,1,Quórum Simple,1,Aprobado,1,Proyecto de Ley,11092-07,Particular,"Artículo 30 octies, contenido en el numeral 12) del artículo primero del proyecto, en los términos sugeridos por la Comisión de Constitución.
",Segundo Trámite,Primer Informe,1967-12-16,1,Masculino,10,2026-03-10 23:59:59,,True,PRI,Partido Regionalista Independiente,PRI
1140,Daniel,Lilayu,Vivanco,0,En Contra,20635,Boletín N° 11092-07,2023-05-08 19:13:51,92,40,3,0,1,Quórum Simple,1,Aprobado,1,Proyecto de Ley,11092-07,Particular,"Artículo 30 octies, contenido en el numeral 12) del artículo primero del proyecto, en los términos sugeridos por la Comisión de Constitución.
",Segundo Trámite,Primer Informe,1949-03-02,1,Masculino,10,2026-03-10 23:59:59,,True,UDI,Unión Demócrata Independiente,UDI
1142,Daniel,Manouchehri,Lobos,1,Afirmativo,20635,Boletín N° 11092-07,2023-05-08 19:13:51,92,40,3,0,1,Quórum Simple,1,Aprobado,1,Proyecto de Ley,11092-07,Particular,"Artículo 30 octies, contenido en el numeral 12) del artículo primero del proyecto, en los términos sugeridos por la Comisión de Constitución.
",Segundo Trámite,Primer Informe,1984-05-25,1,Masculino,10,2026-03-10 23:59:59,,True,PS,Partido Socialista,PS
1143,Cristóbal,Martínez,Ramírez,1,Afirmativo,20635,Boletín N° 11092-07,2023-05-08 19:13:51,92,40,3,0,1,Quórum Simple,1,Aprobado,1,Proyecto de Ley,11092-07,Particular,"Artículo 30 octies, contenido en el numeral 12) del artículo primero del proyecto, en los términos sugeridos por la Comisión de Constitución.
",Segundo Trámite,Primer Informe,1984-04-30,1,Masculino,10,2026-03-10 23:59:59,,True,UDI,Unión Demócrata Independiente,UDI
1144,Christian,Matheson,Villán,0,En Contra,20635,Boletín N° 11092-07,2023-05-08 19:13:51,92,40,3,0,1,Quórum Simple,1,Aprobado,1,Proyecto de Ley,11092-07,Particular,"Artículo 30 octies, contenido en el numeral 12) del artículo primero del proyecto, en los términos sugeridos por la Comisión de Constitución.
",Segundo Trámite,Primer Informe,1957-12-17,1,Masculino,10,2026-03-10 23:59:59,,True,IND,Independientes,IND
1146,José Carlos,Meza,Pereira,0,En Contra,20635,Boletín N° 11092-07,2023-05-08 19:13:51,92,40,3,0,1,Quórum Simple,1,Aprobado,1,Proyecto de Ley,11092-07,Particular,"Artículo 30 octies, contenido en el numeral 12) del artículo primero del proyecto, en los términos sugeridos por la Comisión de Constitución.
",Segundo Trámite,Primer Informe,1989-03-07,1,Masculino,10,2026-03-10 23:59:59,,True,PREP,Partido Republicano,PREP
1147,Helia,Molina,Milman,1,Afirmativo,20635,Boletín N° 11092-07,2023-05-08 19:13:51,92,40,3,0,1,Quórum Simple,1,Aprobado,1,Proyecto de Ley,11092-07,Particular,"Artículo 30 octies, contenido en el numeral 12) del artículo primero del proyecto, en los términos sugeridos por la Comisión de Constitución.
",Segundo Trámite,Primer Informe,1947-04-02,0,Femenino,10,2026-03-10 23:59:59,,True,PPD,Partido Por la Democracia,PPD
1148,Javiera,Morales,Alvarado,1,Afirmativo,20635,Boletín N° 11092-07,2023-05-08 19:13:51,92,40,3,0,1,Quórum Simple,1,Aprobado,1,Proyecto de Ley,11092-07,Particular,"Artículo 30 octies, contenido en el numeral 12) del artículo primero del proyecto, en los términos sugeridos por la Comisión de Constitución.
",Segundo Trámite,Primer Informe,1983-11-16,0,Femenino,10,2026-03-10 23:59:59,,True,PCS,Partido Convergencia Social,PCS
1149,Carla,Morales,Maldonado,1,Afirmativo,20635,Boletín N° 11092-07,2023-05-08 19:13:51,92,40,3,0,1,Quórum Simple,1,Aprobado,1,Proyecto de Ley,11092-07,Particular,"Artículo 30 octies, contenido en el numeral 12) del artículo primero del proyecto, en los términos sugeridos por la Comisión de Constitución.
",Segundo Trámite,Primer Informe,1977-10-27,0,Femenino,10,2026-03-10 23:59:59,,True,RN,Renovación Nacional,RN
1150,Benjamín,Moreno,Bascur,0,En Contra,20635,Boletín N° 11092-07,2023-05-08 19:13:51,92,40,3,0,1,Quórum Simple,1,Aprobado,1,Proyecto de Ley,11092-07,Particular,"Artículo 30 octies, contenido en el numeral 12) del artículo primero del proyecto, en los términos sugeridos por la Comisión de Constitución.
",Segundo Trámite,Primer Informe,1993-04-02,1,Masculino,10,2026-03-10 23:59:59,,True,PREP,Partido Republicano,PREP
1151,Camila,Musante,Müller,1,Afirmativo,20635,Boletín N° 11092-07,2023-05-08 19:13:51,92,40,3,0,1,Quórum Simple,1,Aprobado,1,Proyecto de Ley,11092-07,Particular,"Artículo 30 octies, contenido en el numeral 12) del artículo primero del proyecto, en los términos sugeridos por la Comisión de Constitución.
",Segundo Trámite,Primer Informe,1990-02-06,0,Femenino,10,2026-03-10 23:59:59,,True,IND,Independientes,IND
1153,Coca Ericka,Ñanco,Vásquez,1,Afirmativo,20635,Boletín N° 11092-07,2023-05-08 19:13:51,92,40,3,0,1,Quórum Simple,1,Aprobado,1,Proyecto de Ley,11092-07,Particular,"Artículo 30 octies, contenido en el numeral 12) del artículo primero del proyecto, en los términos sugeridos por la Comisión de Constitución.
",Segundo Trámite,Primer Informe,1992-03-20,0,Femenino,10,2026-03-10 23:59:59,,True,RD,Revolución Democrática,RD
1154,Mauricio,Ojeda,Rebolledo,0,En Contra,20635,Boletín N° 11092-07,2023-05-08 19:13:51,92,40,3,0,1,Quórum Simple,1,Aprobado,1,Proyecto de Ley,11092-07,Particular,"Artículo 30 octies, contenido en el numeral 12) del artículo primero del proyecto, en los términos sugeridos por la Comisión de Constitución.
",Segundo Trámite,Primer Informe,1982-01-19,1,Masculino,10,2026-03-10 23:59:59,,True,IND,Independientes,IND
1155,Rubén Darío,Oyarzo,Figueroa,1,Afirmativo,20635,Boletín N° 11092-07,2023-05-08 19:13:51,92,40,3,0,1,Quórum Simple,1,Aprobado,1,Proyecto de Ley,11092-07,Particular,"Artículo 30 octies, contenido en el numeral 12) del artículo primero del proyecto, en los términos sugeridos por la Comisión de Constitución.
",Segundo Trámite,Primer Informe,1980-12-13,1,Masculino,10,2026-03-10 23:59:59,,True,PDG,Partido de la Gente,PDG
1156,Hernán,Palma,Pérez,1,Afirmativo,20635,Boletín N° 11092-07,2023-05-08 19:13:51,92,40,3,0,1,Quórum Simple,1,Aprobado,1,Proyecto de Ley,11092-07,Particular,"Artículo 30 octies, contenido en el numeral 12) del artículo primero del proyecto, en los términos sugeridos por la Comisión de Constitución.
",Segundo Trámite,Primer Informe,1958-11-03,1,Masculino,10,2026-03-10 23:59:59,,True,IND,Independientes,IND
1158,Víctor Alejandro,Pino,Fuentes,0,En Contra,20635,Boletín N° 11092-07,2023-05-08 19:13:51,92,40,3,0,1,Quórum Simple,1,Aprobado,1,Proyecto de Ley,11092-07,Particular,"Artículo 30 octies, contenido en el numeral 12) del artículo primero del proyecto, en los términos sugeridos por la Comisión de Constitución.
",Segundo Trámite,Primer Informe,1974-12-08,1,Masculino,10,2026-03-10 23:59:59,,True,IND,Independientes,IND
1159,Lorena,Pizarro,Sierra,1,Afirmativo,20635,Boletín N° 11092-07,2023-05-08 19:13:51,92,40,3,0,1,Quórum Simple,1,Aprobado,1,Proyecto de Ley,11092-07,Particular,"Artículo 30 octies, contenido en el numeral 12) del artículo primero del proyecto, en los términos sugeridos por la Comisión de Constitución.
",Segundo Trámite,Primer Informe,1966-02-14,0,Femenino,10,2026-03-10 23:59:59,,True,PC,Partido Comunista,PC
1160,Alejandra,Placencia,Cabello,1,Afirmativo,20635,Boletín N° 11092-07,2023-05-08 19:13:51,92,40,3,0,1,Quórum Simple,1,Aprobado,1,Proyecto de Ley,11092-07,Particular,"Artículo 30 octies, contenido en el numeral 12) del artículo primero del proyecto, en los términos sugeridos por la Comisión de Constitución.
",Segundo Trámite,Primer Informe,1978-02-14,0,Femenino,10,2026-03-10 23:59:59,,True,PC,Partido Comunista,PC
1161,Francisco,Pulgar,Castillo,1,Afirmativo,20635,Boletín N° 11092-07,2023-05-08 19:13:51,92,40,3,0,1,Quórum Simple,1,Aprobado,1,Proyecto de Ley,11092-07,Particular,"Artículo 30 octies, contenido en el numeral 12) del artículo primero del proyecto, en los términos sugeridos por la Comisión de Constitución.
",Segundo Trámite,Primer Informe,1971-05-27,1,Masculino,10,2026-03-10 23:59:59,,True,IND,Independientes,IND
1162,Matías,Ramírez,Pascal,1,Afirmativo,20635,Boletín N° 11092-07,2023-05-08 19:13:51,92,40,3,0,1,Quórum Simple,1,Aprobado,1,Proyecto de Ley,11092-07,Particular,"Artículo 30 octies, contenido en el numeral 12) del artículo primero del proyecto, en los términos sugeridos por la Comisión de Constitución.
",Segundo Trámite,Primer Informe,1984-11-14,1,Masculino,10,2026-03-10 23:59:59,,True,PC,Partido Comunista,PC
1163,Marcia,Raphael,Mora,1,Afirmativo,20635,Boletín N° 11092-07,2023-05-08 19:13:51,92,40,3,0,1,Quórum Simple,1,Aprobado,1,Proyecto de Ley,11092-07,Particular,"Artículo 30 octies, contenido en el numeral 12) del artículo primero del proyecto, en los términos sugeridos por la Comisión de Constitución.
",Segundo Trámite,Primer Informe,1963-12-06,0,Femenino,10,2026-03-10 23:59:59,,True,RN,Renovación Nacional,RN
1164,Marcela,Riquelme,Aliaga,1,Afirmativo,20635,Boletín N° 11092-07,2023-05-08 19:13:51,92,40,3,0,1,Quórum Simple,1,Aprobado,1,Proyecto de Ley,11092-07,Particular,"Artículo 30 octies, contenido en el numeral 12) del artículo primero del proyecto, en los términos sugeridos por la Comisión de Constitución.
",Segundo Trámite,Primer Informe,1973-03-04,0,Femenino,10,2026-03-10 23:59:59,,True,IND,Independientes,IND
1165,Agustín,Romero,Leiva,0,En Contra,20635,Boletín N° 11092-07,2023-05-08 19:13:51,92,40,3,0,1,Quórum Simple,1,Aprobado,1,Proyecto de Ley,11092-07,Particular,"Artículo 30 octies, contenido en el numeral 12) del artículo primero del proyecto, en los términos sugeridos por la Comisión de Constitución.
",Segundo Trámite,Primer Informe,1975-01-03,1,Masculino,10,2026-03-10 23:59:59,,True,PREP,Partido Republicano,PREP
1166,Natalia,Romero,Talguia,1,Afirmativo,20635,Boletín N° 11092-07,2023-05-08 19:13:51,92,40,3,0,1,Quórum Simple,1,Aprobado,1,Proyecto de Ley,11092-07,Particular,"Artículo 30 octies, contenido en el numeral 12) del artículo primero del proyecto, en los términos sugeridos por la Comisión de Constitución.
",Segundo Trámite,Primer Informe,1985-06-29,0,Femenino,10,2026-03-10 23:59:59,,True,IND,Independientes,IND
1167,Jaime,Sáez,Quiroz,1,Afirmativo,20635,Boletín N° 11092-07,2023-05-08 19:13:51,92,40,3,0,1,Quórum Simple,1,Aprobado,1,Proyecto de Ley,11092-07,Particular,"Artículo 30 octies, contenido en el numeral 12) del artículo primero del proyecto, en los términos sugeridos por la Comisión de Constitución.
",Segundo Trámite,Primer Informe,1985-12-09,1,Masculino,10,2026-03-10 23:59:59,,True,RD,Revolución Democrática,RD
1168,Jorge,Saffirio,Espinoza,1,Afirmativo,20635,Boletín N° 11092-07,2023-05-08 19:13:51,92,40,3,0,1,Quórum Simple,1,Aprobado,1,Proyecto de Ley,11092-07,Particular,"Artículo 30 octies, contenido en el numeral 12) del artículo primero del proyecto, en los términos sugeridos por la Comisión de Constitución.
",Segundo Trámite,Primer Informe,1953-06-09,1,Masculino,10,2026-03-10 23:59:59,,True,IND,Independientes,IND
1169,Clara,Sagardía,Cabezas,1,Afirmativo,20635,Boletín N° 11092-07,2023-05-08 19:13:51,92,40,3,0,1,Quórum Simple,1,Aprobado,1,Proyecto de Ley,11092-07,Particular,"Artículo 30 octies, contenido en el numeral 12) del artículo primero del proyecto, en los términos sugeridos por la Comisión de Constitución.
",Segundo Trámite,Primer Informe,1952-08-13,0,Femenino,10,2026-03-10 23:59:59,,True,IND,Independientes,IND
1170,Luis,Sánchez,Ossa,0,En Contra,20635,Boletín N° 11092-07,2023-05-08 19:13:51,92,40,3,0,1,Quórum Simple,1,Aprobado,1,Proyecto de Ley,11092-07,Particular,"Artículo 30 octies, contenido en el numeral 12) del artículo primero del proyecto, en los términos sugeridos por la Comisión de Constitución.
",Segundo Trámite,Primer Informe,1988-10-04,1,Masculino,10,2026-03-10 23:59:59,,True,PREP,Partido Republicano,PREP
1171,Emilia,Schneider,Videla,1,Afirmativo,20635,Boletín N° 11092-07,2023-05-08 19:13:51,92,40,3,0,1,Quórum Simple,1,Aprobado,1,Proyecto de Ley,11092-07,Particular,"Artículo 30 octies, contenido en el numeral 12) del artículo primero del proyecto, en los términos sugeridos por la Comisión de Constitución.
",Segundo Trámite,Primer Informe,1996-10-23,0,Femenino,10,2026-03-10 23:59:59,,True,PCS,Partido Convergencia Social,PCS
1172,Stephan,Schubert,Rubio,0,En Contra,20635,Boletín N° 11092-07,2023-05-08 19:13:51,92,40,3,0,1,Quórum Simple,1,Aprobado,1,Proyecto de Ley,11092-07,Particular,"Artículo 30 octies, contenido en el numeral 12) del artículo primero del proyecto, en los términos sugeridos por la Comisión de Constitución.
",Segundo Trámite,Primer Informe,1977-12-19,1,Masculino,10,2026-03-10 23:59:59,,True,IND,Independientes,IND
1173,Daniela,Serrano,Salazar,1,Afirmativo,20635,Boletín N° 11092-07,2023-05-08 19:13:51,92,40,3,0,1,Quórum Simple,1,Aprobado,1,Proyecto de Ley,11092-07,Particular,"Artículo 30 octies, contenido en el numeral 12) del artículo primero del proyecto, en los términos sugeridos por la Comisión de Constitución.
",Segundo Trámite,Primer Informe,1995-03-17,0,Femenino,10,2026-03-10 23:59:59,,True,PC,Partido Comunista,PC
1174,Marco Antonio,Sulantay,Olivares,0,En Contra,20635,Boletín N° 11092-07,2023-05-08 19:13:51,92,40,3,0,1,Quórum Simple,1,Aprobado,1,Proyecto de Ley,11092-07,Particular,"Artículo 30 octies, contenido en el numeral 12) del artículo primero del proyecto, en los términos sugeridos por la Comisión de Constitución.
",Segundo Trámite,Primer Informe,1973-03-31,1,Masculino,10,2026-03-10 23:59:59,,True,UDI,Unión Demócrata Independiente,UDI
1175,Cristián,Tapia,Ramos,1,Afirmativo,20635,Boletín N° 11092-07,2023-05-08 19:13:51,92,40,3,0,1,Quórum Simple,1,Aprobado,1,Proyecto de Ley,11092-07,Particular,"Artículo 30 octies, contenido en el numeral 12) del artículo primero del proyecto, en los términos sugeridos por la Comisión de Constitución.
",Segundo Trámite,Primer Informe,1968-07-14,1,Masculino,10,2026-03-10 23:59:59,,True,IND,Independientes,IND
1176,Hotuiti,Teao,Drago,0,En Contra,20635,Boletín N° 11092-07,2023-05-08 19:13:51,92,40,3,0,1,Quórum Simple,1,Aprobado,1,Proyecto de Ley,11092-07,Particular,"Artículo 30 octies, contenido en el numeral 12) del artículo primero del proyecto, en los términos sugeridos por la Comisión de Constitución.
",Segundo Trámite,Primer Informe,1977-08-01,1,Masculino,10,2026-03-10 23:59:59,,True,IND,Independientes,IND
1177,Carolina,Tello,Rojas,1,Afirmativo,20635,Boletín N° 11092-07,2023-05-08 19:13:51,92,40,3,0,1,Quórum Simple,1,Aprobado,1,Proyecto de Ley,11092-07,Particular,"Artículo 30 octies, contenido en el numeral 12) del artículo primero del proyecto, en los términos sugeridos por la Comisión de Constitución.
",Segundo Trámite,Primer Informe,1985-10-01,0,Femenino,10,2026-03-10 23:59:59,,True,PC,Partido Comunista,PC
1178,Héctor,Ulloa,Aguilera,1,Afirmativo,20635,Boletín N° 11092-07,2023-05-08 19:13:51,92,40,3,0,1,Quórum Simple,1,Aprobado,1,Proyecto de Ley,11092-07,Particular,"Artículo 30 octies, contenido en el numeral 12) del artículo primero del proyecto, en los términos sugeridos por la Comisión de Constitución.
",Segundo Trámite,Primer Informe,1969-08-06,1,Masculino,10,2026-03-10 23:59:59,,True,IND,Independientes,IND
1179,Alberto,Undurraga,Vicuña,1,Afirmativo,20635,Boletín N° 11092-07,2023-05-08 19:13:51,92,40,3,0,1,Quórum Simple,1,Aprobado,1,Proyecto de Ley,11092-07,Particular,"Artículo 30 octies, contenido en el numeral 12) del artículo primero del proyecto, en los términos sugeridos por la Comisión de Constitución.
",Segundo Trámite,Primer Informe,1969-06-17,1,Masculino,10,2026-03-10 23:59:59,,True,DC,Partido Demócrata Cristiano,DC
1180,Consuelo,Veloso,Ávila,1,Afirmativo,20635,Boletín N° 11092-07,2023-05-08 19:13:51,92,40,3,0,1,Quórum Simple,1,Aprobado,1,Proyecto de Ley,11092-07,Particular,"Artículo 30 octies, contenido en el numeral 12) del artículo primero del proyecto, en los términos sugeridos por la Comisión de Constitución.
",Segundo Trámite,Primer Informe,1994-02-11,0,Femenino,10,2026-03-10 23:59:59,,True,RD,Revolución Democrática,RD
1182,Sebastián,Videla,Castillo,1,Afirmativo,20635,Boletín N° 11092-07,2023-05-08 19:13:51,92,40,3,0,1,Quórum Simple,1,Aprobado,1,Proyecto de Ley,11092-07,Particular,"Artículo 30 octies, contenido en el numeral 12) del artículo primero del proyecto, en los términos sugeridos por la Comisión de Constitución.
",Segundo Trámite,Primer Informe,1986-04-29,1,Masculino,10,2026-03-10 23:59:59,,True,IND,Independientes,IND
1183,Flor,Weisse,Novoa,0,En Contra,20635,Boletín N° 11092-07,2023-05-08 19:13:51,92,40,3,0,1,Quórum Simple,1,Aprobado,1,Proyecto de Ley,11092-07,Particular,"Artículo 30 octies, contenido en el numeral 12) del artículo primero del proyecto, en los términos sugeridos por la Comisión de Constitución.
",Segundo Trámite,Primer Informe,1960-03-27,0,Femenino,10,2026-03-10 23:59:59,,True,UDI,Unión Demócrata Independiente,UDI
74,Jaime,Naranjo,Ortiz,1,Afirmativo,20635,Boletín N° 11092-07,2023-05-08 19:13:51,92,40,3,0,1,Quórum Simple,1,Aprobado,1,Proyecto de Ley,11092-07,Particular,"Artículo 30 octies, contenido en el numeral 12) del artículo primero del proyecto, en los términos sugeridos por la Comisión de Constitución.
",Segundo Trámite,Primer Informe,1951-01-12,1,Masculino,10,2026-03-10 23:59:59,,True,PS,Partido Socialista,PS
803,René,Alinco,Bustos,1,Afirmativo,20635,Boletín N° 11092-07,2023-05-08 19:13:51,92,40,3,0,1,Quórum Simple,1,Aprobado,1,Proyecto de Ley,11092-07,Particular,"Artículo 30 octies, contenido en el numeral 12) del artículo primero del proyecto, en los términos sugeridos por la Comisión de Constitución.
",Segundo Trámite,Primer Informe,1958-06-02,1,Masculino,10,2026-03-10 23:59:59,,True,IND,Independientes,IND
815,Sergio,Bobadilla,Muñoz,0,En Contra,20635,Boletín N° 11092-07,2023-05-08 19:13:51,92,40,3,0,1,Quórum Simple,1,Aprobado,1,Proyecto de Ley,11092-07,Particular,"Artículo 30 octies, contenido en el numeral 12) del artículo primero del proyecto, en los términos sugeridos por la Comisión de Constitución.
",Segundo Trámite,Primer Informe,1958-03-25,1,Masculino,10,2026-03-10 23:59:59,,True,UDI,Unión Demócrata Independiente,UDI
917,Gastón,Von Mühlenbrock,Zamora,0,En Contra,20635,Boletín N° 11092-07,2023-05-08 19:13:51,92,40,3,0,1,Quórum Simple,1,Aprobado,1,Proyecto de Ley,11092-07,Particular,"Artículo 30 octies, contenido en el numeral 12) del artículo primero del proyecto, en los términos sugeridos por la Comisión de Constitución.
",Segundo Trámite,Primer Informe,1954-12-26,1,Masculino,10,2026-03-10 23:59:59,,True,UDI,Unión Demócrata Independiente,UDI
948,Gaspar,Rivas,Sánchez,1,Afirmativo,20635,Boletín N° 11092-07,2023-05-08 19:13:51,92,40,3,0,1,Quórum Simple,1,Aprobado,1,Proyecto de Ley,11092-07,Particular,"Artículo 30 octies, contenido en el numeral 12) del artículo primero del proyecto, en los términos sugeridos por la Comisión de Constitución.
",Segundo Trámite,Primer Informe,1978-05-17,1,Masculino,10,2026-03-10 23:59:59,,True,PDG,Partido de la Gente,PDG
953,Frank,Sauerbaum,Muñoz,1,Afirmativo,20635,Boletín N° 11092-07,2023-05-08 19:13:51,92,40,3,0,1,Quórum Simple,1,Aprobado,1,Proyecto de Ley,11092-07,Particular,"Artículo 30 octies, contenido en el numeral 12) del artículo primero del proyecto, en los términos sugeridos por la Comisión de Constitución.
",Segundo Trámite,Primer Informe,1972-11-21,1,Masculino,10,2026-03-10 23:59:59,,True,RN,Renovación Nacional,RN
971,Bernardo,Berger,Fett,1,Afirmativo,20635,Boletín N° 11092-07,2023-05-08 19:13:51,92,40,3,0,1,Quórum Simple,1,Aprobado,1,Proyecto de Ley,11092-07,Particular,"Artículo 30 octies, contenido en el numeral 12) del artículo primero del proyecto, en los términos sugeridos por la Comisión de Constitución.
",Segundo Trámite,Primer Informe,1946-10-04,1,Masculino,10,2026-03-10 23:59:59,,True,IND,Independientes,IND
973,Karol,Cariola,Oliva,1,Afirmativo,20635,Boletín N° 11092-07,2023-05-08 19:13:51,92,40,3,0,1,Quórum Simple,1,Aprobado,1,Proyecto de Ley,11092-07,Particular,"Artículo 30 octies, contenido en el numeral 12) del artículo primero del proyecto, en los términos sugeridos por la Comisión de Constitución.
",Segundo Trámite,Primer Informe,1987-04-01,0,Femenino,10,2026-03-10 23:59:59,,True,PC,Partido Comunista,PC
975,Daniella,Cicardini,Milla,1,Afirmativo,20635,Boletín N° 11092-07,2023-05-08 19:13:51,92,40,3,0,1,Quórum Simple,1,Aprobado,1,Proyecto de Ley,11092-07,Particular,"Artículo 30 octies, contenido en el numeral 12) del artículo primero del proyecto, en los términos sugeridos por la Comisión de Constitución.
",Segundo Trámite,Primer Informe,1987-12-31,0,Femenino,10,2026-03-10 23:59:59,,True,PS,Partido Socialista,PS
976,Juan Antonio,Coloma,Álamos,0,En Contra,20635,Boletín N° 11092-07,2023-05-08 19:13:51,92,40,3,0,1,Quórum Simple,1,Aprobado,1,Proyecto de Ley,11092-07,Particular,"Artículo 30 octies, contenido en el numeral 12) del artículo primero del proyecto, en los términos sugeridos por la Comisión de Constitución.
",Segundo Trámite,Primer Informe,1980-03-14,1,Masculino,10,2026-03-10 23:59:59,,True,UDI,Unión Demócrata Independiente,UDI
990,Daniel,Melo,Contreras,1,Afirmativo,20635,Boletín N° 11092-07,2023-05-08 19:13:51,92,40,3,0,1,Quórum Simple,1,Aprobado,1,Proyecto de Ley,11092-07,Particular,"Artículo 30 octies, contenido en el numeral 12) del artículo primero del proyecto, en los términos sugeridos por la Comisión de Constitución.
",Segundo Trámite,Primer Informe,1979-02-18,1,Masculino,10,2026-03-10 23:59:59,,True,PS,Partido Socialista,PS
991,Vlado,Mirosevic,Verdugo,1,Afirmativo,20635,Boletín N° 11092-07,2023-05-08 19:13:51,92,40,3,0,1,Quórum Simple,1,Aprobado,1,Proyecto de Ley,11092-07,Particular,"Artículo 30 octies, contenido en el numeral 12) del artículo primero del proyecto, en los términos sugeridos por la Comisión de Constitución.
",Segundo Trámite,Primer Informe,1987-05-23,1,Masculino,10,2026-03-10 23:59:59,,True,PL,Partido Liberal de Chile,PL
999,Jorge,Rathgeb,Schifferli,1,Afirmativo,20635,Boletín N° 11092-07,2023-05-08 19:13:51,92,40,3,0,1,Quórum Simple,1,Aprobado,1,Proyecto de Ley,11092-07,Particular,"Artículo 30 octies, contenido en el numeral 12) del artículo primero del proyecto, en los términos sugeridos por la Comisión de Constitución.
",Segundo Trámite,Primer Informe,1967-12-28,1,Masculino,10,2026-03-10 23:59:59,,True,RN,Renovación Nacional,RN
1002,Leonardo,Soto,Ferrada,1,Afirmativo,20636,Boletín N° 11092-07,2023-05-08 19:15:04,92,40,3,0,1,Quórum Simple,1,Aprobado,1,Proyecto de Ley,11092-07,Particular,"Artículo 30 nonies, contenido en el numeral 12) del artículo primero del proyecto, en los términos sugeridos por la Comisión de Constitución.",Segundo Trámite,Primer Informe,1966-05-15,1,Masculino,10,2026-03-10 23:59:59,,True,PS,Partido Socialista,PS
1003,Renzo,Trisotti,Martínez,0,En Contra,20636,Boletín N° 11092-07,2023-05-08 19:15:04,92,40,3,0,1,Quórum Simple,1,Aprobado,1,Proyecto de Ley,11092-07,Particular,"Artículo 30 nonies, contenido en el numeral 12) del artículo primero del proyecto, en los términos sugeridos por la Comisión de Constitución.",Segundo Trámite,Primer Informe,1976-03-15,1,Masculino,10,2026-03-10 23:59:59,,True,UDI,Unión Demócrata Independiente,UDI
1009,Jorge,Alessandri,Vergara,0,En Contra,20636,Boletín N° 11092-07,2023-05-08 19:15:04,92,40,3,0,1,Quórum Simple,1,Aprobado,1,Proyecto de Ley,11092-07,Particular,"Artículo 30 nonies, contenido en el numeral 12) del artículo primero del proyecto, en los términos sugeridos por la Comisión de Constitución.",Segundo Trámite,Primer Informe,1979-06-08,1,Masculino,10,2026-03-10 23:59:59,,True,UDI,Unión Demócrata Independiente,UDI
1012,Boris,Barrera,Moreno,1,Afirmativo,20636,Boletín N° 11092-07,2023-05-08 19:15:04,92,40,3,0,1,Quórum Simple,1,Aprobado,1,Proyecto de Ley,11092-07,Particular,"Artículo 30 nonies, contenido en el numeral 12) del artículo primero del proyecto, en los términos sugeridos por la Comisión de Constitución.",Segundo Trámite,Primer Informe,1970-05-03,1,Masculino,10,2026-03-10 23:59:59,,True,PC,Partido Comunista,PC
1013,Alejandro,Bernales,Maldonado,1,Afirmativo,20636,Boletín N° 11092-07,2023-05-08 19:15:04,92,40,3,0,1,Quórum Simple,1,Aprobado,1,Proyecto de Ley,11092-07,Particular,"Artículo 30 nonies, contenido en el numeral 12) del artículo primero del proyecto, en los términos sugeridos por la Comisión de Constitución.",Segundo Trámite,Primer Informe,1979-02-02,1,Masculino,10,2026-03-10 23:59:59,,True,PL,Partido Liberal de Chile,PL
1016,Miguel Ángel,Calisto,Águila,1,Afirmativo,20636,Boletín N° 11092-07,2023-05-08 19:15:04,92,40,3,0,1,Quórum Simple,1,Aprobado,1,Proyecto de Ley,11092-07,Particular,"Artículo 30 nonies, contenido en el numeral 12) del artículo primero del proyecto, en los términos sugeridos por la Comisión de Constitución.",Segundo Trámite,Primer Informe,1985-07-19,1,Masculino,10,2026-03-10 23:59:59,,True,IND,Independientes,IND
1017,Álvaro,Carter,Fernández,0,En Contra,20636,Boletín N° 11092-07,2023-05-08 19:15:04,92,40,3,0,1,Quórum Simple,1,Aprobado,1,Proyecto de Ley,11092-07,Particular,"Artículo 30 nonies, contenido en el numeral 12) del artículo primero del proyecto, en los términos sugeridos por la Comisión de Constitución.",Segundo Trámite,Primer Informe,1980-10-09,1,Masculino,10,2026-03-10 23:59:59,,True,UDI,Unión Demócrata Independiente,UDI
1019,José Miguel,Castro,Bascuñán,1,Afirmativo,20636,Boletín N° 11092-07,2023-05-08 19:15:04,92,40,3,0,1,Quórum Simple,1,Aprobado,1,Proyecto de Ley,11092-07,Particular,"Artículo 30 nonies, contenido en el numeral 12) del artículo primero del proyecto, en los términos sugeridos por la Comisión de Constitución.",Segundo Trámite,Primer Informe,1974-08-05,1,Masculino,10,2026-03-10 23:59:59,,True,RN,Renovación Nacional,RN
1021,Andrés,Celis,Montt,1,Afirmativo,20636,Boletín N° 11092-07,2023-05-08 19:15:04,92,40,3,0,1,Quórum Simple,1,Aprobado,1,Proyecto de Ley,11092-07,Particular,"Artículo 30 nonies, contenido en el numeral 12) del artículo primero del proyecto, en los términos sugeridos por la Comisión de Constitución.",Segundo Trámite,Primer Informe,1975-04-08,1,Masculino,10,2026-03-10 23:59:59,,True,RN,Renovación Nacional,RN
1022,Sofía,Cid,Versalovic,0,En Contra,20636,Boletín N° 11092-07,2023-05-08 19:15:04,92,40,3,0,1,Quórum Simple,1,Aprobado,1,Proyecto de Ley,11092-07,Particular,"Artículo 30 nonies, contenido en el numeral 12) del artículo primero del proyecto, en los términos sugeridos por la Comisión de Constitución.",Segundo Trámite,Primer Informe,1971-09-29,0,Femenino,10,2026-03-10 23:59:59,,True,RN,Renovación Nacional,RN
1025,Catalina,Del Real,Mihovilovic,0,En Contra,20636,Boletín N° 11092-07,2023-05-08 19:15:04,92,40,3,0,1,Quórum Simple,1,Aprobado,1,Proyecto de Ley,11092-07,Particular,"Artículo 30 nonies, contenido en el numeral 12) del artículo primero del proyecto, en los términos sugeridos por la Comisión de Constitución.",Segundo Trámite,Primer Informe,1968-11-07,0,Femenino,10,2026-03-10 23:59:59,,True,RN,Renovación Nacional,RN
1028,Eduardo,Durán,Salinas,0,En Contra,20636,Boletín N° 11092-07,2023-05-08 19:15:04,92,40,3,0,1,Quórum Simple,1,Aprobado,1,Proyecto de Ley,11092-07,Particular,"Artículo 30 nonies, contenido en el numeral 12) del artículo primero del proyecto, en los términos sugeridos por la Comisión de Constitución.",Segundo Trámite,Primer Informe,1972-01-01,1,Masculino,10,2026-03-10 23:59:59,,True,RN,Renovación Nacional,RN
1030,Camila,Flores,Oporto,0,En Contra,20636,Boletín N° 11092-07,2023-05-08 19:15:04,92,40,3,0,1,Quórum Simple,1,Aprobado,1,Proyecto de Ley,11092-07,Particular,"Artículo 30 nonies, contenido en el numeral 12) del artículo primero del proyecto, en los términos sugeridos por la Comisión de Constitución.",Segundo Trámite,Primer Informe,1987-02-09,0,Femenino,10,2026-03-10 23:59:59,,True,RN,Renovación Nacional,RN
1034,Félix,González,Gatica,1,Afirmativo,20636,Boletín N° 11092-07,2023-05-08 19:15:04,92,40,3,0,1,Quórum Simple,1,Aprobado,1,Proyecto de Ley,11092-07,Particular,"Artículo 30 nonies, contenido en el numeral 12) del artículo primero del proyecto, en los términos sugeridos por la Comisión de Constitución.",Segundo Trámite,Primer Informe,1972-05-26,1,Masculino,10,2026-03-10 23:59:59,,True,PEV,Partido Ecologista Verde,PEV
1035,Carmen,Hertz,Cádiz,1,Afirmativo,20636,Boletín N° 11092-07,2023-05-08 19:15:04,92,40,3,0,1,Quórum Simple,1,Aprobado,1,Proyecto de Ley,11092-07,Particular,"Artículo 30 nonies, contenido en el numeral 12) del artículo primero del proyecto, en los términos sugeridos por la Comisión de Constitución.",Segundo Trámite,Primer Informe,1945-06-19,0,Femenino,10,2026-03-10 23:59:59,,True,PC,Partido Comunista,PC
1036,Tomás,Hirsch,Goldschmidt,1,Afirmativo,20636,Boletín N° 11092-07,2023-05-08 19:15:04,92,40,3,0,1,Quórum Simple,1,Aprobado,1,Proyecto de Ley,11092-07,Particular,"Artículo 30 nonies, contenido en el numeral 12) del artículo primero del proyecto, en los términos sugeridos por la Comisión de Constitución.",Segundo Trámite,Primer Informe,1956-07-19,1,Masculino,10,2026-03-10 23:59:59,,True,PAH,Partido Acción Humanista,PAH
1037,Diego,Ibáñez,Cotroneo,1,Afirmativo,20636,Boletín N° 11092-07,2023-05-08 19:15:04,92,40,3,0,1,Quórum Simple,1,Aprobado,1,Proyecto de Ley,11092-07,Particular,"Artículo 30 nonies, contenido en el numeral 12) del artículo primero del proyecto, en los términos sugeridos por la Comisión de Constitución.",Segundo Trámite,Primer Informe,1989-01-25,1,Masculino,10,2026-03-10 23:59:59,,True,PCS,Partido Convergencia Social,PCS
1038,Marcos,Ilabaca,Cerda,1,Afirmativo,20636,Boletín N° 11092-07,2023-05-08 19:15:04,92,40,3,0,1,Quórum Simple,1,Aprobado,1,Proyecto de Ley,11092-07,Particular,"Artículo 30 nonies, contenido en el numeral 12) del artículo primero del proyecto, en los términos sugeridos por la Comisión de Constitución.",Segundo Trámite,Primer Informe,1970-10-05,1,Masculino,10,2026-03-10 23:59:59,,True,PS,Partido Socialista,PS
1040,Harry,Jürgensen,Rundshagen,0,En Contra,20636,Boletín N° 11092-07,2023-05-08 19:15:04,92,40,3,0,1,Quórum Simple,1,Aprobado,1,Proyecto de Ley,11092-07,Particular,"Artículo 30 nonies, contenido en el numeral 12) del artículo primero del proyecto, en los términos sugeridos por la Comisión de Constitución.",Segundo Trámite,Primer Informe,1968-09-03,1,Masculino,10,2026-03-10 23:59:59,,True,IND,Independientes,IND
1044,Raúl,Leiva,Carvajal,1,Afirmativo,20636,Boletín N° 11092-07,2023-05-08 19:15:04,92,40,3,0,1,Quórum Simple,1,Aprobado,1,Proyecto de Ley,11092-07,Particular,"Artículo 30 nonies, contenido en el numeral 12) del artículo primero del proyecto, en los términos sugeridos por la Comisión de Constitución.",Segundo Trámite,Primer Informe,1974-03-24,1,Masculino,10,2026-03-10 23:59:59,,True,PS,Partido Socialista,PS
1046,Andrés,Longton,Herrera,1,Afirmativo,20636,Boletín N° 11092-07,2023-05-08 19:15:04,92,40,3,0,1,Quórum Simple,1,Aprobado,1,Proyecto de Ley,11092-07,Particular,"Artículo 30 nonies, contenido en el numeral 12) del artículo primero del proyecto, en los términos sugeridos por la Comisión de Constitución.",Segundo Trámite,Primer Informe,1982-05-26,1,Masculino,10,2026-03-10 23:59:59,,True,RN,Renovación Nacional,RN
1048,Carolina,Marzán,Pinto,1,Afirmativo,20636,Boletín N° 11092-07,2023-05-08 19:15:04,92,40,3,0,1,Quórum Simple,1,Aprobado,1,Proyecto de Ley,11092-07,Particular,"Artículo 30 nonies, contenido en el numeral 12) del artículo primero del proyecto, en los términos sugeridos por la Comisión de Constitución.",Segundo Trámite,Primer Informe,1963-12-22,0,Femenino,10,2026-03-10 23:59:59,,True,PPD,Partido Por la Democracia,PPD
1049,Cosme,Mellado,Pino,1,Afirmativo,20636,Boletín N° 11092-07,2023-05-08 19:15:04,92,40,3,0,1,Quórum Simple,1,Aprobado,1,Proyecto de Ley,11092-07,Particular,"Artículo 30 nonies, contenido en el numeral 12) del artículo primero del proyecto, en los términos sugeridos por la Comisión de Constitución.",Segundo Trámite,Primer Informe,1960-02-24,1,Masculino,10,2026-03-10 23:59:59,,True,PR,Partido Radical de Chile,PR
1050,Miguel,Mellado,Suazo,1,Afirmativo,20636,Boletín N° 11092-07,2023-05-08 19:15:04,92,40,3,0,1,Quórum Simple,1,Aprobado,1,Proyecto de Ley,11092-07,Particular,"Artículo 30 nonies, contenido en el numeral 12) del artículo primero del proyecto, en los términos sugeridos por la Comisión de Constitución.",Segundo Trámite,Primer Informe,1958-12-29,1,Masculino,10,2026-03-10 23:59:59,,True,RN,Renovación Nacional,RN
1054,Francesca,Muñoz,González,2,Abstención,20636,Boletín N° 11092-07,2023-05-08 19:15:04,92,40,3,0,1,Quórum Simple,1,Aprobado,1,Proyecto de Ley,11092-07,Particular,"Artículo 30 nonies, contenido en el numeral 12) del artículo primero del proyecto, en los términos sugeridos por la Comisión de Constitución.",Segundo Trámite,Primer Informe,1980-03-07,0,Femenino,10,2026-03-10 23:59:59,,True,IND,Independientes,IND
1056,Emilia,Nuyado,Ancapichun,1,Afirmativo,20636,Boletín N° 11092-07,2023-05-08 19:15:04,92,40,3,0,1,Quórum Simple,1,Aprobado,1,Proyecto de Ley,11092-07,Particular,"Artículo 30 nonies, contenido en el numeral 12) del artículo primero del proyecto, en los términos sugeridos por la Comisión de Constitución.",Segundo Trámite,Primer Informe,1968-08-17,0,Femenino,10,2026-03-10 23:59:59,,True,PS,Partido Socialista,PS
1057,Erika,Olivera,De La Fuente,1,Afirmativo,20636,Boletín N° 11092-07,2023-05-08 19:15:04,92,40,3,0,1,Quórum Simple,1,Aprobado,1,Proyecto de Ley,11092-07,Particular,"Artículo 30 nonies, contenido en el numeral 12) del artículo primero del proyecto, en los términos sugeridos por la Comisión de Constitución.",Segundo Trámite,Primer Informe,1976-01-04,0,Femenino,10,2026-03-10 23:59:59,,True,IND,Independientes,IND
1058,Maite,Orsini,Pascal,1,Afirmativo,20636,Boletín N° 11092-07,2023-05-08 19:15:04,92,40,3,0,1,Quórum Simple,1,Aprobado,1,Proyecto de Ley,11092-07,Particular,"Artículo 30 nonies, contenido en el numeral 12) del artículo primero del proyecto, en los términos sugeridos por la Comisión de Constitución.",Segundo Trámite,Primer Informe,1988-02-23,0,Femenino,10,2026-03-10 23:59:59,,True,RD,Revolución Democrática,RD
1059,Ximena,Ossandón,Irarrázabal,1,Afirmativo,20636,Boletín N° 11092-07,2023-05-08 19:15:04,92,40,3,0,1,Quórum Simple,1,Aprobado,1,Proyecto de Ley,11092-07,Particular,"Artículo 30 nonies, contenido en el numeral 12) del artículo primero del proyecto, en los términos sugeridos por la Comisión de Constitución.",Segundo Trámite,Primer Informe,1963-12-13,0,Femenino,10,2026-03-10 23:59:59,,True,RN,Renovación Nacional,RN
1062,Joanna,Pérez,Olea,1,Afirmativo,20636,Boletín N° 11092-07,2023-05-08 19:15:04,92,40,3,0,1,Quórum Simple,1,Aprobado,1,Proyecto de Ley,11092-07,Particular,"Artículo 30 nonies, contenido en el numeral 12) del artículo primero del proyecto, en los términos sugeridos por la Comisión de Constitución.",Segundo Trámite,Primer Informe,1976-04-01,0,Femenino,10,2026-03-10 23:59:59,,True,IND,Independientes,IND
1065,Guillermo,Ramírez,Diez,2,Abstención,20636,Boletín N° 11092-07,2023-05-08 19:15:04,92,40,3,0,1,Quórum Simple,1,Aprobado,1,Proyecto de Ley,11092-07,Particular,"Artículo 30 nonies, contenido en el numeral 12) del artículo primero del proyecto, en los términos sugeridos por la Comisión de Constitución.",Segundo Trámite,Primer Informe,1979-04-16,1,Masculino,10,2026-03-10 23:59:59,,True,UDI,Unión Demócrata Independiente,UDI
1067,Hugo,Rey,Martínez,1,Afirmativo,20636,Boletín N° 11092-07,2023-05-08 19:15:04,92,40,3,0,1,Quórum Simple,1,Aprobado,1,Proyecto de Ley,11092-07,Particular,"Artículo 30 nonies, contenido en el numeral 12) del artículo primero del proyecto, en los términos sugeridos por la Comisión de Constitución.",Segundo Trámite,Primer Informe,1973-12-06,1,Masculino,10,2026-03-10 23:59:59,,True,RN,Renovación Nacional,RN
1068,Camila,Rojas,Valderrama,1,Afirmativo,20636,Boletín N° 11092-07,2023-05-08 19:15:04,92,40,3,0,1,Quórum Simple,1,Aprobado,1,Proyecto de Ley,11092-07,Particular,"Artículo 30 nonies, contenido en el numeral 12) del artículo primero del proyecto, en los términos sugeridos por la Comisión de Constitución.",Segundo Trámite,Primer Informe,1991-03-11,0,Femenino,10,2026-03-10 23:59:59,,True,COMUNES,Partido Comunes,COMUNES
1073,Juan,Santana,Castillo,1,Afirmativo,20636,Boletín N° 11092-07,2023-05-08 19:15:04,92,40,3,0,1,Quórum Simple,1,Aprobado,1,Proyecto de Ley,11092-07,Particular,"Artículo 30 nonies, contenido en el numeral 12) del artículo primero del proyecto, en los términos sugeridos por la Comisión de Constitución.",Segundo Trámite,Primer Informe,1989-09-20,1,Masculino,10,2026-03-10 23:59:59,,True,PS,Partido Socialista,PS
1076,Alexis,Sepúlveda,Soto,1,Afirmativo,20636,Boletín N° 11092-07,2023-05-08 19:15:04,92,40,3,0,1,Quórum Simple,1,Aprobado,1,Proyecto de Ley,11092-07,Particular,"Artículo 30 nonies, contenido en el numeral 12) del artículo primero del proyecto, en los términos sugeridos por la Comisión de Constitución.",Segundo Trámite,Primer Informe,1969-12-29,1,Masculino,10,2026-03-10 23:59:59,,True,PR,Partido Radical de Chile,PR
1077,Raúl,Soto,Mardones,1,Afirmativo,20636,Boletín N° 11092-07,2023-05-08 19:15:04,92,40,3,0,1,Quórum Simple,1,Aprobado,1,Proyecto de Ley,11092-07,Particular,"Artículo 30 nonies, contenido en el numeral 12) del artículo primero del proyecto, en los términos sugeridos por la Comisión de Constitución.",Segundo Trámite,Primer Informe,1987-11-20,1,Masculino,10,2026-03-10 23:59:59,,True,PPD,Partido Por la Democracia,PPD
1081,Francisco,Undurraga,Gazitúa,1,Afirmativo,20636,Boletín N° 11092-07,2023-05-08 19:15:04,92,40,3,0,1,Quórum Simple,1,Aprobado,1,Proyecto de Ley,11092-07,Particular,"Artículo 30 nonies, contenido en el numeral 12) del artículo primero del proyecto, en los términos sugeridos por la Comisión de Constitución.",Segundo Trámite,Primer Informe,1965-09-29,1,Masculino,10,2026-03-10 23:59:59,,True,EVOP,Evolución Política,EVOP
1082,Cristóbal,Urruticoechea,Ríos,0,En Contra,20636,Boletín N° 11092-07,2023-05-08 19:15:04,92,40,3,0,1,Quórum Simple,1,Aprobado,1,Proyecto de Ley,11092-07,Particular,"Artículo 30 nonies, contenido en el numeral 12) del artículo primero del proyecto, en los términos sugeridos por la Comisión de Constitución.",Segundo Trámite,Primer Informe,1975-11-21,1,Masculino,10,2026-03-10 23:59:59,,True,PREP,Partido Republicano,PREP
1086,Gonzalo,Winter,Etcheberry,1,Afirmativo,20636,Boletín N° 11092-07,2023-05-08 19:15:04,92,40,3,0,1,Quórum Simple,1,Aprobado,1,Proyecto de Ley,11092-07,Particular,"Artículo 30 nonies, contenido en el numeral 12) del artículo primero del proyecto, en los términos sugeridos por la Comisión de Constitución.",Segundo Trámite,Primer Informe,1987-01-06,1,Masculino,10,2026-03-10 23:59:59,,True,PCS,Partido Convergencia Social,PCS
1087,Gael,Yeomans,Araya,1,Afirmativo,20636,Boletín N° 11092-07,2023-05-08 19:15:04,92,40,3,0,1,Quórum Simple,1,Aprobado,1,Proyecto de Ley,11092-07,Particular,"Artículo 30 nonies, contenido en el numeral 12) del artículo primero del proyecto, en los términos sugeridos por la Comisión de Constitución.",Segundo Trámite,Primer Informe,1988-12-04,0,Femenino,10,2026-03-10 23:59:59,,True,PCS,Partido Convergencia Social,PCS
1094,Cristian,Labbé,Martínez,0,En Contra,20636,Boletín N° 11092-07,2023-05-08 19:15:04,92,40,3,0,1,Quórum Simple,1,Aprobado,1,Proyecto de Ley,11092-07,Particular,"Artículo 30 nonies, contenido en el numeral 12) del artículo primero del proyecto, en los términos sugeridos por la Comisión de Constitución.",Segundo Trámite,Primer Informe,1980-03-06,1,Masculino,10,2026-03-10 23:59:59,,True,UDI,Unión Demócrata Independiente,UDI
1096,María Candelaria,Acevedo,Sáez,1,Afirmativo,20636,Boletín N° 11092-07,2023-05-08 19:15:04,92,40,3,0,1,Quórum Simple,1,Aprobado,1,Proyecto de Ley,11092-07,Particular,"Artículo 30 nonies, contenido en el numeral 12) del artículo primero del proyecto, en los términos sugeridos por la Comisión de Constitución.",Segundo Trámite,Primer Informe,1958-09-12,0,Femenino,10,2026-03-10 23:59:59,,True,PC,Partido Comunista,PC
1097,Eric,Aedo,Jeldres,1,Afirmativo,20636,Boletín N° 11092-07,2023-05-08 19:15:04,92,40,3,0,1,Quórum Simple,1,Aprobado,1,Proyecto de Ley,11092-07,Particular,"Artículo 30 nonies, contenido en el numeral 12) del artículo primero del proyecto, en los términos sugeridos por la Comisión de Constitución.",Segundo Trámite,Primer Informe,1968-07-13,1,Masculino,10,2026-03-10 23:59:59,,True,DC,Partido Demócrata Cristiano,DC
1098,Yovana,Ahumada,Palma,0,En Contra,20636,Boletín N° 11092-07,2023-05-08 19:15:04,92,40,3,0,1,Quórum Simple,1,Aprobado,1,Proyecto de Ley,11092-07,Particular,"Artículo 30 nonies, contenido en el numeral 12) del artículo primero del proyecto, en los términos sugeridos por la Comisión de Constitución.",Segundo Trámite,Primer Informe,1973-02-24,0,Femenino,10,2026-03-10 23:59:59,,True,IND,Independientes,IND
1099,Jaime,Araya,Guerrero,1,Afirmativo,20636,Boletín N° 11092-07,2023-05-08 19:15:04,92,40,3,0,1,Quórum Simple,1,Aprobado,1,Proyecto de Ley,11092-07,Particular,"Artículo 30 nonies, contenido en el numeral 12) del artículo primero del proyecto, en los términos sugeridos por la Comisión de Constitución.",Segundo Trámite,Primer Informe,1976-02-04,1,Masculino,10,2026-03-10 23:59:59,,True,IND,Independientes,IND
1100,Cristián,Araya,Lerdo de Tejada,0,En Contra,20636,Boletín N° 11092-07,2023-05-08 19:15:04,92,40,3,0,1,Quórum Simple,1,Aprobado,1,Proyecto de Ley,11092-07,Particular,"Artículo 30 nonies, contenido en el numeral 12) del artículo primero del proyecto, en los términos sugeridos por la Comisión de Constitución.",Segundo Trámite,Primer Informe,1988-09-30,1,Masculino,10,2026-03-10 23:59:59,,True,PREP,Partido Republicano,PREP
1101,Mónica,Arce,Castro,1,Afirmativo,20636,Boletín N° 11092-07,2023-05-08 19:15:04,92,40,3,0,1,Quórum Simple,1,Aprobado,1,Proyecto de Ley,11092-07,Particular,"Artículo 30 nonies, contenido en el numeral 12) del artículo primero del proyecto, en los términos sugeridos por la Comisión de Constitución.",Segundo Trámite,Primer Informe,1976-03-02,0,Femenino,10,2026-03-10 23:59:59,,True,IND,Independientes,IND
1102,Roberto,Arroyo,Muñoz,0,En Contra,20636,Boletín N° 11092-07,2023-05-08 19:15:04,92,40,3,0,1,Quórum Simple,1,Aprobado,1,Proyecto de Ley,11092-07,Particular,"Artículo 30 nonies, contenido en el numeral 12) del artículo primero del proyecto, en los términos sugeridos por la Comisión de Constitución.",Segundo Trámite,Primer Informe,1963-11-29,1,Masculino,10,2026-03-10 23:59:59,,True,PDG,Partido de la Gente,PDG
1103,Danisa,Astudillo,Peiretti,1,Afirmativo,20636,Boletín N° 11092-07,2023-05-08 19:15:04,92,40,3,0,1,Quórum Simple,1,Aprobado,1,Proyecto de Ley,11092-07,Particular,"Artículo 30 nonies, contenido en el numeral 12) del artículo primero del proyecto, en los términos sugeridos por la Comisión de Constitución.",Segundo Trámite,Primer Informe,1975-05-03,0,Femenino,10,2026-03-10 23:59:59,,True,PS,Partido Socialista,PS
1104,Chiara,Barchiesi,Chávez,0,En Contra,20636,Boletín N° 11092-07,2023-05-08 19:15:04,92,40,3,0,1,Quórum Simple,1,Aprobado,1,Proyecto de Ley,11092-07,Particular,"Artículo 30 nonies, contenido en el numeral 12) del artículo primero del proyecto, en los términos sugeridos por la Comisión de Constitución.",Segundo Trámite,Primer Informe,1996-12-22,0,Femenino,10,2026-03-10 23:59:59,,True,PREP,Partido Republicano,PREP
1105,Héctor,Barría,Angulo,1,Afirmativo,20636,Boletín N° 11092-07,2023-05-08 19:15:04,92,40,3,0,1,Quórum Simple,1,Aprobado,1,Proyecto de Ley,11092-07,Particular,"Artículo 30 nonies, contenido en el numeral 12) del artículo primero del proyecto, en los términos sugeridos por la Comisión de Constitución.",Segundo Trámite,Primer Informe,1980-04-24,1,Masculino,10,2026-03-10 23:59:59,,True,DC,Partido Demócrata Cristiano,DC
1106,Miguel Ángel,Becker,Alvear,1,Afirmativo,20636,Boletín N° 11092-07,2023-05-08 19:15:04,92,40,3,0,1,Quórum Simple,1,Aprobado,1,Proyecto de Ley,11092-07,Particular,"Artículo 30 nonies, contenido en el numeral 12) del artículo primero del proyecto, en los términos sugeridos por la Comisión de Constitución.",Segundo Trámite,Primer Informe,1960-10-07,1,Masculino,10,2026-03-10 23:59:59,,True,RN,Renovación Nacional,RN
1107,María Francisca,Bello,Campos,1,Afirmativo,20636,Boletín N° 11092-07,2023-05-08 19:15:04,92,40,3,0,1,Quórum Simple,1,Aprobado,1,Proyecto de Ley,11092-07,Particular,"Artículo 30 nonies, contenido en el numeral 12) del artículo primero del proyecto, en los términos sugeridos por la Comisión de Constitución.",Segundo Trámite,Primer Informe,1987-09-17,0,Femenino,10,2026-03-10 23:59:59,,True,PCS,Partido Convergencia Social,PCS
1108,Juan Carlos,Beltrán,Silva,1,Afirmativo,20636,Boletín N° 11092-07,2023-05-08 19:15:04,92,40,3,0,1,Quórum Simple,1,Aprobado,1,Proyecto de Ley,11092-07,Particular,"Artículo 30 nonies, contenido en el numeral 12) del artículo primero del proyecto, en los términos sugeridos por la Comisión de Constitución.",Segundo Trámite,Primer Informe,1962-12-19,1,Masculino,10,2026-03-10 23:59:59,,True,RN,Renovación Nacional,RN
1109,Gustavo,Benavente,Vergara,2,Abstención,20636,Boletín N° 11092-07,2023-05-08 19:15:04,92,40,3,0,1,Quórum Simple,1,Aprobado,1,Proyecto de Ley,11092-07,Particular,"Artículo 30 nonies, contenido en el numeral 12) del artículo primero del proyecto, en los términos sugeridos por la Comisión de Constitución.",Segundo Trámite,Primer Informe,1966-08-13,1,Masculino,10,2026-03-10 23:59:59,,True,UDI,Unión Demócrata Independiente,UDI
1110,Carlos,Bianchi,Chelech,1,Afirmativo,20636,Boletín N° 11092-07,2023-05-08 19:15:04,92,40,3,0,1,Quórum Simple,1,Aprobado,1,Proyecto de Ley,11092-07,Particular,"Artículo 30 nonies, contenido en el numeral 12) del artículo primero del proyecto, en los términos sugeridos por la Comisión de Constitución.",Segundo Trámite,Primer Informe,1960-11-04,1,Masculino,10,2026-03-10 23:59:59,,True,IND,Independientes,IND
1111,Fernando,Bórquez,Montecinos,0,En Contra,20636,Boletín N° 11092-07,2023-05-08 19:15:04,92,40,3,0,1,Quórum Simple,1,Aprobado,1,Proyecto de Ley,11092-07,Particular,"Artículo 30 nonies, contenido en el numeral 12) del artículo primero del proyecto, en los términos sugeridos por la Comisión de Constitución.",Segundo Trámite,Primer Informe,1968-06-06,1,Masculino,10,2026-03-10 23:59:59,,True,UDI,Unión Demócrata Independiente,UDI
1112,Ana María,Bravo,Castro,1,Afirmativo,20636,Boletín N° 11092-07,2023-05-08 19:15:04,92,40,3,0,1,Quórum Simple,1,Aprobado,1,Proyecto de Ley,11092-07,Particular,"Artículo 30 nonies, contenido en el numeral 12) del artículo primero del proyecto, en los términos sugeridos por la Comisión de Constitución.",Segundo Trámite,Primer Informe,1973-12-03,0,Femenino,10,2026-03-10 23:59:59,,True,PS,Partido Socialista,PS
1113,Marta,Bravo,Salinas,0,En Contra,20636,Boletín N° 11092-07,2023-05-08 19:15:04,92,40,3,0,1,Quórum Simple,1,Aprobado,1,Proyecto de Ley,11092-07,Particular,"Artículo 30 nonies, contenido en el numeral 12) del artículo primero del proyecto, en los términos sugeridos por la Comisión de Constitución.",Segundo Trámite,Primer Informe,1976-02-25,0,Femenino,10,2026-03-10 23:59:59,,True,UDI,Unión Demócrata Independiente,UDI
1114,Félix,Bugueño,Sotelo,1,Afirmativo,20636,Boletín N° 11092-07,2023-05-08 19:15:04,92,40,3,0,1,Quórum Simple,1,Aprobado,1,Proyecto de Ley,11092-07,Particular,"Artículo 30 nonies, contenido en el numeral 12) del artículo primero del proyecto, en los términos sugeridos por la Comisión de Constitución.",Segundo Trámite,Primer Informe,1973-05-18,1,Masculino,10,2026-03-10 23:59:59,,True,FRVS,Federación Regionalista Verde Social,FRVS
1115,Mercedes,Bulnes,Núñez,1,Afirmativo,20636,Boletín N° 11092-07,2023-05-08 19:15:04,92,40,3,0,1,Quórum Simple,1,Aprobado,1,Proyecto de Ley,11092-07,Particular,"Artículo 30 nonies, contenido en el numeral 12) del artículo primero del proyecto, en los términos sugeridos por la Comisión de Constitución.",Segundo Trámite,Primer Informe,1950-06-06,0,Femenino,10,2024-11-22 00:00:00,,True,IND,Independientes,IND
1116,Felipe,Camaño,Cárdenas,1,Afirmativo,20636,Boletín N° 11092-07,2023-05-08 19:15:04,92,40,3,0,1,Quórum Simple,1,Aprobado,1,Proyecto de Ley,11092-07,Particular,"Artículo 30 nonies, contenido en el numeral 12) del artículo primero del proyecto, en los términos sugeridos por la Comisión de Constitución.",Segundo Trámite,Primer Informe,1991-08-21,1,Masculino,10,2026-03-10 23:59:59,,True,IND,Independientes,IND
1117,Nathalie,Castillo,Rojas,1,Afirmativo,20636,Boletín N° 11092-07,2023-05-08 19:15:04,92,40,3,0,1,Quórum Simple,1,Aprobado,1,Proyecto de Ley,11092-07,Particular,"Artículo 30 nonies, contenido en el numeral 12) del artículo primero del proyecto, en los términos sugeridos por la Comisión de Constitución.",Segundo Trámite,Primer Informe,1983-07-02,0,Femenino,10,2026-03-10 23:59:59,,True,PC,Partido Comunista,PC
1118,Ricardo,Cifuentes,Lillo,1,Afirmativo,20636,Boletín N° 11092-07,2023-05-08 19:15:04,92,40,3,0,1,Quórum Simple,1,Aprobado,1,Proyecto de Ley,11092-07,Particular,"Artículo 30 nonies, contenido en el numeral 12) del artículo primero del proyecto, en los términos sugeridos por la Comisión de Constitución.",Segundo Trámite,Primer Informe,1962-09-12,1,Masculino,10,2026-03-10 23:59:59,,True,DC,Partido Demócrata Cristiano,DC
1119,Sara,Concha,Smith,1,Afirmativo,20636,Boletín N° 11092-07,2023-05-08 19:15:04,92,40,3,0,1,Quórum Simple,1,Aprobado,1,Proyecto de Ley,11092-07,Particular,"Artículo 30 nonies, contenido en el numeral 12) del artículo primero del proyecto, en los términos sugeridos por la Comisión de Constitución.",Segundo Trámite,Primer Informe,1995-09-09,0,Femenino,10,2026-03-10 23:59:59,,True,PSC,Partido Social Cristiano,PSC
1120,María Luisa,Cordero,Velásquez,1,Afirmativo,20636,Boletín N° 11092-07,2023-05-08 19:15:04,92,40,3,0,1,Quórum Simple,1,Aprobado,1,Proyecto de Ley,11092-07,Particular,"Artículo 30 nonies, contenido en el numeral 12) del artículo primero del proyecto, en los términos sugeridos por la Comisión de Constitución.",Segundo Trámite,Primer Informe,1943-01-23,0,Femenino,10,2026-03-10 23:59:59,,True,IND,Independientes,IND
1121,Eduardo,Cornejo,Lagos,0,En Contra,20636,Boletín N° 11092-07,2023-05-08 19:15:04,92,40,3,0,1,Quórum Simple,1,Aprobado,1,Proyecto de Ley,11092-07,Particular,"Artículo 30 nonies, contenido en el numeral 12) del artículo primero del proyecto, en los términos sugeridos por la Comisión de Constitución.",Segundo Trámite,Primer Informe,1972-01-12,1,Masculino,10,2026-03-10 23:59:59,,True,UDI,Unión Demócrata Independiente,UDI
1122,Luis Alberto,Cuello,Peña y Lillo,1,Afirmativo,20636,Boletín N° 11092-07,2023-05-08 19:15:04,92,40,3,0,1,Quórum Simple,1,Aprobado,1,Proyecto de Ley,11092-07,Particular,"Artículo 30 nonies, contenido en el numeral 12) del artículo primero del proyecto, en los términos sugeridos por la Comisión de Constitución.",Segundo Trámite,Primer Informe,1977-01-24,1,Masculino,10,2026-03-10 23:59:59,,True,PC,Partido Comunista,PC
1123,Gonzalo,De la Carrera,Correa,0,En Contra,20636,Boletín N° 11092-07,2023-05-08 19:15:04,92,40,3,0,1,Quórum Simple,1,Aprobado,1,Proyecto de Ley,11092-07,Particular,"Artículo 30 nonies, contenido en el numeral 12) del artículo primero del proyecto, en los términos sugeridos por la Comisión de Constitución.",Segundo Trámite,Primer Informe,1962-01-13,1,Masculino,10,2026-03-10 23:59:59,,True,IND,Independientes,IND
1124,Tomás,De Rementería,Venegas,1,Afirmativo,20636,Boletín N° 11092-07,2023-05-08 19:15:04,92,40,3,0,1,Quórum Simple,1,Aprobado,1,Proyecto de Ley,11092-07,Particular,"Artículo 30 nonies, contenido en el numeral 12) del artículo primero del proyecto, en los términos sugeridos por la Comisión de Constitución.",Segundo Trámite,Primer Informe,1987-03-17,1,Masculino,10,2025-05-05 23:59:59,,True,PS,Partido Socialista,PS
1125,Viviana,Delgado,Riquelme,1,Afirmativo,20636,Boletín N° 11092-07,2023-05-08 19:15:04,92,40,3,0,1,Quórum Simple,1,Aprobado,1,Proyecto de Ley,11092-07,Particular,"Artículo 30 nonies, contenido en el numeral 12) del artículo primero del proyecto, en los términos sugeridos por la Comisión de Constitución.",Segundo Trámite,Primer Informe,1973-09-04,0,Femenino,10,2026-03-10 23:59:59,,True,IND,Independientes,IND
1126,Felipe,Donoso,Castro,0,En Contra,20636,Boletín N° 11092-07,2023-05-08 19:15:04,92,40,3,0,1,Quórum Simple,1,Aprobado,1,Proyecto de Ley,11092-07,Particular,"Artículo 30 nonies, contenido en el numeral 12) del artículo primero del proyecto, en los términos sugeridos por la Comisión de Constitución.",Segundo Trámite,Primer Informe,1982-12-12,1,Masculino,10,2026-03-10 23:59:59,,True,UDI,Unión Demócrata Independiente,UDI
1127,Lorena,Fries,Monleón,1,Afirmativo,20636,Boletín N° 11092-07,2023-05-08 19:15:04,92,40,3,0,1,Quórum Simple,1,Aprobado,1,Proyecto de Ley,11092-07,Particular,"Artículo 30 nonies, contenido en el numeral 12) del artículo primero del proyecto, en los términos sugeridos por la Comisión de Constitución.",Segundo Trámite,Primer Informe,1960-04-01,0,Femenino,10,2026-03-10 23:59:59,,True,PCS,Partido Convergencia Social,PCS
1128,Ana María,Gazmuri,Vieira,1,Afirmativo,20636,Boletín N° 11092-07,2023-05-08 19:15:04,92,40,3,0,1,Quórum Simple,1,Aprobado,1,Proyecto de Ley,11092-07,Particular,"Artículo 30 nonies, contenido en el numeral 12) del artículo primero del proyecto, en los términos sugeridos por la Comisión de Constitución.",Segundo Trámite,Primer Informe,1966-01-22,0,Femenino,10,2026-03-10 23:59:59,,True,PAH,Partido Acción Humanista,PAH
1129,Andrés,Giordano,Salazar,1,Afirmativo,20636,Boletín N° 11092-07,2023-05-08 19:15:04,92,40,3,0,1,Quórum Simple,1,Aprobado,1,Proyecto de Ley,11092-07,Particular,"Artículo 30 nonies, contenido en el numeral 12) del artículo primero del proyecto, en los términos sugeridos por la Comisión de Constitución.",Segundo Trámite,Primer Informe,1986-12-29,1,Masculino,10,2026-03-10 23:59:59,,True,IND,Independientes,IND
1131,Mauro,González,Villarroel,0,En Contra,20636,Boletín N° 11092-07,2023-05-08 19:15:04,92,40,3,0,1,Quórum Simple,1,Aprobado,1,Proyecto de Ley,11092-07,Particular,"Artículo 30 nonies, contenido en el numeral 12) del artículo primero del proyecto, en los términos sugeridos por la Comisión de Constitución.",Segundo Trámite,Primer Informe,1985-05-25,1,Masculino,10,2026-03-10 23:59:59,,True,RN,Renovación Nacional,RN
1132,Jorge,Guzmán,Zepeda,1,Afirmativo,20636,Boletín N° 11092-07,2023-05-08 19:15:04,92,40,3,0,1,Quórum Simple,1,Aprobado,1,Proyecto de Ley,11092-07,Particular,"Artículo 30 nonies, contenido en el numeral 12) del artículo primero del proyecto, en los términos sugeridos por la Comisión de Constitución.",Segundo Trámite,Primer Informe,1985-06-11,1,Masculino,10,2026-03-10 23:59:59,,True,EVOP,Evolución Política,EVOP
1133,Juan,Irarrázaval,Rossel,0,En Contra,20636,Boletín N° 11092-07,2023-05-08 19:15:04,92,40,3,0,1,Quórum Simple,1,Aprobado,1,Proyecto de Ley,11092-07,Particular,"Artículo 30 nonies, contenido en el numeral 12) del artículo primero del proyecto, en los términos sugeridos por la Comisión de Constitución.",Segundo Trámite,Primer Informe,1983-06-23,1,Masculino,10,2026-03-10 23:59:59,,True,PREP,Partido Republicano,PREP
1135,Johannes,Kaiser,Barents-Von Hohenhagen,0,En Contra,20636,Boletín N° 11092-07,2023-05-08 19:15:04,92,40,3,0,1,Quórum Simple,1,Aprobado,1,Proyecto de Ley,11092-07,Particular,"Artículo 30 nonies, contenido en el numeral 12) del artículo primero del proyecto, en los términos sugeridos por la Comisión de Constitución.",Segundo Trámite,Primer Informe,1976-01-05,1,Masculino,10,2026-03-10 23:59:59,,True,PREP,Partido Republicano,PREP
1136,Paula,Labra,Besserer,1,Afirmativo,20636,Boletín N° 11092-07,2023-05-08 19:15:04,92,40,3,0,1,Quórum Simple,1,Aprobado,1,Proyecto de Ley,11092-07,Particular,"Artículo 30 nonies, contenido en el numeral 12) del artículo primero del proyecto, en los términos sugeridos por la Comisión de Constitución.",Segundo Trámite,Primer Informe,1987-05-04,0,Femenino,10,2026-03-10 23:59:59,,True,IND,Independientes,IND
1137,Tomás,Lagomarsino,Guzmán,1,Afirmativo,20636,Boletín N° 11092-07,2023-05-08 19:15:04,92,40,3,0,1,Quórum Simple,1,Aprobado,1,Proyecto de Ley,11092-07,Particular,"Artículo 30 nonies, contenido en el numeral 12) del artículo primero del proyecto, en los términos sugeridos por la Comisión de Constitución.",Segundo Trámite,Primer Informe,1990-07-13,1,Masculino,10,2026-03-10 23:59:59,,True,IND,Independientes,IND
1138,Henry,Leal,Bizama,0,En Contra,20636,Boletín N° 11092-07,2023-05-08 19:15:04,92,40,3,0,1,Quórum Simple,1,Aprobado,1,Proyecto de Ley,11092-07,Particular,"Artículo 30 nonies, contenido en el numeral 12) del artículo primero del proyecto, en los términos sugeridos por la Comisión de Constitución.",Segundo Trámite,Primer Informe,1972-09-16,1,Masculino,10,2026-03-10 23:59:59,,True,UDI,Unión Demócrata Independiente,UDI
1139,Enrique,Lee,Flores,0,En Contra,20636,Boletín N° 11092-07,2023-05-08 19:15:04,92,40,3,0,1,Quórum Simple,1,Aprobado,1,Proyecto de Ley,11092-07,Particular,"Artículo 30 nonies, contenido en el numeral 12) del artículo primero del proyecto, en los términos sugeridos por la Comisión de Constitución.",Segundo Trámite,Primer Informe,1967-12-16,1,Masculino,10,2026-03-10 23:59:59,,True,PRI,Partido Regionalista Independiente,PRI
1140,Daniel,Lilayu,Vivanco,0,En Contra,20636,Boletín N° 11092-07,2023-05-08 19:15:04,92,40,3,0,1,Quórum Simple,1,Aprobado,1,Proyecto de Ley,11092-07,Particular,"Artículo 30 nonies, contenido en el numeral 12) del artículo primero del proyecto, en los términos sugeridos por la Comisión de Constitución.",Segundo Trámite,Primer Informe,1949-03-02,1,Masculino,10,2026-03-10 23:59:59,,True,UDI,Unión Demócrata Independiente,UDI
1142,Daniel,Manouchehri,Lobos,1,Afirmativo,20636,Boletín N° 11092-07,2023-05-08 19:15:04,92,40,3,0,1,Quórum Simple,1,Aprobado,1,Proyecto de Ley,11092-07,Particular,"Artículo 30 nonies, contenido en el numeral 12) del artículo primero del proyecto, en los términos sugeridos por la Comisión de Constitución.",Segundo Trámite,Primer Informe,1984-05-25,1,Masculino,10,2026-03-10 23:59:59,,True,PS,Partido Socialista,PS
1143,Cristóbal,Martínez,Ramírez,0,En Contra,20636,Boletín N° 11092-07,2023-05-08 19:15:04,92,40,3,0,1,Quórum Simple,1,Aprobado,1,Proyecto de Ley,11092-07,Particular,"Artículo 30 nonies, contenido en el numeral 12) del artículo primero del proyecto, en los términos sugeridos por la Comisión de Constitución.",Segundo Trámite,Primer Informe,1984-04-30,1,Masculino,10,2026-03-10 23:59:59,,True,UDI,Unión Demócrata Independiente,UDI
1144,Christian,Matheson,Villán,0,En Contra,20636,Boletín N° 11092-07,2023-05-08 19:15:04,92,40,3,0,1,Quórum Simple,1,Aprobado,1,Proyecto de Ley,11092-07,Particular,"Artículo 30 nonies, contenido en el numeral 12) del artículo primero del proyecto, en los términos sugeridos por la Comisión de Constitución.",Segundo Trámite,Primer Informe,1957-12-17,1,Masculino,10,2026-03-10 23:59:59,,True,IND,Independientes,IND
1146,José Carlos,Meza,Pereira,0,En Contra,20636,Boletín N° 11092-07,2023-05-08 19:15:04,92,40,3,0,1,Quórum Simple,1,Aprobado,1,Proyecto de Ley,11092-07,Particular,"Artículo 30 nonies, contenido en el numeral 12) del artículo primero del proyecto, en los términos sugeridos por la Comisión de Constitución.",Segundo Trámite,Primer Informe,1989-03-07,1,Masculino,10,2026-03-10 23:59:59,,True,PREP,Partido Republicano,PREP
1147,Helia,Molina,Milman,1,Afirmativo,20636,Boletín N° 11092-07,2023-05-08 19:15:04,92,40,3,0,1,Quórum Simple,1,Aprobado,1,Proyecto de Ley,11092-07,Particular,"Artículo 30 nonies, contenido en el numeral 12) del artículo primero del proyecto, en los términos sugeridos por la Comisión de Constitución.",Segundo Trámite,Primer Informe,1947-04-02,0,Femenino,10,2026-03-10 23:59:59,,True,PPD,Partido Por la Democracia,PPD
1148,Javiera,Morales,Alvarado,1,Afirmativo,20636,Boletín N° 11092-07,2023-05-08 19:15:04,92,40,3,0,1,Quórum Simple,1,Aprobado,1,Proyecto de Ley,11092-07,Particular,"Artículo 30 nonies, contenido en el numeral 12) del artículo primero del proyecto, en los términos sugeridos por la Comisión de Constitución.",Segundo Trámite,Primer Informe,1983-11-16,0,Femenino,10,2026-03-10 23:59:59,,True,PCS,Partido Convergencia Social,PCS
1149,Carla,Morales,Maldonado,1,Afirmativo,20636,Boletín N° 11092-07,2023-05-08 19:15:04,92,40,3,0,1,Quórum Simple,1,Aprobado,1,Proyecto de Ley,11092-07,Particular,"Artículo 30 nonies, contenido en el numeral 12) del artículo primero del proyecto, en los términos sugeridos por la Comisión de Constitución.",Segundo Trámite,Primer Informe,1977-10-27,0,Femenino,10,2026-03-10 23:59:59,,True,RN,Renovación Nacional,RN
1150,Benjamín,Moreno,Bascur,0,En Contra,20636,Boletín N° 11092-07,2023-05-08 19:15:04,92,40,3,0,1,Quórum Simple,1,Aprobado,1,Proyecto de Ley,11092-07,Particular,"Artículo 30 nonies, contenido en el numeral 12) del artículo primero del proyecto, en los términos sugeridos por la Comisión de Constitución.",Segundo Trámite,Primer Informe,1993-04-02,1,Masculino,10,2026-03-10 23:59:59,,True,PREP,Partido Republicano,PREP
1151,Camila,Musante,Müller,1,Afirmativo,20636,Boletín N° 11092-07,2023-05-08 19:15:04,92,40,3,0,1,Quórum Simple,1,Aprobado,1,Proyecto de Ley,11092-07,Particular,"Artículo 30 nonies, contenido en el numeral 12) del artículo primero del proyecto, en los términos sugeridos por la Comisión de Constitución.",Segundo Trámite,Primer Informe,1990-02-06,0,Femenino,10,2026-03-10 23:59:59,,True,IND,Independientes,IND
1153,Coca Ericka,Ñanco,Vásquez,1,Afirmativo,20636,Boletín N° 11092-07,2023-05-08 19:15:04,92,40,3,0,1,Quórum Simple,1,Aprobado,1,Proyecto de Ley,11092-07,Particular,"Artículo 30 nonies, contenido en el numeral 12) del artículo primero del proyecto, en los términos sugeridos por la Comisión de Constitución.",Segundo Trámite,Primer Informe,1992-03-20,0,Femenino,10,2026-03-10 23:59:59,,True,RD,Revolución Democrática,RD
1154,Mauricio,Ojeda,Rebolledo,0,En Contra,20636,Boletín N° 11092-07,2023-05-08 19:15:04,92,40,3,0,1,Quórum Simple,1,Aprobado,1,Proyecto de Ley,11092-07,Particular,"Artículo 30 nonies, contenido en el numeral 12) del artículo primero del proyecto, en los términos sugeridos por la Comisión de Constitución.",Segundo Trámite,Primer Informe,1982-01-19,1,Masculino,10,2026-03-10 23:59:59,,True,IND,Independientes,IND
1155,Rubén Darío,Oyarzo,Figueroa,1,Afirmativo,20636,Boletín N° 11092-07,2023-05-08 19:15:04,92,40,3,0,1,Quórum Simple,1,Aprobado,1,Proyecto de Ley,11092-07,Particular,"Artículo 30 nonies, contenido en el numeral 12) del artículo primero del proyecto, en los términos sugeridos por la Comisión de Constitución.",Segundo Trámite,Primer Informe,1980-12-13,1,Masculino,10,2026-03-10 23:59:59,,True,PDG,Partido de la Gente,PDG
1156,Hernán,Palma,Pérez,1,Afirmativo,20636,Boletín N° 11092-07,2023-05-08 19:15:04,92,40,3,0,1,Quórum Simple,1,Aprobado,1,Proyecto de Ley,11092-07,Particular,"Artículo 30 nonies, contenido en el numeral 12) del artículo primero del proyecto, en los términos sugeridos por la Comisión de Constitución.",Segundo Trámite,Primer Informe,1958-11-03,1,Masculino,10,2026-03-10 23:59:59,,True,IND,Independientes,IND
1158,Víctor Alejandro,Pino,Fuentes,0,En Contra,20636,Boletín N° 11092-07,2023-05-08 19:15:04,92,40,3,0,1,Quórum Simple,1,Aprobado,1,Proyecto de Ley,11092-07,Particular,"Artículo 30 nonies, contenido en el numeral 12) del artículo primero del proyecto, en los términos sugeridos por la Comisión de Constitución.",Segundo Trámite,Primer Informe,1974-12-08,1,Masculino,10,2026-03-10 23:59:59,,True,IND,Independientes,IND
1159,Lorena,Pizarro,Sierra,1,Afirmativo,20636,Boletín N° 11092-07,2023-05-08 19:15:04,92,40,3,0,1,Quórum Simple,1,Aprobado,1,Proyecto de Ley,11092-07,Particular,"Artículo 30 nonies, contenido en el numeral 12) del artículo primero del proyecto, en los términos sugeridos por la Comisión de Constitución.",Segundo Trámite,Primer Informe,1966-02-14,0,Femenino,10,2026-03-10 23:59:59,,True,PC,Partido Comunista,PC
1160,Alejandra,Placencia,Cabello,1,Afirmativo,20636,Boletín N° 11092-07,2023-05-08 19:15:04,92,40,3,0,1,Quórum Simple,1,Aprobado,1,Proyecto de Ley,11092-07,Particular,"Artículo 30 nonies, contenido en el numeral 12) del artículo primero del proyecto, en los términos sugeridos por la Comisión de Constitución.",Segundo Trámite,Primer Informe,1978-02-14,0,Femenino,10,2026-03-10 23:59:59,,True,PC,Partido Comunista,PC
1161,Francisco,Pulgar,Castillo,1,Afirmativo,20636,Boletín N° 11092-07,2023-05-08 19:15:04,92,40,3,0,1,Quórum Simple,1,Aprobado,1,Proyecto de Ley,11092-07,Particular,"Artículo 30 nonies, contenido en el numeral 12) del artículo primero del proyecto, en los términos sugeridos por la Comisión de Constitución.",Segundo Trámite,Primer Informe,1971-05-27,1,Masculino,10,2026-03-10 23:59:59,,True,IND,Independientes,IND
1162,Matías,Ramírez,Pascal,1,Afirmativo,20636,Boletín N° 11092-07,2023-05-08 19:15:04,92,40,3,0,1,Quórum Simple,1,Aprobado,1,Proyecto de Ley,11092-07,Particular,"Artículo 30 nonies, contenido en el numeral 12) del artículo primero del proyecto, en los términos sugeridos por la Comisión de Constitución.",Segundo Trámite,Primer Informe,1984-11-14,1,Masculino,10,2026-03-10 23:59:59,,True,PC,Partido Comunista,PC
1163,Marcia,Raphael,Mora,1,Afirmativo,20636,Boletín N° 11092-07,2023-05-08 19:15:04,92,40,3,0,1,Quórum Simple,1,Aprobado,1,Proyecto de Ley,11092-07,Particular,"Artículo 30 nonies, contenido en el numeral 12) del artículo primero del proyecto, en los términos sugeridos por la Comisión de Constitución.",Segundo Trámite,Primer Informe,1963-12-06,0,Femenino,10,2026-03-10 23:59:59,,True,RN,Renovación Nacional,RN
1164,Marcela,Riquelme,Aliaga,1,Afirmativo,20636,Boletín N° 11092-07,2023-05-08 19:15:04,92,40,3,0,1,Quórum Simple,1,Aprobado,1,Proyecto de Ley,11092-07,Particular,"Artículo 30 nonies, contenido en el numeral 12) del artículo primero del proyecto, en los términos sugeridos por la Comisión de Constitución.",Segundo Trámite,Primer Informe,1973-03-04,0,Femenino,10,2026-03-10 23:59:59,,True,IND,Independientes,IND
1165,Agustín,Romero,Leiva,0,En Contra,20636,Boletín N° 11092-07,2023-05-08 19:15:04,92,40,3,0,1,Quórum Simple,1,Aprobado,1,Proyecto de Ley,11092-07,Particular,"Artículo 30 nonies, contenido en el numeral 12) del artículo primero del proyecto, en los términos sugeridos por la Comisión de Constitución.",Segundo Trámite,Primer Informe,1975-01-03,1,Masculino,10,2026-03-10 23:59:59,,True,PREP,Partido Republicano,PREP
1166,Natalia,Romero,Talguia,1,Afirmativo,20636,Boletín N° 11092-07,2023-05-08 19:15:04,92,40,3,0,1,Quórum Simple,1,Aprobado,1,Proyecto de Ley,11092-07,Particular,"Artículo 30 nonies, contenido en el numeral 12) del artículo primero del proyecto, en los términos sugeridos por la Comisión de Constitución.",Segundo Trámite,Primer Informe,1985-06-29,0,Femenino,10,2026-03-10 23:59:59,,True,IND,Independientes,IND
1167,Jaime,Sáez,Quiroz,1,Afirmativo,20636,Boletín N° 11092-07,2023-05-08 19:15:04,92,40,3,0,1,Quórum Simple,1,Aprobado,1,Proyecto de Ley,11092-07,Particular,"Artículo 30 nonies, contenido en el numeral 12) del artículo primero del proyecto, en los términos sugeridos por la Comisión de Constitución.",Segundo Trámite,Primer Informe,1985-12-09,1,Masculino,10,2026-03-10 23:59:59,,True,RD,Revolución Democrática,RD
1168,Jorge,Saffirio,Espinoza,1,Afirmativo,20636,Boletín N° 11092-07,2023-05-08 19:15:04,92,40,3,0,1,Quórum Simple,1,Aprobado,1,Proyecto de Ley,11092-07,Particular,"Artículo 30 nonies, contenido en el numeral 12) del artículo primero del proyecto, en los términos sugeridos por la Comisión de Constitución.",Segundo Trámite,Primer Informe,1953-06-09,1,Masculino,10,2026-03-10 23:59:59,,True,IND,Independientes,IND
1169,Clara,Sagardía,Cabezas,1,Afirmativo,20636,Boletín N° 11092-07,2023-05-08 19:15:04,92,40,3,0,1,Quórum Simple,1,Aprobado,1,Proyecto de Ley,11092-07,Particular,"Artículo 30 nonies, contenido en el numeral 12) del artículo primero del proyecto, en los términos sugeridos por la Comisión de Constitución.",Segundo Trámite,Primer Informe,1952-08-13,0,Femenino,10,2026-03-10 23:59:59,,True,IND,Independientes,IND
1170,Luis,Sánchez,Ossa,0,En Contra,20636,Boletín N° 11092-07,2023-05-08 19:15:04,92,40,3,0,1,Quórum Simple,1,Aprobado,1,Proyecto de Ley,11092-07,Particular,"Artículo 30 nonies, contenido en el numeral 12) del artículo primero del proyecto, en los términos sugeridos por la Comisión de Constitución.",Segundo Trámite,Primer Informe,1988-10-04,1,Masculino,10,2026-03-10 23:59:59,,True,PREP,Partido Republicano,PREP
1171,Emilia,Schneider,Videla,1,Afirmativo,20636,Boletín N° 11092-07,2023-05-08 19:15:04,92,40,3,0,1,Quórum Simple,1,Aprobado,1,Proyecto de Ley,11092-07,Particular,"Artículo 30 nonies, contenido en el numeral 12) del artículo primero del proyecto, en los términos sugeridos por la Comisión de Constitución.",Segundo Trámite,Primer Informe,1996-10-23,0,Femenino,10,2026-03-10 23:59:59,,True,PCS,Partido Convergencia Social,PCS
1172,Stephan,Schubert,Rubio,0,En Contra,20636,Boletín N° 11092-07,2023-05-08 19:15:04,92,40,3,0,1,Quórum Simple,1,Aprobado,1,Proyecto de Ley,11092-07,Particular,"Artículo 30 nonies, contenido en el numeral 12) del artículo primero del proyecto, en los términos sugeridos por la Comisión de Constitución.",Segundo Trámite,Primer Informe,1977-12-19,1,Masculino,10,2026-03-10 23:59:59,,True,IND,Independientes,IND
1173,Daniela,Serrano,Salazar,1,Afirmativo,20636,Boletín N° 11092-07,2023-05-08 19:15:04,92,40,3,0,1,Quórum Simple,1,Aprobado,1,Proyecto de Ley,11092-07,Particular,"Artículo 30 nonies, contenido en el numeral 12) del artículo primero del proyecto, en los términos sugeridos por la Comisión de Constitución.",Segundo Trámite,Primer Informe,1995-03-17,0,Femenino,10,2026-03-10 23:59:59,,True,PC,Partido Comunista,PC
1174,Marco Antonio,Sulantay,Olivares,0,En Contra,20636,Boletín N° 11092-07,2023-05-08 19:15:04,92,40,3,0,1,Quórum Simple,1,Aprobado,1,Proyecto de Ley,11092-07,Particular,"Artículo 30 nonies, contenido en el numeral 12) del artículo primero del proyecto, en los términos sugeridos por la Comisión de Constitución.",Segundo Trámite,Primer Informe,1973-03-31,1,Masculino,10,2026-03-10 23:59:59,,True,UDI,Unión Demócrata Independiente,UDI
1175,Cristián,Tapia,Ramos,1,Afirmativo,20636,Boletín N° 11092-07,2023-05-08 19:15:04,92,40,3,0,1,Quórum Simple,1,Aprobado,1,Proyecto de Ley,11092-07,Particular,"Artículo 30 nonies, contenido en el numeral 12) del artículo primero del proyecto, en los términos sugeridos por la Comisión de Constitución.",Segundo Trámite,Primer Informe,1968-07-14,1,Masculino,10,2026-03-10 23:59:59,,True,IND,Independientes,IND
1176,Hotuiti,Teao,Drago,0,En Contra,20636,Boletín N° 11092-07,2023-05-08 19:15:04,92,40,3,0,1,Quórum Simple,1,Aprobado,1,Proyecto de Ley,11092-07,Particular,"Artículo 30 nonies, contenido en el numeral 12) del artículo primero del proyecto, en los términos sugeridos por la Comisión de Constitución.",Segundo Trámite,Primer Informe,1977-08-01,1,Masculino,10,2026-03-10 23:59:59,,True,IND,Independientes,IND
1177,Carolina,Tello,Rojas,1,Afirmativo,20636,Boletín N° 11092-07,2023-05-08 19:15:04,92,40,3,0,1,Quórum Simple,1,Aprobado,1,Proyecto de Ley,11092-07,Particular,"Artículo 30 nonies, contenido en el numeral 12) del artículo primero del proyecto, en los términos sugeridos por la Comisión de Constitución.",Segundo Trámite,Primer Informe,1985-10-01,0,Femenino,10,2026-03-10 23:59:59,,True,PC,Partido Comunista,PC
1178,Héctor,Ulloa,Aguilera,1,Afirmativo,20636,Boletín N° 11092-07,2023-05-08 19:15:04,92,40,3,0,1,Quórum Simple,1,Aprobado,1,Proyecto de Ley,11092-07,Particular,"Artículo 30 nonies, contenido en el numeral 12) del artículo primero del proyecto, en los términos sugeridos por la Comisión de Constitución.",Segundo Trámite,Primer Informe,1969-08-06,1,Masculino,10,2026-03-10 23:59:59,,True,IND,Independientes,IND
1179,Alberto,Undurraga,Vicuña,1,Afirmativo,20636,Boletín N° 11092-07,2023-05-08 19:15:04,92,40,3,0,1,Quórum Simple,1,Aprobado,1,Proyecto de Ley,11092-07,Particular,"Artículo 30 nonies, contenido en el numeral 12) del artículo primero del proyecto, en los términos sugeridos por la Comisión de Constitución.",Segundo Trámite,Primer Informe,1969-06-17,1,Masculino,10,2026-03-10 23:59:59,,True,DC,Partido Demócrata Cristiano,DC
1180,Consuelo,Veloso,Ávila,1,Afirmativo,20636,Boletín N° 11092-07,2023-05-08 19:15:04,92,40,3,0,1,Quórum Simple,1,Aprobado,1,Proyecto de Ley,11092-07,Particular,"Artículo 30 nonies, contenido en el numeral 12) del artículo primero del proyecto, en los términos sugeridos por la Comisión de Constitución.",Segundo Trámite,Primer Informe,1994-02-11,0,Femenino,10,2026-03-10 23:59:59,,True,RD,Revolución Democrática,RD
1182,Sebastián,Videla,Castillo,1,Afirmativo,20636,Boletín N° 11092-07,2023-05-08 19:15:04,92,40,3,0,1,Quórum Simple,1,Aprobado,1,Proyecto de Ley,11092-07,Particular,"Artículo 30 nonies, contenido en el numeral 12) del artículo primero del proyecto, en los términos sugeridos por la Comisión de Constitución.",Segundo Trámite,Primer Informe,1986-04-29,1,Masculino,10,2026-03-10 23:59:59,,True,IND,Independientes,IND
1183,Flor,Weisse,Novoa,0,En Contra,20636,Boletín N° 11092-07,2023-05-08 19:15:04,92,40,3,0,1,Quórum Simple,1,Aprobado,1,Proyecto de Ley,11092-07,Particular,"Artículo 30 nonies, contenido en el numeral 12) del artículo primero del proyecto, en los términos sugeridos por la Comisión de Constitución.",Segundo Trámite,Primer Informe,1960-03-27,0,Femenino,10,2026-03-10 23:59:59,,True,UDI,Unión Demócrata Independiente,UDI
74,Jaime,Naranjo,Ortiz,1,Afirmativo,20636,Boletín N° 11092-07,2023-05-08 19:15:04,92,40,3,0,1,Quórum Simple,1,Aprobado,1,Proyecto de Ley,11092-07,Particular,"Artículo 30 nonies, contenido en el numeral 12) del artículo primero del proyecto, en los términos sugeridos por la Comisión de Constitución.",Segundo Trámite,Primer Informe,1951-01-12,1,Masculino,10,2026-03-10 23:59:59,,True,PS,Partido Socialista,PS
803,René,Alinco,Bustos,1,Afirmativo,20636,Boletín N° 11092-07,2023-05-08 19:15:04,92,40,3,0,1,Quórum Simple,1,Aprobado,1,Proyecto de Ley,11092-07,Particular,"Artículo 30 nonies, contenido en el numeral 12) del artículo primero del proyecto, en los términos sugeridos por la Comisión de Constitución.",Segundo Trámite,Primer Informe,1958-06-02,1,Masculino,10,2026-03-10 23:59:59,,True,IND,Independientes,IND
815,Sergio,Bobadilla,Muñoz,0,En Contra,20636,Boletín N° 11092-07,2023-05-08 19:15:04,92,40,3,0,1,Quórum Simple,1,Aprobado,1,Proyecto de Ley,11092-07,Particular,"Artículo 30 nonies, contenido en el numeral 12) del artículo primero del proyecto, en los términos sugeridos por la Comisión de Constitución.",Segundo Trámite,Primer Informe,1958-03-25,1,Masculino,10,2026-03-10 23:59:59,,True,UDI,Unión Demócrata Independiente,UDI
917,Gastón,Von Mühlenbrock,Zamora,0,En Contra,20636,Boletín N° 11092-07,2023-05-08 19:15:04,92,40,3,0,1,Quórum Simple,1,Aprobado,1,Proyecto de Ley,11092-07,Particular,"Artículo 30 nonies, contenido en el numeral 12) del artículo primero del proyecto, en los términos sugeridos por la Comisión de Constitución.",Segundo Trámite,Primer Informe,1954-12-26,1,Masculino,10,2026-03-10 23:59:59,,True,UDI,Unión Demócrata Independiente,UDI
948,Gaspar,Rivas,Sánchez,1,Afirmativo,20636,Boletín N° 11092-07,2023-05-08 19:15:04,92,40,3,0,1,Quórum Simple,1,Aprobado,1,Proyecto de Ley,11092-07,Particular,"Artículo 30 nonies, contenido en el numeral 12) del artículo primero del proyecto, en los términos sugeridos por la Comisión de Constitución.",Segundo Trámite,Primer Informe,1978-05-17,1,Masculino,10,2026-03-10 23:59:59,,True,PDG,Partido de la Gente,PDG
953,Frank,Sauerbaum,Muñoz,1,Afirmativo,20636,Boletín N° 11092-07,2023-05-08 19:15:04,92,40,3,0,1,Quórum Simple,1,Aprobado,1,Proyecto de Ley,11092-07,Particular,"Artículo 30 nonies, contenido en el numeral 12) del artículo primero del proyecto, en los términos sugeridos por la Comisión de Constitución.",Segundo Trámite,Primer Informe,1972-11-21,1,Masculino,10,2026-03-10 23:59:59,,True,RN,Renovación Nacional,RN
971,Bernardo,Berger,Fett,1,Afirmativo,20636,Boletín N° 11092-07,2023-05-08 19:15:04,92,40,3,0,1,Quórum Simple,1,Aprobado,1,Proyecto de Ley,11092-07,Particular,"Artículo 30 nonies, contenido en el numeral 12) del artículo primero del proyecto, en los términos sugeridos por la Comisión de Constitución.",Segundo Trámite,Primer Informe,1946-10-04,1,Masculino,10,2026-03-10 23:59:59,,True,IND,Independientes,IND
973,Karol,Cariola,Oliva,1,Afirmativo,20636,Boletín N° 11092-07,2023-05-08 19:15:04,92,40,3,0,1,Quórum Simple,1,Aprobado,1,Proyecto de Ley,11092-07,Particular,"Artículo 30 nonies, contenido en el numeral 12) del artículo primero del proyecto, en los términos sugeridos por la Comisión de Constitución.",Segundo Trámite,Primer Informe,1987-04-01,0,Femenino,10,2026-03-10 23:59:59,,True,PC,Partido Comunista,PC
975,Daniella,Cicardini,Milla,1,Afirmativo,20636,Boletín N° 11092-07,2023-05-08 19:15:04,92,40,3,0,1,Quórum Simple,1,Aprobado,1,Proyecto de Ley,11092-07,Particular,"Artículo 30 nonies, contenido en el numeral 12) del artículo primero del proyecto, en los términos sugeridos por la Comisión de Constitución.",Segundo Trámite,Primer Informe,1987-12-31,0,Femenino,10,2026-03-10 23:59:59,,True,PS,Partido Socialista,PS
976,Juan Antonio,Coloma,Álamos,0,En Contra,20636,Boletín N° 11092-07,2023-05-08 19:15:04,92,40,3,0,1,Quórum Simple,1,Aprobado,1,Proyecto de Ley,11092-07,Particular,"Artículo 30 nonies, contenido en el numeral 12) del artículo primero del proyecto, en los términos sugeridos por la Comisión de Constitución.",Segundo Trámite,Primer Informe,1980-03-14,1,Masculino,10,2026-03-10 23:59:59,,True,UDI,Unión Demócrata Independiente,UDI
990,Daniel,Melo,Contreras,1,Afirmativo,20636,Boletín N° 11092-07,2023-05-08 19:15:04,92,40,3,0,1,Quórum Simple,1,Aprobado,1,Proyecto de Ley,11092-07,Particular,"Artículo 30 nonies, contenido en el numeral 12) del artículo primero del proyecto, en los términos sugeridos por la Comisión de Constitución.",Segundo Trámite,Primer Informe,1979-02-18,1,Masculino,10,2026-03-10 23:59:59,,True,PS,Partido Socialista,PS
991,Vlado,Mirosevic,Verdugo,1,Afirmativo,20636,Boletín N° 11092-07,2023-05-08 19:15:04,92,40,3,0,1,Quórum Simple,1,Aprobado,1,Proyecto de Ley,11092-07,Particular,"Artículo 30 nonies, contenido en el numeral 12) del artículo primero del proyecto, en los términos sugeridos por la Comisión de Constitución.",Segundo Trámite,Primer Informe,1987-05-23,1,Masculino,10,2026-03-10 23:59:59,,True,PL,Partido Liberal de Chile,PL
999,Jorge,Rathgeb,Schifferli,1,Afirmativo,20636,Boletín N° 11092-07,2023-05-08 19:15:04,92,40,3,0,1,Quórum Simple,1,Aprobado,1,Proyecto de Ley,11092-07,Particular,"Artículo 30 nonies, contenido en el numeral 12) del artículo primero del proyecto, en los términos sugeridos por la Comisión de Constitución.",Segundo Trámite,Primer Informe,1967-12-28,1,Masculino,10,2026-03-10 23:59:59,,True,RN,Renovación Nacional,RN
1002,Leonardo,Soto,Ferrada,1,Afirmativo,20637,Boletín N° 11092-07,2023-05-08 19:15:59,91,41,3,0,1,Quórum Simple,1,Aprobado,1,Proyecto de Ley,11092-07,Particular,"Artículo 31, contenido en el numeral 12) del artículo primero del proyecto, en los términos sugeridos por la Comisión de Constitución.
",Segundo Trámite,Primer Informe,1966-05-15,1,Masculino,10,2026-03-10 23:59:59,,True,PS,Partido Socialista,PS
1003,Renzo,Trisotti,Martínez,0,En Contra,20637,Boletín N° 11092-07,2023-05-08 19:15:59,91,41,3,0,1,Quórum Simple,1,Aprobado,1,Proyecto de Ley,11092-07,Particular,"Artículo 31, contenido en el numeral 12) del artículo primero del proyecto, en los términos sugeridos por la Comisión de Constitución.
",Segundo Trámite,Primer Informe,1976-03-15,1,Masculino,10,2026-03-10 23:59:59,,True,UDI,Unión Demócrata Independiente,UDI
1009,Jorge,Alessandri,Vergara,0,En Contra,20637,Boletín N° 11092-07,2023-05-08 19:15:59,91,41,3,0,1,Quórum Simple,1,Aprobado,1,Proyecto de Ley,11092-07,Particular,"Artículo 31, contenido en el numeral 12) del artículo primero del proyecto, en los términos sugeridos por la Comisión de Constitución.
",Segundo Trámite,Primer Informe,1979-06-08,1,Masculino,10,2026-03-10 23:59:59,,True,UDI,Unión Demócrata Independiente,UDI
1012,Boris,Barrera,Moreno,1,Afirmativo,20637,Boletín N° 11092-07,2023-05-08 19:15:59,91,41,3,0,1,Quórum Simple,1,Aprobado,1,Proyecto de Ley,11092-07,Particular,"Artículo 31, contenido en el numeral 12) del artículo primero del proyecto, en los términos sugeridos por la Comisión de Constitución.
",Segundo Trámite,Primer Informe,1970-05-03,1,Masculino,10,2026-03-10 23:59:59,,True,PC,Partido Comunista,PC
1013,Alejandro,Bernales,Maldonado,1,Afirmativo,20637,Boletín N° 11092-07,2023-05-08 19:15:59,91,41,3,0,1,Quórum Simple,1,Aprobado,1,Proyecto de Ley,11092-07,Particular,"Artículo 31, contenido en el numeral 12) del artículo primero del proyecto, en los términos sugeridos por la Comisión de Constitución.
",Segundo Trámite,Primer Informe,1979-02-02,1,Masculino,10,2026-03-10 23:59:59,,True,PL,Partido Liberal de Chile,PL
1016,Miguel Ángel,Calisto,Águila,1,Afirmativo,20637,Boletín N° 11092-07,2023-05-08 19:15:59,91,41,3,0,1,Quórum Simple,1,Aprobado,1,Proyecto de Ley,11092-07,Particular,"Artículo 31, contenido en el numeral 12) del artículo primero del proyecto, en los términos sugeridos por la Comisión de Constitución.
",Segundo Trámite,Primer Informe,1985-07-19,1,Masculino,10,2026-03-10 23:59:59,,True,IND,Independientes,IND
1017,Álvaro,Carter,Fernández,0,En Contra,20637,Boletín N° 11092-07,2023-05-08 19:15:59,91,41,3,0,1,Quórum Simple,1,Aprobado,1,Proyecto de Ley,11092-07,Particular,"Artículo 31, contenido en el numeral 12) del artículo primero del proyecto, en los términos sugeridos por la Comisión de Constitución.
",Segundo Trámite,Primer Informe,1980-10-09,1,Masculino,10,2026-03-10 23:59:59,,True,UDI,Unión Demócrata Independiente,UDI
1019,José Miguel,Castro,Bascuñán,1,Afirmativo,20637,Boletín N° 11092-07,2023-05-08 19:15:59,91,41,3,0,1,Quórum Simple,1,Aprobado,1,Proyecto de Ley,11092-07,Particular,"Artículo 31, contenido en el numeral 12) del artículo primero del proyecto, en los términos sugeridos por la Comisión de Constitución.
",Segundo Trámite,Primer Informe,1974-08-05,1,Masculino,10,2026-03-10 23:59:59,,True,RN,Renovación Nacional,RN
1021,Andrés,Celis,Montt,1,Afirmativo,20637,Boletín N° 11092-07,2023-05-08 19:15:59,91,41,3,0,1,Quórum Simple,1,Aprobado,1,Proyecto de Ley,11092-07,Particular,"Artículo 31, contenido en el numeral 12) del artículo primero del proyecto, en los términos sugeridos por la Comisión de Constitución.
",Segundo Trámite,Primer Informe,1975-04-08,1,Masculino,10,2026-03-10 23:59:59,,True,RN,Renovación Nacional,RN
1022,Sofía,Cid,Versalovic,0,En Contra,20637,Boletín N° 11092-07,2023-05-08 19:15:59,91,41,3,0,1,Quórum Simple,1,Aprobado,1,Proyecto de Ley,11092-07,Particular,"Artículo 31, contenido en el numeral 12) del artículo primero del proyecto, en los términos sugeridos por la Comisión de Constitución.
",Segundo Trámite,Primer Informe,1971-09-29,0,Femenino,10,2026-03-10 23:59:59,,True,RN,Renovación Nacional,RN
1025,Catalina,Del Real,Mihovilovic,0,En Contra,20637,Boletín N° 11092-07,2023-05-08 19:15:59,91,41,3,0,1,Quórum Simple,1,Aprobado,1,Proyecto de Ley,11092-07,Particular,"Artículo 31, contenido en el numeral 12) del artículo primero del proyecto, en los términos sugeridos por la Comisión de Constitución.
",Segundo Trámite,Primer Informe,1968-11-07,0,Femenino,10,2026-03-10 23:59:59,,True,RN,Renovación Nacional,RN
1028,Eduardo,Durán,Salinas,0,En Contra,20637,Boletín N° 11092-07,2023-05-08 19:15:59,91,41,3,0,1,Quórum Simple,1,Aprobado,1,Proyecto de Ley,11092-07,Particular,"Artículo 31, contenido en el numeral 12) del artículo primero del proyecto, en los términos sugeridos por la Comisión de Constitución.
",Segundo Trámite,Primer Informe,1972-01-01,1,Masculino,10,2026-03-10 23:59:59,,True,RN,Renovación Nacional,RN
1030,Camila,Flores,Oporto,0,En Contra,20637,Boletín N° 11092-07,2023-05-08 19:15:59,91,41,3,0,1,Quórum Simple,1,Aprobado,1,Proyecto de Ley,11092-07,Particular,"Artículo 31, contenido en el numeral 12) del artículo primero del proyecto, en los términos sugeridos por la Comisión de Constitución.
",Segundo Trámite,Primer Informe,1987-02-09,0,Femenino,10,2026-03-10 23:59:59,,True,RN,Renovación Nacional,RN
1034,Félix,González,Gatica,1,Afirmativo,20637,Boletín N° 11092-07,2023-05-08 19:15:59,91,41,3,0,1,Quórum Simple,1,Aprobado,1,Proyecto de Ley,11092-07,Particular,"Artículo 31, contenido en el numeral 12) del artículo primero del proyecto, en los términos sugeridos por la Comisión de Constitución.
",Segundo Trámite,Primer Informe,1972-05-26,1,Masculino,10,2026-03-10 23:59:59,,True,PEV,Partido Ecologista Verde,PEV
1035,Carmen,Hertz,Cádiz,1,Afirmativo,20637,Boletín N° 11092-07,2023-05-08 19:15:59,91,41,3,0,1,Quórum Simple,1,Aprobado,1,Proyecto de Ley,11092-07,Particular,"Artículo 31, contenido en el numeral 12) del artículo primero del proyecto, en los términos sugeridos por la Comisión de Constitución.
",Segundo Trámite,Primer Informe,1945-06-19,0,Femenino,10,2026-03-10 23:59:59,,True,PC,Partido Comunista,PC
1036,Tomás,Hirsch,Goldschmidt,1,Afirmativo,20637,Boletín N° 11092-07,2023-05-08 19:15:59,91,41,3,0,1,Quórum Simple,1,Aprobado,1,Proyecto de Ley,11092-07,Particular,"Artículo 31, contenido en el numeral 12) del artículo primero del proyecto, en los términos sugeridos por la Comisión de Constitución.
",Segundo Trámite,Primer Informe,1956-07-19,1,Masculino,10,2026-03-10 23:59:59,,True,PAH,Partido Acción Humanista,PAH
1037,Diego,Ibáñez,Cotroneo,1,Afirmativo,20637,Boletín N° 11092-07,2023-05-08 19:15:59,91,41,3,0,1,Quórum Simple,1,Aprobado,1,Proyecto de Ley,11092-07,Particular,"Artículo 31, contenido en el numeral 12) del artículo primero del proyecto, en los términos sugeridos por la Comisión de Constitución.
",Segundo Trámite,Primer Informe,1989-01-25,1,Masculino,10,2026-03-10 23:59:59,,True,PCS,Partido Convergencia Social,PCS
1038,Marcos,Ilabaca,Cerda,1,Afirmativo,20637,Boletín N° 11092-07,2023-05-08 19:15:59,91,41,3,0,1,Quórum Simple,1,Aprobado,1,Proyecto de Ley,11092-07,Particular,"Artículo 31, contenido en el numeral 12) del artículo primero del proyecto, en los términos sugeridos por la Comisión de Constitución.
",Segundo Trámite,Primer Informe,1970-10-05,1,Masculino,10,2026-03-10 23:59:59,,True,PS,Partido Socialista,PS
1040,Harry,Jürgensen,Rundshagen,0,En Contra,20637,Boletín N° 11092-07,2023-05-08 19:15:59,91,41,3,0,1,Quórum Simple,1,Aprobado,1,Proyecto de Ley,11092-07,Particular,"Artículo 31, contenido en el numeral 12) del artículo primero del proyecto, en los términos sugeridos por la Comisión de Constitución.
",Segundo Trámite,Primer Informe,1968-09-03,1,Masculino,10,2026-03-10 23:59:59,,True,IND,Independientes,IND
1044,Raúl,Leiva,Carvajal,1,Afirmativo,20637,Boletín N° 11092-07,2023-05-08 19:15:59,91,41,3,0,1,Quórum Simple,1,Aprobado,1,Proyecto de Ley,11092-07,Particular,"Artículo 31, contenido en el numeral 12) del artículo primero del proyecto, en los términos sugeridos por la Comisión de Constitución.
",Segundo Trámite,Primer Informe,1974-03-24,1,Masculino,10,2026-03-10 23:59:59,,True,PS,Partido Socialista,PS
1046,Andrés,Longton,Herrera,1,Afirmativo,20637,Boletín N° 11092-07,2023-05-08 19:15:59,91,41,3,0,1,Quórum Simple,1,Aprobado,1,Proyecto de Ley,11092-07,Particular,"Artículo 31, contenido en el numeral 12) del artículo primero del proyecto, en los términos sugeridos por la Comisión de Constitución.
",Segundo Trámite,Primer Informe,1982-05-26,1,Masculino,10,2026-03-10 23:59:59,,True,RN,Renovación Nacional,RN
1048,Carolina,Marzán,Pinto,1,Afirmativo,20637,Boletín N° 11092-07,2023-05-08 19:15:59,91,41,3,0,1,Quórum Simple,1,Aprobado,1,Proyecto de Ley,11092-07,Particular,"Artículo 31, contenido en el numeral 12) del artículo primero del proyecto, en los términos sugeridos por la Comisión de Constitución.
",Segundo Trámite,Primer Informe,1963-12-22,0,Femenino,10,2026-03-10 23:59:59,,True,PPD,Partido Por la Democracia,PPD
1049,Cosme,Mellado,Pino,1,Afirmativo,20637,Boletín N° 11092-07,2023-05-08 19:15:59,91,41,3,0,1,Quórum Simple,1,Aprobado,1,Proyecto de Ley,11092-07,Particular,"Artículo 31, contenido en el numeral 12) del artículo primero del proyecto, en los términos sugeridos por la Comisión de Constitución.
",Segundo Trámite,Primer Informe,1960-02-24,1,Masculino,10,2026-03-10 23:59:59,,True,PR,Partido Radical de Chile,PR
1050,Miguel,Mellado,Suazo,1,Afirmativo,20637,Boletín N° 11092-07,2023-05-08 19:15:59,91,41,3,0,1,Quórum Simple,1,Aprobado,1,Proyecto de Ley,11092-07,Particular,"Artículo 31, contenido en el numeral 12) del artículo primero del proyecto, en los términos sugeridos por la Comisión de Constitución.
",Segundo Trámite,Primer Informe,1958-12-29,1,Masculino,10,2026-03-10 23:59:59,,True,RN,Renovación Nacional,RN
1054,Francesca,Muñoz,González,2,Abstención,20637,Boletín N° 11092-07,2023-05-08 19:15:59,91,41,3,0,1,Quórum Simple,1,Aprobado,1,Proyecto de Ley,11092-07,Particular,"Artículo 31, contenido en el numeral 12) del artículo primero del proyecto, en los términos sugeridos por la Comisión de Constitución.
",Segundo Trámite,Primer Informe,1980-03-07,0,Femenino,10,2026-03-10 23:59:59,,True,IND,Independientes,IND
1056,Emilia,Nuyado,Ancapichun,1,Afirmativo,20637,Boletín N° 11092-07,2023-05-08 19:15:59,91,41,3,0,1,Quórum Simple,1,Aprobado,1,Proyecto de Ley,11092-07,Particular,"Artículo 31, contenido en el numeral 12) del artículo primero del proyecto, en los términos sugeridos por la Comisión de Constitución.
",Segundo Trámite,Primer Informe,1968-08-17,0,Femenino,10,2026-03-10 23:59:59,,True,PS,Partido Socialista,PS
1057,Erika,Olivera,De La Fuente,1,Afirmativo,20637,Boletín N° 11092-07,2023-05-08 19:15:59,91,41,3,0,1,Quórum Simple,1,Aprobado,1,Proyecto de Ley,11092-07,Particular,"Artículo 31, contenido en el numeral 12) del artículo primero del proyecto, en los términos sugeridos por la Comisión de Constitución.
",Segundo Trámite,Primer Informe,1976-01-04,0,Femenino,10,2026-03-10 23:59:59,,True,IND,Independientes,IND
1058,Maite,Orsini,Pascal,1,Afirmativo,20637,Boletín N° 11092-07,2023-05-08 19:15:59,91,41,3,0,1,Quórum Simple,1,Aprobado,1,Proyecto de Ley,11092-07,Particular,"Artículo 31, contenido en el numeral 12) del artículo primero del proyecto, en los términos sugeridos por la Comisión de Constitución.
",Segundo Trámite,Primer Informe,1988-02-23,0,Femenino,10,2026-03-10 23:59:59,,True,RD,Revolución Democrática,RD
1059,Ximena,Ossandón,Irarrázabal,1,Afirmativo,20637,Boletín N° 11092-07,2023-05-08 19:15:59,91,41,3,0,1,Quórum Simple,1,Aprobado,1,Proyecto de Ley,11092-07,Particular,"Artículo 31, contenido en el numeral 12) del artículo primero del proyecto, en los términos sugeridos por la Comisión de Constitución.
",Segundo Trámite,Primer Informe,1963-12-13,0,Femenino,10,2026-03-10 23:59:59,,True,RN,Renovación Nacional,RN
1062,Joanna,Pérez,Olea,1,Afirmativo,20637,Boletín N° 11092-07,2023-05-08 19:15:59,91,41,3,0,1,Quórum Simple,1,Aprobado,1,Proyecto de Ley,11092-07,Particular,"Artículo 31, contenido en el numeral 12) del artículo primero del proyecto, en los términos sugeridos por la Comisión de Constitución.
",Segundo Trámite,Primer Informe,1976-04-01,0,Femenino,10,2026-03-10 23:59:59,,True,IND,Independientes,IND
1065,Guillermo,Ramírez,Diez,0,En Contra,20637,Boletín N° 11092-07,2023-05-08 19:15:59,91,41,3,0,1,Quórum Simple,1,Aprobado,1,Proyecto de Ley,11092-07,Particular,"Artículo 31, contenido en el numeral 12) del artículo primero del proyecto, en los términos sugeridos por la Comisión de Constitución.
",Segundo Trámite,Primer Informe,1979-04-16,1,Masculino,10,2026-03-10 23:59:59,,True,UDI,Unión Demócrata Independiente,UDI
1067,Hugo,Rey,Martínez,1,Afirmativo,20637,Boletín N° 11092-07,2023-05-08 19:15:59,91,41,3,0,1,Quórum Simple,1,Aprobado,1,Proyecto de Ley,11092-07,Particular,"Artículo 31, contenido en el numeral 12) del artículo primero del proyecto, en los términos sugeridos por la Comisión de Constitución.
",Segundo Trámite,Primer Informe,1973-12-06,1,Masculino,10,2026-03-10 23:59:59,,True,RN,Renovación Nacional,RN
1068,Camila,Rojas,Valderrama,1,Afirmativo,20637,Boletín N° 11092-07,2023-05-08 19:15:59,91,41,3,0,1,Quórum Simple,1,Aprobado,1,Proyecto de Ley,11092-07,Particular,"Artículo 31, contenido en el numeral 12) del artículo primero del proyecto, en los términos sugeridos por la Comisión de Constitución.
",Segundo Trámite,Primer Informe,1991-03-11,0,Femenino,10,2026-03-10 23:59:59,,True,COMUNES,Partido Comunes,COMUNES
1073,Juan,Santana,Castillo,1,Afirmativo,20637,Boletín N° 11092-07,2023-05-08 19:15:59,91,41,3,0,1,Quórum Simple,1,Aprobado,1,Proyecto de Ley,11092-07,Particular,"Artículo 31, contenido en el numeral 12) del artículo primero del proyecto, en los términos sugeridos por la Comisión de Constitución.
",Segundo Trámite,Primer Informe,1989-09-20,1,Masculino,10,2026-03-10 23:59:59,,True,PS,Partido Socialista,PS
1076,Alexis,Sepúlveda,Soto,1,Afirmativo,20637,Boletín N° 11092-07,2023-05-08 19:15:59,91,41,3,0,1,Quórum Simple,1,Aprobado,1,Proyecto de Ley,11092-07,Particular,"Artículo 31, contenido en el numeral 12) del artículo primero del proyecto, en los términos sugeridos por la Comisión de Constitución.
",Segundo Trámite,Primer Informe,1969-12-29,1,Masculino,10,2026-03-10 23:59:59,,True,PR,Partido Radical de Chile,PR
1077,Raúl,Soto,Mardones,1,Afirmativo,20637,Boletín N° 11092-07,2023-05-08 19:15:59,91,41,3,0,1,Quórum Simple,1,Aprobado,1,Proyecto de Ley,11092-07,Particular,"Artículo 31, contenido en el numeral 12) del artículo primero del proyecto, en los términos sugeridos por la Comisión de Constitución.
",Segundo Trámite,Primer Informe,1987-11-20,1,Masculino,10,2026-03-10 23:59:59,,True,PPD,Partido Por la Democracia,PPD
1081,Francisco,Undurraga,Gazitúa,1,Afirmativo,20637,Boletín N° 11092-07,2023-05-08 19:15:59,91,41,3,0,1,Quórum Simple,1,Aprobado,1,Proyecto de Ley,11092-07,Particular,"Artículo 31, contenido en el numeral 12) del artículo primero del proyecto, en los términos sugeridos por la Comisión de Constitución.
",Segundo Trámite,Primer Informe,1965-09-29,1,Masculino,10,2026-03-10 23:59:59,,True,EVOP,Evolución Política,EVOP
1082,Cristóbal,Urruticoechea,Ríos,0,En Contra,20637,Boletín N° 11092-07,2023-05-08 19:15:59,91,41,3,0,1,Quórum Simple,1,Aprobado,1,Proyecto de Ley,11092-07,Particular,"Artículo 31, contenido en el numeral 12) del artículo primero del proyecto, en los términos sugeridos por la Comisión de Constitución.
",Segundo Trámite,Primer Informe,1975-11-21,1,Masculino,10,2026-03-10 23:59:59,,True,PREP,Partido Republicano,PREP
1086,Gonzalo,Winter,Etcheberry,1,Afirmativo,20637,Boletín N° 11092-07,2023-05-08 19:15:59,91,41,3,0,1,Quórum Simple,1,Aprobado,1,Proyecto de Ley,11092-07,Particular,"Artículo 31, contenido en el numeral 12) del artículo primero del proyecto, en los términos sugeridos por la Comisión de Constitución.
",Segundo Trámite,Primer Informe,1987-01-06,1,Masculino,10,2026-03-10 23:59:59,,True,PCS,Partido Convergencia Social,PCS
1087,Gael,Yeomans,Araya,1,Afirmativo,20637,Boletín N° 11092-07,2023-05-08 19:15:59,91,41,3,0,1,Quórum Simple,1,Aprobado,1,Proyecto de Ley,11092-07,Particular,"Artículo 31, contenido en el numeral 12) del artículo primero del proyecto, en los términos sugeridos por la Comisión de Constitución.
",Segundo Trámite,Primer Informe,1988-12-04,0,Femenino,10,2026-03-10 23:59:59,,True,PCS,Partido Convergencia Social,PCS
1094,Cristian,Labbé,Martínez,0,En Contra,20637,Boletín N° 11092-07,2023-05-08 19:15:59,91,41,3,0,1,Quórum Simple,1,Aprobado,1,Proyecto de Ley,11092-07,Particular,"Artículo 31, contenido en el numeral 12) del artículo primero del proyecto, en los términos sugeridos por la Comisión de Constitución.
",Segundo Trámite,Primer Informe,1980-03-06,1,Masculino,10,2026-03-10 23:59:59,,True,UDI,Unión Demócrata Independiente,UDI
1096,María Candelaria,Acevedo,Sáez,1,Afirmativo,20637,Boletín N° 11092-07,2023-05-08 19:15:59,91,41,3,0,1,Quórum Simple,1,Aprobado,1,Proyecto de Ley,11092-07,Particular,"Artículo 31, contenido en el numeral 12) del artículo primero del proyecto, en los términos sugeridos por la Comisión de Constitución.
",Segundo Trámite,Primer Informe,1958-09-12,0,Femenino,10,2026-03-10 23:59:59,,True,PC,Partido Comunista,PC
1097,Eric,Aedo,Jeldres,1,Afirmativo,20637,Boletín N° 11092-07,2023-05-08 19:15:59,91,41,3,0,1,Quórum Simple,1,Aprobado,1,Proyecto de Ley,11092-07,Particular,"Artículo 31, contenido en el numeral 12) del artículo primero del proyecto, en los términos sugeridos por la Comisión de Constitución.
",Segundo Trámite,Primer Informe,1968-07-13,1,Masculino,10,2026-03-10 23:59:59,,True,DC,Partido Demócrata Cristiano,DC
1098,Yovana,Ahumada,Palma,0,En Contra,20637,Boletín N° 11092-07,2023-05-08 19:15:59,91,41,3,0,1,Quórum Simple,1,Aprobado,1,Proyecto de Ley,11092-07,Particular,"Artículo 31, contenido en el numeral 12) del artículo primero del proyecto, en los términos sugeridos por la Comisión de Constitución.
",Segundo Trámite,Primer Informe,1973-02-24,0,Femenino,10,2026-03-10 23:59:59,,True,IND,Independientes,IND
1099,Jaime,Araya,Guerrero,1,Afirmativo,20637,Boletín N° 11092-07,2023-05-08 19:15:59,91,41,3,0,1,Quórum Simple,1,Aprobado,1,Proyecto de Ley,11092-07,Particular,"Artículo 31, contenido en el numeral 12) del artículo primero del proyecto, en los términos sugeridos por la Comisión de Constitución.
",Segundo Trámite,Primer Informe,1976-02-04,1,Masculino,10,2026-03-10 23:59:59,,True,IND,Independientes,IND
1100,Cristián,Araya,Lerdo de Tejada,0,En Contra,20637,Boletín N° 11092-07,2023-05-08 19:15:59,91,41,3,0,1,Quórum Simple,1,Aprobado,1,Proyecto de Ley,11092-07,Particular,"Artículo 31, contenido en el numeral 12) del artículo primero del proyecto, en los términos sugeridos por la Comisión de Constitución.
",Segundo Trámite,Primer Informe,1988-09-30,1,Masculino,10,2026-03-10 23:59:59,,True,PREP,Partido Republicano,PREP
1101,Mónica,Arce,Castro,1,Afirmativo,20637,Boletín N° 11092-07,2023-05-08 19:15:59,91,41,3,0,1,Quórum Simple,1,Aprobado,1,Proyecto de Ley,11092-07,Particular,"Artículo 31, contenido en el numeral 12) del artículo primero del proyecto, en los términos sugeridos por la Comisión de Constitución.
",Segundo Trámite,Primer Informe,1976-03-02,0,Femenino,10,2026-03-10 23:59:59,,True,IND,Independientes,IND
1102,Roberto,Arroyo,Muñoz,0,En Contra,20637,Boletín N° 11092-07,2023-05-08 19:15:59,91,41,3,0,1,Quórum Simple,1,Aprobado,1,Proyecto de Ley,11092-07,Particular,"Artículo 31, contenido en el numeral 12) del artículo primero del proyecto, en los términos sugeridos por la Comisión de Constitución.
",Segundo Trámite,Primer Informe,1963-11-29,1,Masculino,10,2026-03-10 23:59:59,,True,PDG,Partido de la Gente,PDG
1103,Danisa,Astudillo,Peiretti,1,Afirmativo,20637,Boletín N° 11092-07,2023-05-08 19:15:59,91,41,3,0,1,Quórum Simple,1,Aprobado,1,Proyecto de Ley,11092-07,Particular,"Artículo 31, contenido en el numeral 12) del artículo primero del proyecto, en los términos sugeridos por la Comisión de Constitución.
",Segundo Trámite,Primer Informe,1975-05-03,0,Femenino,10,2026-03-10 23:59:59,,True,PS,Partido Socialista,PS
1104,Chiara,Barchiesi,Chávez,0,En Contra,20637,Boletín N° 11092-07,2023-05-08 19:15:59,91,41,3,0,1,Quórum Simple,1,Aprobado,1,Proyecto de Ley,11092-07,Particular,"Artículo 31, contenido en el numeral 12) del artículo primero del proyecto, en los términos sugeridos por la Comisión de Constitución.
",Segundo Trámite,Primer Informe,1996-12-22,0,Femenino,10,2026-03-10 23:59:59,,True,PREP,Partido Republicano,PREP
1105,Héctor,Barría,Angulo,1,Afirmativo,20637,Boletín N° 11092-07,2023-05-08 19:15:59,91,41,3,0,1,Quórum Simple,1,Aprobado,1,Proyecto de Ley,11092-07,Particular,"Artículo 31, contenido en el numeral 12) del artículo primero del proyecto, en los términos sugeridos por la Comisión de Constitución.
",Segundo Trámite,Primer Informe,1980-04-24,1,Masculino,10,2026-03-10 23:59:59,,True,DC,Partido Demócrata Cristiano,DC
1106,Miguel Ángel,Becker,Alvear,0,En Contra,20637,Boletín N° 11092-07,2023-05-08 19:15:59,91,41,3,0,1,Quórum Simple,1,Aprobado,1,Proyecto de Ley,11092-07,Particular,"Artículo 31, contenido en el numeral 12) del artículo primero del proyecto, en los términos sugeridos por la Comisión de Constitución.
",Segundo Trámite,Primer Informe,1960-10-07,1,Masculino,10,2026-03-10 23:59:59,,True,RN,Renovación Nacional,RN
1107,María Francisca,Bello,Campos,1,Afirmativo,20637,Boletín N° 11092-07,2023-05-08 19:15:59,91,41,3,0,1,Quórum Simple,1,Aprobado,1,Proyecto de Ley,11092-07,Particular,"Artículo 31, contenido en el numeral 12) del artículo primero del proyecto, en los términos sugeridos por la Comisión de Constitución.
",Segundo Trámite,Primer Informe,1987-09-17,0,Femenino,10,2026-03-10 23:59:59,,True,PCS,Partido Convergencia Social,PCS
1108,Juan Carlos,Beltrán,Silva,1,Afirmativo,20637,Boletín N° 11092-07,2023-05-08 19:15:59,91,41,3,0,1,Quórum Simple,1,Aprobado,1,Proyecto de Ley,11092-07,Particular,"Artículo 31, contenido en el numeral 12) del artículo primero del proyecto, en los términos sugeridos por la Comisión de Constitución.
",Segundo Trámite,Primer Informe,1962-12-19,1,Masculino,10,2026-03-10 23:59:59,,True,RN,Renovación Nacional,RN
1109,Gustavo,Benavente,Vergara,2,Abstención,20637,Boletín N° 11092-07,2023-05-08 19:15:59,91,41,3,0,1,Quórum Simple,1,Aprobado,1,Proyecto de Ley,11092-07,Particular,"Artículo 31, contenido en el numeral 12) del artículo primero del proyecto, en los términos sugeridos por la Comisión de Constitución.
",Segundo Trámite,Primer Informe,1966-08-13,1,Masculino,10,2026-03-10 23:59:59,,True,UDI,Unión Demócrata Independiente,UDI
1110,Carlos,Bianchi,Chelech,1,Afirmativo,20637,Boletín N° 11092-07,2023-05-08 19:15:59,91,41,3,0,1,Quórum Simple,1,Aprobado,1,Proyecto de Ley,11092-07,Particular,"Artículo 31, contenido en el numeral 12) del artículo primero del proyecto, en los términos sugeridos por la Comisión de Constitución.
",Segundo Trámite,Primer Informe,1960-11-04,1,Masculino,10,2026-03-10 23:59:59,,True,IND,Independientes,IND
1111,Fernando,Bórquez,Montecinos,0,En Contra,20637,Boletín N° 11092-07,2023-05-08 19:15:59,91,41,3,0,1,Quórum Simple,1,Aprobado,1,Proyecto de Ley,11092-07,Particular,"Artículo 31, contenido en el numeral 12) del artículo primero del proyecto, en los términos sugeridos por la Comisión de Constitución.
",Segundo Trámite,Primer Informe,1968-06-06,1,Masculino,10,2026-03-10 23:59:59,,True,UDI,Unión Demócrata Independiente,UDI
1112,Ana María,Bravo,Castro,1,Afirmativo,20637,Boletín N° 11092-07,2023-05-08 19:15:59,91,41,3,0,1,Quórum Simple,1,Aprobado,1,Proyecto de Ley,11092-07,Particular,"Artículo 31, contenido en el numeral 12) del artículo primero del proyecto, en los términos sugeridos por la Comisión de Constitución.
",Segundo Trámite,Primer Informe,1973-12-03,0,Femenino,10,2026-03-10 23:59:59,,True,PS,Partido Socialista,PS
1113,Marta,Bravo,Salinas,2,Abstención,20637,Boletín N° 11092-07,2023-05-08 19:15:59,91,41,3,0,1,Quórum Simple,1,Aprobado,1,Proyecto de Ley,11092-07,Particular,"Artículo 31, contenido en el numeral 12) del artículo primero del proyecto, en los términos sugeridos por la Comisión de Constitución.
",Segundo Trámite,Primer Informe,1976-02-25,0,Femenino,10,2026-03-10 23:59:59,,True,UDI,Unión Demócrata Independiente,UDI
1114,Félix,Bugueño,Sotelo,1,Afirmativo,20637,Boletín N° 11092-07,2023-05-08 19:15:59,91,41,3,0,1,Quórum Simple,1,Aprobado,1,Proyecto de Ley,11092-07,Particular,"Artículo 31, contenido en el numeral 12) del artículo primero del proyecto, en los términos sugeridos por la Comisión de Constitución.
",Segundo Trámite,Primer Informe,1973-05-18,1,Masculino,10,2026-03-10 23:59:59,,True,FRVS,Federación Regionalista Verde Social,FRVS
1115,Mercedes,Bulnes,Núñez,1,Afirmativo,20637,Boletín N° 11092-07,2023-05-08 19:15:59,91,41,3,0,1,Quórum Simple,1,Aprobado,1,Proyecto de Ley,11092-07,Particular,"Artículo 31, contenido en el numeral 12) del artículo primero del proyecto, en los términos sugeridos por la Comisión de Constitución.
",Segundo Trámite,Primer Informe,1950-06-06,0,Femenino,10,2024-11-22 00:00:00,,True,IND,Independientes,IND
1116,Felipe,Camaño,Cárdenas,1,Afirmativo,20637,Boletín N° 11092-07,2023-05-08 19:15:59,91,41,3,0,1,Quórum Simple,1,Aprobado,1,Proyecto de Ley,11092-07,Particular,"Artículo 31, contenido en el numeral 12) del artículo primero del proyecto, en los términos sugeridos por la Comisión de Constitución.
",Segundo Trámite,Primer Informe,1991-08-21,1,Masculino,10,2026-03-10 23:59:59,,True,IND,Independientes,IND
1117,Nathalie,Castillo,Rojas,1,Afirmativo,20637,Boletín N° 11092-07,2023-05-08 19:15:59,91,41,3,0,1,Quórum Simple,1,Aprobado,1,Proyecto de Ley,11092-07,Particular,"Artículo 31, contenido en el numeral 12) del artículo primero del proyecto, en los términos sugeridos por la Comisión de Constitución.
",Segundo Trámite,Primer Informe,1983-07-02,0,Femenino,10,2026-03-10 23:59:59,,True,PC,Partido Comunista,PC
1118,Ricardo,Cifuentes,Lillo,1,Afirmativo,20637,Boletín N° 11092-07,2023-05-08 19:15:59,91,41,3,0,1,Quórum Simple,1,Aprobado,1,Proyecto de Ley,11092-07,Particular,"Artículo 31, contenido en el numeral 12) del artículo primero del proyecto, en los términos sugeridos por la Comisión de Constitución.
",Segundo Trámite,Primer Informe,1962-09-12,1,Masculino,10,2026-03-10 23:59:59,,True,DC,Partido Demócrata Cristiano,DC
1119,Sara,Concha,Smith,1,Afirmativo,20637,Boletín N° 11092-07,2023-05-08 19:15:59,91,41,3,0,1,Quórum Simple,1,Aprobado,1,Proyecto de Ley,11092-07,Particular,"Artículo 31, contenido en el numeral 12) del artículo primero del proyecto, en los términos sugeridos por la Comisión de Constitución.
",Segundo Trámite,Primer Informe,1995-09-09,0,Femenino,10,2026-03-10 23:59:59,,True,PSC,Partido Social Cristiano,PSC
1120,María Luisa,Cordero,Velásquez,1,Afirmativo,20637,Boletín N° 11092-07,2023-05-08 19:15:59,91,41,3,0,1,Quórum Simple,1,Aprobado,1,Proyecto de Ley,11092-07,Particular,"Artículo 31, contenido en el numeral 12) del artículo primero del proyecto, en los términos sugeridos por la Comisión de Constitución.
",Segundo Trámite,Primer Informe,1943-01-23,0,Femenino,10,2026-03-10 23:59:59,,True,IND,Independientes,IND
1121,Eduardo,Cornejo,Lagos,0,En Contra,20637,Boletín N° 11092-07,2023-05-08 19:15:59,91,41,3,0,1,Quórum Simple,1,Aprobado,1,Proyecto de Ley,11092-07,Particular,"Artículo 31, contenido en el numeral 12) del artículo primero del proyecto, en los términos sugeridos por la Comisión de Constitución.
",Segundo Trámite,Primer Informe,1972-01-12,1,Masculino,10,2026-03-10 23:59:59,,True,UDI,Unión Demócrata Independiente,UDI
1122,Luis Alberto,Cuello,Peña y Lillo,1,Afirmativo,20637,Boletín N° 11092-07,2023-05-08 19:15:59,91,41,3,0,1,Quórum Simple,1,Aprobado,1,Proyecto de Ley,11092-07,Particular,"Artículo 31, contenido en el numeral 12) del artículo primero del proyecto, en los términos sugeridos por la Comisión de Constitución.
",Segundo Trámite,Primer Informe,1977-01-24,1,Masculino,10,2026-03-10 23:59:59,,True,PC,Partido Comunista,PC
1123,Gonzalo,De la Carrera,Correa,0,En Contra,20637,Boletín N° 11092-07,2023-05-08 19:15:59,91,41,3,0,1,Quórum Simple,1,Aprobado,1,Proyecto de Ley,11092-07,Particular,"Artículo 31, contenido en el numeral 12) del artículo primero del proyecto, en los términos sugeridos por la Comisión de Constitución.
",Segundo Trámite,Primer Informe,1962-01-13,1,Masculino,10,2026-03-10 23:59:59,,True,IND,Independientes,IND
1124,Tomás,De Rementería,Venegas,1,Afirmativo,20637,Boletín N° 11092-07,2023-05-08 19:15:59,91,41,3,0,1,Quórum Simple,1,Aprobado,1,Proyecto de Ley,11092-07,Particular,"Artículo 31, contenido en el numeral 12) del artículo primero del proyecto, en los términos sugeridos por la Comisión de Constitución.
",Segundo Trámite,Primer Informe,1987-03-17,1,Masculino,10,2025-05-05 23:59:59,,True,PS,Partido Socialista,PS
1125,Viviana,Delgado,Riquelme,1,Afirmativo,20637,Boletín N° 11092-07,2023-05-08 19:15:59,91,41,3,0,1,Quórum Simple,1,Aprobado,1,Proyecto de Ley,11092-07,Particular,"Artículo 31, contenido en el numeral 12) del artículo primero del proyecto, en los términos sugeridos por la Comisión de Constitución.
",Segundo Trámite,Primer Informe,1973-09-04,0,Femenino,10,2026-03-10 23:59:59,,True,IND,Independientes,IND
1126,Felipe,Donoso,Castro,0,En Contra,20637,Boletín N° 11092-07,2023-05-08 19:15:59,91,41,3,0,1,Quórum Simple,1,Aprobado,1,Proyecto de Ley,11092-07,Particular,"Artículo 31, contenido en el numeral 12) del artículo primero del proyecto, en los términos sugeridos por la Comisión de Constitución.
",Segundo Trámite,Primer Informe,1982-12-12,1,Masculino,10,2026-03-10 23:59:59,,True,UDI,Unión Demócrata Independiente,UDI
1127,Lorena,Fries,Monleón,1,Afirmativo,20637,Boletín N° 11092-07,2023-05-08 19:15:59,91,41,3,0,1,Quórum Simple,1,Aprobado,1,Proyecto de Ley,11092-07,Particular,"Artículo 31, contenido en el numeral 12) del artículo primero del proyecto, en los términos sugeridos por la Comisión de Constitución.
",Segundo Trámite,Primer Informe,1960-04-01,0,Femenino,10,2026-03-10 23:59:59,,True,PCS,Partido Convergencia Social,PCS
1128,Ana María,Gazmuri,Vieira,1,Afirmativo,20637,Boletín N° 11092-07,2023-05-08 19:15:59,91,41,3,0,1,Quórum Simple,1,Aprobado,1,Proyecto de Ley,11092-07,Particular,"Artículo 31, contenido en el numeral 12) del artículo primero del proyecto, en los términos sugeridos por la Comisión de Constitución.
",Segundo Trámite,Primer Informe,1966-01-22,0,Femenino,10,2026-03-10 23:59:59,,True,PAH,Partido Acción Humanista,PAH
1129,Andrés,Giordano,Salazar,1,Afirmativo,20637,Boletín N° 11092-07,2023-05-08 19:15:59,91,41,3,0,1,Quórum Simple,1,Aprobado,1,Proyecto de Ley,11092-07,Particular,"Artículo 31, contenido en el numeral 12) del artículo primero del proyecto, en los términos sugeridos por la Comisión de Constitución.
",Segundo Trámite,Primer Informe,1986-12-29,1,Masculino,10,2026-03-10 23:59:59,,True,IND,Independientes,IND
1131,Mauro,González,Villarroel,0,En Contra,20637,Boletín N° 11092-07,2023-05-08 19:15:59,91,41,3,0,1,Quórum Simple,1,Aprobado,1,Proyecto de Ley,11092-07,Particular,"Artículo 31, contenido en el numeral 12) del artículo primero del proyecto, en los términos sugeridos por la Comisión de Constitución.
",Segundo Trámite,Primer Informe,1985-05-25,1,Masculino,10,2026-03-10 23:59:59,,True,RN,Renovación Nacional,RN
1132,Jorge,Guzmán,Zepeda,1,Afirmativo,20637,Boletín N° 11092-07,2023-05-08 19:15:59,91,41,3,0,1,Quórum Simple,1,Aprobado,1,Proyecto de Ley,11092-07,Particular,"Artículo 31, contenido en el numeral 12) del artículo primero del proyecto, en los términos sugeridos por la Comisión de Constitución.
",Segundo Trámite,Primer Informe,1985-06-11,1,Masculino,10,2026-03-10 23:59:59,,True,EVOP,Evolución Política,EVOP
1133,Juan,Irarrázaval,Rossel,0,En Contra,20637,Boletín N° 11092-07,2023-05-08 19:15:59,91,41,3,0,1,Quórum Simple,1,Aprobado,1,Proyecto de Ley,11092-07,Particular,"Artículo 31, contenido en el numeral 12) del artículo primero del proyecto, en los términos sugeridos por la Comisión de Constitución.
",Segundo Trámite,Primer Informe,1983-06-23,1,Masculino,10,2026-03-10 23:59:59,,True,PREP,Partido Republicano,PREP
1135,Johannes,Kaiser,Barents-Von Hohenhagen,0,En Contra,20637,Boletín N° 11092-07,2023-05-08 19:15:59,91,41,3,0,1,Quórum Simple,1,Aprobado,1,Proyecto de Ley,11092-07,Particular,"Artículo 31, contenido en el numeral 12) del artículo primero del proyecto, en los términos sugeridos por la Comisión de Constitución.
",Segundo Trámite,Primer Informe,1976-01-05,1,Masculino,10,2026-03-10 23:59:59,,True,PREP,Partido Republicano,PREP
1136,Paula,Labra,Besserer,1,Afirmativo,20637,Boletín N° 11092-07,2023-05-08 19:15:59,91,41,3,0,1,Quórum Simple,1,Aprobado,1,Proyecto de Ley,11092-07,Particular,"Artículo 31, contenido en el numeral 12) del artículo primero del proyecto, en los términos sugeridos por la Comisión de Constitución.
",Segundo Trámite,Primer Informe,1987-05-04,0,Femenino,10,2026-03-10 23:59:59,,True,IND,Independientes,IND
1137,Tomás,Lagomarsino,Guzmán,1,Afirmativo,20637,Boletín N° 11092-07,2023-05-08 19:15:59,91,41,3,0,1,Quórum Simple,1,Aprobado,1,Proyecto de Ley,11092-07,Particular,"Artículo 31, contenido en el numeral 12) del artículo primero del proyecto, en los términos sugeridos por la Comisión de Constitución.
",Segundo Trámite,Primer Informe,1990-07-13,1,Masculino,10,2026-03-10 23:59:59,,True,IND,Independientes,IND
1138,Henry,Leal,Bizama,0,En Contra,20637,Boletín N° 11092-07,2023-05-08 19:15:59,91,41,3,0,1,Quórum Simple,1,Aprobado,1,Proyecto de Ley,11092-07,Particular,"Artículo 31, contenido en el numeral 12) del artículo primero del proyecto, en los términos sugeridos por la Comisión de Constitución.
",Segundo Trámite,Primer Informe,1972-09-16,1,Masculino,10,2026-03-10 23:59:59,,True,UDI,Unión Demócrata Independiente,UDI
1139,Enrique,Lee,Flores,0,En Contra,20637,Boletín N° 11092-07,2023-05-08 19:15:59,91,41,3,0,1,Quórum Simple,1,Aprobado,1,Proyecto de Ley,11092-07,Particular,"Artículo 31, contenido en el numeral 12) del artículo primero del proyecto, en los términos sugeridos por la Comisión de Constitución.
",Segundo Trámite,Primer Informe,1967-12-16,1,Masculino,10,2026-03-10 23:59:59,,True,PRI,Partido Regionalista Independiente,PRI
1140,Daniel,Lilayu,Vivanco,0,En Contra,20637,Boletín N° 11092-07,2023-05-08 19:15:59,91,41,3,0,1,Quórum Simple,1,Aprobado,1,Proyecto de Ley,11092-07,Particular,"Artículo 31, contenido en el numeral 12) del artículo primero del proyecto, en los términos sugeridos por la Comisión de Constitución.
",Segundo Trámite,Primer Informe,1949-03-02,1,Masculino,10,2026-03-10 23:59:59,,True,UDI,Unión Demócrata Independiente,UDI
1142,Daniel,Manouchehri,Lobos,1,Afirmativo,20637,Boletín N° 11092-07,2023-05-08 19:15:59,91,41,3,0,1,Quórum Simple,1,Aprobado,1,Proyecto de Ley,11092-07,Particular,"Artículo 31, contenido en el numeral 12) del artículo primero del proyecto, en los términos sugeridos por la Comisión de Constitución.
",Segundo Trámite,Primer Informe,1984-05-25,1,Masculino,10,2026-03-10 23:59:59,,True,PS,Partido Socialista,PS
1143,Cristóbal,Martínez,Ramírez,0,En Contra,20637,Boletín N° 11092-07,2023-05-08 19:15:59,91,41,3,0,1,Quórum Simple,1,Aprobado,1,Proyecto de Ley,11092-07,Particular,"Artículo 31, contenido en el numeral 12) del artículo primero del proyecto, en los términos sugeridos por la Comisión de Constitución.
",Segundo Trámite,Primer Informe,1984-04-30,1,Masculino,10,2026-03-10 23:59:59,,True,UDI,Unión Demócrata Independiente,UDI
1144,Christian,Matheson,Villán,0,En Contra,20637,Boletín N° 11092-07,2023-05-08 19:15:59,91,41,3,0,1,Quórum Simple,1,Aprobado,1,Proyecto de Ley,11092-07,Particular,"Artículo 31, contenido en el numeral 12) del artículo primero del proyecto, en los términos sugeridos por la Comisión de Constitución.
",Segundo Trámite,Primer Informe,1957-12-17,1,Masculino,10,2026-03-10 23:59:59,,True,IND,Independientes,IND
1146,José Carlos,Meza,Pereira,0,En Contra,20637,Boletín N° 11092-07,2023-05-08 19:15:59,91,41,3,0,1,Quórum Simple,1,Aprobado,1,Proyecto de Ley,11092-07,Particular,"Artículo 31, contenido en el numeral 12) del artículo primero del proyecto, en los términos sugeridos por la Comisión de Constitución.
",Segundo Trámite,Primer Informe,1989-03-07,1,Masculino,10,2026-03-10 23:59:59,,True,PREP,Partido Republicano,PREP
1147,Helia,Molina,Milman,1,Afirmativo,20637,Boletín N° 11092-07,2023-05-08 19:15:59,91,41,3,0,1,Quórum Simple,1,Aprobado,1,Proyecto de Ley,11092-07,Particular,"Artículo 31, contenido en el numeral 12) del artículo primero del proyecto, en los términos sugeridos por la Comisión de Constitución.
",Segundo Trámite,Primer Informe,1947-04-02,0,Femenino,10,2026-03-10 23:59:59,,True,PPD,Partido Por la Democracia,PPD
1148,Javiera,Morales,Alvarado,1,Afirmativo,20637,Boletín N° 11092-07,2023-05-08 19:15:59,91,41,3,0,1,Quórum Simple,1,Aprobado,1,Proyecto de Ley,11092-07,Particular,"Artículo 31, contenido en el numeral 12) del artículo primero del proyecto, en los términos sugeridos por la Comisión de Constitución.
",Segundo Trámite,Primer Informe,1983-11-16,0,Femenino,10,2026-03-10 23:59:59,,True,PCS,Partido Convergencia Social,PCS
1149,Carla,Morales,Maldonado,1,Afirmativo,20637,Boletín N° 11092-07,2023-05-08 19:15:59,91,41,3,0,1,Quórum Simple,1,Aprobado,1,Proyecto de Ley,11092-07,Particular,"Artículo 31, contenido en el numeral 12) del artículo primero del proyecto, en los términos sugeridos por la Comisión de Constitución.
",Segundo Trámite,Primer Informe,1977-10-27,0,Femenino,10,2026-03-10 23:59:59,,True,RN,Renovación Nacional,RN
1150,Benjamín,Moreno,Bascur,0,En Contra,20637,Boletín N° 11092-07,2023-05-08 19:15:59,91,41,3,0,1,Quórum Simple,1,Aprobado,1,Proyecto de Ley,11092-07,Particular,"Artículo 31, contenido en el numeral 12) del artículo primero del proyecto, en los términos sugeridos por la Comisión de Constitución.
",Segundo Trámite,Primer Informe,1993-04-02,1,Masculino,10,2026-03-10 23:59:59,,True,PREP,Partido Republicano,PREP
1151,Camila,Musante,Müller,1,Afirmativo,20637,Boletín N° 11092-07,2023-05-08 19:15:59,91,41,3,0,1,Quórum Simple,1,Aprobado,1,Proyecto de Ley,11092-07,Particular,"Artículo 31, contenido en el numeral 12) del artículo primero del proyecto, en los términos sugeridos por la Comisión de Constitución.
",Segundo Trámite,Primer Informe,1990-02-06,0,Femenino,10,2026-03-10 23:59:59,,True,IND,Independientes,IND
1153,Coca Ericka,Ñanco,Vásquez,1,Afirmativo,20637,Boletín N° 11092-07,2023-05-08 19:15:59,91,41,3,0,1,Quórum Simple,1,Aprobado,1,Proyecto de Ley,11092-07,Particular,"Artículo 31, contenido en el numeral 12) del artículo primero del proyecto, en los términos sugeridos por la Comisión de Constitución.
",Segundo Trámite,Primer Informe,1992-03-20,0,Femenino,10,2026-03-10 23:59:59,,True,RD,Revolución Democrática,RD
1154,Mauricio,Ojeda,Rebolledo,0,En Contra,20637,Boletín N° 11092-07,2023-05-08 19:15:59,91,41,3,0,1,Quórum Simple,1,Aprobado,1,Proyecto de Ley,11092-07,Particular,"Artículo 31, contenido en el numeral 12) del artículo primero del proyecto, en los términos sugeridos por la Comisión de Constitución.
",Segundo Trámite,Primer Informe,1982-01-19,1,Masculino,10,2026-03-10 23:59:59,,True,IND,Independientes,IND
1155,Rubén Darío,Oyarzo,Figueroa,1,Afirmativo,20637,Boletín N° 11092-07,2023-05-08 19:15:59,91,41,3,0,1,Quórum Simple,1,Aprobado,1,Proyecto de Ley,11092-07,Particular,"Artículo 31, contenido en el numeral 12) del artículo primero del proyecto, en los términos sugeridos por la Comisión de Constitución.
",Segundo Trámite,Primer Informe,1980-12-13,1,Masculino,10,2026-03-10 23:59:59,,True,PDG,Partido de la Gente,PDG
1156,Hernán,Palma,Pérez,1,Afirmativo,20637,Boletín N° 11092-07,2023-05-08 19:15:59,91,41,3,0,1,Quórum Simple,1,Aprobado,1,Proyecto de Ley,11092-07,Particular,"Artículo 31, contenido en el numeral 12) del artículo primero del proyecto, en los términos sugeridos por la Comisión de Constitución.
",Segundo Trámite,Primer Informe,1958-11-03,1,Masculino,10,2026-03-10 23:59:59,,True,IND,Independientes,IND
1158,Víctor Alejandro,Pino,Fuentes,0,En Contra,20637,Boletín N° 11092-07,2023-05-08 19:15:59,91,41,3,0,1,Quórum Simple,1,Aprobado,1,Proyecto de Ley,11092-07,Particular,"Artículo 31, contenido en el numeral 12) del artículo primero del proyecto, en los términos sugeridos por la Comisión de Constitución.
",Segundo Trámite,Primer Informe,1974-12-08,1,Masculino,10,2026-03-10 23:59:59,,True,IND,Independientes,IND
1159,Lorena,Pizarro,Sierra,1,Afirmativo,20637,Boletín N° 11092-07,2023-05-08 19:15:59,91,41,3,0,1,Quórum Simple,1,Aprobado,1,Proyecto de Ley,11092-07,Particular,"Artículo 31, contenido en el numeral 12) del artículo primero del proyecto, en los términos sugeridos por la Comisión de Constitución.
",Segundo Trámite,Primer Informe,1966-02-14,0,Femenino,10,2026-03-10 23:59:59,,True,PC,Partido Comunista,PC
1160,Alejandra,Placencia,Cabello,1,Afirmativo,20637,Boletín N° 11092-07,2023-05-08 19:15:59,91,41,3,0,1,Quórum Simple,1,Aprobado,1,Proyecto de Ley,11092-07,Particular,"Artículo 31, contenido en el numeral 12) del artículo primero del proyecto, en los términos sugeridos por la Comisión de Constitución.
",Segundo Trámite,Primer Informe,1978-02-14,0,Femenino,10,2026-03-10 23:59:59,,True,PC,Partido Comunista,PC
1161,Francisco,Pulgar,Castillo,1,Afirmativo,20637,Boletín N° 11092-07,2023-05-08 19:15:59,91,41,3,0,1,Quórum Simple,1,Aprobado,1,Proyecto de Ley,11092-07,Particular,"Artículo 31, contenido en el numeral 12) del artículo primero del proyecto, en los términos sugeridos por la Comisión de Constitución.
",Segundo Trámite,Primer Informe,1971-05-27,1,Masculino,10,2026-03-10 23:59:59,,True,IND,Independientes,IND
1162,Matías,Ramírez,Pascal,1,Afirmativo,20637,Boletín N° 11092-07,2023-05-08 19:15:59,91,41,3,0,1,Quórum Simple,1,Aprobado,1,Proyecto de Ley,11092-07,Particular,"Artículo 31, contenido en el numeral 12) del artículo primero del proyecto, en los términos sugeridos por la Comisión de Constitución.
",Segundo Trámite,Primer Informe,1984-11-14,1,Masculino,10,2026-03-10 23:59:59,,True,PC,Partido Comunista,PC
1163,Marcia,Raphael,Mora,1,Afirmativo,20637,Boletín N° 11092-07,2023-05-08 19:15:59,91,41,3,0,1,Quórum Simple,1,Aprobado,1,Proyecto de Ley,11092-07,Particular,"Artículo 31, contenido en el numeral 12) del artículo primero del proyecto, en los términos sugeridos por la Comisión de Constitución.
",Segundo Trámite,Primer Informe,1963-12-06,0,Femenino,10,2026-03-10 23:59:59,,True,RN,Renovación Nacional,RN
1164,Marcela,Riquelme,Aliaga,1,Afirmativo,20637,Boletín N° 11092-07,2023-05-08 19:15:59,91,41,3,0,1,Quórum Simple,1,Aprobado,1,Proyecto de Ley,11092-07,Particular,"Artículo 31, contenido en el numeral 12) del artículo primero del proyecto, en los términos sugeridos por la Comisión de Constitución.
",Segundo Trámite,Primer Informe,1973-03-04,0,Femenino,10,2026-03-10 23:59:59,,True,IND,Independientes,IND
1165,Agustín,Romero,Leiva,0,En Contra,20637,Boletín N° 11092-07,2023-05-08 19:15:59,91,41,3,0,1,Quórum Simple,1,Aprobado,1,Proyecto de Ley,11092-07,Particular,"Artículo 31, contenido en el numeral 12) del artículo primero del proyecto, en los términos sugeridos por la Comisión de Constitución.
",Segundo Trámite,Primer Informe,1975-01-03,1,Masculino,10,2026-03-10 23:59:59,,True,PREP,Partido Republicano,PREP
1166,Natalia,Romero,Talguia,1,Afirmativo,20637,Boletín N° 11092-07,2023-05-08 19:15:59,91,41,3,0,1,Quórum Simple,1,Aprobado,1,Proyecto de Ley,11092-07,Particular,"Artículo 31, contenido en el numeral 12) del artículo primero del proyecto, en los términos sugeridos por la Comisión de Constitución.
",Segundo Trámite,Primer Informe,1985-06-29,0,Femenino,10,2026-03-10 23:59:59,,True,IND,Independientes,IND
1167,Jaime,Sáez,Quiroz,1,Afirmativo,20637,Boletín N° 11092-07,2023-05-08 19:15:59,91,41,3,0,1,Quórum Simple,1,Aprobado,1,Proyecto de Ley,11092-07,Particular,"Artículo 31, contenido en el numeral 12) del artículo primero del proyecto, en los términos sugeridos por la Comisión de Constitución.
",Segundo Trámite,Primer Informe,1985-12-09,1,Masculino,10,2026-03-10 23:59:59,,True,RD,Revolución Democrática,RD
1168,Jorge,Saffirio,Espinoza,1,Afirmativo,20637,Boletín N° 11092-07,2023-05-08 19:15:59,91,41,3,0,1,Quórum Simple,1,Aprobado,1,Proyecto de Ley,11092-07,Particular,"Artículo 31, contenido en el numeral 12) del artículo primero del proyecto, en los términos sugeridos por la Comisión de Constitución.
",Segundo Trámite,Primer Informe,1953-06-09,1,Masculino,10,2026-03-10 23:59:59,,True,IND,Independientes,IND
1169,Clara,Sagardía,Cabezas,1,Afirmativo,20637,Boletín N° 11092-07,2023-05-08 19:15:59,91,41,3,0,1,Quórum Simple,1,Aprobado,1,Proyecto de Ley,11092-07,Particular,"Artículo 31, contenido en el numeral 12) del artículo primero del proyecto, en los términos sugeridos por la Comisión de Constitución.
",Segundo Trámite,Primer Informe,1952-08-13,0,Femenino,10,2026-03-10 23:59:59,,True,IND,Independientes,IND
1170,Luis,Sánchez,Ossa,0,En Contra,20637,Boletín N° 11092-07,2023-05-08 19:15:59,91,41,3,0,1,Quórum Simple,1,Aprobado,1,Proyecto de Ley,11092-07,Particular,"Artículo 31, contenido en el numeral 12) del artículo primero del proyecto, en los términos sugeridos por la Comisión de Constitución.
",Segundo Trámite,Primer Informe,1988-10-04,1,Masculino,10,2026-03-10 23:59:59,,True,PREP,Partido Republicano,PREP
1171,Emilia,Schneider,Videla,1,Afirmativo,20637,Boletín N° 11092-07,2023-05-08 19:15:59,91,41,3,0,1,Quórum Simple,1,Aprobado,1,Proyecto de Ley,11092-07,Particular,"Artículo 31, contenido en el numeral 12) del artículo primero del proyecto, en los términos sugeridos por la Comisión de Constitución.
",Segundo Trámite,Primer Informe,1996-10-23,0,Femenino,10,2026-03-10 23:59:59,,True,PCS,Partido Convergencia Social,PCS
1172,Stephan,Schubert,Rubio,0,En Contra,20637,Boletín N° 11092-07,2023-05-08 19:15:59,91,41,3,0,1,Quórum Simple,1,Aprobado,1,Proyecto de Ley,11092-07,Particular,"Artículo 31, contenido en el numeral 12) del artículo primero del proyecto, en los términos sugeridos por la Comisión de Constitución.
",Segundo Trámite,Primer Informe,1977-12-19,1,Masculino,10,2026-03-10 23:59:59,,True,IND,Independientes,IND
1173,Daniela,Serrano,Salazar,1,Afirmativo,20637,Boletín N° 11092-07,2023-05-08 19:15:59,91,41,3,0,1,Quórum Simple,1,Aprobado,1,Proyecto de Ley,11092-07,Particular,"Artículo 31, contenido en el numeral 12) del artículo primero del proyecto, en los términos sugeridos por la Comisión de Constitución.
",Segundo Trámite,Primer Informe,1995-03-17,0,Femenino,10,2026-03-10 23:59:59,,True,PC,Partido Comunista,PC
1174,Marco Antonio,Sulantay,Olivares,0,En Contra,20637,Boletín N° 11092-07,2023-05-08 19:15:59,91,41,3,0,1,Quórum Simple,1,Aprobado,1,Proyecto de Ley,11092-07,Particular,"Artículo 31, contenido en el numeral 12) del artículo primero del proyecto, en los términos sugeridos por la Comisión de Constitución.
",Segundo Trámite,Primer Informe,1973-03-31,1,Masculino,10,2026-03-10 23:59:59,,True,UDI,Unión Demócrata Independiente,UDI
1175,Cristián,Tapia,Ramos,1,Afirmativo,20637,Boletín N° 11092-07,2023-05-08 19:15:59,91,41,3,0,1,Quórum Simple,1,Aprobado,1,Proyecto de Ley,11092-07,Particular,"Artículo 31, contenido en el numeral 12) del artículo primero del proyecto, en los términos sugeridos por la Comisión de Constitución.
",Segundo Trámite,Primer Informe,1968-07-14,1,Masculino,10,2026-03-10 23:59:59,,True,IND,Independientes,IND
1176,Hotuiti,Teao,Drago,0,En Contra,20637,Boletín N° 11092-07,2023-05-08 19:15:59,91,41,3,0,1,Quórum Simple,1,Aprobado,1,Proyecto de Ley,11092-07,Particular,"Artículo 31, contenido en el numeral 12) del artículo primero del proyecto, en los términos sugeridos por la Comisión de Constitución.
",Segundo Trámite,Primer Informe,1977-08-01,1,Masculino,10,2026-03-10 23:59:59,,True,IND,Independientes,IND
1177,Carolina,Tello,Rojas,1,Afirmativo,20637,Boletín N° 11092-07,2023-05-08 19:15:59,91,41,3,0,1,Quórum Simple,1,Aprobado,1,Proyecto de Ley,11092-07,Particular,"Artículo 31, contenido en el numeral 12) del artículo primero del proyecto, en los términos sugeridos por la Comisión de Constitución.
",Segundo Trámite,Primer Informe,1985-10-01,0,Femenino,10,2026-03-10 23:59:59,,True,PC,Partido Comunista,PC
1178,Héctor,Ulloa,Aguilera,1,Afirmativo,20637,Boletín N° 11092-07,2023-05-08 19:15:59,91,41,3,0,1,Quórum Simple,1,Aprobado,1,Proyecto de Ley,11092-07,Particular,"Artículo 31, contenido en el numeral 12) del artículo primero del proyecto, en los términos sugeridos por la Comisión de Constitución.
",Segundo Trámite,Primer Informe,1969-08-06,1,Masculino,10,2026-03-10 23:59:59,,True,IND,Independientes,IND
1179,Alberto,Undurraga,Vicuña,1,Afirmativo,20637,Boletín N° 11092-07,2023-05-08 19:15:59,91,41,3,0,1,Quórum Simple,1,Aprobado,1,Proyecto de Ley,11092-07,Particular,"Artículo 31, contenido en el numeral 12) del artículo primero del proyecto, en los términos sugeridos por la Comisión de Constitución.
",Segundo Trámite,Primer Informe,1969-06-17,1,Masculino,10,2026-03-10 23:59:59,,True,DC,Partido Demócrata Cristiano,DC
1180,Consuelo,Veloso,Ávila,1,Afirmativo,20637,Boletín N° 11092-07,2023-05-08 19:15:59,91,41,3,0,1,Quórum Simple,1,Aprobado,1,Proyecto de Ley,11092-07,Particular,"Artículo 31, contenido en el numeral 12) del artículo primero del proyecto, en los términos sugeridos por la Comisión de Constitución.
",Segundo Trámite,Primer Informe,1994-02-11,0,Femenino,10,2026-03-10 23:59:59,,True,RD,Revolución Democrática,RD
1182,Sebastián,Videla,Castillo,1,Afirmativo,20637,Boletín N° 11092-07,2023-05-08 19:15:59,91,41,3,0,1,Quórum Simple,1,Aprobado,1,Proyecto de Ley,11092-07,Particular,"Artículo 31, contenido en el numeral 12) del artículo primero del proyecto, en los términos sugeridos por la Comisión de Constitución.
",Segundo Trámite,Primer Informe,1986-04-29,1,Masculino,10,2026-03-10 23:59:59,,True,IND,Independientes,IND
1183,Flor,Weisse,Novoa,0,En Contra,20637,Boletín N° 11092-07,2023-05-08 19:15:59,91,41,3,0,1,Quórum Simple,1,Aprobado,1,Proyecto de Ley,11092-07,Particular,"Artículo 31, contenido en el numeral 12) del artículo primero del proyecto, en los términos sugeridos por la Comisión de Constitución.
",Segundo Trámite,Primer Informe,1960-03-27,0,Femenino,10,2026-03-10 23:59:59,,True,UDI,Unión Demócrata Independiente,UDI
74,Jaime,Naranjo,Ortiz,1,Afirmativo,20637,Boletín N° 11092-07,2023-05-08 19:15:59,91,41,3,0,1,Quórum Simple,1,Aprobado,1,Proyecto de Ley,11092-07,Particular,"Artículo 31, contenido en el numeral 12) del artículo primero del proyecto, en los términos sugeridos por la Comisión de Constitución.
",Segundo Trámite,Primer Informe,1951-01-12,1,Masculino,10,2026-03-10 23:59:59,,True,PS,Partido Socialista,PS
803,René,Alinco,Bustos,1,Afirmativo,20637,Boletín N° 11092-07,2023-05-08 19:15:59,91,41,3,0,1,Quórum Simple,1,Aprobado,1,Proyecto de Ley,11092-07,Particular,"Artículo 31, contenido en el numeral 12) del artículo primero del proyecto, en los términos sugeridos por la Comisión de Constitución.
",Segundo Trámite,Primer Informe,1958-06-02,1,Masculino,10,2026-03-10 23:59:59,,True,IND,Independientes,IND
815,Sergio,Bobadilla,Muñoz,0,En Contra,20637,Boletín N° 11092-07,2023-05-08 19:15:59,91,41,3,0,1,Quórum Simple,1,Aprobado,1,Proyecto de Ley,11092-07,Particular,"Artículo 31, contenido en el numeral 12) del artículo primero del proyecto, en los términos sugeridos por la Comisión de Constitución.
",Segundo Trámite,Primer Informe,1958-03-25,1,Masculino,10,2026-03-10 23:59:59,,True,UDI,Unión Demócrata Independiente,UDI
917,Gastón,Von Mühlenbrock,Zamora,0,En Contra,20637,Boletín N° 11092-07,2023-05-08 19:15:59,91,41,3,0,1,Quórum Simple,1,Aprobado,1,Proyecto de Ley,11092-07,Particular,"Artículo 31, contenido en el numeral 12) del artículo primero del proyecto, en los términos sugeridos por la Comisión de Constitución.
",Segundo Trámite,Primer Informe,1954-12-26,1,Masculino,10,2026-03-10 23:59:59,,True,UDI,Unión Demócrata Independiente,UDI
948,Gaspar,Rivas,Sánchez,1,Afirmativo,20637,Boletín N° 11092-07,2023-05-08 19:15:59,91,41,3,0,1,Quórum Simple,1,Aprobado,1,Proyecto de Ley,11092-07,Particular,"Artículo 31, contenido en el numeral 12) del artículo primero del proyecto, en los términos sugeridos por la Comisión de Constitución.
",Segundo Trámite,Primer Informe,1978-05-17,1,Masculino,10,2026-03-10 23:59:59,,True,PDG,Partido de la Gente,PDG
953,Frank,Sauerbaum,Muñoz,1,Afirmativo,20637,Boletín N° 11092-07,2023-05-08 19:15:59,91,41,3,0,1,Quórum Simple,1,Aprobado,1,Proyecto de Ley,11092-07,Particular,"Artículo 31, contenido en el numeral 12) del artículo primero del proyecto, en los términos sugeridos por la Comisión de Constitución.
",Segundo Trámite,Primer Informe,1972-11-21,1,Masculino,10,2026-03-10 23:59:59,,True,RN,Renovación Nacional,RN
971,Bernardo,Berger,Fett,1,Afirmativo,20637,Boletín N° 11092-07,2023-05-08 19:15:59,91,41,3,0,1,Quórum Simple,1,Aprobado,1,Proyecto de Ley,11092-07,Particular,"Artículo 31, contenido en el numeral 12) del artículo primero del proyecto, en los términos sugeridos por la Comisión de Constitución.
",Segundo Trámite,Primer Informe,1946-10-04,1,Masculino,10,2026-03-10 23:59:59,,True,IND,Independientes,IND
973,Karol,Cariola,Oliva,1,Afirmativo,20637,Boletín N° 11092-07,2023-05-08 19:15:59,91,41,3,0,1,Quórum Simple,1,Aprobado,1,Proyecto de Ley,11092-07,Particular,"Artículo 31, contenido en el numeral 12) del artículo primero del proyecto, en los términos sugeridos por la Comisión de Constitución.
",Segundo Trámite,Primer Informe,1987-04-01,0,Femenino,10,2026-03-10 23:59:59,,True,PC,Partido Comunista,PC
975,Daniella,Cicardini,Milla,1,Afirmativo,20637,Boletín N° 11092-07,2023-05-08 19:15:59,91,41,3,0,1,Quórum Simple,1,Aprobado,1,Proyecto de Ley,11092-07,Particular,"Artículo 31, contenido en el numeral 12) del artículo primero del proyecto, en los términos sugeridos por la Comisión de Constitución.
",Segundo Trámite,Primer Informe,1987-12-31,0,Femenino,10,2026-03-10 23:59:59,,True,PS,Partido Socialista,PS
976,Juan Antonio,Coloma,Álamos,0,En Contra,20637,Boletín N° 11092-07,2023-05-08 19:15:59,91,41,3,0,1,Quórum Simple,1,Aprobado,1,Proyecto de Ley,11092-07,Particular,"Artículo 31, contenido en el numeral 12) del artículo primero del proyecto, en los términos sugeridos por la Comisión de Constitución.
",Segundo Trámite,Primer Informe,1980-03-14,1,Masculino,10,2026-03-10 23:59:59,,True,UDI,Unión Demócrata Independiente,UDI
990,Daniel,Melo,Contreras,1,Afirmativo,20637,Boletín N° 11092-07,2023-05-08 19:15:59,91,41,3,0,1,Quórum Simple,1,Aprobado,1,Proyecto de Ley,11092-07,Particular,"Artículo 31, contenido en el numeral 12) del artículo primero del proyecto, en los términos sugeridos por la Comisión de Constitución.
",Segundo Trámite,Primer Informe,1979-02-18,1,Masculino,10,2026-03-10 23:59:59,,True,PS,Partido Socialista,PS
991,Vlado,Mirosevic,Verdugo,1,Afirmativo,20637,Boletín N° 11092-07,2023-05-08 19:15:59,91,41,3,0,1,Quórum Simple,1,Aprobado,1,Proyecto de Ley,11092-07,Particular,"Artículo 31, contenido en el numeral 12) del artículo primero del proyecto, en los términos sugeridos por la Comisión de Constitución.
",Segundo Trámite,Primer Informe,1987-05-23,1,Masculino,10,2026-03-10 23:59:59,,True,PL,Partido Liberal de Chile,PL
999,Jorge,Rathgeb,Schifferli,1,Afirmativo,20637,Boletín N° 11092-07,2023-05-08 19:15:59,91,41,3,0,1,Quórum Simple,1,Aprobado,1,Proyecto de Ley,11092-07,Particular,"Artículo 31, contenido en el numeral 12) del artículo primero del proyecto, en los términos sugeridos por la Comisión de Constitución.
",Segundo Trámite,Primer Informe,1967-12-28,1,Masculino,10,2026-03-10 23:59:59,,True,RN,Renovación Nacional,RN
1002,Leonardo,Soto,Ferrada,1,Afirmativo,21217,Boletín N° 11092-07,2023-05-08 19:16:53,90,38,7,0,1,Quórum Simple,1,Aprobado,1,Proyecto de Ley,11092-07,Particular,"Artículo 32, contenido en el numeral 12) del artículo primero del proyecto, en los términos sugeridos por la Comisión de Constitución.
",Segundo Trámite,Primer Informe,1966-05-15,1,Masculino,10,2026-03-10 23:59:59,,True,PS,Partido Socialista,PS
1003,Renzo,Trisotti,Martínez,0,En Contra,21217,Boletín N° 11092-07,2023-05-08 19:16:53,90,38,7,0,1,Quórum Simple,1,Aprobado,1,Proyecto de Ley,11092-07,Particular,"Artículo 32, contenido en el numeral 12) del artículo primero del proyecto, en los términos sugeridos por la Comisión de Constitución.
",Segundo Trámite,Primer Informe,1976-03-15,1,Masculino,10,2026-03-10 23:59:59,,True,UDI,Unión Demócrata Independiente,UDI
1009,Jorge,Alessandri,Vergara,0,En Contra,21217,Boletín N° 11092-07,2023-05-08 19:16:53,90,38,7,0,1,Quórum Simple,1,Aprobado,1,Proyecto de Ley,11092-07,Particular,"Artículo 32, contenido en el numeral 12) del artículo primero del proyecto, en los términos sugeridos por la Comisión de Constitución.
",Segundo Trámite,Primer Informe,1979-06-08,1,Masculino,10,2026-03-10 23:59:59,,True,UDI,Unión Demócrata Independiente,UDI
1012,Boris,Barrera,Moreno,1,Afirmativo,21217,Boletín N° 11092-07,2023-05-08 19:16:53,90,38,7,0,1,Quórum Simple,1,Aprobado,1,Proyecto de Ley,11092-07,Particular,"Artículo 32, contenido en el numeral 12) del artículo primero del proyecto, en los términos sugeridos por la Comisión de Constitución.
",Segundo Trámite,Primer Informe,1970-05-03,1,Masculino,10,2026-03-10 23:59:59,,True,PC,Partido Comunista,PC
1013,Alejandro,Bernales,Maldonado,1,Afirmativo,21217,Boletín N° 11092-07,2023-05-08 19:16:53,90,38,7,0,1,Quórum Simple,1,Aprobado,1,Proyecto de Ley,11092-07,Particular,"Artículo 32, contenido en el numeral 12) del artículo primero del proyecto, en los términos sugeridos por la Comisión de Constitución.
",Segundo Trámite,Primer Informe,1979-02-02,1,Masculino,10,2026-03-10 23:59:59,,True,PL,Partido Liberal de Chile,PL
1016,Miguel Ángel,Calisto,Águila,1,Afirmativo,21217,Boletín N° 11092-07,2023-05-08 19:16:53,90,38,7,0,1,Quórum Simple,1,Aprobado,1,Proyecto de Ley,11092-07,Particular,"Artículo 32, contenido en el numeral 12) del artículo primero del proyecto, en los términos sugeridos por la Comisión de Constitución.
",Segundo Trámite,Primer Informe,1985-07-19,1,Masculino,10,2026-03-10 23:59:59,,True,IND,Independientes,IND
1017,Álvaro,Carter,Fernández,0,En Contra,21217,Boletín N° 11092-07,2023-05-08 19:16:53,90,38,7,0,1,Quórum Simple,1,Aprobado,1,Proyecto de Ley,11092-07,Particular,"Artículo 32, contenido en el numeral 12) del artículo primero del proyecto, en los términos sugeridos por la Comisión de Constitución.
",Segundo Trámite,Primer Informe,1980-10-09,1,Masculino,10,2026-03-10 23:59:59,,True,UDI,Unión Demócrata Independiente,UDI
1019,José Miguel,Castro,Bascuñán,1,Afirmativo,21217,Boletín N° 11092-07,2023-05-08 19:16:53,90,38,7,0,1,Quórum Simple,1,Aprobado,1,Proyecto de Ley,11092-07,Particular,"Artículo 32, contenido en el numeral 12) del artículo primero del proyecto, en los términos sugeridos por la Comisión de Constitución.
",Segundo Trámite,Primer Informe,1974-08-05,1,Masculino,10,2026-03-10 23:59:59,,True,RN,Renovación Nacional,RN
1021,Andrés,Celis,Montt,1,Afirmativo,21217,Boletín N° 11092-07,2023-05-08 19:16:53,90,38,7,0,1,Quórum Simple,1,Aprobado,1,Proyecto de Ley,11092-07,Particular,"Artículo 32, contenido en el numeral 12) del artículo primero del proyecto, en los términos sugeridos por la Comisión de Constitución.
",Segundo Trámite,Primer Informe,1975-04-08,1,Masculino,10,2026-03-10 23:59:59,,True,RN,Renovación Nacional,RN
1022,Sofía,Cid,Versalovic,0,En Contra,21217,Boletín N° 11092-07,2023-05-08 19:16:53,90,38,7,0,1,Quórum Simple,1,Aprobado,1,Proyecto de Ley,11092-07,Particular,"Artículo 32, contenido en el numeral 12) del artículo primero del proyecto, en los términos sugeridos por la Comisión de Constitución.
",Segundo Trámite,Primer Informe,1971-09-29,0,Femenino,10,2026-03-10 23:59:59,,True,RN,Renovación Nacional,RN
1025,Catalina,Del Real,Mihovilovic,0,En Contra,21217,Boletín N° 11092-07,2023-05-08 19:16:53,90,38,7,0,1,Quórum Simple,1,Aprobado,1,Proyecto de Ley,11092-07,Particular,"Artículo 32, contenido en el numeral 12) del artículo primero del proyecto, en los términos sugeridos por la Comisión de Constitución.
",Segundo Trámite,Primer Informe,1968-11-07,0,Femenino,10,2026-03-10 23:59:59,,True,RN,Renovación Nacional,RN
1028,Eduardo,Durán,Salinas,2,Abstención,21217,Boletín N° 11092-07,2023-05-08 19:16:53,90,38,7,0,1,Quórum Simple,1,Aprobado,1,Proyecto de Ley,11092-07,Particular,"Artículo 32, contenido en el numeral 12) del artículo primero del proyecto, en los términos sugeridos por la Comisión de Constitución.
",Segundo Trámite,Primer Informe,1972-01-01,1,Masculino,10,2026-03-10 23:59:59,,True,RN,Renovación Nacional,RN
1030,Camila,Flores,Oporto,0,En Contra,21217,Boletín N° 11092-07,2023-05-08 19:16:53,90,38,7,0,1,Quórum Simple,1,Aprobado,1,Proyecto de Ley,11092-07,Particular,"Artículo 32, contenido en el numeral 12) del artículo primero del proyecto, en los términos sugeridos por la Comisión de Constitución.
",Segundo Trámite,Primer Informe,1987-02-09,0,Femenino,10,2026-03-10 23:59:59,,True,RN,Renovación Nacional,RN
1034,Félix,González,Gatica,1,Afirmativo,21217,Boletín N° 11092-07,2023-05-08 19:16:53,90,38,7,0,1,Quórum Simple,1,Aprobado,1,Proyecto de Ley,11092-07,Particular,"Artículo 32, contenido en el numeral 12) del artículo primero del proyecto, en los términos sugeridos por la Comisión de Constitución.
",Segundo Trámite,Primer Informe,1972-05-26,1,Masculino,10,2026-03-10 23:59:59,,True,PEV,Partido Ecologista Verde,PEV
1035,Carmen,Hertz,Cádiz,1,Afirmativo,21217,Boletín N° 11092-07,2023-05-08 19:16:53,90,38,7,0,1,Quórum Simple,1,Aprobado,1,Proyecto de Ley,11092-07,Particular,"Artículo 32, contenido en el numeral 12) del artículo primero del proyecto, en los términos sugeridos por la Comisión de Constitución.
",Segundo Trámite,Primer Informe,1945-06-19,0,Femenino,10,2026-03-10 23:59:59,,True,PC,Partido Comunista,PC
1036,Tomás,Hirsch,Goldschmidt,1,Afirmativo,21217,Boletín N° 11092-07,2023-05-08 19:16:53,90,38,7,0,1,Quórum Simple,1,Aprobado,1,Proyecto de Ley,11092-07,Particular,"Artículo 32, contenido en el numeral 12) del artículo primero del proyecto, en los términos sugeridos por la Comisión de Constitución.
",Segundo Trámite,Primer Informe,1956-07-19,1,Masculino,10,2026-03-10 23:59:59,,True,PAH,Partido Acción Humanista,PAH
1037,Diego,Ibáñez,Cotroneo,1,Afirmativo,21217,Boletín N° 11092-07,2023-05-08 19:16:53,90,38,7,0,1,Quórum Simple,1,Aprobado,1,Proyecto de Ley,11092-07,Particular,"Artículo 32, contenido en el numeral 12) del artículo primero del proyecto, en los términos sugeridos por la Comisión de Constitución.
",Segundo Trámite,Primer Informe,1989-01-25,1,Masculino,10,2026-03-10 23:59:59,,True,PCS,Partido Convergencia Social,PCS
1038,Marcos,Ilabaca,Cerda,1,Afirmativo,21217,Boletín N° 11092-07,2023-05-08 19:16:53,90,38,7,0,1,Quórum Simple,1,Aprobado,1,Proyecto de Ley,11092-07,Particular,"Artículo 32, contenido en el numeral 12) del artículo primero del proyecto, en los términos sugeridos por la Comisión de Constitución.
",Segundo Trámite,Primer Informe,1970-10-05,1,Masculino,10,2026-03-10 23:59:59,,True,PS,Partido Socialista,PS
1040,Harry,Jürgensen,Rundshagen,0,En Contra,21217,Boletín N° 11092-07,2023-05-08 19:16:53,90,38,7,0,1,Quórum Simple,1,Aprobado,1,Proyecto de Ley,11092-07,Particular,"Artículo 32, contenido en el numeral 12) del artículo primero del proyecto, en los términos sugeridos por la Comisión de Constitución.
",Segundo Trámite,Primer Informe,1968-09-03,1,Masculino,10,2026-03-10 23:59:59,,True,IND,Independientes,IND
1044,Raúl,Leiva,Carvajal,1,Afirmativo,21217,Boletín N° 11092-07,2023-05-08 19:16:53,90,38,7,0,1,Quórum Simple,1,Aprobado,1,Proyecto de Ley,11092-07,Particular,"Artículo 32, contenido en el numeral 12) del artículo primero del proyecto, en los términos sugeridos por la Comisión de Constitución.
",Segundo Trámite,Primer Informe,1974-03-24,1,Masculino,10,2026-03-10 23:59:59,,True,PS,Partido Socialista,PS
1046,Andrés,Longton,Herrera,1,Afirmativo,21217,Boletín N° 11092-07,2023-05-08 19:16:53,90,38,7,0,1,Quórum Simple,1,Aprobado,1,Proyecto de Ley,11092-07,Particular,"Artículo 32, contenido en el numeral 12) del artículo primero del proyecto, en los términos sugeridos por la Comisión de Constitución.
",Segundo Trámite,Primer Informe,1982-05-26,1,Masculino,10,2026-03-10 23:59:59,,True,RN,Renovación Nacional,RN
1048,Carolina,Marzán,Pinto,1,Afirmativo,21217,Boletín N° 11092-07,2023-05-08 19:16:53,90,38,7,0,1,Quórum Simple,1,Aprobado,1,Proyecto de Ley,11092-07,Particular,"Artículo 32, contenido en el numeral 12) del artículo primero del proyecto, en los términos sugeridos por la Comisión de Constitución.
",Segundo Trámite,Primer Informe,1963-12-22,0,Femenino,10,2026-03-10 23:59:59,,True,PPD,Partido Por la Democracia,PPD
1049,Cosme,Mellado,Pino,1,Afirmativo,21217,Boletín N° 11092-07,2023-05-08 19:16:53,90,38,7,0,1,Quórum Simple,1,Aprobado,1,Proyecto de Ley,11092-07,Particular,"Artículo 32, contenido en el numeral 12) del artículo primero del proyecto, en los términos sugeridos por la Comisión de Constitución.
",Segundo Trámite,Primer Informe,1960-02-24,1,Masculino,10,2026-03-10 23:59:59,,True,PR,Partido Radical de Chile,PR
1050,Miguel,Mellado,Suazo,1,Afirmativo,21217,Boletín N° 11092-07,2023-05-08 19:16:53,90,38,7,0,1,Quórum Simple,1,Aprobado,1,Proyecto de Ley,11092-07,Particular,"Artículo 32, contenido en el numeral 12) del artículo primero del proyecto, en los términos sugeridos por la Comisión de Constitución.
",Segundo Trámite,Primer Informe,1958-12-29,1,Masculino,10,2026-03-10 23:59:59,,True,RN,Renovación Nacional,RN
1054,Francesca,Muñoz,González,2,Abstención,21217,Boletín N° 11092-07,2023-05-08 19:16:53,90,38,7,0,1,Quórum Simple,1,Aprobado,1,Proyecto de Ley,11092-07,Particular,"Artículo 32, contenido en el numeral 12) del artículo primero del proyecto, en los términos sugeridos por la Comisión de Constitución.
",Segundo Trámite,Primer Informe,1980-03-07,0,Femenino,10,2026-03-10 23:59:59,,True,IND,Independientes,IND
1056,Emilia,Nuyado,Ancapichun,1,Afirmativo,21217,Boletín N° 11092-07,2023-05-08 19:16:53,90,38,7,0,1,Quórum Simple,1,Aprobado,1,Proyecto de Ley,11092-07,Particular,"Artículo 32, contenido en el numeral 12) del artículo primero del proyecto, en los términos sugeridos por la Comisión de Constitución.
",Segundo Trámite,Primer Informe,1968-08-17,0,Femenino,10,2026-03-10 23:59:59,,True,PS,Partido Socialista,PS
1057,Erika,Olivera,De La Fuente,1,Afirmativo,21217,Boletín N° 11092-07,2023-05-08 19:16:53,90,38,7,0,1,Quórum Simple,1,Aprobado,1,Proyecto de Ley,11092-07,Particular,"Artículo 32, contenido en el numeral 12) del artículo primero del proyecto, en los términos sugeridos por la Comisión de Constitución.
",Segundo Trámite,Primer Informe,1976-01-04,0,Femenino,10,2026-03-10 23:59:59,,True,IND,Independientes,IND
1058,Maite,Orsini,Pascal,1,Afirmativo,21217,Boletín N° 11092-07,2023-05-08 19:16:53,90,38,7,0,1,Quórum Simple,1,Aprobado,1,Proyecto de Ley,11092-07,Particular,"Artículo 32, contenido en el numeral 12) del artículo primero del proyecto, en los términos sugeridos por la Comisión de Constitución.
",Segundo Trámite,Primer Informe,1988-02-23,0,Femenino,10,2026-03-10 23:59:59,,True,RD,Revolución Democrática,RD
1059,Ximena,Ossandón,Irarrázabal,1,Afirmativo,21217,Boletín N° 11092-07,2023-05-08 19:16:53,90,38,7,0,1,Quórum Simple,1,Aprobado,1,Proyecto de Ley,11092-07,Particular,"Artículo 32, contenido en el numeral 12) del artículo primero del proyecto, en los términos sugeridos por la Comisión de Constitución.
",Segundo Trámite,Primer Informe,1963-12-13,0,Femenino,10,2026-03-10 23:59:59,,True,RN,Renovación Nacional,RN
1062,Joanna,Pérez,Olea,1,Afirmativo,21217,Boletín N° 11092-07,2023-05-08 19:16:53,90,38,7,0,1,Quórum Simple,1,Aprobado,1,Proyecto de Ley,11092-07,Particular,"Artículo 32, contenido en el numeral 12) del artículo primero del proyecto, en los términos sugeridos por la Comisión de Constitución.
",Segundo Trámite,Primer Informe,1976-04-01,0,Femenino,10,2026-03-10 23:59:59,,True,IND,Independientes,IND
1065,Guillermo,Ramírez,Diez,0,En Contra,21217,Boletín N° 11092-07,2023-05-08 19:16:53,90,38,7,0,1,Quórum Simple,1,Aprobado,1,Proyecto de Ley,11092-07,Particular,"Artículo 32, contenido en el numeral 12) del artículo primero del proyecto, en los términos sugeridos por la Comisión de Constitución.
",Segundo Trámite,Primer Informe,1979-04-16,1,Masculino,10,2026-03-10 23:59:59,,True,UDI,Unión Demócrata Independiente,UDI
1067,Hugo,Rey,Martínez,1,Afirmativo,21217,Boletín N° 11092-07,2023-05-08 19:16:53,90,38,7,0,1,Quórum Simple,1,Aprobado,1,Proyecto de Ley,11092-07,Particular,"Artículo 32, contenido en el numeral 12) del artículo primero del proyecto, en los términos sugeridos por la Comisión de Constitución.
",Segundo Trámite,Primer Informe,1973-12-06,1,Masculino,10,2026-03-10 23:59:59,,True,RN,Renovación Nacional,RN
1068,Camila,Rojas,Valderrama,1,Afirmativo,21217,Boletín N° 11092-07,2023-05-08 19:16:53,90,38,7,0,1,Quórum Simple,1,Aprobado,1,Proyecto de Ley,11092-07,Particular,"Artículo 32, contenido en el numeral 12) del artículo primero del proyecto, en los términos sugeridos por la Comisión de Constitución.
",Segundo Trámite,Primer Informe,1991-03-11,0,Femenino,10,2026-03-10 23:59:59,,True,COMUNES,Partido Comunes,COMUNES
1073,Juan,Santana,Castillo,1,Afirmativo,21217,Boletín N° 11092-07,2023-05-08 19:16:53,90,38,7,0,1,Quórum Simple,1,Aprobado,1,Proyecto de Ley,11092-07,Particular,"Artículo 32, contenido en el numeral 12) del artículo primero del proyecto, en los términos sugeridos por la Comisión de Constitución.
",Segundo Trámite,Primer Informe,1989-09-20,1,Masculino,10,2026-03-10 23:59:59,,True,PS,Partido Socialista,PS
1076,Alexis,Sepúlveda,Soto,1,Afirmativo,21217,Boletín N° 11092-07,2023-05-08 19:16:53,90,38,7,0,1,Quórum Simple,1,Aprobado,1,Proyecto de Ley,11092-07,Particular,"Artículo 32, contenido en el numeral 12) del artículo primero del proyecto, en los términos sugeridos por la Comisión de Constitución.
",Segundo Trámite,Primer Informe,1969-12-29,1,Masculino,10,2026-03-10 23:59:59,,True,PR,Partido Radical de Chile,PR
1077,Raúl,Soto,Mardones,1,Afirmativo,21217,Boletín N° 11092-07,2023-05-08 19:16:53,90,38,7,0,1,Quórum Simple,1,Aprobado,1,Proyecto de Ley,11092-07,Particular,"Artículo 32, contenido en el numeral 12) del artículo primero del proyecto, en los términos sugeridos por la Comisión de Constitución.
",Segundo Trámite,Primer Informe,1987-11-20,1,Masculino,10,2026-03-10 23:59:59,,True,PPD,Partido Por la Democracia,PPD
1081,Francisco,Undurraga,Gazitúa,1,Afirmativo,21217,Boletín N° 11092-07,2023-05-08 19:16:53,90,38,7,0,1,Quórum Simple,1,Aprobado,1,Proyecto de Ley,11092-07,Particular,"Artículo 32, contenido en el numeral 12) del artículo primero del proyecto, en los términos sugeridos por la Comisión de Constitución.
",Segundo Trámite,Primer Informe,1965-09-29,1,Masculino,10,2026-03-10 23:59:59,,True,EVOP,Evolución Política,EVOP
1082,Cristóbal,Urruticoechea,Ríos,0,En Contra,21217,Boletín N° 11092-07,2023-05-08 19:16:53,90,38,7,0,1,Quórum Simple,1,Aprobado,1,Proyecto de Ley,11092-07,Particular,"Artículo 32, contenido en el numeral 12) del artículo primero del proyecto, en los términos sugeridos por la Comisión de Constitución.
",Segundo Trámite,Primer Informe,1975-11-21,1,Masculino,10,2026-03-10 23:59:59,,True,PREP,Partido Republicano,PREP
1086,Gonzalo,Winter,Etcheberry,1,Afirmativo,21217,Boletín N° 11092-07,2023-05-08 19:16:53,90,38,7,0,1,Quórum Simple,1,Aprobado,1,Proyecto de Ley,11092-07,Particular,"Artículo 32, contenido en el numeral 12) del artículo primero del proyecto, en los términos sugeridos por la Comisión de Constitución.
",Segundo Trámite,Primer Informe,1987-01-06,1,Masculino,10,2026-03-10 23:59:59,,True,PCS,Partido Convergencia Social,PCS
1087,Gael,Yeomans,Araya,1,Afirmativo,21217,Boletín N° 11092-07,2023-05-08 19:16:53,90,38,7,0,1,Quórum Simple,1,Aprobado,1,Proyecto de Ley,11092-07,Particular,"Artículo 32, contenido en el numeral 12) del artículo primero del proyecto, en los términos sugeridos por la Comisión de Constitución.
",Segundo Trámite,Primer Informe,1988-12-04,0,Femenino,10,2026-03-10 23:59:59,,True,PCS,Partido Convergencia Social,PCS
1094,Cristian,Labbé,Martínez,0,En Contra,21217,Boletín N° 11092-07,2023-05-08 19:16:53,90,38,7,0,1,Quórum Simple,1,Aprobado,1,Proyecto de Ley,11092-07,Particular,"Artículo 32, contenido en el numeral 12) del artículo primero del proyecto, en los términos sugeridos por la Comisión de Constitución.
",Segundo Trámite,Primer Informe,1980-03-06,1,Masculino,10,2026-03-10 23:59:59,,True,UDI,Unión Demócrata Independiente,UDI
1096,María Candelaria,Acevedo,Sáez,1,Afirmativo,21217,Boletín N° 11092-07,2023-05-08 19:16:53,90,38,7,0,1,Quórum Simple,1,Aprobado,1,Proyecto de Ley,11092-07,Particular,"Artículo 32, contenido en el numeral 12) del artículo primero del proyecto, en los términos sugeridos por la Comisión de Constitución.
",Segundo Trámite,Primer Informe,1958-09-12,0,Femenino,10,2026-03-10 23:59:59,,True,PC,Partido Comunista,PC
1097,Eric,Aedo,Jeldres,1,Afirmativo,21217,Boletín N° 11092-07,2023-05-08 19:16:53,90,38,7,0,1,Quórum Simple,1,Aprobado,1,Proyecto de Ley,11092-07,Particular,"Artículo 32, contenido en el numeral 12) del artículo primero del proyecto, en los términos sugeridos por la Comisión de Constitución.
",Segundo Trámite,Primer Informe,1968-07-13,1,Masculino,10,2026-03-10 23:59:59,,True,DC,Partido Demócrata Cristiano,DC
1098,Yovana,Ahumada,Palma,0,En Contra,21217,Boletín N° 11092-07,2023-05-08 19:16:53,90,38,7,0,1,Quórum Simple,1,Aprobado,1,Proyecto de Ley,11092-07,Particular,"Artículo 32, contenido en el numeral 12) del artículo primero del proyecto, en los términos sugeridos por la Comisión de Constitución.
",Segundo Trámite,Primer Informe,1973-02-24,0,Femenino,10,2026-03-10 23:59:59,,True,IND,Independientes,IND
1099,Jaime,Araya,Guerrero,1,Afirmativo,21217,Boletín N° 11092-07,2023-05-08 19:16:53,90,38,7,0,1,Quórum Simple,1,Aprobado,1,Proyecto de Ley,11092-07,Particular,"Artículo 32, contenido en el numeral 12) del artículo primero del proyecto, en los términos sugeridos por la Comisión de Constitución.
",Segundo Trámite,Primer Informe,1976-02-04,1,Masculino,10,2026-03-10 23:59:59,,True,IND,Independientes,IND
1100,Cristián,Araya,Lerdo de Tejada,0,En Contra,21217,Boletín N° 11092-07,2023-05-08 19:16:53,90,38,7,0,1,Quórum Simple,1,Aprobado,1,Proyecto de Ley,11092-07,Particular,"Artículo 32, contenido en el numeral 12) del artículo primero del proyecto, en los términos sugeridos por la Comisión de Constitución.
",Segundo Trámite,Primer Informe,1988-09-30,1,Masculino,10,2026-03-10 23:59:59,,True,PREP,Partido Republicano,PREP
1101,Mónica,Arce,Castro,1,Afirmativo,21217,Boletín N° 11092-07,2023-05-08 19:16:53,90,38,7,0,1,Quórum Simple,1,Aprobado,1,Proyecto de Ley,11092-07,Particular,"Artículo 32, contenido en el numeral 12) del artículo primero del proyecto, en los términos sugeridos por la Comisión de Constitución.
",Segundo Trámite,Primer Informe,1976-03-02,0,Femenino,10,2026-03-10 23:59:59,,True,IND,Independientes,IND
1102,Roberto,Arroyo,Muñoz,0,En Contra,21217,Boletín N° 11092-07,2023-05-08 19:16:53,90,38,7,0,1,Quórum Simple,1,Aprobado,1,Proyecto de Ley,11092-07,Particular,"Artículo 32, contenido en el numeral 12) del artículo primero del proyecto, en los términos sugeridos por la Comisión de Constitución.
",Segundo Trámite,Primer Informe,1963-11-29,1,Masculino,10,2026-03-10 23:59:59,,True,PDG,Partido de la Gente,PDG
1103,Danisa,Astudillo,Peiretti,1,Afirmativo,21217,Boletín N° 11092-07,2023-05-08 19:16:53,90,38,7,0,1,Quórum Simple,1,Aprobado,1,Proyecto de Ley,11092-07,Particular,"Artículo 32, contenido en el numeral 12) del artículo primero del proyecto, en los términos sugeridos por la Comisión de Constitución.
",Segundo Trámite,Primer Informe,1975-05-03,0,Femenino,10,2026-03-10 23:59:59,,True,PS,Partido Socialista,PS
1104,Chiara,Barchiesi,Chávez,0,En Contra,21217,Boletín N° 11092-07,2023-05-08 19:16:53,90,38,7,0,1,Quórum Simple,1,Aprobado,1,Proyecto de Ley,11092-07,Particular,"Artículo 32, contenido en el numeral 12) del artículo primero del proyecto, en los términos sugeridos por la Comisión de Constitución.
",Segundo Trámite,Primer Informe,1996-12-22,0,Femenino,10,2026-03-10 23:59:59,,True,PREP,Partido Republicano,PREP
1105,Héctor,Barría,Angulo,1,Afirmativo,21217,Boletín N° 11092-07,2023-05-08 19:16:53,90,38,7,0,1,Quórum Simple,1,Aprobado,1,Proyecto de Ley,11092-07,Particular,"Artículo 32, contenido en el numeral 12) del artículo primero del proyecto, en los términos sugeridos por la Comisión de Constitución.
",Segundo Trámite,Primer Informe,1980-04-24,1,Masculino,10,2026-03-10 23:59:59,,True,DC,Partido Demócrata Cristiano,DC
1106,Miguel Ángel,Becker,Alvear,0,En Contra,21217,Boletín N° 11092-07,2023-05-08 19:16:53,90,38,7,0,1,Quórum Simple,1,Aprobado,1,Proyecto de Ley,11092-07,Particular,"Artículo 32, contenido en el numeral 12) del artículo primero del proyecto, en los términos sugeridos por la Comisión de Constitución.
",Segundo Trámite,Primer Informe,1960-10-07,1,Masculino,10,2026-03-10 23:59:59,,True,RN,Renovación Nacional,RN
1107,María Francisca,Bello,Campos,1,Afirmativo,21217,Boletín N° 11092-07,2023-05-08 19:16:53,90,38,7,0,1,Quórum Simple,1,Aprobado,1,Proyecto de Ley,11092-07,Particular,"Artículo 32, contenido en el numeral 12) del artículo primero del proyecto, en los términos sugeridos por la Comisión de Constitución.
",Segundo Trámite,Primer Informe,1987-09-17,0,Femenino,10,2026-03-10 23:59:59,,True,PCS,Partido Convergencia Social,PCS
1108,Juan Carlos,Beltrán,Silva,1,Afirmativo,21217,Boletín N° 11092-07,2023-05-08 19:16:53,90,38,7,0,1,Quórum Simple,1,Aprobado,1,Proyecto de Ley,11092-07,Particular,"Artículo 32, contenido en el numeral 12) del artículo primero del proyecto, en los términos sugeridos por la Comisión de Constitución.
",Segundo Trámite,Primer Informe,1962-12-19,1,Masculino,10,2026-03-10 23:59:59,,True,RN,Renovación Nacional,RN
1109,Gustavo,Benavente,Vergara,2,Abstención,21217,Boletín N° 11092-07,2023-05-08 19:16:53,90,38,7,0,1,Quórum Simple,1,Aprobado,1,Proyecto de Ley,11092-07,Particular,"Artículo 32, contenido en el numeral 12) del artículo primero del proyecto, en los términos sugeridos por la Comisión de Constitución.
",Segundo Trámite,Primer Informe,1966-08-13,1,Masculino,10,2026-03-10 23:59:59,,True,UDI,Unión Demócrata Independiente,UDI
1110,Carlos,Bianchi,Chelech,1,Afirmativo,21217,Boletín N° 11092-07,2023-05-08 19:16:53,90,38,7,0,1,Quórum Simple,1,Aprobado,1,Proyecto de Ley,11092-07,Particular,"Artículo 32, contenido en el numeral 12) del artículo primero del proyecto, en los términos sugeridos por la Comisión de Constitución.
",Segundo Trámite,Primer Informe,1960-11-04,1,Masculino,10,2026-03-10 23:59:59,,True,IND,Independientes,IND
1111,Fernando,Bórquez,Montecinos,0,En Contra,21217,Boletín N° 11092-07,2023-05-08 19:16:53,90,38,7,0,1,Quórum Simple,1,Aprobado,1,Proyecto de Ley,11092-07,Particular,"Artículo 32, contenido en el numeral 12) del artículo primero del proyecto, en los términos sugeridos por la Comisión de Constitución.
",Segundo Trámite,Primer Informe,1968-06-06,1,Masculino,10,2026-03-10 23:59:59,,True,UDI,Unión Demócrata Independiente,UDI
1112,Ana María,Bravo,Castro,1,Afirmativo,21217,Boletín N° 11092-07,2023-05-08 19:16:53,90,38,7,0,1,Quórum Simple,1,Aprobado,1,Proyecto de Ley,11092-07,Particular,"Artículo 32, contenido en el numeral 12) del artículo primero del proyecto, en los términos sugeridos por la Comisión de Constitución.
",Segundo Trámite,Primer Informe,1973-12-03,0,Femenino,10,2026-03-10 23:59:59,,True,PS,Partido Socialista,PS
1113,Marta,Bravo,Salinas,2,Abstención,21217,Boletín N° 11092-07,2023-05-08 19:16:53,90,38,7,0,1,Quórum Simple,1,Aprobado,1,Proyecto de Ley,11092-07,Particular,"Artículo 32, contenido en el numeral 12) del artículo primero del proyecto, en los términos sugeridos por la Comisión de Constitución.
",Segundo Trámite,Primer Informe,1976-02-25,0,Femenino,10,2026-03-10 23:59:59,,True,UDI,Unión Demócrata Independiente,UDI
1114,Félix,Bugueño,Sotelo,1,Afirmativo,21217,Boletín N° 11092-07,2023-05-08 19:16:53,90,38,7,0,1,Quórum Simple,1,Aprobado,1,Proyecto de Ley,11092-07,Particular,"Artículo 32, contenido en el numeral 12) del artículo primero del proyecto, en los términos sugeridos por la Comisión de Constitución.
",Segundo Trámite,Primer Informe,1973-05-18,1,Masculino,10,2026-03-10 23:59:59,,True,FRVS,Federación Regionalista Verde Social,FRVS
1115,Mercedes,Bulnes,Núñez,1,Afirmativo,21217,Boletín N° 11092-07,2023-05-08 19:16:53,90,38,7,0,1,Quórum Simple,1,Aprobado,1,Proyecto de Ley,11092-07,Particular,"Artículo 32, contenido en el numeral 12) del artículo primero del proyecto, en los términos sugeridos por la Comisión de Constitución.
",Segundo Trámite,Primer Informe,1950-06-06,0,Femenino,10,2024-11-22 00:00:00,,True,IND,Independientes,IND
1116,Felipe,Camaño,Cárdenas,1,Afirmativo,21217,Boletín N° 11092-07,2023-05-08 19:16:53,90,38,7,0,1,Quórum Simple,1,Aprobado,1,Proyecto de Ley,11092-07,Particular,"Artículo 32, contenido en el numeral 12) del artículo primero del proyecto, en los términos sugeridos por la Comisión de Constitución.
",Segundo Trámite,Primer Informe,1991-08-21,1,Masculino,10,2026-03-10 23:59:59,,True,IND,Independientes,IND
1117,Nathalie,Castillo,Rojas,1,Afirmativo,21217,Boletín N° 11092-07,2023-05-08 19:16:53,90,38,7,0,1,Quórum Simple,1,Aprobado,1,Proyecto de Ley,11092-07,Particular,"Artículo 32, contenido en el numeral 12) del artículo primero del proyecto, en los términos sugeridos por la Comisión de Constitución.
",Segundo Trámite,Primer Informe,1983-07-02,0,Femenino,10,2026-03-10 23:59:59,,True,PC,Partido Comunista,PC
1118,Ricardo,Cifuentes,Lillo,1,Afirmativo,21217,Boletín N° 11092-07,2023-05-08 19:16:53,90,38,7,0,1,Quórum Simple,1,Aprobado,1,Proyecto de Ley,11092-07,Particular,"Artículo 32, contenido en el numeral 12) del artículo primero del proyecto, en los términos sugeridos por la Comisión de Constitución.
",Segundo Trámite,Primer Informe,1962-09-12,1,Masculino,10,2026-03-10 23:59:59,,True,DC,Partido Demócrata Cristiano,DC
1119,Sara,Concha,Smith,2,Abstención,21217,Boletín N° 11092-07,2023-05-08 19:16:53,90,38,7,0,1,Quórum Simple,1,Aprobado,1,Proyecto de Ley,11092-07,Particular,"Artículo 32, contenido en el numeral 12) del artículo primero del proyecto, en los términos sugeridos por la Comisión de Constitución.
",Segundo Trámite,Primer Informe,1995-09-09,0,Femenino,10,2026-03-10 23:59:59,,True,PSC,Partido Social Cristiano,PSC
1120,María Luisa,Cordero,Velásquez,1,Afirmativo,21217,Boletín N° 11092-07,2023-05-08 19:16:53,90,38,7,0,1,Quórum Simple,1,Aprobado,1,Proyecto de Ley,11092-07,Particular,"Artículo 32, contenido en el numeral 12) del artículo primero del proyecto, en los términos sugeridos por la Comisión de Constitución.
",Segundo Trámite,Primer Informe,1943-01-23,0,Femenino,10,2026-03-10 23:59:59,,True,IND,Independientes,IND
1121,Eduardo,Cornejo,Lagos,2,Abstención,21217,Boletín N° 11092-07,2023-05-08 19:16:53,90,38,7,0,1,Quórum Simple,1,Aprobado,1,Proyecto de Ley,11092-07,Particular,"Artículo 32, contenido en el numeral 12) del artículo primero del proyecto, en los términos sugeridos por la Comisión de Constitución.
",Segundo Trámite,Primer Informe,1972-01-12,1,Masculino,10,2026-03-10 23:59:59,,True,UDI,Unión Demócrata Independiente,UDI
1122,Luis Alberto,Cuello,Peña y Lillo,1,Afirmativo,21217,Boletín N° 11092-07,2023-05-08 19:16:53,90,38,7,0,1,Quórum Simple,1,Aprobado,1,Proyecto de Ley,11092-07,Particular,"Artículo 32, contenido en el numeral 12) del artículo primero del proyecto, en los términos sugeridos por la Comisión de Constitución.
",Segundo Trámite,Primer Informe,1977-01-24,1,Masculino,10,2026-03-10 23:59:59,,True,PC,Partido Comunista,PC
1123,Gonzalo,De la Carrera,Correa,0,En Contra,21217,Boletín N° 11092-07,2023-05-08 19:16:53,90,38,7,0,1,Quórum Simple,1,Aprobado,1,Proyecto de Ley,11092-07,Particular,"Artículo 32, contenido en el numeral 12) del artículo primero del proyecto, en los términos sugeridos por la Comisión de Constitución.
",Segundo Trámite,Primer Informe,1962-01-13,1,Masculino,10,2026-03-10 23:59:59,,True,IND,Independientes,IND
1124,Tomás,De Rementería,Venegas,1,Afirmativo,21217,Boletín N° 11092-07,2023-05-08 19:16:53,90,38,7,0,1,Quórum Simple,1,Aprobado,1,Proyecto de Ley,11092-07,Particular,"Artículo 32, contenido en el numeral 12) del artículo primero del proyecto, en los términos sugeridos por la Comisión de Constitución.
",Segundo Trámite,Primer Informe,1987-03-17,1,Masculino,10,2025-05-05 23:59:59,,True,PS,Partido Socialista,PS
1125,Viviana,Delgado,Riquelme,1,Afirmativo,21217,Boletín N° 11092-07,2023-05-08 19:16:53,90,38,7,0,1,Quórum Simple,1,Aprobado,1,Proyecto de Ley,11092-07,Particular,"Artículo 32, contenido en el numeral 12) del artículo primero del proyecto, en los términos sugeridos por la Comisión de Constitución.
",Segundo Trámite,Primer Informe,1973-09-04,0,Femenino,10,2026-03-10 23:59:59,,True,IND,Independientes,IND
1126,Felipe,Donoso,Castro,0,En Contra,21217,Boletín N° 11092-07,2023-05-08 19:16:53,90,38,7,0,1,Quórum Simple,1,Aprobado,1,Proyecto de Ley,11092-07,Particular,"Artículo 32, contenido en el numeral 12) del artículo primero del proyecto, en los términos sugeridos por la Comisión de Constitución.
",Segundo Trámite,Primer Informe,1982-12-12,1,Masculino,10,2026-03-10 23:59:59,,True,UDI,Unión Demócrata Independiente,UDI
1127,Lorena,Fries,Monleón,1,Afirmativo,21217,Boletín N° 11092-07,2023-05-08 19:16:53,90,38,7,0,1,Quórum Simple,1,Aprobado,1,Proyecto de Ley,11092-07,Particular,"Artículo 32, contenido en el numeral 12) del artículo primero del proyecto, en los términos sugeridos por la Comisión de Constitución.
",Segundo Trámite,Primer Informe,1960-04-01,0,Femenino,10,2026-03-10 23:59:59,,True,PCS,Partido Convergencia Social,PCS
1128,Ana María,Gazmuri,Vieira,1,Afirmativo,21217,Boletín N° 11092-07,2023-05-08 19:16:53,90,38,7,0,1,Quórum Simple,1,Aprobado,1,Proyecto de Ley,11092-07,Particular,"Artículo 32, contenido en el numeral 12) del artículo primero del proyecto, en los términos sugeridos por la Comisión de Constitución.
",Segundo Trámite,Primer Informe,1966-01-22,0,Femenino,10,2026-03-10 23:59:59,,True,PAH,Partido Acción Humanista,PAH
1129,Andrés,Giordano,Salazar,1,Afirmativo,21217,Boletín N° 11092-07,2023-05-08 19:16:53,90,38,7,0,1,Quórum Simple,1,Aprobado,1,Proyecto de Ley,11092-07,Particular,"Artículo 32, contenido en el numeral 12) del artículo primero del proyecto, en los términos sugeridos por la Comisión de Constitución.
",Segundo Trámite,Primer Informe,1986-12-29,1,Masculino,10,2026-03-10 23:59:59,,True,IND,Independientes,IND
1131,Mauro,González,Villarroel,2,Abstención,21217,Boletín N° 11092-07,2023-05-08 19:16:53,90,38,7,0,1,Quórum Simple,1,Aprobado,1,Proyecto de Ley,11092-07,Particular,"Artículo 32, contenido en el numeral 12) del artículo primero del proyecto, en los términos sugeridos por la Comisión de Constitución.
",Segundo Trámite,Primer Informe,1985-05-25,1,Masculino,10,2026-03-10 23:59:59,,True,RN,Renovación Nacional,RN
1132,Jorge,Guzmán,Zepeda,1,Afirmativo,21217,Boletín N° 11092-07,2023-05-08 19:16:53,90,38,7,0,1,Quórum Simple,1,Aprobado,1,Proyecto de Ley,11092-07,Particular,"Artículo 32, contenido en el numeral 12) del artículo primero del proyecto, en los términos sugeridos por la Comisión de Constitución.
",Segundo Trámite,Primer Informe,1985-06-11,1,Masculino,10,2026-03-10 23:59:59,,True,EVOP,Evolución Política,EVOP
1133,Juan,Irarrázaval,Rossel,0,En Contra,21217,Boletín N° 11092-07,2023-05-08 19:16:53,90,38,7,0,1,Quórum Simple,1,Aprobado,1,Proyecto de Ley,11092-07,Particular,"Artículo 32, contenido en el numeral 12) del artículo primero del proyecto, en los términos sugeridos por la Comisión de Constitución.
",Segundo Trámite,Primer Informe,1983-06-23,1,Masculino,10,2026-03-10 23:59:59,,True,PREP,Partido Republicano,PREP
1135,Johannes,Kaiser,Barents-Von Hohenhagen,0,En Contra,21217,Boletín N° 11092-07,2023-05-08 19:16:53,90,38,7,0,1,Quórum Simple,1,Aprobado,1,Proyecto de Ley,11092-07,Particular,"Artículo 32, contenido en el numeral 12) del artículo primero del proyecto, en los términos sugeridos por la Comisión de Constitución.
",Segundo Trámite,Primer Informe,1976-01-05,1,Masculino,10,2026-03-10 23:59:59,,True,PREP,Partido Republicano,PREP
1136,Paula,Labra,Besserer,1,Afirmativo,21217,Boletín N° 11092-07,2023-05-08 19:16:53,90,38,7,0,1,Quórum Simple,1,Aprobado,1,Proyecto de Ley,11092-07,Particular,"Artículo 32, contenido en el numeral 12) del artículo primero del proyecto, en los términos sugeridos por la Comisión de Constitución.
",Segundo Trámite,Primer Informe,1987-05-04,0,Femenino,10,2026-03-10 23:59:59,,True,IND,Independientes,IND
1137,Tomás,Lagomarsino,Guzmán,1,Afirmativo,21217,Boletín N° 11092-07,2023-05-08 19:16:53,90,38,7,0,1,Quórum Simple,1,Aprobado,1,Proyecto de Ley,11092-07,Particular,"Artículo 32, contenido en el numeral 12) del artículo primero del proyecto, en los términos sugeridos por la Comisión de Constitución.
",Segundo Trámite,Primer Informe,1990-07-13,1,Masculino,10,2026-03-10 23:59:59,,True,IND,Independientes,IND
1138,Henry,Leal,Bizama,0,En Contra,21217,Boletín N° 11092-07,2023-05-08 19:16:53,90,38,7,0,1,Quórum Simple,1,Aprobado,1,Proyecto de Ley,11092-07,Particular,"Artículo 32, contenido en el numeral 12) del artículo primero del proyecto, en los términos sugeridos por la Comisión de Constitución.
",Segundo Trámite,Primer Informe,1972-09-16,1,Masculino,10,2026-03-10 23:59:59,,True,UDI,Unión Demócrata Independiente,UDI
1139,Enrique,Lee,Flores,0,En Contra,21217,Boletín N° 11092-07,2023-05-08 19:16:53,90,38,7,0,1,Quórum Simple,1,Aprobado,1,Proyecto de Ley,11092-07,Particular,"Artículo 32, contenido en el numeral 12) del artículo primero del proyecto, en los términos sugeridos por la Comisión de Constitución.
",Segundo Trámite,Primer Informe,1967-12-16,1,Masculino,10,2026-03-10 23:59:59,,True,PRI,Partido Regionalista Independiente,PRI
1140,Daniel,Lilayu,Vivanco,0,En Contra,21217,Boletín N° 11092-07,2023-05-08 19:16:53,90,38,7,0,1,Quórum Simple,1,Aprobado,1,Proyecto de Ley,11092-07,Particular,"Artículo 32, contenido en el numeral 12) del artículo primero del proyecto, en los términos sugeridos por la Comisión de Constitución.
",Segundo Trámite,Primer Informe,1949-03-02,1,Masculino,10,2026-03-10 23:59:59,,True,UDI,Unión Demócrata Independiente,UDI
1142,Daniel,Manouchehri,Lobos,1,Afirmativo,21217,Boletín N° 11092-07,2023-05-08 19:16:53,90,38,7,0,1,Quórum Simple,1,Aprobado,1,Proyecto de Ley,11092-07,Particular,"Artículo 32, contenido en el numeral 12) del artículo primero del proyecto, en los términos sugeridos por la Comisión de Constitución.
",Segundo Trámite,Primer Informe,1984-05-25,1,Masculino,10,2026-03-10 23:59:59,,True,PS,Partido Socialista,PS
1143,Cristóbal,Martínez,Ramírez,0,En Contra,21217,Boletín N° 11092-07,2023-05-08 19:16:53,90,38,7,0,1,Quórum Simple,1,Aprobado,1,Proyecto de Ley,11092-07,Particular,"Artículo 32, contenido en el numeral 12) del artículo primero del proyecto, en los términos sugeridos por la Comisión de Constitución.
",Segundo Trámite,Primer Informe,1984-04-30,1,Masculino,10,2026-03-10 23:59:59,,True,UDI,Unión Demócrata Independiente,UDI
1144,Christian,Matheson,Villán,0,En Contra,21217,Boletín N° 11092-07,2023-05-08 19:16:53,90,38,7,0,1,Quórum Simple,1,Aprobado,1,Proyecto de Ley,11092-07,Particular,"Artículo 32, contenido en el numeral 12) del artículo primero del proyecto, en los términos sugeridos por la Comisión de Constitución.
",Segundo Trámite,Primer Informe,1957-12-17,1,Masculino,10,2026-03-10 23:59:59,,True,IND,Independientes,IND
1146,José Carlos,Meza,Pereira,0,En Contra,21217,Boletín N° 11092-07,2023-05-08 19:16:53,90,38,7,0,1,Quórum Simple,1,Aprobado,1,Proyecto de Ley,11092-07,Particular,"Artículo 32, contenido en el numeral 12) del artículo primero del proyecto, en los términos sugeridos por la Comisión de Constitución.
",Segundo Trámite,Primer Informe,1989-03-07,1,Masculino,10,2026-03-10 23:59:59,,True,PREP,Partido Republicano,PREP
1147,Helia,Molina,Milman,1,Afirmativo,21217,Boletín N° 11092-07,2023-05-08 19:16:53,90,38,7,0,1,Quórum Simple,1,Aprobado,1,Proyecto de Ley,11092-07,Particular,"Artículo 32, contenido en el numeral 12) del artículo primero del proyecto, en los términos sugeridos por la Comisión de Constitución.
",Segundo Trámite,Primer Informe,1947-04-02,0,Femenino,10,2026-03-10 23:59:59,,True,PPD,Partido Por la Democracia,PPD
1148,Javiera,Morales,Alvarado,1,Afirmativo,21217,Boletín N° 11092-07,2023-05-08 19:16:53,90,38,7,0,1,Quórum Simple,1,Aprobado,1,Proyecto de Ley,11092-07,Particular,"Artículo 32, contenido en el numeral 12) del artículo primero del proyecto, en los términos sugeridos por la Comisión de Constitución.
",Segundo Trámite,Primer Informe,1983-11-16,0,Femenino,10,2026-03-10 23:59:59,,True,PCS,Partido Convergencia Social,PCS
1149,Carla,Morales,Maldonado,1,Afirmativo,21217,Boletín N° 11092-07,2023-05-08 19:16:53,90,38,7,0,1,Quórum Simple,1,Aprobado,1,Proyecto de Ley,11092-07,Particular,"Artículo 32, contenido en el numeral 12) del artículo primero del proyecto, en los términos sugeridos por la Comisión de Constitución.
",Segundo Trámite,Primer Informe,1977-10-27,0,Femenino,10,2026-03-10 23:59:59,,True,RN,Renovación Nacional,RN
1150,Benjamín,Moreno,Bascur,0,En Contra,21217,Boletín N° 11092-07,2023-05-08 19:16:53,90,38,7,0,1,Quórum Simple,1,Aprobado,1,Proyecto de Ley,11092-07,Particular,"Artículo 32, contenido en el numeral 12) del artículo primero del proyecto, en los términos sugeridos por la Comisión de Constitución.
",Segundo Trámite,Primer Informe,1993-04-02,1,Masculino,10,2026-03-10 23:59:59,,True,PREP,Partido Republicano,PREP
1151,Camila,Musante,Müller,1,Afirmativo,21217,Boletín N° 11092-07,2023-05-08 19:16:53,90,38,7,0,1,Quórum Simple,1,Aprobado,1,Proyecto de Ley,11092-07,Particular,"Artículo 32, contenido en el numeral 12) del artículo primero del proyecto, en los términos sugeridos por la Comisión de Constitución.
",Segundo Trámite,Primer Informe,1990-02-06,0,Femenino,10,2026-03-10 23:59:59,,True,IND,Independientes,IND
1153,Coca Ericka,Ñanco,Vásquez,1,Afirmativo,21217,Boletín N° 11092-07,2023-05-08 19:16:53,90,38,7,0,1,Quórum Simple,1,Aprobado,1,Proyecto de Ley,11092-07,Particular,"Artículo 32, contenido en el numeral 12) del artículo primero del proyecto, en los términos sugeridos por la Comisión de Constitución.
",Segundo Trámite,Primer Informe,1992-03-20,0,Femenino,10,2026-03-10 23:59:59,,True,RD,Revolución Democrática,RD
1154,Mauricio,Ojeda,Rebolledo,0,En Contra,21217,Boletín N° 11092-07,2023-05-08 19:16:53,90,38,7,0,1,Quórum Simple,1,Aprobado,1,Proyecto de Ley,11092-07,Particular,"Artículo 32, contenido en el numeral 12) del artículo primero del proyecto, en los términos sugeridos por la Comisión de Constitución.
",Segundo Trámite,Primer Informe,1982-01-19,1,Masculino,10,2026-03-10 23:59:59,,True,IND,Independientes,IND
1155,Rubén Darío,Oyarzo,Figueroa,1,Afirmativo,21217,Boletín N° 11092-07,2023-05-08 19:16:53,90,38,7,0,1,Quórum Simple,1,Aprobado,1,Proyecto de Ley,11092-07,Particular,"Artículo 32, contenido en el numeral 12) del artículo primero del proyecto, en los términos sugeridos por la Comisión de Constitución.
",Segundo Trámite,Primer Informe,1980-12-13,1,Masculino,10,2026-03-10 23:59:59,,True,PDG,Partido de la Gente,PDG
1156,Hernán,Palma,Pérez,1,Afirmativo,21217,Boletín N° 11092-07,2023-05-08 19:16:53,90,38,7,0,1,Quórum Simple,1,Aprobado,1,Proyecto de Ley,11092-07,Particular,"Artículo 32, contenido en el numeral 12) del artículo primero del proyecto, en los términos sugeridos por la Comisión de Constitución.
",Segundo Trámite,Primer Informe,1958-11-03,1,Masculino,10,2026-03-10 23:59:59,,True,IND,Independientes,IND
1158,Víctor Alejandro,Pino,Fuentes,0,En Contra,21217,Boletín N° 11092-07,2023-05-08 19:16:53,90,38,7,0,1,Quórum Simple,1,Aprobado,1,Proyecto de Ley,11092-07,Particular,"Artículo 32, contenido en el numeral 12) del artículo primero del proyecto, en los términos sugeridos por la Comisión de Constitución.
",Segundo Trámite,Primer Informe,1974-12-08,1,Masculino,10,2026-03-10 23:59:59,,True,IND,Independientes,IND
1159,Lorena,Pizarro,Sierra,1,Afirmativo,21217,Boletín N° 11092-07,2023-05-08 19:16:53,90,38,7,0,1,Quórum Simple,1,Aprobado,1,Proyecto de Ley,11092-07,Particular,"Artículo 32, contenido en el numeral 12) del artículo primero del proyecto, en los términos sugeridos por la Comisión de Constitución.
",Segundo Trámite,Primer Informe,1966-02-14,0,Femenino,10,2026-03-10 23:59:59,,True,PC,Partido Comunista,PC
1160,Alejandra,Placencia,Cabello,1,Afirmativo,21217,Boletín N° 11092-07,2023-05-08 19:16:53,90,38,7,0,1,Quórum Simple,1,Aprobado,1,Proyecto de Ley,11092-07,Particular,"Artículo 32, contenido en el numeral 12) del artículo primero del proyecto, en los términos sugeridos por la Comisión de Constitución.
",Segundo Trámite,Primer Informe,1978-02-14,0,Femenino,10,2026-03-10 23:59:59,,True,PC,Partido Comunista,PC
1161,Francisco,Pulgar,Castillo,1,Afirmativo,21217,Boletín N° 11092-07,2023-05-08 19:16:53,90,38,7,0,1,Quórum Simple,1,Aprobado,1,Proyecto de Ley,11092-07,Particular,"Artículo 32, contenido en el numeral 12) del artículo primero del proyecto, en los términos sugeridos por la Comisión de Constitución.
",Segundo Trámite,Primer Informe,1971-05-27,1,Masculino,10,2026-03-10 23:59:59,,True,IND,Independientes,IND
1162,Matías,Ramírez,Pascal,1,Afirmativo,21217,Boletín N° 11092-07,2023-05-08 19:16:53,90,38,7,0,1,Quórum Simple,1,Aprobado,1,Proyecto de Ley,11092-07,Particular,"Artículo 32, contenido en el numeral 12) del artículo primero del proyecto, en los términos sugeridos por la Comisión de Constitución.
",Segundo Trámite,Primer Informe,1984-11-14,1,Masculino,10,2026-03-10 23:59:59,,True,PC,Partido Comunista,PC
1163,Marcia,Raphael,Mora,1,Afirmativo,21217,Boletín N° 11092-07,2023-05-08 19:16:53,90,38,7,0,1,Quórum Simple,1,Aprobado,1,Proyecto de Ley,11092-07,Particular,"Artículo 32, contenido en el numeral 12) del artículo primero del proyecto, en los términos sugeridos por la Comisión de Constitución.
",Segundo Trámite,Primer Informe,1963-12-06,0,Femenino,10,2026-03-10 23:59:59,,True,RN,Renovación Nacional,RN
1164,Marcela,Riquelme,Aliaga,1,Afirmativo,21217,Boletín N° 11092-07,2023-05-08 19:16:53,90,38,7,0,1,Quórum Simple,1,Aprobado,1,Proyecto de Ley,11092-07,Particular,"Artículo 32, contenido en el numeral 12) del artículo primero del proyecto, en los términos sugeridos por la Comisión de Constitución.
",Segundo Trámite,Primer Informe,1973-03-04,0,Femenino,10,2026-03-10 23:59:59,,True,IND,Independientes,IND
1165,Agustín,Romero,Leiva,0,En Contra,21217,Boletín N° 11092-07,2023-05-08 19:16:53,90,38,7,0,1,Quórum Simple,1,Aprobado,1,Proyecto de Ley,11092-07,Particular,"Artículo 32, contenido en el numeral 12) del artículo primero del proyecto, en los términos sugeridos por la Comisión de Constitución.
",Segundo Trámite,Primer Informe,1975-01-03,1,Masculino,10,2026-03-10 23:59:59,,True,PREP,Partido Republicano,PREP
1166,Natalia,Romero,Talguia,1,Afirmativo,21217,Boletín N° 11092-07,2023-05-08 19:16:53,90,38,7,0,1,Quórum Simple,1,Aprobado,1,Proyecto de Ley,11092-07,Particular,"Artículo 32, contenido en el numeral 12) del artículo primero del proyecto, en los términos sugeridos por la Comisión de Constitución.
",Segundo Trámite,Primer Informe,1985-06-29,0,Femenino,10,2026-03-10 23:59:59,,True,IND,Independientes,IND
1167,Jaime,Sáez,Quiroz,1,Afirmativo,21217,Boletín N° 11092-07,2023-05-08 19:16:53,90,38,7,0,1,Quórum Simple,1,Aprobado,1,Proyecto de Ley,11092-07,Particular,"Artículo 32, contenido en el numeral 12) del artículo primero del proyecto, en los términos sugeridos por la Comisión de Constitución.
",Segundo Trámite,Primer Informe,1985-12-09,1,Masculino,10,2026-03-10 23:59:59,,True,RD,Revolución Democrática,RD
1168,Jorge,Saffirio,Espinoza,1,Afirmativo,21217,Boletín N° 11092-07,2023-05-08 19:16:53,90,38,7,0,1,Quórum Simple,1,Aprobado,1,Proyecto de Ley,11092-07,Particular,"Artículo 32, contenido en el numeral 12) del artículo primero del proyecto, en los términos sugeridos por la Comisión de Constitución.
",Segundo Trámite,Primer Informe,1953-06-09,1,Masculino,10,2026-03-10 23:59:59,,True,IND,Independientes,IND
1169,Clara,Sagardía,Cabezas,1,Afirmativo,21217,Boletín N° 11092-07,2023-05-08 19:16:53,90,38,7,0,1,Quórum Simple,1,Aprobado,1,Proyecto de Ley,11092-07,Particular,"Artículo 32, contenido en el numeral 12) del artículo primero del proyecto, en los términos sugeridos por la Comisión de Constitución.
",Segundo Trámite,Primer Informe,1952-08-13,0,Femenino,10,2026-03-10 23:59:59,,True,IND,Independientes,IND
1170,Luis,Sánchez,Ossa,0,En Contra,21217,Boletín N° 11092-07,2023-05-08 19:16:53,90,38,7,0,1,Quórum Simple,1,Aprobado,1,Proyecto de Ley,11092-07,Particular,"Artículo 32, contenido en el numeral 12) del artículo primero del proyecto, en los términos sugeridos por la Comisión de Constitución.
",Segundo Trámite,Primer Informe,1988-10-04,1,Masculino,10,2026-03-10 23:59:59,,True,PREP,Partido Republicano,PREP
1171,Emilia,Schneider,Videla,1,Afirmativo,21217,Boletín N° 11092-07,2023-05-08 19:16:53,90,38,7,0,1,Quórum Simple,1,Aprobado,1,Proyecto de Ley,11092-07,Particular,"Artículo 32, contenido en el numeral 12) del artículo primero del proyecto, en los términos sugeridos por la Comisión de Constitución.
",Segundo Trámite,Primer Informe,1996-10-23,0,Femenino,10,2026-03-10 23:59:59,,True,PCS,Partido Convergencia Social,PCS
1172,Stephan,Schubert,Rubio,0,En Contra,21217,Boletín N° 11092-07,2023-05-08 19:16:53,90,38,7,0,1,Quórum Simple,1,Aprobado,1,Proyecto de Ley,11092-07,Particular,"Artículo 32, contenido en el numeral 12) del artículo primero del proyecto, en los términos sugeridos por la Comisión de Constitución.
",Segundo Trámite,Primer Informe,1977-12-19,1,Masculino,10,2026-03-10 23:59:59,,True,IND,Independientes,IND
1173,Daniela,Serrano,Salazar,1,Afirmativo,21217,Boletín N° 11092-07,2023-05-08 19:16:53,90,38,7,0,1,Quórum Simple,1,Aprobado,1,Proyecto de Ley,11092-07,Particular,"Artículo 32, contenido en el numeral 12) del artículo primero del proyecto, en los términos sugeridos por la Comisión de Constitución.
",Segundo Trámite,Primer Informe,1995-03-17,0,Femenino,10,2026-03-10 23:59:59,,True,PC,Partido Comunista,PC
1174,Marco Antonio,Sulantay,Olivares,0,En Contra,21217,Boletín N° 11092-07,2023-05-08 19:16:53,90,38,7,0,1,Quórum Simple,1,Aprobado,1,Proyecto de Ley,11092-07,Particular,"Artículo 32, contenido en el numeral 12) del artículo primero del proyecto, en los términos sugeridos por la Comisión de Constitución.
",Segundo Trámite,Primer Informe,1973-03-31,1,Masculino,10,2026-03-10 23:59:59,,True,UDI,Unión Demócrata Independiente,UDI
1175,Cristián,Tapia,Ramos,1,Afirmativo,21217,Boletín N° 11092-07,2023-05-08 19:16:53,90,38,7,0,1,Quórum Simple,1,Aprobado,1,Proyecto de Ley,11092-07,Particular,"Artículo 32, contenido en el numeral 12) del artículo primero del proyecto, en los términos sugeridos por la Comisión de Constitución.
",Segundo Trámite,Primer Informe,1968-07-14,1,Masculino,10,2026-03-10 23:59:59,,True,IND,Independientes,IND
1176,Hotuiti,Teao,Drago,0,En Contra,21217,Boletín N° 11092-07,2023-05-08 19:16:53,90,38,7,0,1,Quórum Simple,1,Aprobado,1,Proyecto de Ley,11092-07,Particular,"Artículo 32, contenido en el numeral 12) del artículo primero del proyecto, en los términos sugeridos por la Comisión de Constitución.
",Segundo Trámite,Primer Informe,1977-08-01,1,Masculino,10,2026-03-10 23:59:59,,True,IND,Independientes,IND
1177,Carolina,Tello,Rojas,1,Afirmativo,21217,Boletín N° 11092-07,2023-05-08 19:16:53,90,38,7,0,1,Quórum Simple,1,Aprobado,1,Proyecto de Ley,11092-07,Particular,"Artículo 32, contenido en el numeral 12) del artículo primero del proyecto, en los términos sugeridos por la Comisión de Constitución.
",Segundo Trámite,Primer Informe,1985-10-01,0,Femenino,10,2026-03-10 23:59:59,,True,PC,Partido Comunista,PC
1178,Héctor,Ulloa,Aguilera,1,Afirmativo,21217,Boletín N° 11092-07,2023-05-08 19:16:53,90,38,7,0,1,Quórum Simple,1,Aprobado,1,Proyecto de Ley,11092-07,Particular,"Artículo 32, contenido en el numeral 12) del artículo primero del proyecto, en los términos sugeridos por la Comisión de Constitución.
",Segundo Trámite,Primer Informe,1969-08-06,1,Masculino,10,2026-03-10 23:59:59,,True,IND,Independientes,IND
1179,Alberto,Undurraga,Vicuña,1,Afirmativo,21217,Boletín N° 11092-07,2023-05-08 19:16:53,90,38,7,0,1,Quórum Simple,1,Aprobado,1,Proyecto de Ley,11092-07,Particular,"Artículo 32, contenido en el numeral 12) del artículo primero del proyecto, en los términos sugeridos por la Comisión de Constitución.
",Segundo Trámite,Primer Informe,1969-06-17,1,Masculino,10,2026-03-10 23:59:59,,True,DC,Partido Demócrata Cristiano,DC
1180,Consuelo,Veloso,Ávila,1,Afirmativo,21217,Boletín N° 11092-07,2023-05-08 19:16:53,90,38,7,0,1,Quórum Simple,1,Aprobado,1,Proyecto de Ley,11092-07,Particular,"Artículo 32, contenido en el numeral 12) del artículo primero del proyecto, en los términos sugeridos por la Comisión de Constitución.
",Segundo Trámite,Primer Informe,1994-02-11,0,Femenino,10,2026-03-10 23:59:59,,True,RD,Revolución Democrática,RD
1182,Sebastián,Videla,Castillo,1,Afirmativo,21217,Boletín N° 11092-07,2023-05-08 19:16:53,90,38,7,0,1,Quórum Simple,1,Aprobado,1,Proyecto de Ley,11092-07,Particular,"Artículo 32, contenido en el numeral 12) del artículo primero del proyecto, en los términos sugeridos por la Comisión de Constitución.
",Segundo Trámite,Primer Informe,1986-04-29,1,Masculino,10,2026-03-10 23:59:59,,True,IND,Independientes,IND
1183,Flor,Weisse,Novoa,0,En Contra,21217,Boletín N° 11092-07,2023-05-08 19:16:53,90,38,7,0,1,Quórum Simple,1,Aprobado,1,Proyecto de Ley,11092-07,Particular,"Artículo 32, contenido en el numeral 12) del artículo primero del proyecto, en los términos sugeridos por la Comisión de Constitución.
",Segundo Trámite,Primer Informe,1960-03-27,0,Femenino,10,2026-03-10 23:59:59,,True,UDI,Unión Demócrata Independiente,UDI
74,Jaime,Naranjo,Ortiz,1,Afirmativo,21217,Boletín N° 11092-07,2023-05-08 19:16:53,90,38,7,0,1,Quórum Simple,1,Aprobado,1,Proyecto de Ley,11092-07,Particular,"Artículo 32, contenido en el numeral 12) del artículo primero del proyecto, en los términos sugeridos por la Comisión de Constitución.
",Segundo Trámite,Primer Informe,1951-01-12,1,Masculino,10,2026-03-10 23:59:59,,True,PS,Partido Socialista,PS
803,René,Alinco,Bustos,1,Afirmativo,21217,Boletín N° 11092-07,2023-05-08 19:16:53,90,38,7,0,1,Quórum Simple,1,Aprobado,1,Proyecto de Ley,11092-07,Particular,"Artículo 32, contenido en el numeral 12) del artículo primero del proyecto, en los términos sugeridos por la Comisión de Constitución.
",Segundo Trámite,Primer Informe,1958-06-02,1,Masculino,10,2026-03-10 23:59:59,,True,IND,Independientes,IND
815,Sergio,Bobadilla,Muñoz,0,En Contra,21217,Boletín N° 11092-07,2023-05-08 19:16:53,90,38,7,0,1,Quórum Simple,1,Aprobado,1,Proyecto de Ley,11092-07,Particular,"Artículo 32, contenido en el numeral 12) del artículo primero del proyecto, en los términos sugeridos por la Comisión de Constitución.
",Segundo Trámite,Primer Informe,1958-03-25,1,Masculino,10,2026-03-10 23:59:59,,True,UDI,Unión Demócrata Independiente,UDI
917,Gastón,Von Mühlenbrock,Zamora,0,En Contra,21217,Boletín N° 11092-07,2023-05-08 19:16:53,90,38,7,0,1,Quórum Simple,1,Aprobado,1,Proyecto de Ley,11092-07,Particular,"Artículo 32, contenido en el numeral 12) del artículo primero del proyecto, en los términos sugeridos por la Comisión de Constitución.
",Segundo Trámite,Primer Informe,1954-12-26,1,Masculino,10,2026-03-10 23:59:59,,True,UDI,Unión Demócrata Independiente,UDI
948,Gaspar,Rivas,Sánchez,1,Afirmativo,21217,Boletín N° 11092-07,2023-05-08 19:16:53,90,38,7,0,1,Quórum Simple,1,Aprobado,1,Proyecto de Ley,11092-07,Particular,"Artículo 32, contenido en el numeral 12) del artículo primero del proyecto, en los términos sugeridos por la Comisión de Constitución.
",Segundo Trámite,Primer Informe,1978-05-17,1,Masculino,10,2026-03-10 23:59:59,,True,PDG,Partido de la Gente,PDG
953,Frank,Sauerbaum,Muñoz,1,Afirmativo,21217,Boletín N° 11092-07,2023-05-08 19:16:53,90,38,7,0,1,Quórum Simple,1,Aprobado,1,Proyecto de Ley,11092-07,Particular,"Artículo 32, contenido en el numeral 12) del artículo primero del proyecto, en los términos sugeridos por la Comisión de Constitución.
",Segundo Trámite,Primer Informe,1972-11-21,1,Masculino,10,2026-03-10 23:59:59,,True,RN,Renovación Nacional,RN
971,Bernardo,Berger,Fett,1,Afirmativo,21217,Boletín N° 11092-07,2023-05-08 19:16:53,90,38,7,0,1,Quórum Simple,1,Aprobado,1,Proyecto de Ley,11092-07,Particular,"Artículo 32, contenido en el numeral 12) del artículo primero del proyecto, en los términos sugeridos por la Comisión de Constitución.
",Segundo Trámite,Primer Informe,1946-10-04,1,Masculino,10,2026-03-10 23:59:59,,True,IND,Independientes,IND
973,Karol,Cariola,Oliva,1,Afirmativo,21217,Boletín N° 11092-07,2023-05-08 19:16:53,90,38,7,0,1,Quórum Simple,1,Aprobado,1,Proyecto de Ley,11092-07,Particular,"Artículo 32, contenido en el numeral 12) del artículo primero del proyecto, en los términos sugeridos por la Comisión de Constitución.
",Segundo Trámite,Primer Informe,1987-04-01,0,Femenino,10,2026-03-10 23:59:59,,True,PC,Partido Comunista,PC
975,Daniella,Cicardini,Milla,1,Afirmativo,21217,Boletín N° 11092-07,2023-05-08 19:16:53,90,38,7,0,1,Quórum Simple,1,Aprobado,1,Proyecto de Ley,11092-07,Particular,"Artículo 32, contenido en el numeral 12) del artículo primero del proyecto, en los términos sugeridos por la Comisión de Constitución.
",Segundo Trámite,Primer Informe,1987-12-31,0,Femenino,10,2026-03-10 23:59:59,,True,PS,Partido Socialista,PS
976,Juan Antonio,Coloma,Álamos,0,En Contra,21217,Boletín N° 11092-07,2023-05-08 19:16:53,90,38,7,0,1,Quórum Simple,1,Aprobado,1,Proyecto de Ley,11092-07,Particular,"Artículo 32, contenido en el numeral 12) del artículo primero del proyecto, en los términos sugeridos por la Comisión de Constitución.
",Segundo Trámite,Primer Informe,1980-03-14,1,Masculino,10,2026-03-10 23:59:59,,True,UDI,Unión Demócrata Independiente,UDI
990,Daniel,Melo,Contreras,1,Afirmativo,21217,Boletín N° 11092-07,2023-05-08 19:16:53,90,38,7,0,1,Quórum Simple,1,Aprobado,1,Proyecto de Ley,11092-07,Particular,"Artículo 32, contenido en el numeral 12) del artículo primero del proyecto, en los términos sugeridos por la Comisión de Constitución.
",Segundo Trámite,Primer Informe,1979-02-18,1,Masculino,10,2026-03-10 23:59:59,,True,PS,Partido Socialista,PS
991,Vlado,Mirosevic,Verdugo,1,Afirmativo,21217,Boletín N° 11092-07,2023-05-08 19:16:53,90,38,7,0,1,Quórum Simple,1,Aprobado,1,Proyecto de Ley,11092-07,Particular,"Artículo 32, contenido en el numeral 12) del artículo primero del proyecto, en los términos sugeridos por la Comisión de Constitución.
",Segundo Trámite,Primer Informe,1987-05-23,1,Masculino,10,2026-03-10 23:59:59,,True,PL,Partido Liberal de Chile,PL
999,Jorge,Rathgeb,Schifferli,1,Afirmativo,21217,Boletín N° 11092-07,2023-05-08 19:16:53,90,38,7,0,1,Quórum Simple,1,Aprobado,1,Proyecto de Ley,11092-07,Particular,"Artículo 32, contenido en el numeral 12) del artículo primero del proyecto, en los términos sugeridos por la Comisión de Constitución.
",Segundo Trámite,Primer Informe,1967-12-28,1,Masculino,10,2026-03-10 23:59:59,,True,RN,Renovación Nacional,RN
1002,Leonardo,Soto,Ferrada,1,Afirmativo,21218,Boletín N° 11092-07,2023-05-08 19:17:43,73,60,2,0,1,Quórum Simple,1,Aprobado,1,Proyecto de Ley,11092-07,Particular,"Letra b) del artículo 35, contenido en el numeral 12) del artículo primero del proyecto, en los términos sugeridos por la Comisión de Constitución.",Segundo Trámite,Primer Informe,1966-05-15,1,Masculino,10,2026-03-10 23:59:59,,True,PS,Partido Socialista,PS
1003,Renzo,Trisotti,Martínez,0,En Contra,21218,Boletín N° 11092-07,2023-05-08 19:17:43,73,60,2,0,1,Quórum Simple,1,Aprobado,1,Proyecto de Ley,11092-07,Particular,"Letra b) del artículo 35, contenido en el numeral 12) del artículo primero del proyecto, en los términos sugeridos por la Comisión de Constitución.",Segundo Trámite,Primer Informe,1976-03-15,1,Masculino,10,2026-03-10 23:59:59,,True,UDI,Unión Demócrata Independiente,UDI
1009,Jorge,Alessandri,Vergara,0,En Contra,21218,Boletín N° 11092-07,2023-05-08 19:17:43,73,60,2,0,1,Quórum Simple,1,Aprobado,1,Proyecto de Ley,11092-07,Particular,"Letra b) del artículo 35, contenido en el numeral 12) del artículo primero del proyecto, en los términos sugeridos por la Comisión de Constitución.",Segundo Trámite,Primer Informe,1979-06-08,1,Masculino,10,2026-03-10 23:59:59,,True,UDI,Unión Demócrata Independiente,UDI
1012,Boris,Barrera,Moreno,1,Afirmativo,21218,Boletín N° 11092-07,2023-05-08 19:17:43,73,60,2,0,1,Quórum Simple,1,Aprobado,1,Proyecto de Ley,11092-07,Particular,"Letra b) del artículo 35, contenido en el numeral 12) del artículo primero del proyecto, en los términos sugeridos por la Comisión de Constitución.",Segundo Trámite,Primer Informe,1970-05-03,1,Masculino,10,2026-03-10 23:59:59,,True,PC,Partido Comunista,PC
1013,Alejandro,Bernales,Maldonado,1,Afirmativo,21218,Boletín N° 11092-07,2023-05-08 19:17:43,73,60,2,0,1,Quórum Simple,1,Aprobado,1,Proyecto de Ley,11092-07,Particular,"Letra b) del artículo 35, contenido en el numeral 12) del artículo primero del proyecto, en los términos sugeridos por la Comisión de Constitución.",Segundo Trámite,Primer Informe,1979-02-02,1,Masculino,10,2026-03-10 23:59:59,,True,PL,Partido Liberal de Chile,PL
1016,Miguel Ángel,Calisto,Águila,1,Afirmativo,21218,Boletín N° 11092-07,2023-05-08 19:17:43,73,60,2,0,1,Quórum Simple,1,Aprobado,1,Proyecto de Ley,11092-07,Particular,"Letra b) del artículo 35, contenido en el numeral 12) del artículo primero del proyecto, en los términos sugeridos por la Comisión de Constitución.",Segundo Trámite,Primer Informe,1985-07-19,1,Masculino,10,2026-03-10 23:59:59,,True,IND,Independientes,IND
1017,Álvaro,Carter,Fernández,0,En Contra,21218,Boletín N° 11092-07,2023-05-08 19:17:43,73,60,2,0,1,Quórum Simple,1,Aprobado,1,Proyecto de Ley,11092-07,Particular,"Letra b) del artículo 35, contenido en el numeral 12) del artículo primero del proyecto, en los términos sugeridos por la Comisión de Constitución.",Segundo Trámite,Primer Informe,1980-10-09,1,Masculino,10,2026-03-10 23:59:59,,True,UDI,Unión Demócrata Independiente,UDI
1019,José Miguel,Castro,Bascuñán,0,En Contra,21218,Boletín N° 11092-07,2023-05-08 19:17:43,73,60,2,0,1,Quórum Simple,1,Aprobado,1,Proyecto de Ley,11092-07,Particular,"Letra b) del artículo 35, contenido en el numeral 12) del artículo primero del proyecto, en los términos sugeridos por la Comisión de Constitución.",Segundo Trámite,Primer Informe,1974-08-05,1,Masculino,10,2026-03-10 23:59:59,,True,RN,Renovación Nacional,RN
1021,Andrés,Celis,Montt,0,En Contra,21218,Boletín N° 11092-07,2023-05-08 19:17:43,73,60,2,0,1,Quórum Simple,1,Aprobado,1,Proyecto de Ley,11092-07,Particular,"Letra b) del artículo 35, contenido en el numeral 12) del artículo primero del proyecto, en los términos sugeridos por la Comisión de Constitución.",Segundo Trámite,Primer Informe,1975-04-08,1,Masculino,10,2026-03-10 23:59:59,,True,RN,Renovación Nacional,RN
1022,Sofía,Cid,Versalovic,0,En Contra,21218,Boletín N° 11092-07,2023-05-08 19:17:43,73,60,2,0,1,Quórum Simple,1,Aprobado,1,Proyecto de Ley,11092-07,Particular,"Letra b) del artículo 35, contenido en el numeral 12) del artículo primero del proyecto, en los términos sugeridos por la Comisión de Constitución.",Segundo Trámite,Primer Informe,1971-09-29,0,Femenino,10,2026-03-10 23:59:59,,True,RN,Renovación Nacional,RN
1025,Catalina,Del Real,Mihovilovic,0,En Contra,21218,Boletín N° 11092-07,2023-05-08 19:17:43,73,60,2,0,1,Quórum Simple,1,Aprobado,1,Proyecto de Ley,11092-07,Particular,"Letra b) del artículo 35, contenido en el numeral 12) del artículo primero del proyecto, en los términos sugeridos por la Comisión de Constitución.",Segundo Trámite,Primer Informe,1968-11-07,0,Femenino,10,2026-03-10 23:59:59,,True,RN,Renovación Nacional,RN
1028,Eduardo,Durán,Salinas,0,En Contra,21218,Boletín N° 11092-07,2023-05-08 19:17:43,73,60,2,0,1,Quórum Simple,1,Aprobado,1,Proyecto de Ley,11092-07,Particular,"Letra b) del artículo 35, contenido en el numeral 12) del artículo primero del proyecto, en los términos sugeridos por la Comisión de Constitución.",Segundo Trámite,Primer Informe,1972-01-01,1,Masculino,10,2026-03-10 23:59:59,,True,RN,Renovación Nacional,RN
1030,Camila,Flores,Oporto,0,En Contra,21218,Boletín N° 11092-07,2023-05-08 19:17:43,73,60,2,0,1,Quórum Simple,1,Aprobado,1,Proyecto de Ley,11092-07,Particular,"Letra b) del artículo 35, contenido en el numeral 12) del artículo primero del proyecto, en los términos sugeridos por la Comisión de Constitución.",Segundo Trámite,Primer Informe,1987-02-09,0,Femenino,10,2026-03-10 23:59:59,,True,RN,Renovación Nacional,RN
1034,Félix,González,Gatica,1,Afirmativo,21218,Boletín N° 11092-07,2023-05-08 19:17:43,73,60,2,0,1,Quórum Simple,1,Aprobado,1,Proyecto de Ley,11092-07,Particular,"Letra b) del artículo 35, contenido en el numeral 12) del artículo primero del proyecto, en los términos sugeridos por la Comisión de Constitución.",Segundo Trámite,Primer Informe,1972-05-26,1,Masculino,10,2026-03-10 23:59:59,,True,PEV,Partido Ecologista Verde,PEV
1035,Carmen,Hertz,Cádiz,1,Afirmativo,21218,Boletín N° 11092-07,2023-05-08 19:17:43,73,60,2,0,1,Quórum Simple,1,Aprobado,1,Proyecto de Ley,11092-07,Particular,"Letra b) del artículo 35, contenido en el numeral 12) del artículo primero del proyecto, en los términos sugeridos por la Comisión de Constitución.",Segundo Trámite,Primer Informe,1945-06-19,0,Femenino,10,2026-03-10 23:59:59,,True,PC,Partido Comunista,PC
1036,Tomás,Hirsch,Goldschmidt,1,Afirmativo,21218,Boletín N° 11092-07,2023-05-08 19:17:43,73,60,2,0,1,Quórum Simple,1,Aprobado,1,Proyecto de Ley,11092-07,Particular,"Letra b) del artículo 35, contenido en el numeral 12) del artículo primero del proyecto, en los términos sugeridos por la Comisión de Constitución.",Segundo Trámite,Primer Informe,1956-07-19,1,Masculino,10,2026-03-10 23:59:59,,True,PAH,Partido Acción Humanista,PAH
1037,Diego,Ibáñez,Cotroneo,1,Afirmativo,21218,Boletín N° 11092-07,2023-05-08 19:17:43,73,60,2,0,1,Quórum Simple,1,Aprobado,1,Proyecto de Ley,11092-07,Particular,"Letra b) del artículo 35, contenido en el numeral 12) del artículo primero del proyecto, en los términos sugeridos por la Comisión de Constitución.",Segundo Trámite,Primer Informe,1989-01-25,1,Masculino,10,2026-03-10 23:59:59,,True,PCS,Partido Convergencia Social,PCS
1038,Marcos,Ilabaca,Cerda,1,Afirmativo,21218,Boletín N° 11092-07,2023-05-08 19:17:43,73,60,2,0,1,Quórum Simple,1,Aprobado,1,Proyecto de Ley,11092-07,Particular,"Letra b) del artículo 35, contenido en el numeral 12) del artículo primero del proyecto, en los términos sugeridos por la Comisión de Constitución.",Segundo Trámite,Primer Informe,1970-10-05,1,Masculino,10,2026-03-10 23:59:59,,True,PS,Partido Socialista,PS
1040,Harry,Jürgensen,Rundshagen,0,En Contra,21218,Boletín N° 11092-07,2023-05-08 19:17:43,73,60,2,0,1,Quórum Simple,1,Aprobado,1,Proyecto de Ley,11092-07,Particular,"Letra b) del artículo 35, contenido en el numeral 12) del artículo primero del proyecto, en los términos sugeridos por la Comisión de Constitución.",Segundo Trámite,Primer Informe,1968-09-03,1,Masculino,10,2026-03-10 23:59:59,,True,IND,Independientes,IND
1044,Raúl,Leiva,Carvajal,1,Afirmativo,21218,Boletín N° 11092-07,2023-05-08 19:17:43,73,60,2,0,1,Quórum Simple,1,Aprobado,1,Proyecto de Ley,11092-07,Particular,"Letra b) del artículo 35, contenido en el numeral 12) del artículo primero del proyecto, en los términos sugeridos por la Comisión de Constitución.",Segundo Trámite,Primer Informe,1974-03-24,1,Masculino,10,2026-03-10 23:59:59,,True,PS,Partido Socialista,PS
1046,Andrés,Longton,Herrera,0,En Contra,21218,Boletín N° 11092-07,2023-05-08 19:17:43,73,60,2,0,1,Quórum Simple,1,Aprobado,1,Proyecto de Ley,11092-07,Particular,"Letra b) del artículo 35, contenido en el numeral 12) del artículo primero del proyecto, en los términos sugeridos por la Comisión de Constitución.",Segundo Trámite,Primer Informe,1982-05-26,1,Masculino,10,2026-03-10 23:59:59,,True,RN,Renovación Nacional,RN
1048,Carolina,Marzán,Pinto,1,Afirmativo,21218,Boletín N° 11092-07,2023-05-08 19:17:43,73,60,2,0,1,Quórum Simple,1,Aprobado,1,Proyecto de Ley,11092-07,Particular,"Letra b) del artículo 35, contenido en el numeral 12) del artículo primero del proyecto, en los términos sugeridos por la Comisión de Constitución.",Segundo Trámite,Primer Informe,1963-12-22,0,Femenino,10,2026-03-10 23:59:59,,True,PPD,Partido Por la Democracia,PPD
1049,Cosme,Mellado,Pino,1,Afirmativo,21218,Boletín N° 11092-07,2023-05-08 19:17:43,73,60,2,0,1,Quórum Simple,1,Aprobado,1,Proyecto de Ley,11092-07,Particular,"Letra b) del artículo 35, contenido en el numeral 12) del artículo primero del proyecto, en los términos sugeridos por la Comisión de Constitución.",Segundo Trámite,Primer Informe,1960-02-24,1,Masculino,10,2026-03-10 23:59:59,,True,PR,Partido Radical de Chile,PR
1050,Miguel,Mellado,Suazo,0,En Contra,21218,Boletín N° 11092-07,2023-05-08 19:17:43,73,60,2,0,1,Quórum Simple,1,Aprobado,1,Proyecto de Ley,11092-07,Particular,"Letra b) del artículo 35, contenido en el numeral 12) del artículo primero del proyecto, en los términos sugeridos por la Comisión de Constitución.",Segundo Trámite,Primer Informe,1958-12-29,1,Masculino,10,2026-03-10 23:59:59,,True,RN,Renovación Nacional,RN
1054,Francesca,Muñoz,González,2,Abstención,21218,Boletín N° 11092-07,2023-05-08 19:17:43,73,60,2,0,1,Quórum Simple,1,Aprobado,1,Proyecto de Ley,11092-07,Particular,"Letra b) del artículo 35, contenido en el numeral 12) del artículo primero del proyecto, en los términos sugeridos por la Comisión de Constitución.",Segundo Trámite,Primer Informe,1980-03-07,0,Femenino,10,2026-03-10 23:59:59,,True,IND,Independientes,IND
1056,Emilia,Nuyado,Ancapichun,1,Afirmativo,21218,Boletín N° 11092-07,2023-05-08 19:17:43,73,60,2,0,1,Quórum Simple,1,Aprobado,1,Proyecto de Ley,11092-07,Particular,"Letra b) del artículo 35, contenido en el numeral 12) del artículo primero del proyecto, en los términos sugeridos por la Comisión de Constitución.",Segundo Trámite,Primer Informe,1968-08-17,0,Femenino,10,2026-03-10 23:59:59,,True,PS,Partido Socialista,PS
1057,Erika,Olivera,De La Fuente,1,Afirmativo,21218,Boletín N° 11092-07,2023-05-08 19:17:43,73,60,2,0,1,Quórum Simple,1,Aprobado,1,Proyecto de Ley,11092-07,Particular,"Letra b) del artículo 35, contenido en el numeral 12) del artículo primero del proyecto, en los términos sugeridos por la Comisión de Constitución.",Segundo Trámite,Primer Informe,1976-01-04,0,Femenino,10,2026-03-10 23:59:59,,True,IND,Independientes,IND
1058,Maite,Orsini,Pascal,1,Afirmativo,21218,Boletín N° 11092-07,2023-05-08 19:17:43,73,60,2,0,1,Quórum Simple,1,Aprobado,1,Proyecto de Ley,11092-07,Particular,"Letra b) del artículo 35, contenido en el numeral 12) del artículo primero del proyecto, en los términos sugeridos por la Comisión de Constitución.",Segundo Trámite,Primer Informe,1988-02-23,0,Femenino,10,2026-03-10 23:59:59,,True,RD,Revolución Democrática,RD
1059,Ximena,Ossandón,Irarrázabal,0,En Contra,21218,Boletín N° 11092-07,2023-05-08 19:17:43,73,60,2,0,1,Quórum Simple,1,Aprobado,1,Proyecto de Ley,11092-07,Particular,"Letra b) del artículo 35, contenido en el numeral 12) del artículo primero del proyecto, en los términos sugeridos por la Comisión de Constitución.",Segundo Trámite,Primer Informe,1963-12-13,0,Femenino,10,2026-03-10 23:59:59,,True,RN,Renovación Nacional,RN
1062,Joanna,Pérez,Olea,1,Afirmativo,21218,Boletín N° 11092-07,2023-05-08 19:17:43,73,60,2,0,1,Quórum Simple,1,Aprobado,1,Proyecto de Ley,11092-07,Particular,"Letra b) del artículo 35, contenido en el numeral 12) del artículo primero del proyecto, en los términos sugeridos por la Comisión de Constitución.",Segundo Trámite,Primer Informe,1976-04-01,0,Femenino,10,2026-03-10 23:59:59,,True,IND,Independientes,IND
1065,Guillermo,Ramírez,Diez,0,En Contra,21218,Boletín N° 11092-07,2023-05-08 19:17:43,73,60,2,0,1,Quórum Simple,1,Aprobado,1,Proyecto de Ley,11092-07,Particular,"Letra b) del artículo 35, contenido en el numeral 12) del artículo primero del proyecto, en los términos sugeridos por la Comisión de Constitución.",Segundo Trámite,Primer Informe,1979-04-16,1,Masculino,10,2026-03-10 23:59:59,,True,UDI,Unión Demócrata Independiente,UDI
1067,Hugo,Rey,Martínez,0,En Contra,21218,Boletín N° 11092-07,2023-05-08 19:17:43,73,60,2,0,1,Quórum Simple,1,Aprobado,1,Proyecto de Ley,11092-07,Particular,"Letra b) del artículo 35, contenido en el numeral 12) del artículo primero del proyecto, en los términos sugeridos por la Comisión de Constitución.",Segundo Trámite,Primer Informe,1973-12-06,1,Masculino,10,2026-03-10 23:59:59,,True,RN,Renovación Nacional,RN
1068,Camila,Rojas,Valderrama,1,Afirmativo,21218,Boletín N° 11092-07,2023-05-08 19:17:43,73,60,2,0,1,Quórum Simple,1,Aprobado,1,Proyecto de Ley,11092-07,Particular,"Letra b) del artículo 35, contenido en el numeral 12) del artículo primero del proyecto, en los términos sugeridos por la Comisión de Constitución.",Segundo Trámite,Primer Informe,1991-03-11,0,Femenino,10,2026-03-10 23:59:59,,True,COMUNES,Partido Comunes,COMUNES
1073,Juan,Santana,Castillo,1,Afirmativo,21218,Boletín N° 11092-07,2023-05-08 19:17:43,73,60,2,0,1,Quórum Simple,1,Aprobado,1,Proyecto de Ley,11092-07,Particular,"Letra b) del artículo 35, contenido en el numeral 12) del artículo primero del proyecto, en los términos sugeridos por la Comisión de Constitución.",Segundo Trámite,Primer Informe,1989-09-20,1,Masculino,10,2026-03-10 23:59:59,,True,PS,Partido Socialista,PS
1076,Alexis,Sepúlveda,Soto,1,Afirmativo,21218,Boletín N° 11092-07,2023-05-08 19:17:43,73,60,2,0,1,Quórum Simple,1,Aprobado,1,Proyecto de Ley,11092-07,Particular,"Letra b) del artículo 35, contenido en el numeral 12) del artículo primero del proyecto, en los términos sugeridos por la Comisión de Constitución.",Segundo Trámite,Primer Informe,1969-12-29,1,Masculino,10,2026-03-10 23:59:59,,True,PR,Partido Radical de Chile,PR
1077,Raúl,Soto,Mardones,1,Afirmativo,21218,Boletín N° 11092-07,2023-05-08 19:17:43,73,60,2,0,1,Quórum Simple,1,Aprobado,1,Proyecto de Ley,11092-07,Particular,"Letra b) del artículo 35, contenido en el numeral 12) del artículo primero del proyecto, en los términos sugeridos por la Comisión de Constitución.",Segundo Trámite,Primer Informe,1987-11-20,1,Masculino,10,2026-03-10 23:59:59,,True,PPD,Partido Por la Democracia,PPD
1081,Francisco,Undurraga,Gazitúa,0,En Contra,21218,Boletín N° 11092-07,2023-05-08 19:17:43,73,60,2,0,1,Quórum Simple,1,Aprobado,1,Proyecto de Ley,11092-07,Particular,"Letra b) del artículo 35, contenido en el numeral 12) del artículo primero del proyecto, en los términos sugeridos por la Comisión de Constitución.",Segundo Trámite,Primer Informe,1965-09-29,1,Masculino,10,2026-03-10 23:59:59,,True,EVOP,Evolución Política,EVOP
1082,Cristóbal,Urruticoechea,Ríos,0,En Contra,21218,Boletín N° 11092-07,2023-05-08 19:17:43,73,60,2,0,1,Quórum Simple,1,Aprobado,1,Proyecto de Ley,11092-07,Particular,"Letra b) del artículo 35, contenido en el numeral 12) del artículo primero del proyecto, en los términos sugeridos por la Comisión de Constitución.",Segundo Trámite,Primer Informe,1975-11-21,1,Masculino,10,2026-03-10 23:59:59,,True,PREP,Partido Republicano,PREP
1086,Gonzalo,Winter,Etcheberry,1,Afirmativo,21218,Boletín N° 11092-07,2023-05-08 19:17:43,73,60,2,0,1,Quórum Simple,1,Aprobado,1,Proyecto de Ley,11092-07,Particular,"Letra b) del artículo 35, contenido en el numeral 12) del artículo primero del proyecto, en los términos sugeridos por la Comisión de Constitución.",Segundo Trámite,Primer Informe,1987-01-06,1,Masculino,10,2026-03-10 23:59:59,,True,PCS,Partido Convergencia Social,PCS
1087,Gael,Yeomans,Araya,1,Afirmativo,21218,Boletín N° 11092-07,2023-05-08 19:17:43,73,60,2,0,1,Quórum Simple,1,Aprobado,1,Proyecto de Ley,11092-07,Particular,"Letra b) del artículo 35, contenido en el numeral 12) del artículo primero del proyecto, en los términos sugeridos por la Comisión de Constitución.",Segundo Trámite,Primer Informe,1988-12-04,0,Femenino,10,2026-03-10 23:59:59,,True,PCS,Partido Convergencia Social,PCS
1094,Cristian,Labbé,Martínez,0,En Contra,21218,Boletín N° 11092-07,2023-05-08 19:17:43,73,60,2,0,1,Quórum Simple,1,Aprobado,1,Proyecto de Ley,11092-07,Particular,"Letra b) del artículo 35, contenido en el numeral 12) del artículo primero del proyecto, en los términos sugeridos por la Comisión de Constitución.",Segundo Trámite,Primer Informe,1980-03-06,1,Masculino,10,2026-03-10 23:59:59,,True,UDI,Unión Demócrata Independiente,UDI
1096,María Candelaria,Acevedo,Sáez,1,Afirmativo,21218,Boletín N° 11092-07,2023-05-08 19:17:43,73,60,2,0,1,Quórum Simple,1,Aprobado,1,Proyecto de Ley,11092-07,Particular,"Letra b) del artículo 35, contenido en el numeral 12) del artículo primero del proyecto, en los términos sugeridos por la Comisión de Constitución.",Segundo Trámite,Primer Informe,1958-09-12,0,Femenino,10,2026-03-10 23:59:59,,True,PC,Partido Comunista,PC
1097,Eric,Aedo,Jeldres,1,Afirmativo,21218,Boletín N° 11092-07,2023-05-08 19:17:43,73,60,2,0,1,Quórum Simple,1,Aprobado,1,Proyecto de Ley,11092-07,Particular,"Letra b) del artículo 35, contenido en el numeral 12) del artículo primero del proyecto, en los términos sugeridos por la Comisión de Constitución.",Segundo Trámite,Primer Informe,1968-07-13,1,Masculino,10,2026-03-10 23:59:59,,True,DC,Partido Demócrata Cristiano,DC
1098,Yovana,Ahumada,Palma,0,En Contra,21218,Boletín N° 11092-07,2023-05-08 19:17:43,73,60,2,0,1,Quórum Simple,1,Aprobado,1,Proyecto de Ley,11092-07,Particular,"Letra b) del artículo 35, contenido en el numeral 12) del artículo primero del proyecto, en los términos sugeridos por la Comisión de Constitución.",Segundo Trámite,Primer Informe,1973-02-24,0,Femenino,10,2026-03-10 23:59:59,,True,IND,Independientes,IND
1099,Jaime,Araya,Guerrero,1,Afirmativo,21218,Boletín N° 11092-07,2023-05-08 19:17:43,73,60,2,0,1,Quórum Simple,1,Aprobado,1,Proyecto de Ley,11092-07,Particular,"Letra b) del artículo 35, contenido en el numeral 12) del artículo primero del proyecto, en los términos sugeridos por la Comisión de Constitución.",Segundo Trámite,Primer Informe,1976-02-04,1,Masculino,10,2026-03-10 23:59:59,,True,IND,Independientes,IND
1100,Cristián,Araya,Lerdo de Tejada,0,En Contra,21218,Boletín N° 11092-07,2023-05-08 19:17:43,73,60,2,0,1,Quórum Simple,1,Aprobado,1,Proyecto de Ley,11092-07,Particular,"Letra b) del artículo 35, contenido en el numeral 12) del artículo primero del proyecto, en los términos sugeridos por la Comisión de Constitución.",Segundo Trámite,Primer Informe,1988-09-30,1,Masculino,10,2026-03-10 23:59:59,,True,PREP,Partido Republicano,PREP
1101,Mónica,Arce,Castro,1,Afirmativo,21218,Boletín N° 11092-07,2023-05-08 19:17:43,73,60,2,0,1,Quórum Simple,1,Aprobado,1,Proyecto de Ley,11092-07,Particular,"Letra b) del artículo 35, contenido en el numeral 12) del artículo primero del proyecto, en los términos sugeridos por la Comisión de Constitución.",Segundo Trámite,Primer Informe,1976-03-02,0,Femenino,10,2026-03-10 23:59:59,,True,IND,Independientes,IND
1102,Roberto,Arroyo,Muñoz,0,En Contra,21218,Boletín N° 11092-07,2023-05-08 19:17:43,73,60,2,0,1,Quórum Simple,1,Aprobado,1,Proyecto de Ley,11092-07,Particular,"Letra b) del artículo 35, contenido en el numeral 12) del artículo primero del proyecto, en los términos sugeridos por la Comisión de Constitución.",Segundo Trámite,Primer Informe,1963-11-29,1,Masculino,10,2026-03-10 23:59:59,,True,PDG,Partido de la Gente,PDG
1103,Danisa,Astudillo,Peiretti,1,Afirmativo,21218,Boletín N° 11092-07,2023-05-08 19:17:43,73,60,2,0,1,Quórum Simple,1,Aprobado,1,Proyecto de Ley,11092-07,Particular,"Letra b) del artículo 35, contenido en el numeral 12) del artículo primero del proyecto, en los términos sugeridos por la Comisión de Constitución.",Segundo Trámite,Primer Informe,1975-05-03,0,Femenino,10,2026-03-10 23:59:59,,True,PS,Partido Socialista,PS
1104,Chiara,Barchiesi,Chávez,0,En Contra,21218,Boletín N° 11092-07,2023-05-08 19:17:43,73,60,2,0,1,Quórum Simple,1,Aprobado,1,Proyecto de Ley,11092-07,Particular,"Letra b) del artículo 35, contenido en el numeral 12) del artículo primero del proyecto, en los términos sugeridos por la Comisión de Constitución.",Segundo Trámite,Primer Informe,1996-12-22,0,Femenino,10,2026-03-10 23:59:59,,True,PREP,Partido Republicano,PREP
1105,Héctor,Barría,Angulo,1,Afirmativo,21218,Boletín N° 11092-07,2023-05-08 19:17:43,73,60,2,0,1,Quórum Simple,1,Aprobado,1,Proyecto de Ley,11092-07,Particular,"Letra b) del artículo 35, contenido en el numeral 12) del artículo primero del proyecto, en los términos sugeridos por la Comisión de Constitución.",Segundo Trámite,Primer Informe,1980-04-24,1,Masculino,10,2026-03-10 23:59:59,,True,DC,Partido Demócrata Cristiano,DC
1106,Miguel Ángel,Becker,Alvear,0,En Contra,21218,Boletín N° 11092-07,2023-05-08 19:17:43,73,60,2,0,1,Quórum Simple,1,Aprobado,1,Proyecto de Ley,11092-07,Particular,"Letra b) del artículo 35, contenido en el numeral 12) del artículo primero del proyecto, en los términos sugeridos por la Comisión de Constitución.",Segundo Trámite,Primer Informe,1960-10-07,1,Masculino,10,2026-03-10 23:59:59,,True,RN,Renovación Nacional,RN
1107,María Francisca,Bello,Campos,1,Afirmativo,21218,Boletín N° 11092-07,2023-05-08 19:17:43,73,60,2,0,1,Quórum Simple,1,Aprobado,1,Proyecto de Ley,11092-07,Particular,"Letra b) del artículo 35, contenido en el numeral 12) del artículo primero del proyecto, en los términos sugeridos por la Comisión de Constitución.",Segundo Trámite,Primer Informe,1987-09-17,0,Femenino,10,2026-03-10 23:59:59,,True,PCS,Partido Convergencia Social,PCS
1108,Juan Carlos,Beltrán,Silva,0,En Contra,21218,Boletín N° 11092-07,2023-05-08 19:17:43,73,60,2,0,1,Quórum Simple,1,Aprobado,1,Proyecto de Ley,11092-07,Particular,"Letra b) del artículo 35, contenido en el numeral 12) del artículo primero del proyecto, en los términos sugeridos por la Comisión de Constitución.",Segundo Trámite,Primer Informe,1962-12-19,1,Masculino,10,2026-03-10 23:59:59,,True,RN,Renovación Nacional,RN
1109,Gustavo,Benavente,Vergara,0,En Contra,21218,Boletín N° 11092-07,2023-05-08 19:17:43,73,60,2,0,1,Quórum Simple,1,Aprobado,1,Proyecto de Ley,11092-07,Particular,"Letra b) del artículo 35, contenido en el numeral 12) del artículo primero del proyecto, en los términos sugeridos por la Comisión de Constitución.",Segundo Trámite,Primer Informe,1966-08-13,1,Masculino,10,2026-03-10 23:59:59,,True,UDI,Unión Demócrata Independiente,UDI
1110,Carlos,Bianchi,Chelech,1,Afirmativo,21218,Boletín N° 11092-07,2023-05-08 19:17:43,73,60,2,0,1,Quórum Simple,1,Aprobado,1,Proyecto de Ley,11092-07,Particular,"Letra b) del artículo 35, contenido en el numeral 12) del artículo primero del proyecto, en los términos sugeridos por la Comisión de Constitución.",Segundo Trámite,Primer Informe,1960-11-04,1,Masculino,10,2026-03-10 23:59:59,,True,IND,Independientes,IND
1111,Fernando,Bórquez,Montecinos,0,En Contra,21218,Boletín N° 11092-07,2023-05-08 19:17:43,73,60,2,0,1,Quórum Simple,1,Aprobado,1,Proyecto de Ley,11092-07,Particular,"Letra b) del artículo 35, contenido en el numeral 12) del artículo primero del proyecto, en los términos sugeridos por la Comisión de Constitución.",Segundo Trámite,Primer Informe,1968-06-06,1,Masculino,10,2026-03-10 23:59:59,,True,UDI,Unión Demócrata Independiente,UDI
1112,Ana María,Bravo,Castro,1,Afirmativo,21218,Boletín N° 11092-07,2023-05-08 19:17:43,73,60,2,0,1,Quórum Simple,1,Aprobado,1,Proyecto de Ley,11092-07,Particular,"Letra b) del artículo 35, contenido en el numeral 12) del artículo primero del proyecto, en los términos sugeridos por la Comisión de Constitución.",Segundo Trámite,Primer Informe,1973-12-03,0,Femenino,10,2026-03-10 23:59:59,,True,PS,Partido Socialista,PS
1113,Marta,Bravo,Salinas,0,En Contra,21218,Boletín N° 11092-07,2023-05-08 19:17:43,73,60,2,0,1,Quórum Simple,1,Aprobado,1,Proyecto de Ley,11092-07,Particular,"Letra b) del artículo 35, contenido en el numeral 12) del artículo primero del proyecto, en los términos sugeridos por la Comisión de Constitución.",Segundo Trámite,Primer Informe,1976-02-25,0,Femenino,10,2026-03-10 23:59:59,,True,UDI,Unión Demócrata Independiente,UDI
1114,Félix,Bugueño,Sotelo,1,Afirmativo,21218,Boletín N° 11092-07,2023-05-08 19:17:43,73,60,2,0,1,Quórum Simple,1,Aprobado,1,Proyecto de Ley,11092-07,Particular,"Letra b) del artículo 35, contenido en el numeral 12) del artículo primero del proyecto, en los términos sugeridos por la Comisión de Constitución.",Segundo Trámite,Primer Informe,1973-05-18,1,Masculino,10,2026-03-10 23:59:59,,True,FRVS,Federación Regionalista Verde Social,FRVS
1115,Mercedes,Bulnes,Núñez,1,Afirmativo,21218,Boletín N° 11092-07,2023-05-08 19:17:43,73,60,2,0,1,Quórum Simple,1,Aprobado,1,Proyecto de Ley,11092-07,Particular,"Letra b) del artículo 35, contenido en el numeral 12) del artículo primero del proyecto, en los términos sugeridos por la Comisión de Constitución.",Segundo Trámite,Primer Informe,1950-06-06,0,Femenino,10,2024-11-22 00:00:00,,True,IND,Independientes,IND
1116,Felipe,Camaño,Cárdenas,1,Afirmativo,21218,Boletín N° 11092-07,2023-05-08 19:17:43,73,60,2,0,1,Quórum Simple,1,Aprobado,1,Proyecto de Ley,11092-07,Particular,"Letra b) del artículo 35, contenido en el numeral 12) del artículo primero del proyecto, en los términos sugeridos por la Comisión de Constitución.",Segundo Trámite,Primer Informe,1991-08-21,1,Masculino,10,2026-03-10 23:59:59,,True,IND,Independientes,IND
1117,Nathalie,Castillo,Rojas,1,Afirmativo,21218,Boletín N° 11092-07,2023-05-08 19:17:43,73,60,2,0,1,Quórum Simple,1,Aprobado,1,Proyecto de Ley,11092-07,Particular,"Letra b) del artículo 35, contenido en el numeral 12) del artículo primero del proyecto, en los términos sugeridos por la Comisión de Constitución.",Segundo Trámite,Primer Informe,1983-07-02,0,Femenino,10,2026-03-10 23:59:59,,True,PC,Partido Comunista,PC
1118,Ricardo,Cifuentes,Lillo,1,Afirmativo,21218,Boletín N° 11092-07,2023-05-08 19:17:43,73,60,2,0,1,Quórum Simple,1,Aprobado,1,Proyecto de Ley,11092-07,Particular,"Letra b) del artículo 35, contenido en el numeral 12) del artículo primero del proyecto, en los términos sugeridos por la Comisión de Constitución.",Segundo Trámite,Primer Informe,1962-09-12,1,Masculino,10,2026-03-10 23:59:59,,True,DC,Partido Demócrata Cristiano,DC
1119,Sara,Concha,Smith,0,En Contra,21218,Boletín N° 11092-07,2023-05-08 19:17:43,73,60,2,0,1,Quórum Simple,1,Aprobado,1,Proyecto de Ley,11092-07,Particular,"Letra b) del artículo 35, contenido en el numeral 12) del artículo primero del proyecto, en los términos sugeridos por la Comisión de Constitución.",Segundo Trámite,Primer Informe,1995-09-09,0,Femenino,10,2026-03-10 23:59:59,,True,PSC,Partido Social Cristiano,PSC
1120,María Luisa,Cordero,Velásquez,0,En Contra,21218,Boletín N° 11092-07,2023-05-08 19:17:43,73,60,2,0,1,Quórum Simple,1,Aprobado,1,Proyecto de Ley,11092-07,Particular,"Letra b) del artículo 35, contenido en el numeral 12) del artículo primero del proyecto, en los términos sugeridos por la Comisión de Constitución.",Segundo Trámite,Primer Informe,1943-01-23,0,Femenino,10,2026-03-10 23:59:59,,True,IND,Independientes,IND
1121,Eduardo,Cornejo,Lagos,0,En Contra,21218,Boletín N° 11092-07,2023-05-08 19:17:43,73,60,2,0,1,Quórum Simple,1,Aprobado,1,Proyecto de Ley,11092-07,Particular,"Letra b) del artículo 35, contenido en el numeral 12) del artículo primero del proyecto, en los términos sugeridos por la Comisión de Constitución.",Segundo Trámite,Primer Informe,1972-01-12,1,Masculino,10,2026-03-10 23:59:59,,True,UDI,Unión Demócrata Independiente,UDI
1122,Luis Alberto,Cuello,Peña y Lillo,1,Afirmativo,21218,Boletín N° 11092-07,2023-05-08 19:17:43,73,60,2,0,1,Quórum Simple,1,Aprobado,1,Proyecto de Ley,11092-07,Particular,"Letra b) del artículo 35, contenido en el numeral 12) del artículo primero del proyecto, en los términos sugeridos por la Comisión de Constitución.",Segundo Trámite,Primer Informe,1977-01-24,1,Masculino,10,2026-03-10 23:59:59,,True,PC,Partido Comunista,PC
1123,Gonzalo,De la Carrera,Correa,0,En Contra,21218,Boletín N° 11092-07,2023-05-08 19:17:43,73,60,2,0,1,Quórum Simple,1,Aprobado,1,Proyecto de Ley,11092-07,Particular,"Letra b) del artículo 35, contenido en el numeral 12) del artículo primero del proyecto, en los términos sugeridos por la Comisión de Constitución.",Segundo Trámite,Primer Informe,1962-01-13,1,Masculino,10,2026-03-10 23:59:59,,True,IND,Independientes,IND
1124,Tomás,De Rementería,Venegas,1,Afirmativo,21218,Boletín N° 11092-07,2023-05-08 19:17:43,73,60,2,0,1,Quórum Simple,1,Aprobado,1,Proyecto de Ley,11092-07,Particular,"Letra b) del artículo 35, contenido en el numeral 12) del artículo primero del proyecto, en los términos sugeridos por la Comisión de Constitución.",Segundo Trámite,Primer Informe,1987-03-17,1,Masculino,10,2025-05-05 23:59:59,,True,PS,Partido Socialista,PS
1125,Viviana,Delgado,Riquelme,1,Afirmativo,21218,Boletín N° 11092-07,2023-05-08 19:17:43,73,60,2,0,1,Quórum Simple,1,Aprobado,1,Proyecto de Ley,11092-07,Particular,"Letra b) del artículo 35, contenido en el numeral 12) del artículo primero del proyecto, en los términos sugeridos por la Comisión de Constitución.",Segundo Trámite,Primer Informe,1973-09-04,0,Femenino,10,2026-03-10 23:59:59,,True,IND,Independientes,IND
1126,Felipe,Donoso,Castro,0,En Contra,21218,Boletín N° 11092-07,2023-05-08 19:17:43,73,60,2,0,1,Quórum Simple,1,Aprobado,1,Proyecto de Ley,11092-07,Particular,"Letra b) del artículo 35, contenido en el numeral 12) del artículo primero del proyecto, en los términos sugeridos por la Comisión de Constitución.",Segundo Trámite,Primer Informe,1982-12-12,1,Masculino,10,2026-03-10 23:59:59,,True,UDI,Unión Demócrata Independiente,UDI
1127,Lorena,Fries,Monleón,1,Afirmativo,21218,Boletín N° 11092-07,2023-05-08 19:17:43,73,60,2,0,1,Quórum Simple,1,Aprobado,1,Proyecto de Ley,11092-07,Particular,"Letra b) del artículo 35, contenido en el numeral 12) del artículo primero del proyecto, en los términos sugeridos por la Comisión de Constitución.",Segundo Trámite,Primer Informe,1960-04-01,0,Femenino,10,2026-03-10 23:59:59,,True,PCS,Partido Convergencia Social,PCS
1128,Ana María,Gazmuri,Vieira,1,Afirmativo,21218,Boletín N° 11092-07,2023-05-08 19:17:43,73,60,2,0,1,Quórum Simple,1,Aprobado,1,Proyecto de Ley,11092-07,Particular,"Letra b) del artículo 35, contenido en el numeral 12) del artículo primero del proyecto, en los términos sugeridos por la Comisión de Constitución.",Segundo Trámite,Primer Informe,1966-01-22,0,Femenino,10,2026-03-10 23:59:59,,True,PAH,Partido Acción Humanista,PAH
1129,Andrés,Giordano,Salazar,1,Afirmativo,21218,Boletín N° 11092-07,2023-05-08 19:17:43,73,60,2,0,1,Quórum Simple,1,Aprobado,1,Proyecto de Ley,11092-07,Particular,"Letra b) del artículo 35, contenido en el numeral 12) del artículo primero del proyecto, en los términos sugeridos por la Comisión de Constitución.",Segundo Trámite,Primer Informe,1986-12-29,1,Masculino,10,2026-03-10 23:59:59,,True,IND,Independientes,IND
1131,Mauro,González,Villarroel,0,En Contra,21218,Boletín N° 11092-07,2023-05-08 19:17:43,73,60,2,0,1,Quórum Simple,1,Aprobado,1,Proyecto de Ley,11092-07,Particular,"Letra b) del artículo 35, contenido en el numeral 12) del artículo primero del proyecto, en los términos sugeridos por la Comisión de Constitución.",Segundo Trámite,Primer Informe,1985-05-25,1,Masculino,10,2026-03-10 23:59:59,,True,RN,Renovación Nacional,RN
1132,Jorge,Guzmán,Zepeda,0,En Contra,21218,Boletín N° 11092-07,2023-05-08 19:17:43,73,60,2,0,1,Quórum Simple,1,Aprobado,1,Proyecto de Ley,11092-07,Particular,"Letra b) del artículo 35, contenido en el numeral 12) del artículo primero del proyecto, en los términos sugeridos por la Comisión de Constitución.",Segundo Trámite,Primer Informe,1985-06-11,1,Masculino,10,2026-03-10 23:59:59,,True,EVOP,Evolución Política,EVOP
1133,Juan,Irarrázaval,Rossel,0,En Contra,21218,Boletín N° 11092-07,2023-05-08 19:17:43,73,60,2,0,1,Quórum Simple,1,Aprobado,1,Proyecto de Ley,11092-07,Particular,"Letra b) del artículo 35, contenido en el numeral 12) del artículo primero del proyecto, en los términos sugeridos por la Comisión de Constitución.",Segundo Trámite,Primer Informe,1983-06-23,1,Masculino,10,2026-03-10 23:59:59,,True,PREP,Partido Republicano,PREP
1135,Johannes,Kaiser,Barents-Von Hohenhagen,0,En Contra,21218,Boletín N° 11092-07,2023-05-08 19:17:43,73,60,2,0,1,Quórum Simple,1,Aprobado,1,Proyecto de Ley,11092-07,Particular,"Letra b) del artículo 35, contenido en el numeral 12) del artículo primero del proyecto, en los términos sugeridos por la Comisión de Constitución.",Segundo Trámite,Primer Informe,1976-01-05,1,Masculino,10,2026-03-10 23:59:59,,True,PREP,Partido Republicano,PREP
1136,Paula,Labra,Besserer,0,En Contra,21218,Boletín N° 11092-07,2023-05-08 19:17:43,73,60,2,0,1,Quórum Simple,1,Aprobado,1,Proyecto de Ley,11092-07,Particular,"Letra b) del artículo 35, contenido en el numeral 12) del artículo primero del proyecto, en los términos sugeridos por la Comisión de Constitución.",Segundo Trámite,Primer Informe,1987-05-04,0,Femenino,10,2026-03-10 23:59:59,,True,IND,Independientes,IND
1137,Tomás,Lagomarsino,Guzmán,1,Afirmativo,21218,Boletín N° 11092-07,2023-05-08 19:17:43,73,60,2,0,1,Quórum Simple,1,Aprobado,1,Proyecto de Ley,11092-07,Particular,"Letra b) del artículo 35, contenido en el numeral 12) del artículo primero del proyecto, en los términos sugeridos por la Comisión de Constitución.",Segundo Trámite,Primer Informe,1990-07-13,1,Masculino,10,2026-03-10 23:59:59,,True,IND,Independientes,IND
1138,Henry,Leal,Bizama,0,En Contra,21218,Boletín N° 11092-07,2023-05-08 19:17:43,73,60,2,0,1,Quórum Simple,1,Aprobado,1,Proyecto de Ley,11092-07,Particular,"Letra b) del artículo 35, contenido en el numeral 12) del artículo primero del proyecto, en los términos sugeridos por la Comisión de Constitución.",Segundo Trámite,Primer Informe,1972-09-16,1,Masculino,10,2026-03-10 23:59:59,,True,UDI,Unión Demócrata Independiente,UDI
1139,Enrique,Lee,Flores,0,En Contra,21218,Boletín N° 11092-07,2023-05-08 19:17:43,73,60,2,0,1,Quórum Simple,1,Aprobado,1,Proyecto de Ley,11092-07,Particular,"Letra b) del artículo 35, contenido en el numeral 12) del artículo primero del proyecto, en los términos sugeridos por la Comisión de Constitución.",Segundo Trámite,Primer Informe,1967-12-16,1,Masculino,10,2026-03-10 23:59:59,,True,PRI,Partido Regionalista Independiente,PRI
1140,Daniel,Lilayu,Vivanco,0,En Contra,21218,Boletín N° 11092-07,2023-05-08 19:17:43,73,60,2,0,1,Quórum Simple,1,Aprobado,1,Proyecto de Ley,11092-07,Particular,"Letra b) del artículo 35, contenido en el numeral 12) del artículo primero del proyecto, en los términos sugeridos por la Comisión de Constitución.",Segundo Trámite,Primer Informe,1949-03-02,1,Masculino,10,2026-03-10 23:59:59,,True,UDI,Unión Demócrata Independiente,UDI
1142,Daniel,Manouchehri,Lobos,1,Afirmativo,21218,Boletín N° 11092-07,2023-05-08 19:17:43,73,60,2,0,1,Quórum Simple,1,Aprobado,1,Proyecto de Ley,11092-07,Particular,"Letra b) del artículo 35, contenido en el numeral 12) del artículo primero del proyecto, en los términos sugeridos por la Comisión de Constitución.",Segundo Trámite,Primer Informe,1984-05-25,1,Masculino,10,2026-03-10 23:59:59,,True,PS,Partido Socialista,PS
1143,Cristóbal,Martínez,Ramírez,0,En Contra,21218,Boletín N° 11092-07,2023-05-08 19:17:43,73,60,2,0,1,Quórum Simple,1,Aprobado,1,Proyecto de Ley,11092-07,Particular,"Letra b) del artículo 35, contenido en el numeral 12) del artículo primero del proyecto, en los términos sugeridos por la Comisión de Constitución.",Segundo Trámite,Primer Informe,1984-04-30,1,Masculino,10,2026-03-10 23:59:59,,True,UDI,Unión Demócrata Independiente,UDI
1144,Christian,Matheson,Villán,0,En Contra,21218,Boletín N° 11092-07,2023-05-08 19:17:43,73,60,2,0,1,Quórum Simple,1,Aprobado,1,Proyecto de Ley,11092-07,Particular,"Letra b) del artículo 35, contenido en el numeral 12) del artículo primero del proyecto, en los términos sugeridos por la Comisión de Constitución.",Segundo Trámite,Primer Informe,1957-12-17,1,Masculino,10,2026-03-10 23:59:59,,True,IND,Independientes,IND
1146,José Carlos,Meza,Pereira,0,En Contra,21218,Boletín N° 11092-07,2023-05-08 19:17:43,73,60,2,0,1,Quórum Simple,1,Aprobado,1,Proyecto de Ley,11092-07,Particular,"Letra b) del artículo 35, contenido en el numeral 12) del artículo primero del proyecto, en los términos sugeridos por la Comisión de Constitución.",Segundo Trámite,Primer Informe,1989-03-07,1,Masculino,10,2026-03-10 23:59:59,,True,PREP,Partido Republicano,PREP
1147,Helia,Molina,Milman,1,Afirmativo,21218,Boletín N° 11092-07,2023-05-08 19:17:43,73,60,2,0,1,Quórum Simple,1,Aprobado,1,Proyecto de Ley,11092-07,Particular,"Letra b) del artículo 35, contenido en el numeral 12) del artículo primero del proyecto, en los términos sugeridos por la Comisión de Constitución.",Segundo Trámite,Primer Informe,1947-04-02,0,Femenino,10,2026-03-10 23:59:59,,True,PPD,Partido Por la Democracia,PPD
1148,Javiera,Morales,Alvarado,1,Afirmativo,21218,Boletín N° 11092-07,2023-05-08 19:17:43,73,60,2,0,1,Quórum Simple,1,Aprobado,1,Proyecto de Ley,11092-07,Particular,"Letra b) del artículo 35, contenido en el numeral 12) del artículo primero del proyecto, en los términos sugeridos por la Comisión de Constitución.",Segundo Trámite,Primer Informe,1983-11-16,0,Femenino,10,2026-03-10 23:59:59,,True,PCS,Partido Convergencia Social,PCS
1149,Carla,Morales,Maldonado,0,En Contra,21218,Boletín N° 11092-07,2023-05-08 19:17:43,73,60,2,0,1,Quórum Simple,1,Aprobado,1,Proyecto de Ley,11092-07,Particular,"Letra b) del artículo 35, contenido en el numeral 12) del artículo primero del proyecto, en los términos sugeridos por la Comisión de Constitución.",Segundo Trámite,Primer Informe,1977-10-27,0,Femenino,10,2026-03-10 23:59:59,,True,RN,Renovación Nacional,RN
1150,Benjamín,Moreno,Bascur,0,En Contra,21218,Boletín N° 11092-07,2023-05-08 19:17:43,73,60,2,0,1,Quórum Simple,1,Aprobado,1,Proyecto de Ley,11092-07,Particular,"Letra b) del artículo 35, contenido en el numeral 12) del artículo primero del proyecto, en los términos sugeridos por la Comisión de Constitución.",Segundo Trámite,Primer Informe,1993-04-02,1,Masculino,10,2026-03-10 23:59:59,,True,PREP,Partido Republicano,PREP
1151,Camila,Musante,Müller,1,Afirmativo,21218,Boletín N° 11092-07,2023-05-08 19:17:43,73,60,2,0,1,Quórum Simple,1,Aprobado,1,Proyecto de Ley,11092-07,Particular,"Letra b) del artículo 35, contenido en el numeral 12) del artículo primero del proyecto, en los términos sugeridos por la Comisión de Constitución.",Segundo Trámite,Primer Informe,1990-02-06,0,Femenino,10,2026-03-10 23:59:59,,True,IND,Independientes,IND
1153,Coca Ericka,Ñanco,Vásquez,1,Afirmativo,21218,Boletín N° 11092-07,2023-05-08 19:17:43,73,60,2,0,1,Quórum Simple,1,Aprobado,1,Proyecto de Ley,11092-07,Particular,"Letra b) del artículo 35, contenido en el numeral 12) del artículo primero del proyecto, en los términos sugeridos por la Comisión de Constitución.",Segundo Trámite,Primer Informe,1992-03-20,0,Femenino,10,2026-03-10 23:59:59,,True,RD,Revolución Democrática,RD
1154,Mauricio,Ojeda,Rebolledo,0,En Contra,21218,Boletín N° 11092-07,2023-05-08 19:17:43,73,60,2,0,1,Quórum Simple,1,Aprobado,1,Proyecto de Ley,11092-07,Particular,"Letra b) del artículo 35, contenido en el numeral 12) del artículo primero del proyecto, en los términos sugeridos por la Comisión de Constitución.",Segundo Trámite,Primer Informe,1982-01-19,1,Masculino,10,2026-03-10 23:59:59,,True,IND,Independientes,IND
1155,Rubén Darío,Oyarzo,Figueroa,2,Abstención,21218,Boletín N° 11092-07,2023-05-08 19:17:43,73,60,2,0,1,Quórum Simple,1,Aprobado,1,Proyecto de Ley,11092-07,Particular,"Letra b) del artículo 35, contenido en el numeral 12) del artículo primero del proyecto, en los términos sugeridos por la Comisión de Constitución.",Segundo Trámite,Primer Informe,1980-12-13,1,Masculino,10,2026-03-10 23:59:59,,True,PDG,Partido de la Gente,PDG
1156,Hernán,Palma,Pérez,1,Afirmativo,21218,Boletín N° 11092-07,2023-05-08 19:17:43,73,60,2,0,1,Quórum Simple,1,Aprobado,1,Proyecto de Ley,11092-07,Particular,"Letra b) del artículo 35, contenido en el numeral 12) del artículo primero del proyecto, en los términos sugeridos por la Comisión de Constitución.",Segundo Trámite,Primer Informe,1958-11-03,1,Masculino,10,2026-03-10 23:59:59,,True,IND,Independientes,IND
1158,Víctor Alejandro,Pino,Fuentes,0,En Contra,21218,Boletín N° 11092-07,2023-05-08 19:17:43,73,60,2,0,1,Quórum Simple,1,Aprobado,1,Proyecto de Ley,11092-07,Particular,"Letra b) del artículo 35, contenido en el numeral 12) del artículo primero del proyecto, en los términos sugeridos por la Comisión de Constitución.",Segundo Trámite,Primer Informe,1974-12-08,1,Masculino,10,2026-03-10 23:59:59,,True,IND,Independientes,IND
1159,Lorena,Pizarro,Sierra,1,Afirmativo,21218,Boletín N° 11092-07,2023-05-08 19:17:43,73,60,2,0,1,Quórum Simple,1,Aprobado,1,Proyecto de Ley,11092-07,Particular,"Letra b) del artículo 35, contenido en el numeral 12) del artículo primero del proyecto, en los términos sugeridos por la Comisión de Constitución.",Segundo Trámite,Primer Informe,1966-02-14,0,Femenino,10,2026-03-10 23:59:59,,True,PC,Partido Comunista,PC
1160,Alejandra,Placencia,Cabello,1,Afirmativo,21218,Boletín N° 11092-07,2023-05-08 19:17:43,73,60,2,0,1,Quórum Simple,1,Aprobado,1,Proyecto de Ley,11092-07,Particular,"Letra b) del artículo 35, contenido en el numeral 12) del artículo primero del proyecto, en los términos sugeridos por la Comisión de Constitución.",Segundo Trámite,Primer Informe,1978-02-14,0,Femenino,10,2026-03-10 23:59:59,,True,PC,Partido Comunista,PC
1161,Francisco,Pulgar,Castillo,1,Afirmativo,21218,Boletín N° 11092-07,2023-05-08 19:17:43,73,60,2,0,1,Quórum Simple,1,Aprobado,1,Proyecto de Ley,11092-07,Particular,"Letra b) del artículo 35, contenido en el numeral 12) del artículo primero del proyecto, en los términos sugeridos por la Comisión de Constitución.",Segundo Trámite,Primer Informe,1971-05-27,1,Masculino,10,2026-03-10 23:59:59,,True,IND,Independientes,IND
1162,Matías,Ramírez,Pascal,1,Afirmativo,21218,Boletín N° 11092-07,2023-05-08 19:17:43,73,60,2,0,1,Quórum Simple,1,Aprobado,1,Proyecto de Ley,11092-07,Particular,"Letra b) del artículo 35, contenido en el numeral 12) del artículo primero del proyecto, en los términos sugeridos por la Comisión de Constitución.",Segundo Trámite,Primer Informe,1984-11-14,1,Masculino,10,2026-03-10 23:59:59,,True,PC,Partido Comunista,PC
1163,Marcia,Raphael,Mora,0,En Contra,21218,Boletín N° 11092-07,2023-05-08 19:17:43,73,60,2,0,1,Quórum Simple,1,Aprobado,1,Proyecto de Ley,11092-07,Particular,"Letra b) del artículo 35, contenido en el numeral 12) del artículo primero del proyecto, en los términos sugeridos por la Comisión de Constitución.",Segundo Trámite,Primer Informe,1963-12-06,0,Femenino,10,2026-03-10 23:59:59,,True,RN,Renovación Nacional,RN
1164,Marcela,Riquelme,Aliaga,1,Afirmativo,21218,Boletín N° 11092-07,2023-05-08 19:17:43,73,60,2,0,1,Quórum Simple,1,Aprobado,1,Proyecto de Ley,11092-07,Particular,"Letra b) del artículo 35, contenido en el numeral 12) del artículo primero del proyecto, en los términos sugeridos por la Comisión de Constitución.",Segundo Trámite,Primer Informe,1973-03-04,0,Femenino,10,2026-03-10 23:59:59,,True,IND,Independientes,IND
1165,Agustín,Romero,Leiva,0,En Contra,21218,Boletín N° 11092-07,2023-05-08 19:17:43,73,60,2,0,1,Quórum Simple,1,Aprobado,1,Proyecto de Ley,11092-07,Particular,"Letra b) del artículo 35, contenido en el numeral 12) del artículo primero del proyecto, en los términos sugeridos por la Comisión de Constitución.",Segundo Trámite,Primer Informe,1975-01-03,1,Masculino,10,2026-03-10 23:59:59,,True,PREP,Partido Republicano,PREP
1166,Natalia,Romero,Talguia,1,Afirmativo,21218,Boletín N° 11092-07,2023-05-08 19:17:43,73,60,2,0,1,Quórum Simple,1,Aprobado,1,Proyecto de Ley,11092-07,Particular,"Letra b) del artículo 35, contenido en el numeral 12) del artículo primero del proyecto, en los términos sugeridos por la Comisión de Constitución.",Segundo Trámite,Primer Informe,1985-06-29,0,Femenino,10,2026-03-10 23:59:59,,True,IND,Independientes,IND
1167,Jaime,Sáez,Quiroz,1,Afirmativo,21218,Boletín N° 11092-07,2023-05-08 19:17:43,73,60,2,0,1,Quórum Simple,1,Aprobado,1,Proyecto de Ley,11092-07,Particular,"Letra b) del artículo 35, contenido en el numeral 12) del artículo primero del proyecto, en los términos sugeridos por la Comisión de Constitución.",Segundo Trámite,Primer Informe,1985-12-09,1,Masculino,10,2026-03-10 23:59:59,,True,RD,Revolución Democrática,RD
1168,Jorge,Saffirio,Espinoza,1,Afirmativo,21218,Boletín N° 11092-07,2023-05-08 19:17:43,73,60,2,0,1,Quórum Simple,1,Aprobado,1,Proyecto de Ley,11092-07,Particular,"Letra b) del artículo 35, contenido en el numeral 12) del artículo primero del proyecto, en los términos sugeridos por la Comisión de Constitución.",Segundo Trámite,Primer Informe,1953-06-09,1,Masculino,10,2026-03-10 23:59:59,,True,IND,Independientes,IND
1169,Clara,Sagardía,Cabezas,1,Afirmativo,21218,Boletín N° 11092-07,2023-05-08 19:17:43,73,60,2,0,1,Quórum Simple,1,Aprobado,1,Proyecto de Ley,11092-07,Particular,"Letra b) del artículo 35, contenido en el numeral 12) del artículo primero del proyecto, en los términos sugeridos por la Comisión de Constitución.",Segundo Trámite,Primer Informe,1952-08-13,0,Femenino,10,2026-03-10 23:59:59,,True,IND,Independientes,IND
1170,Luis,Sánchez,Ossa,0,En Contra,21218,Boletín N° 11092-07,2023-05-08 19:17:43,73,60,2,0,1,Quórum Simple,1,Aprobado,1,Proyecto de Ley,11092-07,Particular,"Letra b) del artículo 35, contenido en el numeral 12) del artículo primero del proyecto, en los términos sugeridos por la Comisión de Constitución.",Segundo Trámite,Primer Informe,1988-10-04,1,Masculino,10,2026-03-10 23:59:59,,True,PREP,Partido Republicano,PREP
1171,Emilia,Schneider,Videla,1,Afirmativo,21218,Boletín N° 11092-07,2023-05-08 19:17:43,73,60,2,0,1,Quórum Simple,1,Aprobado,1,Proyecto de Ley,11092-07,Particular,"Letra b) del artículo 35, contenido en el numeral 12) del artículo primero del proyecto, en los términos sugeridos por la Comisión de Constitución.",Segundo Trámite,Primer Informe,1996-10-23,0,Femenino,10,2026-03-10 23:59:59,,True,PCS,Partido Convergencia Social,PCS
1172,Stephan,Schubert,Rubio,0,En Contra,21218,Boletín N° 11092-07,2023-05-08 19:17:43,73,60,2,0,1,Quórum Simple,1,Aprobado,1,Proyecto de Ley,11092-07,Particular,"Letra b) del artículo 35, contenido en el numeral 12) del artículo primero del proyecto, en los términos sugeridos por la Comisión de Constitución.",Segundo Trámite,Primer Informe,1977-12-19,1,Masculino,10,2026-03-10 23:59:59,,True,IND,Independientes,IND
1173,Daniela,Serrano,Salazar,1,Afirmativo,21218,Boletín N° 11092-07,2023-05-08 19:17:43,73,60,2,0,1,Quórum Simple,1,Aprobado,1,Proyecto de Ley,11092-07,Particular,"Letra b) del artículo 35, contenido en el numeral 12) del artículo primero del proyecto, en los términos sugeridos por la Comisión de Constitución.",Segundo Trámite,Primer Informe,1995-03-17,0,Femenino,10,2026-03-10 23:59:59,,True,PC,Partido Comunista,PC
1174,Marco Antonio,Sulantay,Olivares,0,En Contra,21218,Boletín N° 11092-07,2023-05-08 19:17:43,73,60,2,0,1,Quórum Simple,1,Aprobado,1,Proyecto de Ley,11092-07,Particular,"Letra b) del artículo 35, contenido en el numeral 12) del artículo primero del proyecto, en los términos sugeridos por la Comisión de Constitución.",Segundo Trámite,Primer Informe,1973-03-31,1,Masculino,10,2026-03-10 23:59:59,,True,UDI,Unión Demócrata Independiente,UDI
1175,Cristián,Tapia,Ramos,1,Afirmativo,21218,Boletín N° 11092-07,2023-05-08 19:17:43,73,60,2,0,1,Quórum Simple,1,Aprobado,1,Proyecto de Ley,11092-07,Particular,"Letra b) del artículo 35, contenido en el numeral 12) del artículo primero del proyecto, en los términos sugeridos por la Comisión de Constitución.",Segundo Trámite,Primer Informe,1968-07-14,1,Masculino,10,2026-03-10 23:59:59,,True,IND,Independientes,IND
1176,Hotuiti,Teao,Drago,0,En Contra,21218,Boletín N° 11092-07,2023-05-08 19:17:43,73,60,2,0,1,Quórum Simple,1,Aprobado,1,Proyecto de Ley,11092-07,Particular,"Letra b) del artículo 35, contenido en el numeral 12) del artículo primero del proyecto, en los términos sugeridos por la Comisión de Constitución.",Segundo Trámite,Primer Informe,1977-08-01,1,Masculino,10,2026-03-10 23:59:59,,True,IND,Independientes,IND
1177,Carolina,Tello,Rojas,1,Afirmativo,21218,Boletín N° 11092-07,2023-05-08 19:17:43,73,60,2,0,1,Quórum Simple,1,Aprobado,1,Proyecto de Ley,11092-07,Particular,"Letra b) del artículo 35, contenido en el numeral 12) del artículo primero del proyecto, en los términos sugeridos por la Comisión de Constitución.",Segundo Trámite,Primer Informe,1985-10-01,0,Femenino,10,2026-03-10 23:59:59,,True,PC,Partido Comunista,PC
1178,Héctor,Ulloa,Aguilera,1,Afirmativo,21218,Boletín N° 11092-07,2023-05-08 19:17:43,73,60,2,0,1,Quórum Simple,1,Aprobado,1,Proyecto de Ley,11092-07,Particular,"Letra b) del artículo 35, contenido en el numeral 12) del artículo primero del proyecto, en los términos sugeridos por la Comisión de Constitución.",Segundo Trámite,Primer Informe,1969-08-06,1,Masculino,10,2026-03-10 23:59:59,,True,IND,Independientes,IND
1179,Alberto,Undurraga,Vicuña,1,Afirmativo,21218,Boletín N° 11092-07,2023-05-08 19:17:43,73,60,2,0,1,Quórum Simple,1,Aprobado,1,Proyecto de Ley,11092-07,Particular,"Letra b) del artículo 35, contenido en el numeral 12) del artículo primero del proyecto, en los términos sugeridos por la Comisión de Constitución.",Segundo Trámite,Primer Informe,1969-06-17,1,Masculino,10,2026-03-10 23:59:59,,True,DC,Partido Demócrata Cristiano,DC
1180,Consuelo,Veloso,Ávila,1,Afirmativo,21218,Boletín N° 11092-07,2023-05-08 19:17:43,73,60,2,0,1,Quórum Simple,1,Aprobado,1,Proyecto de Ley,11092-07,Particular,"Letra b) del artículo 35, contenido en el numeral 12) del artículo primero del proyecto, en los términos sugeridos por la Comisión de Constitución.",Segundo Trámite,Primer Informe,1994-02-11,0,Femenino,10,2026-03-10 23:59:59,,True,RD,Revolución Democrática,RD
1182,Sebastián,Videla,Castillo,1,Afirmativo,21218,Boletín N° 11092-07,2023-05-08 19:17:43,73,60,2,0,1,Quórum Simple,1,Aprobado,1,Proyecto de Ley,11092-07,Particular,"Letra b) del artículo 35, contenido en el numeral 12) del artículo primero del proyecto, en los términos sugeridos por la Comisión de Constitución.",Segundo Trámite,Primer Informe,1986-04-29,1,Masculino,10,2026-03-10 23:59:59,,True,IND,Independientes,IND
1183,Flor,Weisse,Novoa,0,En Contra,21218,Boletín N° 11092-07,2023-05-08 19:17:43,73,60,2,0,1,Quórum Simple,1,Aprobado,1,Proyecto de Ley,11092-07,Particular,"Letra b) del artículo 35, contenido en el numeral 12) del artículo primero del proyecto, en los términos sugeridos por la Comisión de Constitución.",Segundo Trámite,Primer Informe,1960-03-27,0,Femenino,10,2026-03-10 23:59:59,,True,UDI,Unión Demócrata Independiente,UDI
74,Jaime,Naranjo,Ortiz,1,Afirmativo,21218,Boletín N° 11092-07,2023-05-08 19:17:43,73,60,2,0,1,Quórum Simple,1,Aprobado,1,Proyecto de Ley,11092-07,Particular,"Letra b) del artículo 35, contenido en el numeral 12) del artículo primero del proyecto, en los términos sugeridos por la Comisión de Constitución.",Segundo Trámite,Primer Informe,1951-01-12,1,Masculino,10,2026-03-10 23:59:59,,True,PS,Partido Socialista,PS
803,René,Alinco,Bustos,1,Afirmativo,21218,Boletín N° 11092-07,2023-05-08 19:17:43,73,60,2,0,1,Quórum Simple,1,Aprobado,1,Proyecto de Ley,11092-07,Particular,"Letra b) del artículo 35, contenido en el numeral 12) del artículo primero del proyecto, en los términos sugeridos por la Comisión de Constitución.",Segundo Trámite,Primer Informe,1958-06-02,1,Masculino,10,2026-03-10 23:59:59,,True,IND,Independientes,IND
815,Sergio,Bobadilla,Muñoz,0,En Contra,21218,Boletín N° 11092-07,2023-05-08 19:17:43,73,60,2,0,1,Quórum Simple,1,Aprobado,1,Proyecto de Ley,11092-07,Particular,"Letra b) del artículo 35, contenido en el numeral 12) del artículo primero del proyecto, en los términos sugeridos por la Comisión de Constitución.",Segundo Trámite,Primer Informe,1958-03-25,1,Masculino,10,2026-03-10 23:59:59,,True,UDI,Unión Demócrata Independiente,UDI
917,Gastón,Von Mühlenbrock,Zamora,0,En Contra,21218,Boletín N° 11092-07,2023-05-08 19:17:43,73,60,2,0,1,Quórum Simple,1,Aprobado,1,Proyecto de Ley,11092-07,Particular,"Letra b) del artículo 35, contenido en el numeral 12) del artículo primero del proyecto, en los términos sugeridos por la Comisión de Constitución.",Segundo Trámite,Primer Informe,1954-12-26,1,Masculino,10,2026-03-10 23:59:59,,True,UDI,Unión Demócrata Independiente,UDI
948,Gaspar,Rivas,Sánchez,1,Afirmativo,21218,Boletín N° 11092-07,2023-05-08 19:17:43,73,60,2,0,1,Quórum Simple,1,Aprobado,1,Proyecto de Ley,11092-07,Particular,"Letra b) del artículo 35, contenido en el numeral 12) del artículo primero del proyecto, en los términos sugeridos por la Comisión de Constitución.",Segundo Trámite,Primer Informe,1978-05-17,1,Masculino,10,2026-03-10 23:59:59,,True,PDG,Partido de la Gente,PDG
953,Frank,Sauerbaum,Muñoz,0,En Contra,21218,Boletín N° 11092-07,2023-05-08 19:17:43,73,60,2,0,1,Quórum Simple,1,Aprobado,1,Proyecto de Ley,11092-07,Particular,"Letra b) del artículo 35, contenido en el numeral 12) del artículo primero del proyecto, en los términos sugeridos por la Comisión de Constitución.",Segundo Trámite,Primer Informe,1972-11-21,1,Masculino,10,2026-03-10 23:59:59,,True,RN,Renovación Nacional,RN
971,Bernardo,Berger,Fett,0,En Contra,21218,Boletín N° 11092-07,2023-05-08 19:17:43,73,60,2,0,1,Quórum Simple,1,Aprobado,1,Proyecto de Ley,11092-07,Particular,"Letra b) del artículo 35, contenido en el numeral 12) del artículo primero del proyecto, en los términos sugeridos por la Comisión de Constitución.",Segundo Trámite,Primer Informe,1946-10-04,1,Masculino,10,2026-03-10 23:59:59,,True,IND,Independientes,IND
973,Karol,Cariola,Oliva,1,Afirmativo,21218,Boletín N° 11092-07,2023-05-08 19:17:43,73,60,2,0,1,Quórum Simple,1,Aprobado,1,Proyecto de Ley,11092-07,Particular,"Letra b) del artículo 35, contenido en el numeral 12) del artículo primero del proyecto, en los términos sugeridos por la Comisión de Constitución.",Segundo Trámite,Primer Informe,1987-04-01,0,Femenino,10,2026-03-10 23:59:59,,True,PC,Partido Comunista,PC
975,Daniella,Cicardini,Milla,1,Afirmativo,21218,Boletín N° 11092-07,2023-05-08 19:17:43,73,60,2,0,1,Quórum Simple,1,Aprobado,1,Proyecto de Ley,11092-07,Particular,"Letra b) del artículo 35, contenido en el numeral 12) del artículo primero del proyecto, en los términos sugeridos por la Comisión de Constitución.",Segundo Trámite,Primer Informe,1987-12-31,0,Femenino,10,2026-03-10 23:59:59,,True,PS,Partido Socialista,PS
976,Juan Antonio,Coloma,Álamos,0,En Contra,21218,Boletín N° 11092-07,2023-05-08 19:17:43,73,60,2,0,1,Quórum Simple,1,Aprobado,1,Proyecto de Ley,11092-07,Particular,"Letra b) del artículo 35, contenido en el numeral 12) del artículo primero del proyecto, en los términos sugeridos por la Comisión de Constitución.",Segundo Trámite,Primer Informe,1980-03-14,1,Masculino,10,2026-03-10 23:59:59,,True,UDI,Unión Demócrata Independiente,UDI
990,Daniel,Melo,Contreras,1,Afirmativo,21218,Boletín N° 11092-07,2023-05-08 19:17:43,73,60,2,0,1,Quórum Simple,1,Aprobado,1,Proyecto de Ley,11092-07,Particular,"Letra b) del artículo 35, contenido en el numeral 12) del artículo primero del proyecto, en los términos sugeridos por la Comisión de Constitución.",Segundo Trámite,Primer Informe,1979-02-18,1,Masculino,10,2026-03-10 23:59:59,,True,PS,Partido Socialista,PS
991,Vlado,Mirosevic,Verdugo,1,Afirmativo,21218,Boletín N° 11092-07,2023-05-08 19:17:43,73,60,2,0,1,Quórum Simple,1,Aprobado,1,Proyecto de Ley,11092-07,Particular,"Letra b) del artículo 35, contenido en el numeral 12) del artículo primero del proyecto, en los términos sugeridos por la Comisión de Constitución.",Segundo Trámite,Primer Informe,1987-05-23,1,Masculino,10,2026-03-10 23:59:59,,True,PL,Partido Liberal de Chile,PL
999,Jorge,Rathgeb,Schifferli,0,En Contra,21218,Boletín N° 11092-07,2023-05-08 19:17:43,73,60,2,0,1,Quórum Simple,1,Aprobado,1,Proyecto de Ley,11092-07,Particular,"Letra b) del artículo 35, contenido en el numeral 12) del artículo primero del proyecto, en los términos sugeridos por la Comisión de Constitución.",Segundo Trámite,Primer Informe,1967-12-28,1,Masculino,10,2026-03-10 23:59:59,,True,RN,Renovación Nacional,RN
1002,Leonardo,Soto,Ferrada,1,Afirmativo,21219,Boletín N° 11092-07,2023-05-08 19:18:45,74,59,2,0,1,Quórum Simple,1,Aprobado,1,Proyecto de Ley,11092-07,Particular,"Letra c) del artículo 35, contenido en el numeral 12) del artículo primero del proyecto, en los términos sugeridos por la Comisión de Constitución. ",Segundo Trámite,Primer Informe,1966-05-15,1,Masculino,10,2026-03-10 23:59:59,,True,PS,Partido Socialista,PS
1003,Renzo,Trisotti,Martínez,0,En Contra,21219,Boletín N° 11092-07,2023-05-08 19:18:45,74,59,2,0,1,Quórum Simple,1,Aprobado,1,Proyecto de Ley,11092-07,Particular,"Letra c) del artículo 35, contenido en el numeral 12) del artículo primero del proyecto, en los términos sugeridos por la Comisión de Constitución. ",Segundo Trámite,Primer Informe,1976-03-15,1,Masculino,10,2026-03-10 23:59:59,,True,UDI,Unión Demócrata Independiente,UDI
1009,Jorge,Alessandri,Vergara,0,En Contra,21219,Boletín N° 11092-07,2023-05-08 19:18:45,74,59,2,0,1,Quórum Simple,1,Aprobado,1,Proyecto de Ley,11092-07,Particular,"Letra c) del artículo 35, contenido en el numeral 12) del artículo primero del proyecto, en los términos sugeridos por la Comisión de Constitución. ",Segundo Trámite,Primer Informe,1979-06-08,1,Masculino,10,2026-03-10 23:59:59,,True,UDI,Unión Demócrata Independiente,UDI
1012,Boris,Barrera,Moreno,1,Afirmativo,21219,Boletín N° 11092-07,2023-05-08 19:18:45,74,59,2,0,1,Quórum Simple,1,Aprobado,1,Proyecto de Ley,11092-07,Particular,"Letra c) del artículo 35, contenido en el numeral 12) del artículo primero del proyecto, en los términos sugeridos por la Comisión de Constitución. ",Segundo Trámite,Primer Informe,1970-05-03,1,Masculino,10,2026-03-10 23:59:59,,True,PC,Partido Comunista,PC
1013,Alejandro,Bernales,Maldonado,1,Afirmativo,21219,Boletín N° 11092-07,2023-05-08 19:18:45,74,59,2,0,1,Quórum Simple,1,Aprobado,1,Proyecto de Ley,11092-07,Particular,"Letra c) del artículo 35, contenido en el numeral 12) del artículo primero del proyecto, en los términos sugeridos por la Comisión de Constitución. ",Segundo Trámite,Primer Informe,1979-02-02,1,Masculino,10,2026-03-10 23:59:59,,True,PL,Partido Liberal de Chile,PL
1016,Miguel Ángel,Calisto,Águila,1,Afirmativo,21219,Boletín N° 11092-07,2023-05-08 19:18:45,74,59,2,0,1,Quórum Simple,1,Aprobado,1,Proyecto de Ley,11092-07,Particular,"Letra c) del artículo 35, contenido en el numeral 12) del artículo primero del proyecto, en los términos sugeridos por la Comisión de Constitución. ",Segundo Trámite,Primer Informe,1985-07-19,1,Masculino,10,2026-03-10 23:59:59,,True,IND,Independientes,IND
1017,Álvaro,Carter,Fernández,0,En Contra,21219,Boletín N° 11092-07,2023-05-08 19:18:45,74,59,2,0,1,Quórum Simple,1,Aprobado,1,Proyecto de Ley,11092-07,Particular,"Letra c) del artículo 35, contenido en el numeral 12) del artículo primero del proyecto, en los términos sugeridos por la Comisión de Constitución. ",Segundo Trámite,Primer Informe,1980-10-09,1,Masculino,10,2026-03-10 23:59:59,,True,UDI,Unión Demócrata Independiente,UDI
1019,José Miguel,Castro,Bascuñán,0,En Contra,21219,Boletín N° 11092-07,2023-05-08 19:18:45,74,59,2,0,1,Quórum Simple,1,Aprobado,1,Proyecto de Ley,11092-07,Particular,"Letra c) del artículo 35, contenido en el numeral 12) del artículo primero del proyecto, en los términos sugeridos por la Comisión de Constitución. ",Segundo Trámite,Primer Informe,1974-08-05,1,Masculino,10,2026-03-10 23:59:59,,True,RN,Renovación Nacional,RN
1021,Andrés,Celis,Montt,0,En Contra,21219,Boletín N° 11092-07,2023-05-08 19:18:45,74,59,2,0,1,Quórum Simple,1,Aprobado,1,Proyecto de Ley,11092-07,Particular,"Letra c) del artículo 35, contenido en el numeral 12) del artículo primero del proyecto, en los términos sugeridos por la Comisión de Constitución. ",Segundo Trámite,Primer Informe,1975-04-08,1,Masculino,10,2026-03-10 23:59:59,,True,RN,Renovación Nacional,RN
1022,Sofía,Cid,Versalovic,0,En Contra,21219,Boletín N° 11092-07,2023-05-08 19:18:45,74,59,2,0,1,Quórum Simple,1,Aprobado,1,Proyecto de Ley,11092-07,Particular,"Letra c) del artículo 35, contenido en el numeral 12) del artículo primero del proyecto, en los términos sugeridos por la Comisión de Constitución. ",Segundo Trámite,Primer Informe,1971-09-29,0,Femenino,10,2026-03-10 23:59:59,,True,RN,Renovación Nacional,RN
1025,Catalina,Del Real,Mihovilovic,0,En Contra,21219,Boletín N° 11092-07,2023-05-08 19:18:45,74,59,2,0,1,Quórum Simple,1,Aprobado,1,Proyecto de Ley,11092-07,Particular,"Letra c) del artículo 35, contenido en el numeral 12) del artículo primero del proyecto, en los términos sugeridos por la Comisión de Constitución. ",Segundo Trámite,Primer Informe,1968-11-07,0,Femenino,10,2026-03-10 23:59:59,,True,RN,Renovación Nacional,RN
1028,Eduardo,Durán,Salinas,0,En Contra,21219,Boletín N° 11092-07,2023-05-08 19:18:45,74,59,2,0,1,Quórum Simple,1,Aprobado,1,Proyecto de Ley,11092-07,Particular,"Letra c) del artículo 35, contenido en el numeral 12) del artículo primero del proyecto, en los términos sugeridos por la Comisión de Constitución. ",Segundo Trámite,Primer Informe,1972-01-01,1,Masculino,10,2026-03-10 23:59:59,,True,RN,Renovación Nacional,RN
1030,Camila,Flores,Oporto,0,En Contra,21219,Boletín N° 11092-07,2023-05-08 19:18:45,74,59,2,0,1,Quórum Simple,1,Aprobado,1,Proyecto de Ley,11092-07,Particular,"Letra c) del artículo 35, contenido en el numeral 12) del artículo primero del proyecto, en los términos sugeridos por la Comisión de Constitución. ",Segundo Trámite,Primer Informe,1987-02-09,0,Femenino,10,2026-03-10 23:59:59,,True,RN,Renovación Nacional,RN
1034,Félix,González,Gatica,1,Afirmativo,21219,Boletín N° 11092-07,2023-05-08 19:18:45,74,59,2,0,1,Quórum Simple,1,Aprobado,1,Proyecto de Ley,11092-07,Particular,"Letra c) del artículo 35, contenido en el numeral 12) del artículo primero del proyecto, en los términos sugeridos por la Comisión de Constitución. ",Segundo Trámite,Primer Informe,1972-05-26,1,Masculino,10,2026-03-10 23:59:59,,True,PEV,Partido Ecologista Verde,PEV
1035,Carmen,Hertz,Cádiz,1,Afirmativo,21219,Boletín N° 11092-07,2023-05-08 19:18:45,74,59,2,0,1,Quórum Simple,1,Aprobado,1,Proyecto de Ley,11092-07,Particular,"Letra c) del artículo 35, contenido en el numeral 12) del artículo primero del proyecto, en los términos sugeridos por la Comisión de Constitución. ",Segundo Trámite,Primer Informe,1945-06-19,0,Femenino,10,2026-03-10 23:59:59,,True,PC,Partido Comunista,PC
1036,Tomás,Hirsch,Goldschmidt,1,Afirmativo,21219,Boletín N° 11092-07,2023-05-08 19:18:45,74,59,2,0,1,Quórum Simple,1,Aprobado,1,Proyecto de Ley,11092-07,Particular,"Letra c) del artículo 35, contenido en el numeral 12) del artículo primero del proyecto, en los términos sugeridos por la Comisión de Constitución. ",Segundo Trámite,Primer Informe,1956-07-19,1,Masculino,10,2026-03-10 23:59:59,,True,PAH,Partido Acción Humanista,PAH
1037,Diego,Ibáñez,Cotroneo,1,Afirmativo,21219,Boletín N° 11092-07,2023-05-08 19:18:45,74,59,2,0,1,Quórum Simple,1,Aprobado,1,Proyecto de Ley,11092-07,Particular,"Letra c) del artículo 35, contenido en el numeral 12) del artículo primero del proyecto, en los términos sugeridos por la Comisión de Constitución. ",Segundo Trámite,Primer Informe,1989-01-25,1,Masculino,10,2026-03-10 23:59:59,,True,PCS,Partido Convergencia Social,PCS
1038,Marcos,Ilabaca,Cerda,1,Afirmativo,21219,Boletín N° 11092-07,2023-05-08 19:18:45,74,59,2,0,1,Quórum Simple,1,Aprobado,1,Proyecto de Ley,11092-07,Particular,"Letra c) del artículo 35, contenido en el numeral 12) del artículo primero del proyecto, en los términos sugeridos por la Comisión de Constitución. ",Segundo Trámite,Primer Informe,1970-10-05,1,Masculino,10,2026-03-10 23:59:59,,True,PS,Partido Socialista,PS
1040,Harry,Jürgensen,Rundshagen,0,En Contra,21219,Boletín N° 11092-07,2023-05-08 19:18:45,74,59,2,0,1,Quórum Simple,1,Aprobado,1,Proyecto de Ley,11092-07,Particular,"Letra c) del artículo 35, contenido en el numeral 12) del artículo primero del proyecto, en los términos sugeridos por la Comisión de Constitución. ",Segundo Trámite,Primer Informe,1968-09-03,1,Masculino,10,2026-03-10 23:59:59,,True,IND,Independientes,IND
1044,Raúl,Leiva,Carvajal,1,Afirmativo,21219,Boletín N° 11092-07,2023-05-08 19:18:45,74,59,2,0,1,Quórum Simple,1,Aprobado,1,Proyecto de Ley,11092-07,Particular,"Letra c) del artículo 35, contenido en el numeral 12) del artículo primero del proyecto, en los términos sugeridos por la Comisión de Constitución. ",Segundo Trámite,Primer Informe,1974-03-24,1,Masculino,10,2026-03-10 23:59:59,,True,PS,Partido Socialista,PS
1046,Andrés,Longton,Herrera,0,En Contra,21219,Boletín N° 11092-07,2023-05-08 19:18:45,74,59,2,0,1,Quórum Simple,1,Aprobado,1,Proyecto de Ley,11092-07,Particular,"Letra c) del artículo 35, contenido en el numeral 12) del artículo primero del proyecto, en los términos sugeridos por la Comisión de Constitución. ",Segundo Trámite,Primer Informe,1982-05-26,1,Masculino,10,2026-03-10 23:59:59,,True,RN,Renovación Nacional,RN
1048,Carolina,Marzán,Pinto,1,Afirmativo,21219,Boletín N° 11092-07,2023-05-08 19:18:45,74,59,2,0,1,Quórum Simple,1,Aprobado,1,Proyecto de Ley,11092-07,Particular,"Letra c) del artículo 35, contenido en el numeral 12) del artículo primero del proyecto, en los términos sugeridos por la Comisión de Constitución. ",Segundo Trámite,Primer Informe,1963-12-22,0,Femenino,10,2026-03-10 23:59:59,,True,PPD,Partido Por la Democracia,PPD
1049,Cosme,Mellado,Pino,1,Afirmativo,21219,Boletín N° 11092-07,2023-05-08 19:18:45,74,59,2,0,1,Quórum Simple,1,Aprobado,1,Proyecto de Ley,11092-07,Particular,"Letra c) del artículo 35, contenido en el numeral 12) del artículo primero del proyecto, en los términos sugeridos por la Comisión de Constitución. ",Segundo Trámite,Primer Informe,1960-02-24,1,Masculino,10,2026-03-10 23:59:59,,True,PR,Partido Radical de Chile,PR
1050,Miguel,Mellado,Suazo,0,En Contra,21219,Boletín N° 11092-07,2023-05-08 19:18:45,74,59,2,0,1,Quórum Simple,1,Aprobado,1,Proyecto de Ley,11092-07,Particular,"Letra c) del artículo 35, contenido en el numeral 12) del artículo primero del proyecto, en los términos sugeridos por la Comisión de Constitución. ",Segundo Trámite,Primer Informe,1958-12-29,1,Masculino,10,2026-03-10 23:59:59,,True,RN,Renovación Nacional,RN
1054,Francesca,Muñoz,González,2,Abstención,21219,Boletín N° 11092-07,2023-05-08 19:18:45,74,59,2,0,1,Quórum Simple,1,Aprobado,1,Proyecto de Ley,11092-07,Particular,"Letra c) del artículo 35, contenido en el numeral 12) del artículo primero del proyecto, en los términos sugeridos por la Comisión de Constitución. ",Segundo Trámite,Primer Informe,1980-03-07,0,Femenino,10,2026-03-10 23:59:59,,True,IND,Independientes,IND
1056,Emilia,Nuyado,Ancapichun,1,Afirmativo,21219,Boletín N° 11092-07,2023-05-08 19:18:45,74,59,2,0,1,Quórum Simple,1,Aprobado,1,Proyecto de Ley,11092-07,Particular,"Letra c) del artículo 35, contenido en el numeral 12) del artículo primero del proyecto, en los términos sugeridos por la Comisión de Constitución. ",Segundo Trámite,Primer Informe,1968-08-17,0,Femenino,10,2026-03-10 23:59:59,,True,PS,Partido Socialista,PS
1057,Erika,Olivera,De La Fuente,1,Afirmativo,21219,Boletín N° 11092-07,2023-05-08 19:18:45,74,59,2,0,1,Quórum Simple,1,Aprobado,1,Proyecto de Ley,11092-07,Particular,"Letra c) del artículo 35, contenido en el numeral 12) del artículo primero del proyecto, en los términos sugeridos por la Comisión de Constitución. ",Segundo Trámite,Primer Informe,1976-01-04,0,Femenino,10,2026-03-10 23:59:59,,True,IND,Independientes,IND
1058,Maite,Orsini,Pascal,1,Afirmativo,21219,Boletín N° 11092-07,2023-05-08 19:18:45,74,59,2,0,1,Quórum Simple,1,Aprobado,1,Proyecto de Ley,11092-07,Particular,"Letra c) del artículo 35, contenido en el numeral 12) del artículo primero del proyecto, en los términos sugeridos por la Comisión de Constitución. ",Segundo Trámite,Primer Informe,1988-02-23,0,Femenino,10,2026-03-10 23:59:59,,True,RD,Revolución Democrática,RD
1059,Ximena,Ossandón,Irarrázabal,0,En Contra,21219,Boletín N° 11092-07,2023-05-08 19:18:45,74,59,2,0,1,Quórum Simple,1,Aprobado,1,Proyecto de Ley,11092-07,Particular,"Letra c) del artículo 35, contenido en el numeral 12) del artículo primero del proyecto, en los términos sugeridos por la Comisión de Constitución. ",Segundo Trámite,Primer Informe,1963-12-13,0,Femenino,10,2026-03-10 23:59:59,,True,RN,Renovación Nacional,RN
1062,Joanna,Pérez,Olea,1,Afirmativo,21219,Boletín N° 11092-07,2023-05-08 19:18:45,74,59,2,0,1,Quórum Simple,1,Aprobado,1,Proyecto de Ley,11092-07,Particular,"Letra c) del artículo 35, contenido en el numeral 12) del artículo primero del proyecto, en los términos sugeridos por la Comisión de Constitución. ",Segundo Trámite,Primer Informe,1976-04-01,0,Femenino,10,2026-03-10 23:59:59,,True,IND,Independientes,IND
1065,Guillermo,Ramírez,Diez,0,En Contra,21219,Boletín N° 11092-07,2023-05-08 19:18:45,74,59,2,0,1,Quórum Simple,1,Aprobado,1,Proyecto de Ley,11092-07,Particular,"Letra c) del artículo 35, contenido en el numeral 12) del artículo primero del proyecto, en los términos sugeridos por la Comisión de Constitución. ",Segundo Trámite,Primer Informe,1979-04-16,1,Masculino,10,2026-03-10 23:59:59,,True,UDI,Unión Demócrata Independiente,UDI
1067,Hugo,Rey,Martínez,0,En Contra,21219,Boletín N° 11092-07,2023-05-08 19:18:45,74,59,2,0,1,Quórum Simple,1,Aprobado,1,Proyecto de Ley,11092-07,Particular,"Letra c) del artículo 35, contenido en el numeral 12) del artículo primero del proyecto, en los términos sugeridos por la Comisión de Constitución. ",Segundo Trámite,Primer Informe,1973-12-06,1,Masculino,10,2026-03-10 23:59:59,,True,RN,Renovación Nacional,RN
1068,Camila,Rojas,Valderrama,1,Afirmativo,21219,Boletín N° 11092-07,2023-05-08 19:18:45,74,59,2,0,1,Quórum Simple,1,Aprobado,1,Proyecto de Ley,11092-07,Particular,"Letra c) del artículo 35, contenido en el numeral 12) del artículo primero del proyecto, en los términos sugeridos por la Comisión de Constitución. ",Segundo Trámite,Primer Informe,1991-03-11,0,Femenino,10,2026-03-10 23:59:59,,True,COMUNES,Partido Comunes,COMUNES
1073,Juan,Santana,Castillo,1,Afirmativo,21219,Boletín N° 11092-07,2023-05-08 19:18:45,74,59,2,0,1,Quórum Simple,1,Aprobado,1,Proyecto de Ley,11092-07,Particular,"Letra c) del artículo 35, contenido en el numeral 12) del artículo primero del proyecto, en los términos sugeridos por la Comisión de Constitución. ",Segundo Trámite,Primer Informe,1989-09-20,1,Masculino,10,2026-03-10 23:59:59,,True,PS,Partido Socialista,PS
1076,Alexis,Sepúlveda,Soto,1,Afirmativo,21219,Boletín N° 11092-07,2023-05-08 19:18:45,74,59,2,0,1,Quórum Simple,1,Aprobado,1,Proyecto de Ley,11092-07,Particular,"Letra c) del artículo 35, contenido en el numeral 12) del artículo primero del proyecto, en los términos sugeridos por la Comisión de Constitución. ",Segundo Trámite,Primer Informe,1969-12-29,1,Masculino,10,2026-03-10 23:59:59,,True,PR,Partido Radical de Chile,PR
1077,Raúl,Soto,Mardones,1,Afirmativo,21219,Boletín N° 11092-07,2023-05-08 19:18:45,74,59,2,0,1,Quórum Simple,1,Aprobado,1,Proyecto de Ley,11092-07,Particular,"Letra c) del artículo 35, contenido en el numeral 12) del artículo primero del proyecto, en los términos sugeridos por la Comisión de Constitución. ",Segundo Trámite,Primer Informe,1987-11-20,1,Masculino,10,2026-03-10 23:59:59,,True,PPD,Partido Por la Democracia,PPD
1081,Francisco,Undurraga,Gazitúa,0,En Contra,21219,Boletín N° 11092-07,2023-05-08 19:18:45,74,59,2,0,1,Quórum Simple,1,Aprobado,1,Proyecto de Ley,11092-07,Particular,"Letra c) del artículo 35, contenido en el numeral 12) del artículo primero del proyecto, en los términos sugeridos por la Comisión de Constitución. ",Segundo Trámite,Primer Informe,1965-09-29,1,Masculino,10,2026-03-10 23:59:59,,True,EVOP,Evolución Política,EVOP
1082,Cristóbal,Urruticoechea,Ríos,0,En Contra,21219,Boletín N° 11092-07,2023-05-08 19:18:45,74,59,2,0,1,Quórum Simple,1,Aprobado,1,Proyecto de Ley,11092-07,Particular,"Letra c) del artículo 35, contenido en el numeral 12) del artículo primero del proyecto, en los términos sugeridos por la Comisión de Constitución. ",Segundo Trámite,Primer Informe,1975-11-21,1,Masculino,10,2026-03-10 23:59:59,,True,PREP,Partido Republicano,PREP
1086,Gonzalo,Winter,Etcheberry,1,Afirmativo,21219,Boletín N° 11092-07,2023-05-08 19:18:45,74,59,2,0,1,Quórum Simple,1,Aprobado,1,Proyecto de Ley,11092-07,Particular,"Letra c) del artículo 35, contenido en el numeral 12) del artículo primero del proyecto, en los términos sugeridos por la Comisión de Constitución. ",Segundo Trámite,Primer Informe,1987-01-06,1,Masculino,10,2026-03-10 23:59:59,,True,PCS,Partido Convergencia Social,PCS
1087,Gael,Yeomans,Araya,1,Afirmativo,21219,Boletín N° 11092-07,2023-05-08 19:18:45,74,59,2,0,1,Quórum Simple,1,Aprobado,1,Proyecto de Ley,11092-07,Particular,"Letra c) del artículo 35, contenido en el numeral 12) del artículo primero del proyecto, en los términos sugeridos por la Comisión de Constitución. ",Segundo Trámite,Primer Informe,1988-12-04,0,Femenino,10,2026-03-10 23:59:59,,True,PCS,Partido Convergencia Social,PCS
1094,Cristian,Labbé,Martínez,0,En Contra,21219,Boletín N° 11092-07,2023-05-08 19:18:45,74,59,2,0,1,Quórum Simple,1,Aprobado,1,Proyecto de Ley,11092-07,Particular,"Letra c) del artículo 35, contenido en el numeral 12) del artículo primero del proyecto, en los términos sugeridos por la Comisión de Constitución. ",Segundo Trámite,Primer Informe,1980-03-06,1,Masculino,10,2026-03-10 23:59:59,,True,UDI,Unión Demócrata Independiente,UDI
1096,María Candelaria,Acevedo,Sáez,1,Afirmativo,21219,Boletín N° 11092-07,2023-05-08 19:18:45,74,59,2,0,1,Quórum Simple,1,Aprobado,1,Proyecto de Ley,11092-07,Particular,"Letra c) del artículo 35, contenido en el numeral 12) del artículo primero del proyecto, en los términos sugeridos por la Comisión de Constitución. ",Segundo Trámite,Primer Informe,1958-09-12,0,Femenino,10,2026-03-10 23:59:59,,True,PC,Partido Comunista,PC
1097,Eric,Aedo,Jeldres,1,Afirmativo,21219,Boletín N° 11092-07,2023-05-08 19:18:45,74,59,2,0,1,Quórum Simple,1,Aprobado,1,Proyecto de Ley,11092-07,Particular,"Letra c) del artículo 35, contenido en el numeral 12) del artículo primero del proyecto, en los términos sugeridos por la Comisión de Constitución. ",Segundo Trámite,Primer Informe,1968-07-13,1,Masculino,10,2026-03-10 23:59:59,,True,DC,Partido Demócrata Cristiano,DC
1098,Yovana,Ahumada,Palma,0,En Contra,21219,Boletín N° 11092-07,2023-05-08 19:18:45,74,59,2,0,1,Quórum Simple,1,Aprobado,1,Proyecto de Ley,11092-07,Particular,"Letra c) del artículo 35, contenido en el numeral 12) del artículo primero del proyecto, en los términos sugeridos por la Comisión de Constitución. ",Segundo Trámite,Primer Informe,1973-02-24,0,Femenino,10,2026-03-10 23:59:59,,True,IND,Independientes,IND
1099,Jaime,Araya,Guerrero,1,Afirmativo,21219,Boletín N° 11092-07,2023-05-08 19:18:45,74,59,2,0,1,Quórum Simple,1,Aprobado,1,Proyecto de Ley,11092-07,Particular,"Letra c) del artículo 35, contenido en el numeral 12) del artículo primero del proyecto, en los términos sugeridos por la Comisión de Constitución. ",Segundo Trámite,Primer Informe,1976-02-04,1,Masculino,10,2026-03-10 23:59:59,,True,IND,Independientes,IND
1100,Cristián,Araya,Lerdo de Tejada,0,En Contra,21219,Boletín N° 11092-07,2023-05-08 19:18:45,74,59,2,0,1,Quórum Simple,1,Aprobado,1,Proyecto de Ley,11092-07,Particular,"Letra c) del artículo 35, contenido en el numeral 12) del artículo primero del proyecto, en los términos sugeridos por la Comisión de Constitución. ",Segundo Trámite,Primer Informe,1988-09-30,1,Masculino,10,2026-03-10 23:59:59,,True,PREP,Partido Republicano,PREP
1101,Mónica,Arce,Castro,1,Afirmativo,21219,Boletín N° 11092-07,2023-05-08 19:18:45,74,59,2,0,1,Quórum Simple,1,Aprobado,1,Proyecto de Ley,11092-07,Particular,"Letra c) del artículo 35, contenido en el numeral 12) del artículo primero del proyecto, en los términos sugeridos por la Comisión de Constitución. ",Segundo Trámite,Primer Informe,1976-03-02,0,Femenino,10,2026-03-10 23:59:59,,True,IND,Independientes,IND
1102,Roberto,Arroyo,Muñoz,0,En Contra,21219,Boletín N° 11092-07,2023-05-08 19:18:45,74,59,2,0,1,Quórum Simple,1,Aprobado,1,Proyecto de Ley,11092-07,Particular,"Letra c) del artículo 35, contenido en el numeral 12) del artículo primero del proyecto, en los términos sugeridos por la Comisión de Constitución. ",Segundo Trámite,Primer Informe,1963-11-29,1,Masculino,10,2026-03-10 23:59:59,,True,PDG,Partido de la Gente,PDG
1103,Danisa,Astudillo,Peiretti,1,Afirmativo,21219,Boletín N° 11092-07,2023-05-08 19:18:45,74,59,2,0,1,Quórum Simple,1,Aprobado,1,Proyecto de Ley,11092-07,Particular,"Letra c) del artículo 35, contenido en el numeral 12) del artículo primero del proyecto, en los términos sugeridos por la Comisión de Constitución. ",Segundo Trámite,Primer Informe,1975-05-03,0,Femenino,10,2026-03-10 23:59:59,,True,PS,Partido Socialista,PS
1104,Chiara,Barchiesi,Chávez,0,En Contra,21219,Boletín N° 11092-07,2023-05-08 19:18:45,74,59,2,0,1,Quórum Simple,1,Aprobado,1,Proyecto de Ley,11092-07,Particular,"Letra c) del artículo 35, contenido en el numeral 12) del artículo primero del proyecto, en los términos sugeridos por la Comisión de Constitución. ",Segundo Trámite,Primer Informe,1996-12-22,0,Femenino,10,2026-03-10 23:59:59,,True,PREP,Partido Republicano,PREP
1105,Héctor,Barría,Angulo,1,Afirmativo,21219,Boletín N° 11092-07,2023-05-08 19:18:45,74,59,2,0,1,Quórum Simple,1,Aprobado,1,Proyecto de Ley,11092-07,Particular,"Letra c) del artículo 35, contenido en el numeral 12) del artículo primero del proyecto, en los términos sugeridos por la Comisión de Constitución. ",Segundo Trámite,Primer Informe,1980-04-24,1,Masculino,10,2026-03-10 23:59:59,,True,DC,Partido Demócrata Cristiano,DC
1106,Miguel Ángel,Becker,Alvear,0,En Contra,21219,Boletín N° 11092-07,2023-05-08 19:18:45,74,59,2,0,1,Quórum Simple,1,Aprobado,1,Proyecto de Ley,11092-07,Particular,"Letra c) del artículo 35, contenido en el numeral 12) del artículo primero del proyecto, en los términos sugeridos por la Comisión de Constitución. ",Segundo Trámite,Primer Informe,1960-10-07,1,Masculino,10,2026-03-10 23:59:59,,True,RN,Renovación Nacional,RN
1107,María Francisca,Bello,Campos,1,Afirmativo,21219,Boletín N° 11092-07,2023-05-08 19:18:45,74,59,2,0,1,Quórum Simple,1,Aprobado,1,Proyecto de Ley,11092-07,Particular,"Letra c) del artículo 35, contenido en el numeral 12) del artículo primero del proyecto, en los términos sugeridos por la Comisión de Constitución. ",Segundo Trámite,Primer Informe,1987-09-17,0,Femenino,10,2026-03-10 23:59:59,,True,PCS,Partido Convergencia Social,PCS
1108,Juan Carlos,Beltrán,Silva,0,En Contra,21219,Boletín N° 11092-07,2023-05-08 19:18:45,74,59,2,0,1,Quórum Simple,1,Aprobado,1,Proyecto de Ley,11092-07,Particular,"Letra c) del artículo 35, contenido en el numeral 12) del artículo primero del proyecto, en los términos sugeridos por la Comisión de Constitución. ",Segundo Trámite,Primer Informe,1962-12-19,1,Masculino,10,2026-03-10 23:59:59,,True,RN,Renovación Nacional,RN
1109,Gustavo,Benavente,Vergara,0,En Contra,21219,Boletín N° 11092-07,2023-05-08 19:18:45,74,59,2,0,1,Quórum Simple,1,Aprobado,1,Proyecto de Ley,11092-07,Particular,"Letra c) del artículo 35, contenido en el numeral 12) del artículo primero del proyecto, en los términos sugeridos por la Comisión de Constitución. ",Segundo Trámite,Primer Informe,1966-08-13,1,Masculino,10,2026-03-10 23:59:59,,True,UDI,Unión Demócrata Independiente,UDI
1110,Carlos,Bianchi,Chelech,1,Afirmativo,21219,Boletín N° 11092-07,2023-05-08 19:18:45,74,59,2,0,1,Quórum Simple,1,Aprobado,1,Proyecto de Ley,11092-07,Particular,"Letra c) del artículo 35, contenido en el numeral 12) del artículo primero del proyecto, en los términos sugeridos por la Comisión de Constitución. ",Segundo Trámite,Primer Informe,1960-11-04,1,Masculino,10,2026-03-10 23:59:59,,True,IND,Independientes,IND
1111,Fernando,Bórquez,Montecinos,0,En Contra,21219,Boletín N° 11092-07,2023-05-08 19:18:45,74,59,2,0,1,Quórum Simple,1,Aprobado,1,Proyecto de Ley,11092-07,Particular,"Letra c) del artículo 35, contenido en el numeral 12) del artículo primero del proyecto, en los términos sugeridos por la Comisión de Constitución. ",Segundo Trámite,Primer Informe,1968-06-06,1,Masculino,10,2026-03-10 23:59:59,,True,UDI,Unión Demócrata Independiente,UDI
1112,Ana María,Bravo,Castro,1,Afirmativo,21219,Boletín N° 11092-07,2023-05-08 19:18:45,74,59,2,0,1,Quórum Simple,1,Aprobado,1,Proyecto de Ley,11092-07,Particular,"Letra c) del artículo 35, contenido en el numeral 12) del artículo primero del proyecto, en los términos sugeridos por la Comisión de Constitución. ",Segundo Trámite,Primer Informe,1973-12-03,0,Femenino,10,2026-03-10 23:59:59,,True,PS,Partido Socialista,PS
1113,Marta,Bravo,Salinas,0,En Contra,21219,Boletín N° 11092-07,2023-05-08 19:18:45,74,59,2,0,1,Quórum Simple,1,Aprobado,1,Proyecto de Ley,11092-07,Particular,"Letra c) del artículo 35, contenido en el numeral 12) del artículo primero del proyecto, en los términos sugeridos por la Comisión de Constitución. ",Segundo Trámite,Primer Informe,1976-02-25,0,Femenino,10,2026-03-10 23:59:59,,True,UDI,Unión Demócrata Independiente,UDI
1114,Félix,Bugueño,Sotelo,1,Afirmativo,21219,Boletín N° 11092-07,2023-05-08 19:18:45,74,59,2,0,1,Quórum Simple,1,Aprobado,1,Proyecto de Ley,11092-07,Particular,"Letra c) del artículo 35, contenido en el numeral 12) del artículo primero del proyecto, en los términos sugeridos por la Comisión de Constitución. ",Segundo Trámite,Primer Informe,1973-05-18,1,Masculino,10,2026-03-10 23:59:59,,True,FRVS,Federación Regionalista Verde Social,FRVS
1115,Mercedes,Bulnes,Núñez,1,Afirmativo,21219,Boletín N° 11092-07,2023-05-08 19:18:45,74,59,2,0,1,Quórum Simple,1,Aprobado,1,Proyecto de Ley,11092-07,Particular,"Letra c) del artículo 35, contenido en el numeral 12) del artículo primero del proyecto, en los términos sugeridos por la Comisión de Constitución. ",Segundo Trámite,Primer Informe,1950-06-06,0,Femenino,10,2024-11-22 00:00:00,,True,IND,Independientes,IND
1116,Felipe,Camaño,Cárdenas,1,Afirmativo,21219,Boletín N° 11092-07,2023-05-08 19:18:45,74,59,2,0,1,Quórum Simple,1,Aprobado,1,Proyecto de Ley,11092-07,Particular,"Letra c) del artículo 35, contenido en el numeral 12) del artículo primero del proyecto, en los términos sugeridos por la Comisión de Constitución. ",Segundo Trámite,Primer Informe,1991-08-21,1,Masculino,10,2026-03-10 23:59:59,,True,IND,Independientes,IND
1117,Nathalie,Castillo,Rojas,1,Afirmativo,21219,Boletín N° 11092-07,2023-05-08 19:18:45,74,59,2,0,1,Quórum Simple,1,Aprobado,1,Proyecto de Ley,11092-07,Particular,"Letra c) del artículo 35, contenido en el numeral 12) del artículo primero del proyecto, en los términos sugeridos por la Comisión de Constitución. ",Segundo Trámite,Primer Informe,1983-07-02,0,Femenino,10,2026-03-10 23:59:59,,True,PC,Partido Comunista,PC
1118,Ricardo,Cifuentes,Lillo,1,Afirmativo,21219,Boletín N° 11092-07,2023-05-08 19:18:45,74,59,2,0,1,Quórum Simple,1,Aprobado,1,Proyecto de Ley,11092-07,Particular,"Letra c) del artículo 35, contenido en el numeral 12) del artículo primero del proyecto, en los términos sugeridos por la Comisión de Constitución. ",Segundo Trámite,Primer Informe,1962-09-12,1,Masculino,10,2026-03-10 23:59:59,,True,DC,Partido Demócrata Cristiano,DC
1119,Sara,Concha,Smith,2,Abstención,21219,Boletín N° 11092-07,2023-05-08 19:18:45,74,59,2,0,1,Quórum Simple,1,Aprobado,1,Proyecto de Ley,11092-07,Particular,"Letra c) del artículo 35, contenido en el numeral 12) del artículo primero del proyecto, en los términos sugeridos por la Comisión de Constitución. ",Segundo Trámite,Primer Informe,1995-09-09,0,Femenino,10,2026-03-10 23:59:59,,True,PSC,Partido Social Cristiano,PSC
1120,María Luisa,Cordero,Velásquez,0,En Contra,21219,Boletín N° 11092-07,2023-05-08 19:18:45,74,59,2,0,1,Quórum Simple,1,Aprobado,1,Proyecto de Ley,11092-07,Particular,"Letra c) del artículo 35, contenido en el numeral 12) del artículo primero del proyecto, en los términos sugeridos por la Comisión de Constitución. ",Segundo Trámite,Primer Informe,1943-01-23,0,Femenino,10,2026-03-10 23:59:59,,True,IND,Independientes,IND
1121,Eduardo,Cornejo,Lagos,0,En Contra,21219,Boletín N° 11092-07,2023-05-08 19:18:45,74,59,2,0,1,Quórum Simple,1,Aprobado,1,Proyecto de Ley,11092-07,Particular,"Letra c) del artículo 35, contenido en el numeral 12) del artículo primero del proyecto, en los términos sugeridos por la Comisión de Constitución. ",Segundo Trámite,Primer Informe,1972-01-12,1,Masculino,10,2026-03-10 23:59:59,,True,UDI,Unión Demócrata Independiente,UDI
1122,Luis Alberto,Cuello,Peña y Lillo,1,Afirmativo,21219,Boletín N° 11092-07,2023-05-08 19:18:45,74,59,2,0,1,Quórum Simple,1,Aprobado,1,Proyecto de Ley,11092-07,Particular,"Letra c) del artículo 35, contenido en el numeral 12) del artículo primero del proyecto, en los términos sugeridos por la Comisión de Constitución. ",Segundo Trámite,Primer Informe,1977-01-24,1,Masculino,10,2026-03-10 23:59:59,,True,PC,Partido Comunista,PC
1123,Gonzalo,De la Carrera,Correa,0,En Contra,21219,Boletín N° 11092-07,2023-05-08 19:18:45,74,59,2,0,1,Quórum Simple,1,Aprobado,1,Proyecto de Ley,11092-07,Particular,"Letra c) del artículo 35, contenido en el numeral 12) del artículo primero del proyecto, en los términos sugeridos por la Comisión de Constitución. ",Segundo Trámite,Primer Informe,1962-01-13,1,Masculino,10,2026-03-10 23:59:59,,True,IND,Independientes,IND
1124,Tomás,De Rementería,Venegas,1,Afirmativo,21219,Boletín N° 11092-07,2023-05-08 19:18:45,74,59,2,0,1,Quórum Simple,1,Aprobado,1,Proyecto de Ley,11092-07,Particular,"Letra c) del artículo 35, contenido en el numeral 12) del artículo primero del proyecto, en los términos sugeridos por la Comisión de Constitución. ",Segundo Trámite,Primer Informe,1987-03-17,1,Masculino,10,2025-05-05 23:59:59,,True,PS,Partido Socialista,PS
1125,Viviana,Delgado,Riquelme,1,Afirmativo,21219,Boletín N° 11092-07,2023-05-08 19:18:45,74,59,2,0,1,Quórum Simple,1,Aprobado,1,Proyecto de Ley,11092-07,Particular,"Letra c) del artículo 35, contenido en el numeral 12) del artículo primero del proyecto, en los términos sugeridos por la Comisión de Constitución. ",Segundo Trámite,Primer Informe,1973-09-04,0,Femenino,10,2026-03-10 23:59:59,,True,IND,Independientes,IND
1126,Felipe,Donoso,Castro,0,En Contra,21219,Boletín N° 11092-07,2023-05-08 19:18:45,74,59,2,0,1,Quórum Simple,1,Aprobado,1,Proyecto de Ley,11092-07,Particular,"Letra c) del artículo 35, contenido en el numeral 12) del artículo primero del proyecto, en los términos sugeridos por la Comisión de Constitución. ",Segundo Trámite,Primer Informe,1982-12-12,1,Masculino,10,2026-03-10 23:59:59,,True,UDI,Unión Demócrata Independiente,UDI
1127,Lorena,Fries,Monleón,1,Afirmativo,21219,Boletín N° 11092-07,2023-05-08 19:18:45,74,59,2,0,1,Quórum Simple,1,Aprobado,1,Proyecto de Ley,11092-07,Particular,"Letra c) del artículo 35, contenido en el numeral 12) del artículo primero del proyecto, en los términos sugeridos por la Comisión de Constitución. ",Segundo Trámite,Primer Informe,1960-04-01,0,Femenino,10,2026-03-10 23:59:59,,True,PCS,Partido Convergencia Social,PCS
1128,Ana María,Gazmuri,Vieira,1,Afirmativo,21219,Boletín N° 11092-07,2023-05-08 19:18:45,74,59,2,0,1,Quórum Simple,1,Aprobado,1,Proyecto de Ley,11092-07,Particular,"Letra c) del artículo 35, contenido en el numeral 12) del artículo primero del proyecto, en los términos sugeridos por la Comisión de Constitución. ",Segundo Trámite,Primer Informe,1966-01-22,0,Femenino,10,2026-03-10 23:59:59,,True,PAH,Partido Acción Humanista,PAH
1129,Andrés,Giordano,Salazar,1,Afirmativo,21219,Boletín N° 11092-07,2023-05-08 19:18:45,74,59,2,0,1,Quórum Simple,1,Aprobado,1,Proyecto de Ley,11092-07,Particular,"Letra c) del artículo 35, contenido en el numeral 12) del artículo primero del proyecto, en los términos sugeridos por la Comisión de Constitución. ",Segundo Trámite,Primer Informe,1986-12-29,1,Masculino,10,2026-03-10 23:59:59,,True,IND,Independientes,IND
1131,Mauro,González,Villarroel,0,En Contra,21219,Boletín N° 11092-07,2023-05-08 19:18:45,74,59,2,0,1,Quórum Simple,1,Aprobado,1,Proyecto de Ley,11092-07,Particular,"Letra c) del artículo 35, contenido en el numeral 12) del artículo primero del proyecto, en los términos sugeridos por la Comisión de Constitución. ",Segundo Trámite,Primer Informe,1985-05-25,1,Masculino,10,2026-03-10 23:59:59,,True,RN,Renovación Nacional,RN
1132,Jorge,Guzmán,Zepeda,0,En Contra,21219,Boletín N° 11092-07,2023-05-08 19:18:45,74,59,2,0,1,Quórum Simple,1,Aprobado,1,Proyecto de Ley,11092-07,Particular,"Letra c) del artículo 35, contenido en el numeral 12) del artículo primero del proyecto, en los términos sugeridos por la Comisión de Constitución. ",Segundo Trámite,Primer Informe,1985-06-11,1,Masculino,10,2026-03-10 23:59:59,,True,EVOP,Evolución Política,EVOP
1133,Juan,Irarrázaval,Rossel,0,En Contra,21219,Boletín N° 11092-07,2023-05-08 19:18:45,74,59,2,0,1,Quórum Simple,1,Aprobado,1,Proyecto de Ley,11092-07,Particular,"Letra c) del artículo 35, contenido en el numeral 12) del artículo primero del proyecto, en los términos sugeridos por la Comisión de Constitución. ",Segundo Trámite,Primer Informe,1983-06-23,1,Masculino,10,2026-03-10 23:59:59,,True,PREP,Partido Republicano,PREP
1135,Johannes,Kaiser,Barents-Von Hohenhagen,0,En Contra,21219,Boletín N° 11092-07,2023-05-08 19:18:45,74,59,2,0,1,Quórum Simple,1,Aprobado,1,Proyecto de Ley,11092-07,Particular,"Letra c) del artículo 35, contenido en el numeral 12) del artículo primero del proyecto, en los términos sugeridos por la Comisión de Constitución. ",Segundo Trámite,Primer Informe,1976-01-05,1,Masculino,10,2026-03-10 23:59:59,,True,PREP,Partido Republicano,PREP
1136,Paula,Labra,Besserer,0,En Contra,21219,Boletín N° 11092-07,2023-05-08 19:18:45,74,59,2,0,1,Quórum Simple,1,Aprobado,1,Proyecto de Ley,11092-07,Particular,"Letra c) del artículo 35, contenido en el numeral 12) del artículo primero del proyecto, en los términos sugeridos por la Comisión de Constitución. ",Segundo Trámite,Primer Informe,1987-05-04,0,Femenino,10,2026-03-10 23:59:59,,True,IND,Independientes,IND
1137,Tomás,Lagomarsino,Guzmán,1,Afirmativo,21219,Boletín N° 11092-07,2023-05-08 19:18:45,74,59,2,0,1,Quórum Simple,1,Aprobado,1,Proyecto de Ley,11092-07,Particular,"Letra c) del artículo 35, contenido en el numeral 12) del artículo primero del proyecto, en los términos sugeridos por la Comisión de Constitución. ",Segundo Trámite,Primer Informe,1990-07-13,1,Masculino,10,2026-03-10 23:59:59,,True,IND,Independientes,IND
1138,Henry,Leal,Bizama,0,En Contra,21219,Boletín N° 11092-07,2023-05-08 19:18:45,74,59,2,0,1,Quórum Simple,1,Aprobado,1,Proyecto de Ley,11092-07,Particular,"Letra c) del artículo 35, contenido en el numeral 12) del artículo primero del proyecto, en los términos sugeridos por la Comisión de Constitución. ",Segundo Trámite,Primer Informe,1972-09-16,1,Masculino,10,2026-03-10 23:59:59,,True,UDI,Unión Demócrata Independiente,UDI
1139,Enrique,Lee,Flores,0,En Contra,21219,Boletín N° 11092-07,2023-05-08 19:18:45,74,59,2,0,1,Quórum Simple,1,Aprobado,1,Proyecto de Ley,11092-07,Particular,"Letra c) del artículo 35, contenido en el numeral 12) del artículo primero del proyecto, en los términos sugeridos por la Comisión de Constitución. ",Segundo Trámite,Primer Informe,1967-12-16,1,Masculino,10,2026-03-10 23:59:59,,True,PRI,Partido Regionalista Independiente,PRI
1140,Daniel,Lilayu,Vivanco,0,En Contra,21219,Boletín N° 11092-07,2023-05-08 19:18:45,74,59,2,0,1,Quórum Simple,1,Aprobado,1,Proyecto de Ley,11092-07,Particular,"Letra c) del artículo 35, contenido en el numeral 12) del artículo primero del proyecto, en los términos sugeridos por la Comisión de Constitución. ",Segundo Trámite,Primer Informe,1949-03-02,1,Masculino,10,2026-03-10 23:59:59,,True,UDI,Unión Demócrata Independiente,UDI
1142,Daniel,Manouchehri,Lobos,1,Afirmativo,21219,Boletín N° 11092-07,2023-05-08 19:18:45,74,59,2,0,1,Quórum Simple,1,Aprobado,1,Proyecto de Ley,11092-07,Particular,"Letra c) del artículo 35, contenido en el numeral 12) del artículo primero del proyecto, en los términos sugeridos por la Comisión de Constitución. ",Segundo Trámite,Primer Informe,1984-05-25,1,Masculino,10,2026-03-10 23:59:59,,True,PS,Partido Socialista,PS
1143,Cristóbal,Martínez,Ramírez,0,En Contra,21219,Boletín N° 11092-07,2023-05-08 19:18:45,74,59,2,0,1,Quórum Simple,1,Aprobado,1,Proyecto de Ley,11092-07,Particular,"Letra c) del artículo 35, contenido en el numeral 12) del artículo primero del proyecto, en los términos sugeridos por la Comisión de Constitución. ",Segundo Trámite,Primer Informe,1984-04-30,1,Masculino,10,2026-03-10 23:59:59,,True,UDI,Unión Demócrata Independiente,UDI
1144,Christian,Matheson,Villán,0,En Contra,21219,Boletín N° 11092-07,2023-05-08 19:18:45,74,59,2,0,1,Quórum Simple,1,Aprobado,1,Proyecto de Ley,11092-07,Particular,"Letra c) del artículo 35, contenido en el numeral 12) del artículo primero del proyecto, en los términos sugeridos por la Comisión de Constitución. ",Segundo Trámite,Primer Informe,1957-12-17,1,Masculino,10,2026-03-10 23:59:59,,True,IND,Independientes,IND
1146,José Carlos,Meza,Pereira,0,En Contra,21219,Boletín N° 11092-07,2023-05-08 19:18:45,74,59,2,0,1,Quórum Simple,1,Aprobado,1,Proyecto de Ley,11092-07,Particular,"Letra c) del artículo 35, contenido en el numeral 12) del artículo primero del proyecto, en los términos sugeridos por la Comisión de Constitución. ",Segundo Trámite,Primer Informe,1989-03-07,1,Masculino,10,2026-03-10 23:59:59,,True,PREP,Partido Republicano,PREP
1147,Helia,Molina,Milman,1,Afirmativo,21219,Boletín N° 11092-07,2023-05-08 19:18:45,74,59,2,0,1,Quórum Simple,1,Aprobado,1,Proyecto de Ley,11092-07,Particular,"Letra c) del artículo 35, contenido en el numeral 12) del artículo primero del proyecto, en los términos sugeridos por la Comisión de Constitución. ",Segundo Trámite,Primer Informe,1947-04-02,0,Femenino,10,2026-03-10 23:59:59,,True,PPD,Partido Por la Democracia,PPD
1148,Javiera,Morales,Alvarado,1,Afirmativo,21219,Boletín N° 11092-07,2023-05-08 19:18:45,74,59,2,0,1,Quórum Simple,1,Aprobado,1,Proyecto de Ley,11092-07,Particular,"Letra c) del artículo 35, contenido en el numeral 12) del artículo primero del proyecto, en los términos sugeridos por la Comisión de Constitución. ",Segundo Trámite,Primer Informe,1983-11-16,0,Femenino,10,2026-03-10 23:59:59,,True,PCS,Partido Convergencia Social,PCS
1149,Carla,Morales,Maldonado,0,En Contra,21219,Boletín N° 11092-07,2023-05-08 19:18:45,74,59,2,0,1,Quórum Simple,1,Aprobado,1,Proyecto de Ley,11092-07,Particular,"Letra c) del artículo 35, contenido en el numeral 12) del artículo primero del proyecto, en los términos sugeridos por la Comisión de Constitución. ",Segundo Trámite,Primer Informe,1977-10-27,0,Femenino,10,2026-03-10 23:59:59,,True,RN,Renovación Nacional,RN
1150,Benjamín,Moreno,Bascur,0,En Contra,21219,Boletín N° 11092-07,2023-05-08 19:18:45,74,59,2,0,1,Quórum Simple,1,Aprobado,1,Proyecto de Ley,11092-07,Particular,"Letra c) del artículo 35, contenido en el numeral 12) del artículo primero del proyecto, en los términos sugeridos por la Comisión de Constitución. ",Segundo Trámite,Primer Informe,1993-04-02,1,Masculino,10,2026-03-10 23:59:59,,True,PREP,Partido Republicano,PREP
1151,Camila,Musante,Müller,1,Afirmativo,21219,Boletín N° 11092-07,2023-05-08 19:18:45,74,59,2,0,1,Quórum Simple,1,Aprobado,1,Proyecto de Ley,11092-07,Particular,"Letra c) del artículo 35, contenido en el numeral 12) del artículo primero del proyecto, en los términos sugeridos por la Comisión de Constitución. ",Segundo Trámite,Primer Informe,1990-02-06,0,Femenino,10,2026-03-10 23:59:59,,True,IND,Independientes,IND
1153,Coca Ericka,Ñanco,Vásquez,1,Afirmativo,21219,Boletín N° 11092-07,2023-05-08 19:18:45,74,59,2,0,1,Quórum Simple,1,Aprobado,1,Proyecto de Ley,11092-07,Particular,"Letra c) del artículo 35, contenido en el numeral 12) del artículo primero del proyecto, en los términos sugeridos por la Comisión de Constitución. ",Segundo Trámite,Primer Informe,1992-03-20,0,Femenino,10,2026-03-10 23:59:59,,True,RD,Revolución Democrática,RD
1154,Mauricio,Ojeda,Rebolledo,0,En Contra,21219,Boletín N° 11092-07,2023-05-08 19:18:45,74,59,2,0,1,Quórum Simple,1,Aprobado,1,Proyecto de Ley,11092-07,Particular,"Letra c) del artículo 35, contenido en el numeral 12) del artículo primero del proyecto, en los términos sugeridos por la Comisión de Constitución. ",Segundo Trámite,Primer Informe,1982-01-19,1,Masculino,10,2026-03-10 23:59:59,,True,IND,Independientes,IND
1155,Rubén Darío,Oyarzo,Figueroa,1,Afirmativo,21219,Boletín N° 11092-07,2023-05-08 19:18:45,74,59,2,0,1,Quórum Simple,1,Aprobado,1,Proyecto de Ley,11092-07,Particular,"Letra c) del artículo 35, contenido en el numeral 12) del artículo primero del proyecto, en los términos sugeridos por la Comisión de Constitución. ",Segundo Trámite,Primer Informe,1980-12-13,1,Masculino,10,2026-03-10 23:59:59,,True,PDG,Partido de la Gente,PDG
1156,Hernán,Palma,Pérez,1,Afirmativo,21219,Boletín N° 11092-07,2023-05-08 19:18:45,74,59,2,0,1,Quórum Simple,1,Aprobado,1,Proyecto de Ley,11092-07,Particular,"Letra c) del artículo 35, contenido en el numeral 12) del artículo primero del proyecto, en los términos sugeridos por la Comisión de Constitución. ",Segundo Trámite,Primer Informe,1958-11-03,1,Masculino,10,2026-03-10 23:59:59,,True,IND,Independientes,IND
1158,Víctor Alejandro,Pino,Fuentes,0,En Contra,21219,Boletín N° 11092-07,2023-05-08 19:18:45,74,59,2,0,1,Quórum Simple,1,Aprobado,1,Proyecto de Ley,11092-07,Particular,"Letra c) del artículo 35, contenido en el numeral 12) del artículo primero del proyecto, en los términos sugeridos por la Comisión de Constitución. ",Segundo Trámite,Primer Informe,1974-12-08,1,Masculino,10,2026-03-10 23:59:59,,True,IND,Independientes,IND
1159,Lorena,Pizarro,Sierra,1,Afirmativo,21219,Boletín N° 11092-07,2023-05-08 19:18:45,74,59,2,0,1,Quórum Simple,1,Aprobado,1,Proyecto de Ley,11092-07,Particular,"Letra c) del artículo 35, contenido en el numeral 12) del artículo primero del proyecto, en los términos sugeridos por la Comisión de Constitución. ",Segundo Trámite,Primer Informe,1966-02-14,0,Femenino,10,2026-03-10 23:59:59,,True,PC,Partido Comunista,PC
1160,Alejandra,Placencia,Cabello,1,Afirmativo,21219,Boletín N° 11092-07,2023-05-08 19:18:45,74,59,2,0,1,Quórum Simple,1,Aprobado,1,Proyecto de Ley,11092-07,Particular,"Letra c) del artículo 35, contenido en el numeral 12) del artículo primero del proyecto, en los términos sugeridos por la Comisión de Constitución. ",Segundo Trámite,Primer Informe,1978-02-14,0,Femenino,10,2026-03-10 23:59:59,,True,PC,Partido Comunista,PC
1161,Francisco,Pulgar,Castillo,1,Afirmativo,21219,Boletín N° 11092-07,2023-05-08 19:18:45,74,59,2,0,1,Quórum Simple,1,Aprobado,1,Proyecto de Ley,11092-07,Particular,"Letra c) del artículo 35, contenido en el numeral 12) del artículo primero del proyecto, en los términos sugeridos por la Comisión de Constitución. ",Segundo Trámite,Primer Informe,1971-05-27,1,Masculino,10,2026-03-10 23:59:59,,True,IND,Independientes,IND
1162,Matías,Ramírez,Pascal,1,Afirmativo,21219,Boletín N° 11092-07,2023-05-08 19:18:45,74,59,2,0,1,Quórum Simple,1,Aprobado,1,Proyecto de Ley,11092-07,Particular,"Letra c) del artículo 35, contenido en el numeral 12) del artículo primero del proyecto, en los términos sugeridos por la Comisión de Constitución. ",Segundo Trámite,Primer Informe,1984-11-14,1,Masculino,10,2026-03-10 23:59:59,,True,PC,Partido Comunista,PC
1163,Marcia,Raphael,Mora,0,En Contra,21219,Boletín N° 11092-07,2023-05-08 19:18:45,74,59,2,0,1,Quórum Simple,1,Aprobado,1,Proyecto de Ley,11092-07,Particular,"Letra c) del artículo 35, contenido en el numeral 12) del artículo primero del proyecto, en los términos sugeridos por la Comisión de Constitución. ",Segundo Trámite,Primer Informe,1963-12-06,0,Femenino,10,2026-03-10 23:59:59,,True,RN,Renovación Nacional,RN
1164,Marcela,Riquelme,Aliaga,1,Afirmativo,21219,Boletín N° 11092-07,2023-05-08 19:18:45,74,59,2,0,1,Quórum Simple,1,Aprobado,1,Proyecto de Ley,11092-07,Particular,"Letra c) del artículo 35, contenido en el numeral 12) del artículo primero del proyecto, en los términos sugeridos por la Comisión de Constitución. ",Segundo Trámite,Primer Informe,1973-03-04,0,Femenino,10,2026-03-10 23:59:59,,True,IND,Independientes,IND
1165,Agustín,Romero,Leiva,0,En Contra,21219,Boletín N° 11092-07,2023-05-08 19:18:45,74,59,2,0,1,Quórum Simple,1,Aprobado,1,Proyecto de Ley,11092-07,Particular,"Letra c) del artículo 35, contenido en el numeral 12) del artículo primero del proyecto, en los términos sugeridos por la Comisión de Constitución. ",Segundo Trámite,Primer Informe,1975-01-03,1,Masculino,10,2026-03-10 23:59:59,,True,PREP,Partido Republicano,PREP
1166,Natalia,Romero,Talguia,1,Afirmativo,21219,Boletín N° 11092-07,2023-05-08 19:18:45,74,59,2,0,1,Quórum Simple,1,Aprobado,1,Proyecto de Ley,11092-07,Particular,"Letra c) del artículo 35, contenido en el numeral 12) del artículo primero del proyecto, en los términos sugeridos por la Comisión de Constitución. ",Segundo Trámite,Primer Informe,1985-06-29,0,Femenino,10,2026-03-10 23:59:59,,True,IND,Independientes,IND
1167,Jaime,Sáez,Quiroz,1,Afirmativo,21219,Boletín N° 11092-07,2023-05-08 19:18:45,74,59,2,0,1,Quórum Simple,1,Aprobado,1,Proyecto de Ley,11092-07,Particular,"Letra c) del artículo 35, contenido en el numeral 12) del artículo primero del proyecto, en los términos sugeridos por la Comisión de Constitución. ",Segundo Trámite,Primer Informe,1985-12-09,1,Masculino,10,2026-03-10 23:59:59,,True,RD,Revolución Democrática,RD
1168,Jorge,Saffirio,Espinoza,1,Afirmativo,21219,Boletín N° 11092-07,2023-05-08 19:18:45,74,59,2,0,1,Quórum Simple,1,Aprobado,1,Proyecto de Ley,11092-07,Particular,"Letra c) del artículo 35, contenido en el numeral 12) del artículo primero del proyecto, en los términos sugeridos por la Comisión de Constitución. ",Segundo Trámite,Primer Informe,1953-06-09,1,Masculino,10,2026-03-10 23:59:59,,True,IND,Independientes,IND
1169,Clara,Sagardía,Cabezas,1,Afirmativo,21219,Boletín N° 11092-07,2023-05-08 19:18:45,74,59,2,0,1,Quórum Simple,1,Aprobado,1,Proyecto de Ley,11092-07,Particular,"Letra c) del artículo 35, contenido en el numeral 12) del artículo primero del proyecto, en los términos sugeridos por la Comisión de Constitución. ",Segundo Trámite,Primer Informe,1952-08-13,0,Femenino,10,2026-03-10 23:59:59,,True,IND,Independientes,IND
1170,Luis,Sánchez,Ossa,0,En Contra,21219,Boletín N° 11092-07,2023-05-08 19:18:45,74,59,2,0,1,Quórum Simple,1,Aprobado,1,Proyecto de Ley,11092-07,Particular,"Letra c) del artículo 35, contenido en el numeral 12) del artículo primero del proyecto, en los términos sugeridos por la Comisión de Constitución. ",Segundo Trámite,Primer Informe,1988-10-04,1,Masculino,10,2026-03-10 23:59:59,,True,PREP,Partido Republicano,PREP
1171,Emilia,Schneider,Videla,1,Afirmativo,21219,Boletín N° 11092-07,2023-05-08 19:18:45,74,59,2,0,1,Quórum Simple,1,Aprobado,1,Proyecto de Ley,11092-07,Particular,"Letra c) del artículo 35, contenido en el numeral 12) del artículo primero del proyecto, en los términos sugeridos por la Comisión de Constitución. ",Segundo Trámite,Primer Informe,1996-10-23,0,Femenino,10,2026-03-10 23:59:59,,True,PCS,Partido Convergencia Social,PCS
1172,Stephan,Schubert,Rubio,0,En Contra,21219,Boletín N° 11092-07,2023-05-08 19:18:45,74,59,2,0,1,Quórum Simple,1,Aprobado,1,Proyecto de Ley,11092-07,Particular,"Letra c) del artículo 35, contenido en el numeral 12) del artículo primero del proyecto, en los términos sugeridos por la Comisión de Constitución. ",Segundo Trámite,Primer Informe,1977-12-19,1,Masculino,10,2026-03-10 23:59:59,,True,IND,Independientes,IND
1173,Daniela,Serrano,Salazar,1,Afirmativo,21219,Boletín N° 11092-07,2023-05-08 19:18:45,74,59,2,0,1,Quórum Simple,1,Aprobado,1,Proyecto de Ley,11092-07,Particular,"Letra c) del artículo 35, contenido en el numeral 12) del artículo primero del proyecto, en los términos sugeridos por la Comisión de Constitución. ",Segundo Trámite,Primer Informe,1995-03-17,0,Femenino,10,2026-03-10 23:59:59,,True,PC,Partido Comunista,PC
1174,Marco Antonio,Sulantay,Olivares,0,En Contra,21219,Boletín N° 11092-07,2023-05-08 19:18:45,74,59,2,0,1,Quórum Simple,1,Aprobado,1,Proyecto de Ley,11092-07,Particular,"Letra c) del artículo 35, contenido en el numeral 12) del artículo primero del proyecto, en los términos sugeridos por la Comisión de Constitución. ",Segundo Trámite,Primer Informe,1973-03-31,1,Masculino,10,2026-03-10 23:59:59,,True,UDI,Unión Demócrata Independiente,UDI
1175,Cristián,Tapia,Ramos,1,Afirmativo,21219,Boletín N° 11092-07,2023-05-08 19:18:45,74,59,2,0,1,Quórum Simple,1,Aprobado,1,Proyecto de Ley,11092-07,Particular,"Letra c) del artículo 35, contenido en el numeral 12) del artículo primero del proyecto, en los términos sugeridos por la Comisión de Constitución. ",Segundo Trámite,Primer Informe,1968-07-14,1,Masculino,10,2026-03-10 23:59:59,,True,IND,Independientes,IND
1176,Hotuiti,Teao,Drago,0,En Contra,21219,Boletín N° 11092-07,2023-05-08 19:18:45,74,59,2,0,1,Quórum Simple,1,Aprobado,1,Proyecto de Ley,11092-07,Particular,"Letra c) del artículo 35, contenido en el numeral 12) del artículo primero del proyecto, en los términos sugeridos por la Comisión de Constitución. ",Segundo Trámite,Primer Informe,1977-08-01,1,Masculino,10,2026-03-10 23:59:59,,True,IND,Independientes,IND
1177,Carolina,Tello,Rojas,1,Afirmativo,21219,Boletín N° 11092-07,2023-05-08 19:18:45,74,59,2,0,1,Quórum Simple,1,Aprobado,1,Proyecto de Ley,11092-07,Particular,"Letra c) del artículo 35, contenido en el numeral 12) del artículo primero del proyecto, en los términos sugeridos por la Comisión de Constitución. ",Segundo Trámite,Primer Informe,1985-10-01,0,Femenino,10,2026-03-10 23:59:59,,True,PC,Partido Comunista,PC
1178,Héctor,Ulloa,Aguilera,1,Afirmativo,21219,Boletín N° 11092-07,2023-05-08 19:18:45,74,59,2,0,1,Quórum Simple,1,Aprobado,1,Proyecto de Ley,11092-07,Particular,"Letra c) del artículo 35, contenido en el numeral 12) del artículo primero del proyecto, en los términos sugeridos por la Comisión de Constitución. ",Segundo Trámite,Primer Informe,1969-08-06,1,Masculino,10,2026-03-10 23:59:59,,True,IND,Independientes,IND
1179,Alberto,Undurraga,Vicuña,1,Afirmativo,21219,Boletín N° 11092-07,2023-05-08 19:18:45,74,59,2,0,1,Quórum Simple,1,Aprobado,1,Proyecto de Ley,11092-07,Particular,"Letra c) del artículo 35, contenido en el numeral 12) del artículo primero del proyecto, en los términos sugeridos por la Comisión de Constitución. ",Segundo Trámite,Primer Informe,1969-06-17,1,Masculino,10,2026-03-10 23:59:59,,True,DC,Partido Demócrata Cristiano,DC
1180,Consuelo,Veloso,Ávila,1,Afirmativo,21219,Boletín N° 11092-07,2023-05-08 19:18:45,74,59,2,0,1,Quórum Simple,1,Aprobado,1,Proyecto de Ley,11092-07,Particular,"Letra c) del artículo 35, contenido en el numeral 12) del artículo primero del proyecto, en los términos sugeridos por la Comisión de Constitución. ",Segundo Trámite,Primer Informe,1994-02-11,0,Femenino,10,2026-03-10 23:59:59,,True,RD,Revolución Democrática,RD
1182,Sebastián,Videla,Castillo,1,Afirmativo,21219,Boletín N° 11092-07,2023-05-08 19:18:45,74,59,2,0,1,Quórum Simple,1,Aprobado,1,Proyecto de Ley,11092-07,Particular,"Letra c) del artículo 35, contenido en el numeral 12) del artículo primero del proyecto, en los términos sugeridos por la Comisión de Constitución. ",Segundo Trámite,Primer Informe,1986-04-29,1,Masculino,10,2026-03-10 23:59:59,,True,IND,Independientes,IND
1183,Flor,Weisse,Novoa,0,En Contra,21219,Boletín N° 11092-07,2023-05-08 19:18:45,74,59,2,0,1,Quórum Simple,1,Aprobado,1,Proyecto de Ley,11092-07,Particular,"Letra c) del artículo 35, contenido en el numeral 12) del artículo primero del proyecto, en los términos sugeridos por la Comisión de Constitución. ",Segundo Trámite,Primer Informe,1960-03-27,0,Femenino,10,2026-03-10 23:59:59,,True,UDI,Unión Demócrata Independiente,UDI
74,Jaime,Naranjo,Ortiz,1,Afirmativo,21219,Boletín N° 11092-07,2023-05-08 19:18:45,74,59,2,0,1,Quórum Simple,1,Aprobado,1,Proyecto de Ley,11092-07,Particular,"Letra c) del artículo 35, contenido en el numeral 12) del artículo primero del proyecto, en los términos sugeridos por la Comisión de Constitución. ",Segundo Trámite,Primer Informe,1951-01-12,1,Masculino,10,2026-03-10 23:59:59,,True,PS,Partido Socialista,PS
803,René,Alinco,Bustos,1,Afirmativo,21219,Boletín N° 11092-07,2023-05-08 19:18:45,74,59,2,0,1,Quórum Simple,1,Aprobado,1,Proyecto de Ley,11092-07,Particular,"Letra c) del artículo 35, contenido en el numeral 12) del artículo primero del proyecto, en los términos sugeridos por la Comisión de Constitución. ",Segundo Trámite,Primer Informe,1958-06-02,1,Masculino,10,2026-03-10 23:59:59,,True,IND,Independientes,IND
815,Sergio,Bobadilla,Muñoz,0,En Contra,21219,Boletín N° 11092-07,2023-05-08 19:18:45,74,59,2,0,1,Quórum Simple,1,Aprobado,1,Proyecto de Ley,11092-07,Particular,"Letra c) del artículo 35, contenido en el numeral 12) del artículo primero del proyecto, en los términos sugeridos por la Comisión de Constitución. ",Segundo Trámite,Primer Informe,1958-03-25,1,Masculino,10,2026-03-10 23:59:59,,True,UDI,Unión Demócrata Independiente,UDI
917,Gastón,Von Mühlenbrock,Zamora,0,En Contra,21219,Boletín N° 11092-07,2023-05-08 19:18:45,74,59,2,0,1,Quórum Simple,1,Aprobado,1,Proyecto de Ley,11092-07,Particular,"Letra c) del artículo 35, contenido en el numeral 12) del artículo primero del proyecto, en los términos sugeridos por la Comisión de Constitución. ",Segundo Trámite,Primer Informe,1954-12-26,1,Masculino,10,2026-03-10 23:59:59,,True,UDI,Unión Demócrata Independiente,UDI
948,Gaspar,Rivas,Sánchez,1,Afirmativo,21219,Boletín N° 11092-07,2023-05-08 19:18:45,74,59,2,0,1,Quórum Simple,1,Aprobado,1,Proyecto de Ley,11092-07,Particular,"Letra c) del artículo 35, contenido en el numeral 12) del artículo primero del proyecto, en los términos sugeridos por la Comisión de Constitución. ",Segundo Trámite,Primer Informe,1978-05-17,1,Masculino,10,2026-03-10 23:59:59,,True,PDG,Partido de la Gente,PDG
953,Frank,Sauerbaum,Muñoz,0,En Contra,21219,Boletín N° 11092-07,2023-05-08 19:18:45,74,59,2,0,1,Quórum Simple,1,Aprobado,1,Proyecto de Ley,11092-07,Particular,"Letra c) del artículo 35, contenido en el numeral 12) del artículo primero del proyecto, en los términos sugeridos por la Comisión de Constitución. ",Segundo Trámite,Primer Informe,1972-11-21,1,Masculino,10,2026-03-10 23:59:59,,True,RN,Renovación Nacional,RN
971,Bernardo,Berger,Fett,0,En Contra,21219,Boletín N° 11092-07,2023-05-08 19:18:45,74,59,2,0,1,Quórum Simple,1,Aprobado,1,Proyecto de Ley,11092-07,Particular,"Letra c) del artículo 35, contenido en el numeral 12) del artículo primero del proyecto, en los términos sugeridos por la Comisión de Constitución. ",Segundo Trámite,Primer Informe,1946-10-04,1,Masculino,10,2026-03-10 23:59:59,,True,IND,Independientes,IND
973,Karol,Cariola,Oliva,1,Afirmativo,21219,Boletín N° 11092-07,2023-05-08 19:18:45,74,59,2,0,1,Quórum Simple,1,Aprobado,1,Proyecto de Ley,11092-07,Particular,"Letra c) del artículo 35, contenido en el numeral 12) del artículo primero del proyecto, en los términos sugeridos por la Comisión de Constitución. ",Segundo Trámite,Primer Informe,1987-04-01,0,Femenino,10,2026-03-10 23:59:59,,True,PC,Partido Comunista,PC
975,Daniella,Cicardini,Milla,1,Afirmativo,21219,Boletín N° 11092-07,2023-05-08 19:18:45,74,59,2,0,1,Quórum Simple,1,Aprobado,1,Proyecto de Ley,11092-07,Particular,"Letra c) del artículo 35, contenido en el numeral 12) del artículo primero del proyecto, en los términos sugeridos por la Comisión de Constitución. ",Segundo Trámite,Primer Informe,1987-12-31,0,Femenino,10,2026-03-10 23:59:59,,True,PS,Partido Socialista,PS
976,Juan Antonio,Coloma,Álamos,0,En Contra,21219,Boletín N° 11092-07,2023-05-08 19:18:45,74,59,2,0,1,Quórum Simple,1,Aprobado,1,Proyecto de Ley,11092-07,Particular,"Letra c) del artículo 35, contenido en el numeral 12) del artículo primero del proyecto, en los términos sugeridos por la Comisión de Constitución. ",Segundo Trámite,Primer Informe,1980-03-14,1,Masculino,10,2026-03-10 23:59:59,,True,UDI,Unión Demócrata Independiente,UDI
990,Daniel,Melo,Contreras,1,Afirmativo,21219,Boletín N° 11092-07,2023-05-08 19:18:45,74,59,2,0,1,Quórum Simple,1,Aprobado,1,Proyecto de Ley,11092-07,Particular,"Letra c) del artículo 35, contenido en el numeral 12) del artículo primero del proyecto, en los términos sugeridos por la Comisión de Constitución. ",Segundo Trámite,Primer Informe,1979-02-18,1,Masculino,10,2026-03-10 23:59:59,,True,PS,Partido Socialista,PS
991,Vlado,Mirosevic,Verdugo,1,Afirmativo,21219,Boletín N° 11092-07,2023-05-08 19:18:45,74,59,2,0,1,Quórum Simple,1,Aprobado,1,Proyecto de Ley,11092-07,Particular,"Letra c) del artículo 35, contenido en el numeral 12) del artículo primero del proyecto, en los términos sugeridos por la Comisión de Constitución. ",Segundo Trámite,Primer Informe,1987-05-23,1,Masculino,10,2026-03-10 23:59:59,,True,PL,Partido Liberal de Chile,PL
999,Jorge,Rathgeb,Schifferli,0,En Contra,21219,Boletín N° 11092-07,2023-05-08 19:18:45,74,59,2,0,1,Quórum Simple,1,Aprobado,1,Proyecto de Ley,11092-07,Particular,"Letra c) del artículo 35, contenido en el numeral 12) del artículo primero del proyecto, en los términos sugeridos por la Comisión de Constitución. ",Segundo Trámite,Primer Informe,1967-12-28,1,Masculino,10,2026-03-10 23:59:59,,True,RN,Renovación Nacional,RN
1003,Renzo,Trisotti,Martínez,0,En Contra,42724,Boletín N° 11092-07,2024-08-26 19:03:25,65,22,36,0,2,Quórum Calificado,1,Aprobado,1,Proyecto de Ley,11092-07,Única,"Proposición de la Comisión Mixta recaída en el proyecto de ley, originado en moción y mensaje, que “Regula la protección y el tratamiento de los datos personales y crea la Agencia de Protección de Datos Personales.”.

[Cabe hacer presente que por no alcanzar el quórum constitucional no se aprueba el artículo 55 propuesto por la Comisión]
",Comisión Mixta,Sin Informe,1976-03-15,1,Masculino,10,2026-03-10 23:59:59,,True,IND,Independientes,IND
1009,Jorge,Alessandri,Vergara,0,En Contra,42724,Boletín N° 11092-07,2024-08-26 19:03:25,65,22,36,0,2,Quórum Calificado,1,Aprobado,1,Proyecto de Ley,11092-07,Única,"Proposición de la Comisión Mixta recaída en el proyecto de ley, originado en moción y mensaje, que “Regula la protección y el tratamiento de los datos personales y crea la Agencia de Protección de Datos Personales.”.

[Cabe hacer presente que por no alcanzar el quórum constitucional no se aprueba el artículo 55 propuesto por la Comisión]
",Comisión Mixta,Sin Informe,1979-06-08,1,Masculino,10,2026-03-10 23:59:59,,True,UDI,Unión Demócrata Independiente,UDI
1012,Boris,Barrera,Moreno,1,Afirmativo,42724,Boletín N° 11092-07,2024-08-26 19:03:25,65,22,36,0,2,Quórum Calificado,1,Aprobado,1,Proyecto de Ley,11092-07,Única,"Proposición de la Comisión Mixta recaída en el proyecto de ley, originado en moción y mensaje, que “Regula la protección y el tratamiento de los datos personales y crea la Agencia de Protección de Datos Personales.”.

[Cabe hacer presente que por no alcanzar el quórum constitucional no se aprueba el artículo 55 propuesto por la Comisión]
",Comisión Mixta,Sin Informe,1970-05-03,1,Masculino,10,2026-03-10 23:59:59,,True,PC,Partido Comunista,PC
1013,Alejandro,Bernales,Maldonado,1,Afirmativo,42724,Boletín N° 11092-07,2024-08-26 19:03:25,65,22,36,0,2,Quórum Calificado,1,Aprobado,1,Proyecto de Ley,11092-07,Única,"Proposición de la Comisión Mixta recaída en el proyecto de ley, originado en moción y mensaje, que “Regula la protección y el tratamiento de los datos personales y crea la Agencia de Protección de Datos Personales.”.

[Cabe hacer presente que por no alcanzar el quórum constitucional no se aprueba el artículo 55 propuesto por la Comisión]
",Comisión Mixta,Sin Informe,1979-02-02,1,Masculino,10,2026-03-10 23:59:59,,True,PL,Partido Liberal de Chile,PL
1015,Jorge,Brito,Hasbún,1,Afirmativo,42724,Boletín N° 11092-07,2024-08-26 19:03:25,65,22,36,0,2,Quórum Calificado,1,Aprobado,1,Proyecto de Ley,11092-07,Única,"Proposición de la Comisión Mixta recaída en el proyecto de ley, originado en moción y mensaje, que “Regula la protección y el tratamiento de los datos personales y crea la Agencia de Protección de Datos Personales.”.

[Cabe hacer presente que por no alcanzar el quórum constitucional no se aprueba el artículo 55 propuesto por la Comisión]
",Comisión Mixta,Sin Informe,1990-01-12,1,Masculino,10,2026-03-10 23:59:59,,True,FA,Frente Amplio,FA
1016,Miguel Ángel,Calisto,Águila,1,Afirmativo,42724,Boletín N° 11092-07,2024-08-26 19:03:25,65,22,36,0,2,Quórum Calificado,1,Aprobado,1,Proyecto de Ley,11092-07,Única,"Proposición de la Comisión Mixta recaída en el proyecto de ley, originado en moción y mensaje, que “Regula la protección y el tratamiento de los datos personales y crea la Agencia de Protección de Datos Personales.”.

[Cabe hacer presente que por no alcanzar el quórum constitucional no se aprueba el artículo 55 propuesto por la Comisión]
",Comisión Mixta,Sin Informe,1985-07-19,1,Masculino,10,2026-03-10 23:59:59,,True,IND,Independientes,IND
1019,José Miguel,Castro,Bascuñán,0,En Contra,42724,Boletín N° 11092-07,2024-08-26 19:03:25,65,22,36,0,2,Quórum Calificado,1,Aprobado,1,Proyecto de Ley,11092-07,Única,"Proposición de la Comisión Mixta recaída en el proyecto de ley, originado en moción y mensaje, que “Regula la protección y el tratamiento de los datos personales y crea la Agencia de Protección de Datos Personales.”.

[Cabe hacer presente que por no alcanzar el quórum constitucional no se aprueba el artículo 55 propuesto por la Comisión]
",Comisión Mixta,Sin Informe,1974-08-05,1,Masculino,10,2026-03-10 23:59:59,,True,RN,Renovación Nacional,RN
1025,Catalina,Del Real,Mihovilovic,0,En Contra,42724,Boletín N° 11092-07,2024-08-26 19:03:25,65,22,36,0,2,Quórum Calificado,1,Aprobado,1,Proyecto de Ley,11092-07,Única,"Proposición de la Comisión Mixta recaída en el proyecto de ley, originado en moción y mensaje, que “Regula la protección y el tratamiento de los datos personales y crea la Agencia de Protección de Datos Personales.”.

[Cabe hacer presente que por no alcanzar el quórum constitucional no se aprueba el artículo 55 propuesto por la Comisión]
",Comisión Mixta,Sin Informe,1968-11-07,0,Femenino,10,2026-03-10 23:59:59,,True,IND,Independientes,IND
1027,Jorge,Durán,Espinoza,2,Abstención,42724,Boletín N° 11092-07,2024-08-26 19:03:25,65,22,36,0,2,Quórum Calificado,1,Aprobado,1,Proyecto de Ley,11092-07,Única,"Proposición de la Comisión Mixta recaída en el proyecto de ley, originado en moción y mensaje, que “Regula la protección y el tratamiento de los datos personales y crea la Agencia de Protección de Datos Personales.”.

[Cabe hacer presente que por no alcanzar el quórum constitucional no se aprueba el artículo 55 propuesto por la Comisión]
",Comisión Mixta,Sin Informe,1980-12-17,1,Masculino,10,2026-03-10 23:59:59,,True,RN,Renovación Nacional,RN
1028,Eduardo,Durán,Salinas,2,Abstención,42724,Boletín N° 11092-07,2024-08-26 19:03:25,65,22,36,0,2,Quórum Calificado,1,Aprobado,1,Proyecto de Ley,11092-07,Única,"Proposición de la Comisión Mixta recaída en el proyecto de ley, originado en moción y mensaje, que “Regula la protección y el tratamiento de los datos personales y crea la Agencia de Protección de Datos Personales.”.

[Cabe hacer presente que por no alcanzar el quórum constitucional no se aprueba el artículo 55 propuesto por la Comisión]
",Comisión Mixta,Sin Informe,1972-01-01,1,Masculino,10,2026-03-10 23:59:59,,True,RN,Renovación Nacional,RN
1034,Félix,González,Gatica,1,Afirmativo,42724,Boletín N° 11092-07,2024-08-26 19:03:25,65,22,36,0,2,Quórum Calificado,1,Aprobado,1,Proyecto de Ley,11092-07,Única,"Proposición de la Comisión Mixta recaída en el proyecto de ley, originado en moción y mensaje, que “Regula la protección y el tratamiento de los datos personales y crea la Agencia de Protección de Datos Personales.”.

[Cabe hacer presente que por no alcanzar el quórum constitucional no se aprueba el artículo 55 propuesto por la Comisión]
",Comisión Mixta,Sin Informe,1972-05-26,1,Masculino,10,2026-03-10 23:59:59,,True,IND,Independientes,IND
1035,Carmen,Hertz,Cádiz,1,Afirmativo,42724,Boletín N° 11092-07,2024-08-26 19:03:25,65,22,36,0,2,Quórum Calificado,1,Aprobado,1,Proyecto de Ley,11092-07,Única,"Proposición de la Comisión Mixta recaída en el proyecto de ley, originado en moción y mensaje, que “Regula la protección y el tratamiento de los datos personales y crea la Agencia de Protección de Datos Personales.”.

[Cabe hacer presente que por no alcanzar el quórum constitucional no se aprueba el artículo 55 propuesto por la Comisión]
",Comisión Mixta,Sin Informe,1945-06-19,0,Femenino,10,2026-03-10 23:59:59,,True,PC,Partido Comunista,PC
1036,Tomás,Hirsch,Goldschmidt,1,Afirmativo,42724,Boletín N° 11092-07,2024-08-26 19:03:25,65,22,36,0,2,Quórum Calificado,1,Aprobado,1,Proyecto de Ley,11092-07,Única,"Proposición de la Comisión Mixta recaída en el proyecto de ley, originado en moción y mensaje, que “Regula la protección y el tratamiento de los datos personales y crea la Agencia de Protección de Datos Personales.”.

[Cabe hacer presente que por no alcanzar el quórum constitucional no se aprueba el artículo 55 propuesto por la Comisión]
",Comisión Mixta,Sin Informe,1956-07-19,1,Masculino,10,2026-03-10 23:59:59,,True,PAH,Partido Acción Humanista,PAH
1037,Diego,Ibáñez,Cotroneo,1,Afirmativo,42724,Boletín N° 11092-07,2024-08-26 19:03:25,65,22,36,0,2,Quórum Calificado,1,Aprobado,1,Proyecto de Ley,11092-07,Única,"Proposición de la Comisión Mixta recaída en el proyecto de ley, originado en moción y mensaje, que “Regula la protección y el tratamiento de los datos personales y crea la Agencia de Protección de Datos Personales.”.

[Cabe hacer presente que por no alcanzar el quórum constitucional no se aprueba el artículo 55 propuesto por la Comisión]
",Comisión Mixta,Sin Informe,1989-01-25,1,Masculino,10,2026-03-10 23:59:59,,True,FA,Frente Amplio,FA
1038,Marcos,Ilabaca,Cerda,1,Afirmativo,42724,Boletín N° 11092-07,2024-08-26 19:03:25,65,22,36,0,2,Quórum Calificado,1,Aprobado,1,Proyecto de Ley,11092-07,Única,"Proposición de la Comisión Mixta recaída en el proyecto de ley, originado en moción y mensaje, que “Regula la protección y el tratamiento de los datos personales y crea la Agencia de Protección de Datos Personales.”.

[Cabe hacer presente que por no alcanzar el quórum constitucional no se aprueba el artículo 55 propuesto por la Comisión]
",Comisión Mixta,Sin Informe,1970-10-05,1,Masculino,10,2026-03-10 23:59:59,,True,PS,Partido Socialista,PS
1039,Pamela,Jiles,Moreno,1,Afirmativo,42724,Boletín N° 11092-07,2024-08-26 19:03:25,65,22,36,0,2,Quórum Calificado,1,Aprobado,1,Proyecto de Ley,11092-07,Única,"Proposición de la Comisión Mixta recaída en el proyecto de ley, originado en moción y mensaje, que “Regula la protección y el tratamiento de los datos personales y crea la Agencia de Protección de Datos Personales.”.

[Cabe hacer presente que por no alcanzar el quórum constitucional no se aprueba el artículo 55 propuesto por la Comisión]
",Comisión Mixta,Sin Informe,1960-11-30,0,Femenino,10,2026-03-10 23:59:59,,True,PH,Partido Humanista,PH
1044,Raúl,Leiva,Carvajal,1,Afirmativo,42724,Boletín N° 11092-07,2024-08-26 19:03:25,65,22,36,0,2,Quórum Calificado,1,Aprobado,1,Proyecto de Ley,11092-07,Única,"Proposición de la Comisión Mixta recaída en el proyecto de ley, originado en moción y mensaje, que “Regula la protección y el tratamiento de los datos personales y crea la Agencia de Protección de Datos Personales.”.

[Cabe hacer presente que por no alcanzar el quórum constitucional no se aprueba el artículo 55 propuesto por la Comisión]
",Comisión Mixta,Sin Informe,1974-03-24,1,Masculino,10,2026-03-10 23:59:59,,True,PS,Partido Socialista,PS
1046,Andrés,Longton,Herrera,2,Abstención,42724,Boletín N° 11092-07,2024-08-26 19:03:25,65,22,36,0,2,Quórum Calificado,1,Aprobado,1,Proyecto de Ley,11092-07,Única,"Proposición de la Comisión Mixta recaída en el proyecto de ley, originado en moción y mensaje, que “Regula la protección y el tratamiento de los datos personales y crea la Agencia de Protección de Datos Personales.”.

[Cabe hacer presente que por no alcanzar el quórum constitucional no se aprueba el artículo 55 propuesto por la Comisión]
",Comisión Mixta,Sin Informe,1982-05-26,1,Masculino,10,2026-03-10 23:59:59,,True,RN,Renovación Nacional,RN
1048,Carolina,Marzán,Pinto,1,Afirmativo,42724,Boletín N° 11092-07,2024-08-26 19:03:25,65,22,36,0,2,Quórum Calificado,1,Aprobado,1,Proyecto de Ley,11092-07,Única,"Proposición de la Comisión Mixta recaída en el proyecto de ley, originado en moción y mensaje, que “Regula la protección y el tratamiento de los datos personales y crea la Agencia de Protección de Datos Personales.”.

[Cabe hacer presente que por no alcanzar el quórum constitucional no se aprueba el artículo 55 propuesto por la Comisión]
",Comisión Mixta,Sin Informe,1963-12-22,0,Femenino,10,2026-03-10 23:59:59,,True,PPD,Partido Por la Democracia,PPD
1049,Cosme,Mellado,Pino,1,Afirmativo,42724,Boletín N° 11092-07,2024-08-26 19:03:25,65,22,36,0,2,Quórum Calificado,1,Aprobado,1,Proyecto de Ley,11092-07,Única,"Proposición de la Comisión Mixta recaída en el proyecto de ley, originado en moción y mensaje, que “Regula la protección y el tratamiento de los datos personales y crea la Agencia de Protección de Datos Personales.”.

[Cabe hacer presente que por no alcanzar el quórum constitucional no se aprueba el artículo 55 propuesto por la Comisión]
",Comisión Mixta,Sin Informe,1960-02-24,1,Masculino,10,2026-03-10 23:59:59,,True,PR,Partido Radical de Chile,PR
1051,Claudia,Mix,Jiménez,1,Afirmativo,42724,Boletín N° 11092-07,2024-08-26 19:03:25,65,22,36,0,2,Quórum Calificado,1,Aprobado,1,Proyecto de Ley,11092-07,Única,"Proposición de la Comisión Mixta recaída en el proyecto de ley, originado en moción y mensaje, que “Regula la protección y el tratamiento de los datos personales y crea la Agencia de Protección de Datos Personales.”.

[Cabe hacer presente que por no alcanzar el quórum constitucional no se aprueba el artículo 55 propuesto por la Comisión]
",Comisión Mixta,Sin Informe,1969-07-13,0,Femenino,10,2026-03-10 23:59:59,,True,FA,Frente Amplio,FA
1053,Cristhian,Moreira,Barros,0,En Contra,42724,Boletín N° 11092-07,2024-08-26 19:03:25,65,22,36,0,2,Quórum Calificado,1,Aprobado,1,Proyecto de Ley,11092-07,Única,"Proposición de la Comisión Mixta recaída en el proyecto de ley, originado en moción y mensaje, que “Regula la protección y el tratamiento de los datos personales y crea la Agencia de Protección de Datos Personales.”.

[Cabe hacer presente que por no alcanzar el quórum constitucional no se aprueba el artículo 55 propuesto por la Comisión]
",Comisión Mixta,Sin Informe,1961-09-05,1,Masculino,10,2026-03-10 23:59:59,,True,UDI,Unión Demócrata Independiente,UDI
1054,Francesca,Muñoz,González,2,Abstención,42724,Boletín N° 11092-07,2024-08-26 19:03:25,65,22,36,0,2,Quórum Calificado,1,Aprobado,1,Proyecto de Ley,11092-07,Única,"Proposición de la Comisión Mixta recaída en el proyecto de ley, originado en moción y mensaje, que “Regula la protección y el tratamiento de los datos personales y crea la Agencia de Protección de Datos Personales.”.

[Cabe hacer presente que por no alcanzar el quórum constitucional no se aprueba el artículo 55 propuesto por la Comisión]
",Comisión Mixta,Sin Informe,1980-03-07,0,Femenino,10,2026-03-10 23:59:59,,True,PSC,Partido Social Cristiano,PSC
1056,Emilia,Nuyado,Ancapichun,1,Afirmativo,42724,Boletín N° 11092-07,2024-08-26 19:03:25,65,22,36,0,2,Quórum Calificado,1,Aprobado,1,Proyecto de Ley,11092-07,Única,"Proposición de la Comisión Mixta recaída en el proyecto de ley, originado en moción y mensaje, que “Regula la protección y el tratamiento de los datos personales y crea la Agencia de Protección de Datos Personales.”.

[Cabe hacer presente que por no alcanzar el quórum constitucional no se aprueba el artículo 55 propuesto por la Comisión]
",Comisión Mixta,Sin Informe,1968-08-17,0,Femenino,10,2026-03-10 23:59:59,,True,PS,Partido Socialista,PS
1057,Erika,Olivera,De La Fuente,1,Afirmativo,42724,Boletín N° 11092-07,2024-08-26 19:03:25,65,22,36,0,2,Quórum Calificado,1,Aprobado,1,Proyecto de Ley,11092-07,Única,"Proposición de la Comisión Mixta recaída en el proyecto de ley, originado en moción y mensaje, que “Regula la protección y el tratamiento de los datos personales y crea la Agencia de Protección de Datos Personales.”.

[Cabe hacer presente que por no alcanzar el quórum constitucional no se aprueba el artículo 55 propuesto por la Comisión]
",Comisión Mixta,Sin Informe,1976-01-04,0,Femenino,10,2026-03-10 23:59:59,,True,DEM,Partido Demócratas Chile,DEM
1059,Ximena,Ossandón,Irarrázabal,2,Abstención,42724,Boletín N° 11092-07,2024-08-26 19:03:25,65,22,36,0,2,Quórum Calificado,1,Aprobado,1,Proyecto de Ley,11092-07,Única,"Proposición de la Comisión Mixta recaída en el proyecto de ley, originado en moción y mensaje, que “Regula la protección y el tratamiento de los datos personales y crea la Agencia de Protección de Datos Personales.”.

[Cabe hacer presente que por no alcanzar el quórum constitucional no se aprueba el artículo 55 propuesto por la Comisión]
",Comisión Mixta,Sin Informe,1963-12-13,0,Femenino,10,2026-03-10 23:59:59,,True,RN,Renovación Nacional,RN
1062,Joanna,Pérez,Olea,1,Afirmativo,42724,Boletín N° 11092-07,2024-08-26 19:03:25,65,22,36,0,2,Quórum Calificado,1,Aprobado,1,Proyecto de Ley,11092-07,Única,"Proposición de la Comisión Mixta recaída en el proyecto de ley, originado en moción y mensaje, que “Regula la protección y el tratamiento de los datos personales y crea la Agencia de Protección de Datos Personales.”.

[Cabe hacer presente que por no alcanzar el quórum constitucional no se aprueba el artículo 55 propuesto por la Comisión]
",Comisión Mixta,Sin Informe,1976-04-01,0,Femenino,10,2026-03-10 23:59:59,,True,DEM,Partido Demócratas Chile,DEM
1063,Catalina,Pérez,Salinas,1,Afirmativo,42724,Boletín N° 11092-07,2024-08-26 19:03:25,65,22,36,0,2,Quórum Calificado,1,Aprobado,1,Proyecto de Ley,11092-07,Única,"Proposición de la Comisión Mixta recaída en el proyecto de ley, originado en moción y mensaje, que “Regula la protección y el tratamiento de los datos personales y crea la Agencia de Protección de Datos Personales.”.

[Cabe hacer presente que por no alcanzar el quórum constitucional no se aprueba el artículo 55 propuesto por la Comisión]
",Comisión Mixta,Sin Informe,1990-12-18,0,Femenino,10,2026-03-10 23:59:59,,True,FA,Frente Amplio,FA
1065,Guillermo,Ramírez,Diez,0,En Contra,42724,Boletín N° 11092-07,2024-08-26 19:03:25,65,22,36,0,2,Quórum Calificado,1,Aprobado,1,Proyecto de Ley,11092-07,Única,"Proposición de la Comisión Mixta recaída en el proyecto de ley, originado en moción y mensaje, que “Regula la protección y el tratamiento de los datos personales y crea la Agencia de Protección de Datos Personales.”.

[Cabe hacer presente que por no alcanzar el quórum constitucional no se aprueba el artículo 55 propuesto por la Comisión]
",Comisión Mixta,Sin Informe,1979-04-16,1,Masculino,10,2026-03-10 23:59:59,,True,UDI,Unión Demócrata Independiente,UDI
1067,Hugo,Rey,Martínez,2,Abstención,42724,Boletín N° 11092-07,2024-08-26 19:03:25,65,22,36,0,2,Quórum Calificado,1,Aprobado,1,Proyecto de Ley,11092-07,Única,"Proposición de la Comisión Mixta recaída en el proyecto de ley, originado en moción y mensaje, que “Regula la protección y el tratamiento de los datos personales y crea la Agencia de Protección de Datos Personales.”.

[Cabe hacer presente que por no alcanzar el quórum constitucional no se aprueba el artículo 55 propuesto por la Comisión]
",Comisión Mixta,Sin Informe,1973-12-06,1,Masculino,10,2026-03-10 23:59:59,,True,RN,Renovación Nacional,RN
1068,Camila,Rojas,Valderrama,1,Afirmativo,42724,Boletín N° 11092-07,2024-08-26 19:03:25,65,22,36,0,2,Quórum Calificado,1,Aprobado,1,Proyecto de Ley,11092-07,Única,"Proposición de la Comisión Mixta recaída en el proyecto de ley, originado en moción y mensaje, que “Regula la protección y el tratamiento de los datos personales y crea la Agencia de Protección de Datos Personales.”.

[Cabe hacer presente que por no alcanzar el quórum constitucional no se aprueba el artículo 55 propuesto por la Comisión]
",Comisión Mixta,Sin Informe,1991-03-11,0,Femenino,10,2026-03-10 23:59:59,,True,FA,Frente Amplio,FA
1069,Leonidas,Romero,Sáez,2,Abstención,42724,Boletín N° 11092-07,2024-08-26 19:03:25,65,22,36,0,2,Quórum Calificado,1,Aprobado,1,Proyecto de Ley,11092-07,Única,"Proposición de la Comisión Mixta recaída en el proyecto de ley, originado en moción y mensaje, que “Regula la protección y el tratamiento de los datos personales y crea la Agencia de Protección de Datos Personales.”.

[Cabe hacer presente que por no alcanzar el quórum constitucional no se aprueba el artículo 55 propuesto por la Comisión]
",Comisión Mixta,Sin Informe,1955-10-15,1,Masculino,10,2026-03-10 23:59:59,,True,IND,Independientes,IND
1073,Juan,Santana,Castillo,1,Afirmativo,42724,Boletín N° 11092-07,2024-08-26 19:03:25,65,22,36,0,2,Quórum Calificado,1,Aprobado,1,Proyecto de Ley,11092-07,Única,"Proposición de la Comisión Mixta recaída en el proyecto de ley, originado en moción y mensaje, que “Regula la protección y el tratamiento de los datos personales y crea la Agencia de Protección de Datos Personales.”.

[Cabe hacer presente que por no alcanzar el quórum constitucional no se aprueba el artículo 55 propuesto por la Comisión]
",Comisión Mixta,Sin Informe,1989-09-20,1,Masculino,10,2026-03-10 23:59:59,,True,PS,Partido Socialista,PS
1074,Marisela,Santibáñez,Novoa,1,Afirmativo,42724,Boletín N° 11092-07,2024-08-26 19:03:25,65,22,36,0,2,Quórum Calificado,1,Aprobado,1,Proyecto de Ley,11092-07,Única,"Proposición de la Comisión Mixta recaída en el proyecto de ley, originado en moción y mensaje, que “Regula la protección y el tratamiento de los datos personales y crea la Agencia de Protección de Datos Personales.”.

[Cabe hacer presente que por no alcanzar el quórum constitucional no se aprueba el artículo 55 propuesto por la Comisión]
",Comisión Mixta,Sin Informe,1975-04-24,0,Femenino,10,2026-03-10 23:59:59,,True,IND,Independientes,IND
1075,Diego,Schalper,Sepúlveda,2,Abstención,42724,Boletín N° 11092-07,2024-08-26 19:03:25,65,22,36,0,2,Quórum Calificado,1,Aprobado,1,Proyecto de Ley,11092-07,Única,"Proposición de la Comisión Mixta recaída en el proyecto de ley, originado en moción y mensaje, que “Regula la protección y el tratamiento de los datos personales y crea la Agencia de Protección de Datos Personales.”.

[Cabe hacer presente que por no alcanzar el quórum constitucional no se aprueba el artículo 55 propuesto por la Comisión]
",Comisión Mixta,Sin Informe,1985-03-14,1,Masculino,10,2026-03-10 23:59:59,,True,RN,Renovación Nacional,RN
1081,Francisco,Undurraga,Gazitúa,1,Afirmativo,42724,Boletín N° 11092-07,2024-08-26 19:03:25,65,22,36,0,2,Quórum Calificado,1,Aprobado,1,Proyecto de Ley,11092-07,Única,"Proposición de la Comisión Mixta recaída en el proyecto de ley, originado en moción y mensaje, que “Regula la protección y el tratamiento de los datos personales y crea la Agencia de Protección de Datos Personales.”.

[Cabe hacer presente que por no alcanzar el quórum constitucional no se aprueba el artículo 55 propuesto por la Comisión]
",Comisión Mixta,Sin Informe,1965-09-29,1,Masculino,10,2026-03-10 23:59:59,,True,EVOP,Evolución Política,EVOP
1087,Gael,Yeomans,Araya,1,Afirmativo,42724,Boletín N° 11092-07,2024-08-26 19:03:25,65,22,36,0,2,Quórum Calificado,1,Aprobado,1,Proyecto de Ley,11092-07,Única,"Proposición de la Comisión Mixta recaída en el proyecto de ley, originado en moción y mensaje, que “Regula la protección y el tratamiento de los datos personales y crea la Agencia de Protección de Datos Personales.”.

[Cabe hacer presente que por no alcanzar el quórum constitucional no se aprueba el artículo 55 propuesto por la Comisión]
",Comisión Mixta,Sin Informe,1988-12-04,0,Femenino,10,2026-03-10 23:59:59,,True,FA,Frente Amplio,FA
1094,Cristian,Labbé,Martínez,0,En Contra,42724,Boletín N° 11092-07,2024-08-26 19:03:25,65,22,36,0,2,Quórum Calificado,1,Aprobado,1,Proyecto de Ley,11092-07,Única,"Proposición de la Comisión Mixta recaída en el proyecto de ley, originado en moción y mensaje, que “Regula la protección y el tratamiento de los datos personales y crea la Agencia de Protección de Datos Personales.”.

[Cabe hacer presente que por no alcanzar el quórum constitucional no se aprueba el artículo 55 propuesto por la Comisión]
",Comisión Mixta,Sin Informe,1980-03-06,1,Masculino,10,2026-03-10 23:59:59,,True,UDI,Unión Demócrata Independiente,UDI
1096,María Candelaria,Acevedo,Sáez,1,Afirmativo,42724,Boletín N° 11092-07,2024-08-26 19:03:25,65,22,36,0,2,Quórum Calificado,1,Aprobado,1,Proyecto de Ley,11092-07,Única,"Proposición de la Comisión Mixta recaída en el proyecto de ley, originado en moción y mensaje, que “Regula la protección y el tratamiento de los datos personales y crea la Agencia de Protección de Datos Personales.”.

[Cabe hacer presente que por no alcanzar el quórum constitucional no se aprueba el artículo 55 propuesto por la Comisión]
",Comisión Mixta,Sin Informe,1958-09-12,0,Femenino,10,2026-03-10 23:59:59,,True,PC,Partido Comunista,PC
1097,Eric,Aedo,Jeldres,1,Afirmativo,42724,Boletín N° 11092-07,2024-08-26 19:03:25,65,22,36,0,2,Quórum Calificado,1,Aprobado,1,Proyecto de Ley,11092-07,Única,"Proposición de la Comisión Mixta recaída en el proyecto de ley, originado en moción y mensaje, que “Regula la protección y el tratamiento de los datos personales y crea la Agencia de Protección de Datos Personales.”.

[Cabe hacer presente que por no alcanzar el quórum constitucional no se aprueba el artículo 55 propuesto por la Comisión]
",Comisión Mixta,Sin Informe,1968-07-13,1,Masculino,10,2026-03-10 23:59:59,,True,DC,Partido Demócrata Cristiano,DC
1098,Yovana,Ahumada,Palma,2,Abstención,42724,Boletín N° 11092-07,2024-08-26 19:03:25,65,22,36,0,2,Quórum Calificado,1,Aprobado,1,Proyecto de Ley,11092-07,Única,"Proposición de la Comisión Mixta recaída en el proyecto de ley, originado en moción y mensaje, que “Regula la protección y el tratamiento de los datos personales y crea la Agencia de Protección de Datos Personales.”.

[Cabe hacer presente que por no alcanzar el quórum constitucional no se aprueba el artículo 55 propuesto por la Comisión]
",Comisión Mixta,Sin Informe,1973-02-24,0,Femenino,10,2026-03-10 23:59:59,,True,IND,Independientes,IND
1099,Jaime,Araya,Guerrero,2,Abstención,42724,Boletín N° 11092-07,2024-08-26 19:03:25,65,22,36,0,2,Quórum Calificado,1,Aprobado,1,Proyecto de Ley,11092-07,Única,"Proposición de la Comisión Mixta recaída en el proyecto de ley, originado en moción y mensaje, que “Regula la protección y el tratamiento de los datos personales y crea la Agencia de Protección de Datos Personales.”.

[Cabe hacer presente que por no alcanzar el quórum constitucional no se aprueba el artículo 55 propuesto por la Comisión]
",Comisión Mixta,Sin Informe,1976-02-04,1,Masculino,10,2026-03-10 23:59:59,,True,IND,Independientes,IND
1100,Cristián,Araya,Lerdo de Tejada,0,En Contra,42724,Boletín N° 11092-07,2024-08-26 19:03:25,65,22,36,0,2,Quórum Calificado,1,Aprobado,1,Proyecto de Ley,11092-07,Única,"Proposición de la Comisión Mixta recaída en el proyecto de ley, originado en moción y mensaje, que “Regula la protección y el tratamiento de los datos personales y crea la Agencia de Protección de Datos Personales.”.

[Cabe hacer presente que por no alcanzar el quórum constitucional no se aprueba el artículo 55 propuesto por la Comisión]
",Comisión Mixta,Sin Informe,1988-09-30,1,Masculino,10,2026-03-10 23:59:59,,True,PREP,Partido Republicano,PREP
1101,Mónica,Arce,Castro,1,Afirmativo,42724,Boletín N° 11092-07,2024-08-26 19:03:25,65,22,36,0,2,Quórum Calificado,1,Aprobado,1,Proyecto de Ley,11092-07,Única,"Proposición de la Comisión Mixta recaída en el proyecto de ley, originado en moción y mensaje, que “Regula la protección y el tratamiento de los datos personales y crea la Agencia de Protección de Datos Personales.”.

[Cabe hacer presente que por no alcanzar el quórum constitucional no se aprueba el artículo 55 propuesto por la Comisión]
",Comisión Mixta,Sin Informe,1976-03-02,0,Femenino,10,2026-03-10 23:59:59,,True,IND,Independientes,IND
1103,Danisa,Astudillo,Peiretti,1,Afirmativo,42724,Boletín N° 11092-07,2024-08-26 19:03:25,65,22,36,0,2,Quórum Calificado,1,Aprobado,1,Proyecto de Ley,11092-07,Única,"Proposición de la Comisión Mixta recaída en el proyecto de ley, originado en moción y mensaje, que “Regula la protección y el tratamiento de los datos personales y crea la Agencia de Protección de Datos Personales.”.

[Cabe hacer presente que por no alcanzar el quórum constitucional no se aprueba el artículo 55 propuesto por la Comisión]
",Comisión Mixta,Sin Informe,1975-05-03,0,Femenino,10,2026-03-10 23:59:59,,True,PS,Partido Socialista,PS
1104,Chiara,Barchiesi,Chávez,0,En Contra,42724,Boletín N° 11092-07,2024-08-26 19:03:25,65,22,36,0,2,Quórum Calificado,1,Aprobado,1,Proyecto de Ley,11092-07,Única,"Proposición de la Comisión Mixta recaída en el proyecto de ley, originado en moción y mensaje, que “Regula la protección y el tratamiento de los datos personales y crea la Agencia de Protección de Datos Personales.”.

[Cabe hacer presente que por no alcanzar el quórum constitucional no se aprueba el artículo 55 propuesto por la Comisión]
",Comisión Mixta,Sin Informe,1996-12-22,0,Femenino,10,2026-03-10 23:59:59,,True,PREP,Partido Republicano,PREP
1105,Héctor,Barría,Angulo,1,Afirmativo,42724,Boletín N° 11092-07,2024-08-26 19:03:25,65,22,36,0,2,Quórum Calificado,1,Aprobado,1,Proyecto de Ley,11092-07,Única,"Proposición de la Comisión Mixta recaída en el proyecto de ley, originado en moción y mensaje, que “Regula la protección y el tratamiento de los datos personales y crea la Agencia de Protección de Datos Personales.”.

[Cabe hacer presente que por no alcanzar el quórum constitucional no se aprueba el artículo 55 propuesto por la Comisión]
",Comisión Mixta,Sin Informe,1980-04-24,1,Masculino,10,2026-03-10 23:59:59,,True,DC,Partido Demócrata Cristiano,DC
1106,Miguel Ángel,Becker,Alvear,2,Abstención,42724,Boletín N° 11092-07,2024-08-26 19:03:25,65,22,36,0,2,Quórum Calificado,1,Aprobado,1,Proyecto de Ley,11092-07,Única,"Proposición de la Comisión Mixta recaída en el proyecto de ley, originado en moción y mensaje, que “Regula la protección y el tratamiento de los datos personales y crea la Agencia de Protección de Datos Personales.”.

[Cabe hacer presente que por no alcanzar el quórum constitucional no se aprueba el artículo 55 propuesto por la Comisión]
",Comisión Mixta,Sin Informe,1960-10-07,1,Masculino,10,2026-03-10 23:59:59,,True,RN,Renovación Nacional,RN
1108,Juan Carlos,Beltrán,Silva,2,Abstención,42724,Boletín N° 11092-07,2024-08-26 19:03:25,65,22,36,0,2,Quórum Calificado,1,Aprobado,1,Proyecto de Ley,11092-07,Única,"Proposición de la Comisión Mixta recaída en el proyecto de ley, originado en moción y mensaje, que “Regula la protección y el tratamiento de los datos personales y crea la Agencia de Protección de Datos Personales.”.

[Cabe hacer presente que por no alcanzar el quórum constitucional no se aprueba el artículo 55 propuesto por la Comisión]
",Comisión Mixta,Sin Informe,1962-12-19,1,Masculino,10,2026-03-10 23:59:59,,True,RN,Renovación Nacional,RN
1109,Gustavo,Benavente,Vergara,0,En Contra,42724,Boletín N° 11092-07,2024-08-26 19:03:25,65,22,36,0,2,Quórum Calificado,1,Aprobado,1,Proyecto de Ley,11092-07,Única,"Proposición de la Comisión Mixta recaída en el proyecto de ley, originado en moción y mensaje, que “Regula la protección y el tratamiento de los datos personales y crea la Agencia de Protección de Datos Personales.”.

[Cabe hacer presente que por no alcanzar el quórum constitucional no se aprueba el artículo 55 propuesto por la Comisión]
",Comisión Mixta,Sin Informe,1966-08-13,1,Masculino,10,2026-03-10 23:59:59,,True,UDI,Unión Demócrata Independiente,UDI
1110,Carlos,Bianchi,Chelech,1,Afirmativo,42724,Boletín N° 11092-07,2024-08-26 19:03:25,65,22,36,0,2,Quórum Calificado,1,Aprobado,1,Proyecto de Ley,11092-07,Única,"Proposición de la Comisión Mixta recaída en el proyecto de ley, originado en moción y mensaje, que “Regula la protección y el tratamiento de los datos personales y crea la Agencia de Protección de Datos Personales.”.

[Cabe hacer presente que por no alcanzar el quórum constitucional no se aprueba el artículo 55 propuesto por la Comisión]
",Comisión Mixta,Sin Informe,1960-11-04,1,Masculino,10,2026-03-10 23:59:59,,True,IND,Independientes,IND
1111,Fernando,Bórquez,Montecinos,2,Abstención,42724,Boletín N° 11092-07,2024-08-26 19:03:25,65,22,36,0,2,Quórum Calificado,1,Aprobado,1,Proyecto de Ley,11092-07,Única,"Proposición de la Comisión Mixta recaída en el proyecto de ley, originado en moción y mensaje, que “Regula la protección y el tratamiento de los datos personales y crea la Agencia de Protección de Datos Personales.”.

[Cabe hacer presente que por no alcanzar el quórum constitucional no se aprueba el artículo 55 propuesto por la Comisión]
",Comisión Mixta,Sin Informe,1968-06-06,1,Masculino,10,2026-03-10 23:59:59,,True,UDI,Unión Demócrata Independiente,UDI
1113,Marta,Bravo,Salinas,0,En Contra,42724,Boletín N° 11092-07,2024-08-26 19:03:25,65,22,36,0,2,Quórum Calificado,1,Aprobado,1,Proyecto de Ley,11092-07,Única,"Proposición de la Comisión Mixta recaída en el proyecto de ley, originado en moción y mensaje, que “Regula la protección y el tratamiento de los datos personales y crea la Agencia de Protección de Datos Personales.”.

[Cabe hacer presente que por no alcanzar el quórum constitucional no se aprueba el artículo 55 propuesto por la Comisión]
",Comisión Mixta,Sin Informe,1976-02-25,0,Femenino,10,2026-03-10 23:59:59,,True,UDI,Unión Demócrata Independiente,UDI
1114,Félix,Bugueño,Sotelo,1,Afirmativo,42724,Boletín N° 11092-07,2024-08-26 19:03:25,65,22,36,0,2,Quórum Calificado,1,Aprobado,1,Proyecto de Ley,11092-07,Única,"Proposición de la Comisión Mixta recaída en el proyecto de ley, originado en moción y mensaje, que “Regula la protección y el tratamiento de los datos personales y crea la Agencia de Protección de Datos Personales.”.

[Cabe hacer presente que por no alcanzar el quórum constitucional no se aprueba el artículo 55 propuesto por la Comisión]
",Comisión Mixta,Sin Informe,1973-05-18,1,Masculino,10,2026-03-10 23:59:59,,True,FRVS,Federación Regionalista Verde Social,FRVS
1116,Felipe,Camaño,Cárdenas,1,Afirmativo,42724,Boletín N° 11092-07,2024-08-26 19:03:25,65,22,36,0,2,Quórum Calificado,1,Aprobado,1,Proyecto de Ley,11092-07,Única,"Proposición de la Comisión Mixta recaída en el proyecto de ley, originado en moción y mensaje, que “Regula la protección y el tratamiento de los datos personales y crea la Agencia de Protección de Datos Personales.”.

[Cabe hacer presente que por no alcanzar el quórum constitucional no se aprueba el artículo 55 propuesto por la Comisión]
",Comisión Mixta,Sin Informe,1991-08-21,1,Masculino,10,2026-03-10 23:59:59,,True,IND,Independientes,IND
1117,Nathalie,Castillo,Rojas,1,Afirmativo,42724,Boletín N° 11092-07,2024-08-26 19:03:25,65,22,36,0,2,Quórum Calificado,1,Aprobado,1,Proyecto de Ley,11092-07,Única,"Proposición de la Comisión Mixta recaída en el proyecto de ley, originado en moción y mensaje, que “Regula la protección y el tratamiento de los datos personales y crea la Agencia de Protección de Datos Personales.”.

[Cabe hacer presente que por no alcanzar el quórum constitucional no se aprueba el artículo 55 propuesto por la Comisión]
",Comisión Mixta,Sin Informe,1983-07-02,0,Femenino,10,2026-03-10 23:59:59,,True,PC,Partido Comunista,PC
1118,Ricardo,Cifuentes,Lillo,1,Afirmativo,42724,Boletín N° 11092-07,2024-08-26 19:03:25,65,22,36,0,2,Quórum Calificado,1,Aprobado,1,Proyecto de Ley,11092-07,Única,"Proposición de la Comisión Mixta recaída en el proyecto de ley, originado en moción y mensaje, que “Regula la protección y el tratamiento de los datos personales y crea la Agencia de Protección de Datos Personales.”.

[Cabe hacer presente que por no alcanzar el quórum constitucional no se aprueba el artículo 55 propuesto por la Comisión]
",Comisión Mixta,Sin Informe,1962-09-12,1,Masculino,10,2026-03-10 23:59:59,,True,DC,Partido Demócrata Cristiano,DC
1119,Sara,Concha,Smith,2,Abstención,42724,Boletín N° 11092-07,2024-08-26 19:03:25,65,22,36,0,2,Quórum Calificado,1,Aprobado,1,Proyecto de Ley,11092-07,Única,"Proposición de la Comisión Mixta recaída en el proyecto de ley, originado en moción y mensaje, que “Regula la protección y el tratamiento de los datos personales y crea la Agencia de Protección de Datos Personales.”.

[Cabe hacer presente que por no alcanzar el quórum constitucional no se aprueba el artículo 55 propuesto por la Comisión]
",Comisión Mixta,Sin Informe,1995-09-09,0,Femenino,10,2026-03-10 23:59:59,,True,PSC,Partido Social Cristiano,PSC
1120,María Luisa,Cordero,Velásquez,2,Abstención,42724,Boletín N° 11092-07,2024-08-26 19:03:25,65,22,36,0,2,Quórum Calificado,1,Aprobado,1,Proyecto de Ley,11092-07,Única,"Proposición de la Comisión Mixta recaída en el proyecto de ley, originado en moción y mensaje, que “Regula la protección y el tratamiento de los datos personales y crea la Agencia de Protección de Datos Personales.”.

[Cabe hacer presente que por no alcanzar el quórum constitucional no se aprueba el artículo 55 propuesto por la Comisión]
",Comisión Mixta,Sin Informe,1943-01-23,0,Femenino,10,2026-03-10 23:59:59,,True,IND,Independientes,IND
1121,Eduardo,Cornejo,Lagos,0,En Contra,42724,Boletín N° 11092-07,2024-08-26 19:03:25,65,22,36,0,2,Quórum Calificado,1,Aprobado,1,Proyecto de Ley,11092-07,Única,"Proposición de la Comisión Mixta recaída en el proyecto de ley, originado en moción y mensaje, que “Regula la protección y el tratamiento de los datos personales y crea la Agencia de Protección de Datos Personales.”.

[Cabe hacer presente que por no alcanzar el quórum constitucional no se aprueba el artículo 55 propuesto por la Comisión]
",Comisión Mixta,Sin Informe,1972-01-12,1,Masculino,10,2026-03-10 23:59:59,,True,UDI,Unión Demócrata Independiente,UDI
1122,Luis Alberto,Cuello,Peña y Lillo,1,Afirmativo,42724,Boletín N° 11092-07,2024-08-26 19:03:25,65,22,36,0,2,Quórum Calificado,1,Aprobado,1,Proyecto de Ley,11092-07,Única,"Proposición de la Comisión Mixta recaída en el proyecto de ley, originado en moción y mensaje, que “Regula la protección y el tratamiento de los datos personales y crea la Agencia de Protección de Datos Personales.”.

[Cabe hacer presente que por no alcanzar el quórum constitucional no se aprueba el artículo 55 propuesto por la Comisión]
",Comisión Mixta,Sin Informe,1977-01-24,1,Masculino,10,2026-03-10 23:59:59,,True,PC,Partido Comunista,PC
1123,Gonzalo,De la Carrera,Correa,0,En Contra,42724,Boletín N° 11092-07,2024-08-26 19:03:25,65,22,36,0,2,Quórum Calificado,1,Aprobado,1,Proyecto de Ley,11092-07,Única,"Proposición de la Comisión Mixta recaída en el proyecto de ley, originado en moción y mensaje, que “Regula la protección y el tratamiento de los datos personales y crea la Agencia de Protección de Datos Personales.”.

[Cabe hacer presente que por no alcanzar el quórum constitucional no se aprueba el artículo 55 propuesto por la Comisión]
",Comisión Mixta,Sin Informe,1962-01-13,1,Masculino,10,2026-03-10 23:59:59,,True,IND,Independientes,IND
1125,Viviana,Delgado,Riquelme,1,Afirmativo,42724,Boletín N° 11092-07,2024-08-26 19:03:25,65,22,36,0,2,Quórum Calificado,1,Aprobado,1,Proyecto de Ley,11092-07,Única,"Proposición de la Comisión Mixta recaída en el proyecto de ley, originado en moción y mensaje, que “Regula la protección y el tratamiento de los datos personales y crea la Agencia de Protección de Datos Personales.”.

[Cabe hacer presente que por no alcanzar el quórum constitucional no se aprueba el artículo 55 propuesto por la Comisión]
",Comisión Mixta,Sin Informe,1973-09-04,0,Femenino,10,2026-03-10 23:59:59,,True,IND,Independientes,IND
1126,Felipe,Donoso,Castro,2,Abstención,42724,Boletín N° 11092-07,2024-08-26 19:03:25,65,22,36,0,2,Quórum Calificado,1,Aprobado,1,Proyecto de Ley,11092-07,Única,"Proposición de la Comisión Mixta recaída en el proyecto de ley, originado en moción y mensaje, que “Regula la protección y el tratamiento de los datos personales y crea la Agencia de Protección de Datos Personales.”.

[Cabe hacer presente que por no alcanzar el quórum constitucional no se aprueba el artículo 55 propuesto por la Comisión]
",Comisión Mixta,Sin Informe,1982-12-12,1,Masculino,10,2026-03-10 23:59:59,,True,UDI,Unión Demócrata Independiente,UDI
1127,Lorena,Fries,Monleón,1,Afirmativo,42724,Boletín N° 11092-07,2024-08-26 19:03:25,65,22,36,0,2,Quórum Calificado,1,Aprobado,1,Proyecto de Ley,11092-07,Única,"Proposición de la Comisión Mixta recaída en el proyecto de ley, originado en moción y mensaje, que “Regula la protección y el tratamiento de los datos personales y crea la Agencia de Protección de Datos Personales.”.

[Cabe hacer presente que por no alcanzar el quórum constitucional no se aprueba el artículo 55 propuesto por la Comisión]
",Comisión Mixta,Sin Informe,1960-04-01,0,Femenino,10,2026-03-10 23:59:59,,True,FA,Frente Amplio,FA
1128,Ana María,Gazmuri,Vieira,1,Afirmativo,42724,Boletín N° 11092-07,2024-08-26 19:03:25,65,22,36,0,2,Quórum Calificado,1,Aprobado,1,Proyecto de Ley,11092-07,Única,"Proposición de la Comisión Mixta recaída en el proyecto de ley, originado en moción y mensaje, que “Regula la protección y el tratamiento de los datos personales y crea la Agencia de Protección de Datos Personales.”.

[Cabe hacer presente que por no alcanzar el quórum constitucional no se aprueba el artículo 55 propuesto por la Comisión]
",Comisión Mixta,Sin Informe,1966-01-22,0,Femenino,10,2026-03-10 23:59:59,,True,PAH,Partido Acción Humanista,PAH
1129,Andrés,Giordano,Salazar,1,Afirmativo,42724,Boletín N° 11092-07,2024-08-26 19:03:25,65,22,36,0,2,Quórum Calificado,1,Aprobado,1,Proyecto de Ley,11092-07,Única,"Proposición de la Comisión Mixta recaída en el proyecto de ley, originado en moción y mensaje, que “Regula la protección y el tratamiento de los datos personales y crea la Agencia de Protección de Datos Personales.”.

[Cabe hacer presente que por no alcanzar el quórum constitucional no se aprueba el artículo 55 propuesto por la Comisión]
",Comisión Mixta,Sin Informe,1986-12-29,1,Masculino,10,2026-03-10 23:59:59,,True,FA,Frente Amplio,FA
1131,Mauro,González,Villarroel,2,Abstención,42724,Boletín N° 11092-07,2024-08-26 19:03:25,65,22,36,0,2,Quórum Calificado,1,Aprobado,1,Proyecto de Ley,11092-07,Única,"Proposición de la Comisión Mixta recaída en el proyecto de ley, originado en moción y mensaje, que “Regula la protección y el tratamiento de los datos personales y crea la Agencia de Protección de Datos Personales.”.

[Cabe hacer presente que por no alcanzar el quórum constitucional no se aprueba el artículo 55 propuesto por la Comisión]
",Comisión Mixta,Sin Informe,1985-05-25,1,Masculino,10,2026-03-10 23:59:59,,True,RN,Renovación Nacional,RN
1132,Jorge,Guzmán,Zepeda,2,Abstención,42724,Boletín N° 11092-07,2024-08-26 19:03:25,65,22,36,0,2,Quórum Calificado,1,Aprobado,1,Proyecto de Ley,11092-07,Única,"Proposición de la Comisión Mixta recaída en el proyecto de ley, originado en moción y mensaje, que “Regula la protección y el tratamiento de los datos personales y crea la Agencia de Protección de Datos Personales.”.

[Cabe hacer presente que por no alcanzar el quórum constitucional no se aprueba el artículo 55 propuesto por la Comisión]
",Comisión Mixta,Sin Informe,1985-06-11,1,Masculino,10,2026-03-10 23:59:59,,True,EVOP,Evolución Política,EVOP
1133,Juan,Irarrázaval,Rossel,0,En Contra,42724,Boletín N° 11092-07,2024-08-26 19:03:25,65,22,36,0,2,Quórum Calificado,1,Aprobado,1,Proyecto de Ley,11092-07,Única,"Proposición de la Comisión Mixta recaída en el proyecto de ley, originado en moción y mensaje, que “Regula la protección y el tratamiento de los datos personales y crea la Agencia de Protección de Datos Personales.”.

[Cabe hacer presente que por no alcanzar el quórum constitucional no se aprueba el artículo 55 propuesto por la Comisión]
",Comisión Mixta,Sin Informe,1983-06-23,1,Masculino,10,2026-03-10 23:59:59,,True,PREP,Partido Republicano,PREP
1135,Johannes,Kaiser,Barents-Von Hohenhagen,2,Abstención,42724,Boletín N° 11092-07,2024-08-26 19:03:25,65,22,36,0,2,Quórum Calificado,1,Aprobado,1,Proyecto de Ley,11092-07,Única,"Proposición de la Comisión Mixta recaída en el proyecto de ley, originado en moción y mensaje, que “Regula la protección y el tratamiento de los datos personales y crea la Agencia de Protección de Datos Personales.”.

[Cabe hacer presente que por no alcanzar el quórum constitucional no se aprueba el artículo 55 propuesto por la Comisión]
",Comisión Mixta,Sin Informe,1976-01-05,1,Masculino,10,2026-03-10 23:59:59,,True,IND,Independientes,IND
1136,Paula,Labra,Besserer,2,Abstención,42724,Boletín N° 11092-07,2024-08-26 19:03:25,65,22,36,0,2,Quórum Calificado,1,Aprobado,1,Proyecto de Ley,11092-07,Única,"Proposición de la Comisión Mixta recaída en el proyecto de ley, originado en moción y mensaje, que “Regula la protección y el tratamiento de los datos personales y crea la Agencia de Protección de Datos Personales.”.

[Cabe hacer presente que por no alcanzar el quórum constitucional no se aprueba el artículo 55 propuesto por la Comisión]
",Comisión Mixta,Sin Informe,1987-05-04,0,Femenino,10,2026-03-10 23:59:59,,True,IND,Independientes,IND
1139,Enrique,Lee,Flores,2,Abstención,42724,Boletín N° 11092-07,2024-08-26 19:03:25,65,22,36,0,2,Quórum Calificado,1,Aprobado,1,Proyecto de Ley,11092-07,Única,"Proposición de la Comisión Mixta recaída en el proyecto de ley, originado en moción y mensaje, que “Regula la protección y el tratamiento de los datos personales y crea la Agencia de Protección de Datos Personales.”.

[Cabe hacer presente que por no alcanzar el quórum constitucional no se aprueba el artículo 55 propuesto por la Comisión]
",Comisión Mixta,Sin Informe,1967-12-16,1,Masculino,10,2026-03-10 23:59:59,,True,PRI,Partido Regionalista Independiente,PRI
1140,Daniel,Lilayu,Vivanco,2,Abstención,42724,Boletín N° 11092-07,2024-08-26 19:03:25,65,22,36,0,2,Quórum Calificado,1,Aprobado,1,Proyecto de Ley,11092-07,Única,"Proposición de la Comisión Mixta recaída en el proyecto de ley, originado en moción y mensaje, que “Regula la protección y el tratamiento de los datos personales y crea la Agencia de Protección de Datos Personales.”.

[Cabe hacer presente que por no alcanzar el quórum constitucional no se aprueba el artículo 55 propuesto por la Comisión]
",Comisión Mixta,Sin Informe,1949-03-02,1,Masculino,10,2026-03-10 23:59:59,,True,UDI,Unión Demócrata Independiente,UDI
1141,Luis,Malla,Valenzuela,1,Afirmativo,42724,Boletín N° 11092-07,2024-08-26 19:03:25,65,22,36,0,2,Quórum Calificado,1,Aprobado,1,Proyecto de Ley,11092-07,Única,"Proposición de la Comisión Mixta recaída en el proyecto de ley, originado en moción y mensaje, que “Regula la protección y el tratamiento de los datos personales y crea la Agencia de Protección de Datos Personales.”.

[Cabe hacer presente que por no alcanzar el quórum constitucional no se aprueba el artículo 55 propuesto por la Comisión]
",Comisión Mixta,Sin Informe,1992-05-16,1,Masculino,10,2026-03-10 23:59:59,,True,PL,Partido Liberal de Chile,PL
1142,Daniel,Manouchehri,Lobos,1,Afirmativo,42724,Boletín N° 11092-07,2024-08-26 19:03:25,65,22,36,0,2,Quórum Calificado,1,Aprobado,1,Proyecto de Ley,11092-07,Única,"Proposición de la Comisión Mixta recaída en el proyecto de ley, originado en moción y mensaje, que “Regula la protección y el tratamiento de los datos personales y crea la Agencia de Protección de Datos Personales.”.

[Cabe hacer presente que por no alcanzar el quórum constitucional no se aprueba el artículo 55 propuesto por la Comisión]
",Comisión Mixta,Sin Informe,1984-05-25,1,Masculino,10,2026-03-10 23:59:59,,True,PS,Partido Socialista,PS
1143,Cristóbal,Martínez,Ramírez,0,En Contra,42724,Boletín N° 11092-07,2024-08-26 19:03:25,65,22,36,0,2,Quórum Calificado,1,Aprobado,1,Proyecto de Ley,11092-07,Única,"Proposición de la Comisión Mixta recaída en el proyecto de ley, originado en moción y mensaje, que “Regula la protección y el tratamiento de los datos personales y crea la Agencia de Protección de Datos Personales.”.

[Cabe hacer presente que por no alcanzar el quórum constitucional no se aprueba el artículo 55 propuesto por la Comisión]
",Comisión Mixta,Sin Informe,1984-04-30,1,Masculino,10,2026-03-10 23:59:59,,True,UDI,Unión Demócrata Independiente,UDI
1144,Christian,Matheson,Villán,2,Abstención,42724,Boletín N° 11092-07,2024-08-26 19:03:25,65,22,36,0,2,Quórum Calificado,1,Aprobado,1,Proyecto de Ley,11092-07,Única,"Proposición de la Comisión Mixta recaída en el proyecto de ley, originado en moción y mensaje, que “Regula la protección y el tratamiento de los datos personales y crea la Agencia de Protección de Datos Personales.”.

[Cabe hacer presente que por no alcanzar el quórum constitucional no se aprueba el artículo 55 propuesto por la Comisión]
",Comisión Mixta,Sin Informe,1957-12-17,1,Masculino,10,2026-03-10 23:59:59,,True,IND,Independientes,IND
1145,Karen,Medina,Vásquez,1,Afirmativo,42724,Boletín N° 11092-07,2024-08-26 19:03:25,65,22,36,0,2,Quórum Calificado,1,Aprobado,1,Proyecto de Ley,11092-07,Única,"Proposición de la Comisión Mixta recaída en el proyecto de ley, originado en moción y mensaje, que “Regula la protección y el tratamiento de los datos personales y crea la Agencia de Protección de Datos Personales.”.

[Cabe hacer presente que por no alcanzar el quórum constitucional no se aprueba el artículo 55 propuesto por la Comisión]
",Comisión Mixta,Sin Informe,1982-05-10,0,Femenino,10,2026-03-10 23:59:59,,True,IND,Independientes,IND
1146,José Carlos,Meza,Pereira,0,En Contra,42724,Boletín N° 11092-07,2024-08-26 19:03:25,65,22,36,0,2,Quórum Calificado,1,Aprobado,1,Proyecto de Ley,11092-07,Única,"Proposición de la Comisión Mixta recaída en el proyecto de ley, originado en moción y mensaje, que “Regula la protección y el tratamiento de los datos personales y crea la Agencia de Protección de Datos Personales.”.

[Cabe hacer presente que por no alcanzar el quórum constitucional no se aprueba el artículo 55 propuesto por la Comisión]
",Comisión Mixta,Sin Informe,1989-03-07,1,Masculino,10,2026-03-10 23:59:59,,True,PREP,Partido Republicano,PREP
1147,Helia,Molina,Milman,1,Afirmativo,42724,Boletín N° 11092-07,2024-08-26 19:03:25,65,22,36,0,2,Quórum Calificado,1,Aprobado,1,Proyecto de Ley,11092-07,Única,"Proposición de la Comisión Mixta recaída en el proyecto de ley, originado en moción y mensaje, que “Regula la protección y el tratamiento de los datos personales y crea la Agencia de Protección de Datos Personales.”.

[Cabe hacer presente que por no alcanzar el quórum constitucional no se aprueba el artículo 55 propuesto por la Comisión]
",Comisión Mixta,Sin Informe,1947-04-02,0,Femenino,10,2026-03-10 23:59:59,,True,PPD,Partido Por la Democracia,PPD
1148,Javiera,Morales,Alvarado,1,Afirmativo,42724,Boletín N° 11092-07,2024-08-26 19:03:25,65,22,36,0,2,Quórum Calificado,1,Aprobado,1,Proyecto de Ley,11092-07,Única,"Proposición de la Comisión Mixta recaída en el proyecto de ley, originado en moción y mensaje, que “Regula la protección y el tratamiento de los datos personales y crea la Agencia de Protección de Datos Personales.”.

[Cabe hacer presente que por no alcanzar el quórum constitucional no se aprueba el artículo 55 propuesto por la Comisión]
",Comisión Mixta,Sin Informe,1983-11-16,0,Femenino,10,2026-03-10 23:59:59,,True,FA,Frente Amplio,FA
1149,Carla,Morales,Maldonado,2,Abstención,42724,Boletín N° 11092-07,2024-08-26 19:03:25,65,22,36,0,2,Quórum Calificado,1,Aprobado,1,Proyecto de Ley,11092-07,Única,"Proposición de la Comisión Mixta recaída en el proyecto de ley, originado en moción y mensaje, que “Regula la protección y el tratamiento de los datos personales y crea la Agencia de Protección de Datos Personales.”.

[Cabe hacer presente que por no alcanzar el quórum constitucional no se aprueba el artículo 55 propuesto por la Comisión]
",Comisión Mixta,Sin Informe,1977-10-27,0,Femenino,10,2026-03-10 23:59:59,,True,RN,Renovación Nacional,RN
1152,Gloria,Naveillan,Arriagada,1,Afirmativo,42724,Boletín N° 11092-07,2024-08-26 19:03:25,65,22,36,0,2,Quórum Calificado,1,Aprobado,1,Proyecto de Ley,11092-07,Única,"Proposición de la Comisión Mixta recaída en el proyecto de ley, originado en moción y mensaje, que “Regula la protección y el tratamiento de los datos personales y crea la Agencia de Protección de Datos Personales.”.

[Cabe hacer presente que por no alcanzar el quórum constitucional no se aprueba el artículo 55 propuesto por la Comisión]
",Comisión Mixta,Sin Informe,1960-11-03,0,Femenino,10,2026-03-10 23:59:59,,True,IND,Independientes,IND
1153,Coca Ericka,Ñanco,Vásquez,1,Afirmativo,42724,Boletín N° 11092-07,2024-08-26 19:03:25,65,22,36,0,2,Quórum Calificado,1,Aprobado,1,Proyecto de Ley,11092-07,Única,"Proposición de la Comisión Mixta recaída en el proyecto de ley, originado en moción y mensaje, que “Regula la protección y el tratamiento de los datos personales y crea la Agencia de Protección de Datos Personales.”.

[Cabe hacer presente que por no alcanzar el quórum constitucional no se aprueba el artículo 55 propuesto por la Comisión]
",Comisión Mixta,Sin Informe,1992-03-20,0,Femenino,10,2026-03-10 23:59:59,,True,FA,Frente Amplio,FA
1155,Rubén Darío,Oyarzo,Figueroa,1,Afirmativo,42724,Boletín N° 11092-07,2024-08-26 19:03:25,65,22,36,0,2,Quórum Calificado,1,Aprobado,1,Proyecto de Ley,11092-07,Única,"Proposición de la Comisión Mixta recaída en el proyecto de ley, originado en moción y mensaje, que “Regula la protección y el tratamiento de los datos personales y crea la Agencia de Protección de Datos Personales.”.

[Cabe hacer presente que por no alcanzar el quórum constitucional no se aprueba el artículo 55 propuesto por la Comisión]
",Comisión Mixta,Sin Informe,1980-12-13,1,Masculino,10,2026-03-10 23:59:59,,True,IND,Independientes,IND
1156,Hernán,Palma,Pérez,1,Afirmativo,42724,Boletín N° 11092-07,2024-08-26 19:03:25,65,22,36,0,2,Quórum Calificado,1,Aprobado,1,Proyecto de Ley,11092-07,Única,"Proposición de la Comisión Mixta recaída en el proyecto de ley, originado en moción y mensaje, que “Regula la protección y el tratamiento de los datos personales y crea la Agencia de Protección de Datos Personales.”.

[Cabe hacer presente que por no alcanzar el quórum constitucional no se aprueba el artículo 55 propuesto por la Comisión]
",Comisión Mixta,Sin Informe,1958-11-03,1,Masculino,10,2026-03-10 23:59:59,,True,IND,Independientes,IND
1157,Marlene,Pérez,Cartes,2,Abstención,42724,Boletín N° 11092-07,2024-08-26 19:03:25,65,22,36,0,2,Quórum Calificado,1,Aprobado,1,Proyecto de Ley,11092-07,Única,"Proposición de la Comisión Mixta recaída en el proyecto de ley, originado en moción y mensaje, que “Regula la protección y el tratamiento de los datos personales y crea la Agencia de Protección de Datos Personales.”.

[Cabe hacer presente que por no alcanzar el quórum constitucional no se aprueba el artículo 55 propuesto por la Comisión]
",Comisión Mixta,Sin Informe,1973-05-10,0,Femenino,10,2026-03-10 23:59:59,,True,IND,Independientes,IND
1159,Lorena,Pizarro,Sierra,1,Afirmativo,42724,Boletín N° 11092-07,2024-08-26 19:03:25,65,22,36,0,2,Quórum Calificado,1,Aprobado,1,Proyecto de Ley,11092-07,Única,"Proposición de la Comisión Mixta recaída en el proyecto de ley, originado en moción y mensaje, que “Regula la protección y el tratamiento de los datos personales y crea la Agencia de Protección de Datos Personales.”.

[Cabe hacer presente que por no alcanzar el quórum constitucional no se aprueba el artículo 55 propuesto por la Comisión]
",Comisión Mixta,Sin Informe,1966-02-14,0,Femenino,10,2026-03-10 23:59:59,,True,PC,Partido Comunista,PC
1160,Alejandra,Placencia,Cabello,1,Afirmativo,42724,Boletín N° 11092-07,2024-08-26 19:03:25,65,22,36,0,2,Quórum Calificado,1,Aprobado,1,Proyecto de Ley,11092-07,Única,"Proposición de la Comisión Mixta recaída en el proyecto de ley, originado en moción y mensaje, que “Regula la protección y el tratamiento de los datos personales y crea la Agencia de Protección de Datos Personales.”.

[Cabe hacer presente que por no alcanzar el quórum constitucional no se aprueba el artículo 55 propuesto por la Comisión]
",Comisión Mixta,Sin Informe,1978-02-14,0,Femenino,10,2026-03-10 23:59:59,,True,PC,Partido Comunista,PC
1161,Francisco,Pulgar,Castillo,1,Afirmativo,42724,Boletín N° 11092-07,2024-08-26 19:03:25,65,22,36,0,2,Quórum Calificado,1,Aprobado,1,Proyecto de Ley,11092-07,Única,"Proposición de la Comisión Mixta recaída en el proyecto de ley, originado en moción y mensaje, que “Regula la protección y el tratamiento de los datos personales y crea la Agencia de Protección de Datos Personales.”.

[Cabe hacer presente que por no alcanzar el quórum constitucional no se aprueba el artículo 55 propuesto por la Comisión]
",Comisión Mixta,Sin Informe,1971-05-27,1,Masculino,10,2026-03-10 23:59:59,,True,IND,Independientes,IND
1162,Matías,Ramírez,Pascal,1,Afirmativo,42724,Boletín N° 11092-07,2024-08-26 19:03:25,65,22,36,0,2,Quórum Calificado,1,Aprobado,1,Proyecto de Ley,11092-07,Única,"Proposición de la Comisión Mixta recaída en el proyecto de ley, originado en moción y mensaje, que “Regula la protección y el tratamiento de los datos personales y crea la Agencia de Protección de Datos Personales.”.

[Cabe hacer presente que por no alcanzar el quórum constitucional no se aprueba el artículo 55 propuesto por la Comisión]
",Comisión Mixta,Sin Informe,1984-11-14,1,Masculino,10,2026-03-10 23:59:59,,True,PC,Partido Comunista,PC
1163,Marcia,Raphael,Mora,2,Abstención,42724,Boletín N° 11092-07,2024-08-26 19:03:25,65,22,36,0,2,Quórum Calificado,1,Aprobado,1,Proyecto de Ley,11092-07,Única,"Proposición de la Comisión Mixta recaída en el proyecto de ley, originado en moción y mensaje, que “Regula la protección y el tratamiento de los datos personales y crea la Agencia de Protección de Datos Personales.”.

[Cabe hacer presente que por no alcanzar el quórum constitucional no se aprueba el artículo 55 propuesto por la Comisión]
",Comisión Mixta,Sin Informe,1963-12-06,0,Femenino,10,2026-03-10 23:59:59,,True,RN,Renovación Nacional,RN
1165,Agustín,Romero,Leiva,0,En Contra,42724,Boletín N° 11092-07,2024-08-26 19:03:25,65,22,36,0,2,Quórum Calificado,1,Aprobado,1,Proyecto de Ley,11092-07,Única,"Proposición de la Comisión Mixta recaída en el proyecto de ley, originado en moción y mensaje, que “Regula la protección y el tratamiento de los datos personales y crea la Agencia de Protección de Datos Personales.”.

[Cabe hacer presente que por no alcanzar el quórum constitucional no se aprueba el artículo 55 propuesto por la Comisión]
",Comisión Mixta,Sin Informe,1975-01-03,1,Masculino,10,2026-03-10 23:59:59,,True,PREP,Partido Republicano,PREP
1166,Natalia,Romero,Talguia,1,Afirmativo,42724,Boletín N° 11092-07,2024-08-26 19:03:25,65,22,36,0,2,Quórum Calificado,1,Aprobado,1,Proyecto de Ley,11092-07,Única,"Proposición de la Comisión Mixta recaída en el proyecto de ley, originado en moción y mensaje, que “Regula la protección y el tratamiento de los datos personales y crea la Agencia de Protección de Datos Personales.”.

[Cabe hacer presente que por no alcanzar el quórum constitucional no se aprueba el artículo 55 propuesto por la Comisión]
",Comisión Mixta,Sin Informe,1985-06-29,0,Femenino,10,2026-03-10 23:59:59,,True,IND,Independientes,IND
1167,Jaime,Sáez,Quiroz,1,Afirmativo,42724,Boletín N° 11092-07,2024-08-26 19:03:25,65,22,36,0,2,Quórum Calificado,1,Aprobado,1,Proyecto de Ley,11092-07,Única,"Proposición de la Comisión Mixta recaída en el proyecto de ley, originado en moción y mensaje, que “Regula la protección y el tratamiento de los datos personales y crea la Agencia de Protección de Datos Personales.”.

[Cabe hacer presente que por no alcanzar el quórum constitucional no se aprueba el artículo 55 propuesto por la Comisión]
",Comisión Mixta,Sin Informe,1985-12-09,1,Masculino,10,2026-03-10 23:59:59,,True,FA,Frente Amplio,FA
1168,Jorge,Saffirio,Espinoza,1,Afirmativo,42724,Boletín N° 11092-07,2024-08-26 19:03:25,65,22,36,0,2,Quórum Calificado,1,Aprobado,1,Proyecto de Ley,11092-07,Única,"Proposición de la Comisión Mixta recaída en el proyecto de ley, originado en moción y mensaje, que “Regula la protección y el tratamiento de los datos personales y crea la Agencia de Protección de Datos Personales.”.

[Cabe hacer presente que por no alcanzar el quórum constitucional no se aprueba el artículo 55 propuesto por la Comisión]
",Comisión Mixta,Sin Informe,1953-06-09,1,Masculino,10,2026-03-10 23:59:59,,True,DEM,Partido Demócratas Chile,DEM
1169,Clara,Sagardía,Cabezas,1,Afirmativo,42724,Boletín N° 11092-07,2024-08-26 19:03:25,65,22,36,0,2,Quórum Calificado,1,Aprobado,1,Proyecto de Ley,11092-07,Única,"Proposición de la Comisión Mixta recaída en el proyecto de ley, originado en moción y mensaje, que “Regula la protección y el tratamiento de los datos personales y crea la Agencia de Protección de Datos Personales.”.

[Cabe hacer presente que por no alcanzar el quórum constitucional no se aprueba el artículo 55 propuesto por la Comisión]
",Comisión Mixta,Sin Informe,1952-08-13,0,Femenino,10,2026-03-10 23:59:59,,True,FA,Frente Amplio,FA
1170,Luis,Sánchez,Ossa,0,En Contra,42724,Boletín N° 11092-07,2024-08-26 19:03:25,65,22,36,0,2,Quórum Calificado,1,Aprobado,1,Proyecto de Ley,11092-07,Única,"Proposición de la Comisión Mixta recaída en el proyecto de ley, originado en moción y mensaje, que “Regula la protección y el tratamiento de los datos personales y crea la Agencia de Protección de Datos Personales.”.

[Cabe hacer presente que por no alcanzar el quórum constitucional no se aprueba el artículo 55 propuesto por la Comisión]
",Comisión Mixta,Sin Informe,1988-10-04,1,Masculino,10,2026-03-10 23:59:59,,True,PREP,Partido Republicano,PREP
1171,Emilia,Schneider,Videla,1,Afirmativo,42724,Boletín N° 11092-07,2024-08-26 19:03:25,65,22,36,0,2,Quórum Calificado,1,Aprobado,1,Proyecto de Ley,11092-07,Única,"Proposición de la Comisión Mixta recaída en el proyecto de ley, originado en moción y mensaje, que “Regula la protección y el tratamiento de los datos personales y crea la Agencia de Protección de Datos Personales.”.

[Cabe hacer presente que por no alcanzar el quórum constitucional no se aprueba el artículo 55 propuesto por la Comisión]
",Comisión Mixta,Sin Informe,1996-10-23,0,Femenino,10,2026-03-10 23:59:59,,True,FA,Frente Amplio,FA
1172,Stephan,Schubert,Rubio,0,En Contra,42724,Boletín N° 11092-07,2024-08-26 19:03:25,65,22,36,0,2,Quórum Calificado,1,Aprobado,1,Proyecto de Ley,11092-07,Única,"Proposición de la Comisión Mixta recaída en el proyecto de ley, originado en moción y mensaje, que “Regula la protección y el tratamiento de los datos personales y crea la Agencia de Protección de Datos Personales.”.

[Cabe hacer presente que por no alcanzar el quórum constitucional no se aprueba el artículo 55 propuesto por la Comisión]
",Comisión Mixta,Sin Informe,1977-12-19,1,Masculino,10,2026-03-10 23:59:59,,True,IND,Independientes,IND
1173,Daniela,Serrano,Salazar,1,Afirmativo,42724,Boletín N° 11092-07,2024-08-26 19:03:25,65,22,36,0,2,Quórum Calificado,1,Aprobado,1,Proyecto de Ley,11092-07,Única,"Proposición de la Comisión Mixta recaída en el proyecto de ley, originado en moción y mensaje, que “Regula la protección y el tratamiento de los datos personales y crea la Agencia de Protección de Datos Personales.”.

[Cabe hacer presente que por no alcanzar el quórum constitucional no se aprueba el artículo 55 propuesto por la Comisión]
",Comisión Mixta,Sin Informe,1995-03-17,0,Femenino,10,2026-03-10 23:59:59,,True,PC,Partido Comunista,PC
1174,Marco Antonio,Sulantay,Olivares,2,Abstención,42724,Boletín N° 11092-07,2024-08-26 19:03:25,65,22,36,0,2,Quórum Calificado,1,Aprobado,1,Proyecto de Ley,11092-07,Única,"Proposición de la Comisión Mixta recaída en el proyecto de ley, originado en moción y mensaje, que “Regula la protección y el tratamiento de los datos personales y crea la Agencia de Protección de Datos Personales.”.

[Cabe hacer presente que por no alcanzar el quórum constitucional no se aprueba el artículo 55 propuesto por la Comisión]
",Comisión Mixta,Sin Informe,1973-03-31,1,Masculino,10,2026-03-10 23:59:59,,True,UDI,Unión Demócrata Independiente,UDI
1175,Cristián,Tapia,Ramos,2,Abstención,42724,Boletín N° 11092-07,2024-08-26 19:03:25,65,22,36,0,2,Quórum Calificado,1,Aprobado,1,Proyecto de Ley,11092-07,Única,"Proposición de la Comisión Mixta recaída en el proyecto de ley, originado en moción y mensaje, que “Regula la protección y el tratamiento de los datos personales y crea la Agencia de Protección de Datos Personales.”.

[Cabe hacer presente que por no alcanzar el quórum constitucional no se aprueba el artículo 55 propuesto por la Comisión]
",Comisión Mixta,Sin Informe,1968-07-14,1,Masculino,10,2026-03-10 23:59:59,,True,IND,Independientes,IND
1176,Hotuiti,Teao,Drago,2,Abstención,42724,Boletín N° 11092-07,2024-08-26 19:03:25,65,22,36,0,2,Quórum Calificado,1,Aprobado,1,Proyecto de Ley,11092-07,Única,"Proposición de la Comisión Mixta recaída en el proyecto de ley, originado en moción y mensaje, que “Regula la protección y el tratamiento de los datos personales y crea la Agencia de Protección de Datos Personales.”.

[Cabe hacer presente que por no alcanzar el quórum constitucional no se aprueba el artículo 55 propuesto por la Comisión]
",Comisión Mixta,Sin Informe,1977-08-01,1,Masculino,10,2026-03-10 23:59:59,,True,IND,Independientes,IND
1178,Héctor,Ulloa,Aguilera,2,Abstención,42724,Boletín N° 11092-07,2024-08-26 19:03:25,65,22,36,0,2,Quórum Calificado,1,Aprobado,1,Proyecto de Ley,11092-07,Única,"Proposición de la Comisión Mixta recaída en el proyecto de ley, originado en moción y mensaje, que “Regula la protección y el tratamiento de los datos personales y crea la Agencia de Protección de Datos Personales.”.

[Cabe hacer presente que por no alcanzar el quórum constitucional no se aprueba el artículo 55 propuesto por la Comisión]
",Comisión Mixta,Sin Informe,1969-08-06,1,Masculino,10,2026-03-10 23:59:59,,True,IND,Independientes,IND
1179,Alberto,Undurraga,Vicuña,1,Afirmativo,42724,Boletín N° 11092-07,2024-08-26 19:03:25,65,22,36,0,2,Quórum Calificado,1,Aprobado,1,Proyecto de Ley,11092-07,Única,"Proposición de la Comisión Mixta recaída en el proyecto de ley, originado en moción y mensaje, que “Regula la protección y el tratamiento de los datos personales y crea la Agencia de Protección de Datos Personales.”.

[Cabe hacer presente que por no alcanzar el quórum constitucional no se aprueba el artículo 55 propuesto por la Comisión]
",Comisión Mixta,Sin Informe,1969-06-17,1,Masculino,10,2026-03-10 23:59:59,,True,DC,Partido Demócrata Cristiano,DC
1180,Consuelo,Veloso,Ávila,1,Afirmativo,42724,Boletín N° 11092-07,2024-08-26 19:03:25,65,22,36,0,2,Quórum Calificado,1,Aprobado,1,Proyecto de Ley,11092-07,Única,"Proposición de la Comisión Mixta recaída en el proyecto de ley, originado en moción y mensaje, que “Regula la protección y el tratamiento de los datos personales y crea la Agencia de Protección de Datos Personales.”.

[Cabe hacer presente que por no alcanzar el quórum constitucional no se aprueba el artículo 55 propuesto por la Comisión]
",Comisión Mixta,Sin Informe,1994-02-11,0,Femenino,10,2026-03-10 23:59:59,,True,RD,Revolución Democrática,RD
1181,Nelson,Venegas,Salazar,1,Afirmativo,42724,Boletín N° 11092-07,2024-08-26 19:03:25,65,22,36,0,2,Quórum Calificado,1,Aprobado,1,Proyecto de Ley,11092-07,Única,"Proposición de la Comisión Mixta recaída en el proyecto de ley, originado en moción y mensaje, que “Regula la protección y el tratamiento de los datos personales y crea la Agencia de Protección de Datos Personales.”.

[Cabe hacer presente que por no alcanzar el quórum constitucional no se aprueba el artículo 55 propuesto por la Comisión]
",Comisión Mixta,Sin Informe,1974-04-27,1,Masculino,10,2026-03-10 23:59:59,,True,PS,Partido Socialista,PS
1182,Sebastián,Videla,Castillo,1,Afirmativo,42724,Boletín N° 11092-07,2024-08-26 19:03:25,65,22,36,0,2,Quórum Calificado,1,Aprobado,1,Proyecto de Ley,11092-07,Única,"Proposición de la Comisión Mixta recaída en el proyecto de ley, originado en moción y mensaje, que “Regula la protección y el tratamiento de los datos personales y crea la Agencia de Protección de Datos Personales.”.

[Cabe hacer presente que por no alcanzar el quórum constitucional no se aprueba el artículo 55 propuesto por la Comisión]
",Comisión Mixta,Sin Informe,1986-04-29,1,Masculino,10,2026-03-10 23:59:59,,True,IND,Independientes,IND
1183,Flor,Weisse,Novoa,2,Abstención,42724,Boletín N° 11092-07,2024-08-26 19:03:25,65,22,36,0,2,Quórum Calificado,1,Aprobado,1,Proyecto de Ley,11092-07,Única,"Proposición de la Comisión Mixta recaída en el proyecto de ley, originado en moción y mensaje, que “Regula la protección y el tratamiento de los datos personales y crea la Agencia de Protección de Datos Personales.”.

[Cabe hacer presente que por no alcanzar el quórum constitucional no se aprueba el artículo 55 propuesto por la Comisión]
",Comisión Mixta,Sin Informe,1960-03-27,0,Femenino,10,2026-03-10 23:59:59,,True,UDI,Unión Demócrata Independiente,UDI
803,René,Alinco,Bustos,0,En Contra,42724,Boletín N° 11092-07,2024-08-26 19:03:25,65,22,36,0,2,Quórum Calificado,1,Aprobado,1,Proyecto de Ley,11092-07,Única,"Proposición de la Comisión Mixta recaída en el proyecto de ley, originado en moción y mensaje, que “Regula la protección y el tratamiento de los datos personales y crea la Agencia de Protección de Datos Personales.”.

[Cabe hacer presente que por no alcanzar el quórum constitucional no se aprueba el artículo 55 propuesto por la Comisión]
",Comisión Mixta,Sin Informe,1958-06-02,1,Masculino,10,2026-03-10 23:59:59,,True,IND,Independientes,IND
815,Sergio,Bobadilla,Muñoz,2,Abstención,42724,Boletín N° 11092-07,2024-08-26 19:03:25,65,22,36,0,2,Quórum Calificado,1,Aprobado,1,Proyecto de Ley,11092-07,Única,"Proposición de la Comisión Mixta recaída en el proyecto de ley, originado en moción y mensaje, que “Regula la protección y el tratamiento de los datos personales y crea la Agencia de Protección de Datos Personales.”.

[Cabe hacer presente que por no alcanzar el quórum constitucional no se aprueba el artículo 55 propuesto por la Comisión]
",Comisión Mixta,Sin Informe,1958-03-25,1,Masculino,10,2026-03-10 23:59:59,,True,UDI,Unión Demócrata Independiente,UDI
872,Jaime,Mulet,Martínez,1,Afirmativo,42724,Boletín N° 11092-07,2024-08-26 19:03:25,65,22,36,0,2,Quórum Calificado,1,Aprobado,1,Proyecto de Ley,11092-07,Única,"Proposición de la Comisión Mixta recaída en el proyecto de ley, originado en moción y mensaje, que “Regula la protección y el tratamiento de los datos personales y crea la Agencia de Protección de Datos Personales.”.

[Cabe hacer presente que por no alcanzar el quórum constitucional no se aprueba el artículo 55 propuesto por la Comisión]
",Comisión Mixta,Sin Informe,1963-08-03,1,Masculino,10,2026-03-10 23:59:59,,True,FRVS,Federación Regionalista Verde Social,FRVS
917,Gastón,Von Mühlenbrock,Zamora,0,En Contra,42724,Boletín N° 11092-07,2024-08-26 19:03:25,65,22,36,0,2,Quórum Calificado,1,Aprobado,1,Proyecto de Ley,11092-07,Única,"Proposición de la Comisión Mixta recaída en el proyecto de ley, originado en moción y mensaje, que “Regula la protección y el tratamiento de los datos personales y crea la Agencia de Protección de Datos Personales.”.

[Cabe hacer presente que por no alcanzar el quórum constitucional no se aprueba el artículo 55 propuesto por la Comisión]
",Comisión Mixta,Sin Informe,1954-12-26,1,Masculino,10,2026-03-10 23:59:59,,True,UDI,Unión Demócrata Independiente,UDI
948,Gaspar,Rivas,Sánchez,2,Abstención,42724,Boletín N° 11092-07,2024-08-26 19:03:25,65,22,36,0,2,Quórum Calificado,1,Aprobado,1,Proyecto de Ley,11092-07,Única,"Proposición de la Comisión Mixta recaída en el proyecto de ley, originado en moción y mensaje, que “Regula la protección y el tratamiento de los datos personales y crea la Agencia de Protección de Datos Personales.”.

[Cabe hacer presente que por no alcanzar el quórum constitucional no se aprueba el artículo 55 propuesto por la Comisión]
",Comisión Mixta,Sin Informe,1978-05-17,1,Masculino,10,2026-03-10 23:59:59,,True,PDG,Partido de la Gente,PDG
953,Frank,Sauerbaum,Muñoz,2,Abstención,42724,Boletín N° 11092-07,2024-08-26 19:03:25,65,22,36,0,2,Quórum Calificado,1,Aprobado,1,Proyecto de Ley,11092-07,Única,"Proposición de la Comisión Mixta recaída en el proyecto de ley, originado en moción y mensaje, que “Regula la protección y el tratamiento de los datos personales y crea la Agencia de Protección de Datos Personales.”.

[Cabe hacer presente que por no alcanzar el quórum constitucional no se aprueba el artículo 55 propuesto por la Comisión]
",Comisión Mixta,Sin Informe,1972-11-21,1,Masculino,10,2026-03-10 23:59:59,,True,RN,Renovación Nacional,RN
971,Bernardo,Berger,Fett,2,Abstención,42724,Boletín N° 11092-07,2024-08-26 19:03:25,65,22,36,0,2,Quórum Calificado,1,Aprobado,1,Proyecto de Ley,11092-07,Única,"Proposición de la Comisión Mixta recaída en el proyecto de ley, originado en moción y mensaje, que “Regula la protección y el tratamiento de los datos personales y crea la Agencia de Protección de Datos Personales.”.

[Cabe hacer presente que por no alcanzar el quórum constitucional no se aprueba el artículo 55 propuesto por la Comisión]
",Comisión Mixta,Sin Informe,1946-10-04,1,Masculino,10,2026-03-10 23:59:59,,True,IND,Independientes,IND
975,Daniella,Cicardini,Milla,1,Afirmativo,42724,Boletín N° 11092-07,2024-08-26 19:03:25,65,22,36,0,2,Quórum Calificado,1,Aprobado,1,Proyecto de Ley,11092-07,Única,"Proposición de la Comisión Mixta recaída en el proyecto de ley, originado en moción y mensaje, que “Regula la protección y el tratamiento de los datos personales y crea la Agencia de Protección de Datos Personales.”.

[Cabe hacer presente que por no alcanzar el quórum constitucional no se aprueba el artículo 55 propuesto por la Comisión]
",Comisión Mixta,Sin Informe,1987-12-31,0,Femenino,10,2026-03-10 23:59:59,,True,PS,Partido Socialista,PS
976,Juan Antonio,Coloma,Álamos,0,En Contra,42724,Boletín N° 11092-07,2024-08-26 19:03:25,65,22,36,0,2,Quórum Calificado,1,Aprobado,1,Proyecto de Ley,11092-07,Única,"Proposición de la Comisión Mixta recaída en el proyecto de ley, originado en moción y mensaje, que “Regula la protección y el tratamiento de los datos personales y crea la Agencia de Protección de Datos Personales.”.

[Cabe hacer presente que por no alcanzar el quórum constitucional no se aprueba el artículo 55 propuesto por la Comisión]
",Comisión Mixta,Sin Informe,1980-03-14,1,Masculino,10,2026-03-10 23:59:59,,True,UDI,Unión Demócrata Independiente,UDI
989,Joaquín,Lavín,León,2,Abstención,42724,Boletín N° 11092-07,2024-08-26 19:03:25,65,22,36,0,2,Quórum Calificado,1,Aprobado,1,Proyecto de Ley,11092-07,Única,"Proposición de la Comisión Mixta recaída en el proyecto de ley, originado en moción y mensaje, que “Regula la protección y el tratamiento de los datos personales y crea la Agencia de Protección de Datos Personales.”.

[Cabe hacer presente que por no alcanzar el quórum constitucional no se aprueba el artículo 55 propuesto por la Comisión]
",Comisión Mixta,Sin Informe,1979-05-25,1,Masculino,10,2026-03-10 23:59:59,,True,UDI,Unión Demócrata Independiente,UDI
991,Vlado,Mirosevic,Verdugo,1,Afirmativo,42724,Boletín N° 11092-07,2024-08-26 19:03:25,65,22,36,0,2,Quórum Calificado,1,Aprobado,1,Proyecto de Ley,11092-07,Única,"Proposición de la Comisión Mixta recaída en el proyecto de ley, originado en moción y mensaje, que “Regula la protección y el tratamiento de los datos personales y crea la Agencia de Protección de Datos Personales.”.

[Cabe hacer presente que por no alcanzar el quórum constitucional no se aprueba el artículo 55 propuesto por la Comisión]
",Comisión Mixta,Sin Informe,1987-05-23,1,Masculino,10,2026-03-10 23:59:59,,True,PL,Partido Liberal de Chile,PL
999,Jorge,Rathgeb,Schifferli,1,Afirmativo,42724,Boletín N° 11092-07,2024-08-26 19:03:25,65,22,36,0,2,Quórum Calificado,1,Aprobado,1,Proyecto de Ley,11092-07,Única,"Proposición de la Comisión Mixta recaída en el proyecto de ley, originado en moción y mensaje, que “Regula la protección y el tratamiento de los datos personales y crea la Agencia de Protección de Datos Personales.”.

[Cabe hacer presente que por no alcanzar el quórum constitucional no se aprueba el artículo 55 propuesto por la Comisión]
",Comisión Mixta,Sin Informe,1967-12-28,1,Masculino,10,2026-03-10 23:59:59,,True,RN,Renovación Nacional,RN
