escenario,diputado_id,incluido_base,incluido_alternativo,cluster_base,cluster_alternativo,cluster_alternativo_alineado,cambio_grupo,alineacion_ambigua,estado_universo
base,74,True,True,1,1,1,False,False,COMUN
base,803,True,True,1,1,1,False,False,COMUN
base,815,True,True,2,2,2,False,False,COMUN
base,917,True,True,2,2,2,False,False,COMUN
base,948,True,True,1,1,1,False,False,COMUN
base,953,True,True,1,1,1,False,False,COMUN
base,971,True,True,1,1,1,False,False,COMUN
base,973,True,True,1,1,1,False,False,COMUN
base,975,True,True,1,1,1,False,False,COMUN
base,976,True,True,2,2,2,False,False,COMUN
base,990,True,True,1,1,1,False,False,COMUN
base,991,True,True,1,1,1,False,False,COMUN
base,999,True,True,1,1,1,False,False,COMUN
base,1002,True,True,1,1,1,False,False,COMUN
base,1003,True,True,2,2,2,False,False,COMUN
base,1009,True,True,2,2,2,False,False,COMUN
base,1012,True,True,1,1,1,False,False,COMUN
base,1013,True,True,1,1,1,False,False,COMUN
base,1016,True,True,1,1,1,False,False,COMUN
base,1017,True,True,2,2,2,False,False,COMUN
base,1019,True,True,1,1,1,False,False,COMUN
base,1021,True,True,1,1,1,False,False,COMUN
base,1022,True,True,2,2,2,False,False,COMUN
base,1025,True,True,2,2,2,False,False,COMUN
base,1028,True,True,2,2,2,False,False,COMUN
base,1030,True,True,2,2,2,False,False,COMUN
base,1034,True,True,1,1,1,False,False,COMUN
base,1035,True,True,1,1,1,False,False,COMUN
base,1036,True,True,1,1,1,False,False,COMUN
base,1037,True,True,1,1,1,False,False,COMUN
base,1038,True,True,1,1,1,False,False,COMUN
base,1040,True,True,2,2,2,False,False,COMUN
base,1044,True,True,1,1,1,False,False,COMUN
base,1046,True,True,1,1,1,False,False,COMUN
base,1048,True,True,1,1,1,False,False,COMUN
base,1049,True,True,1,1,1,False,False,COMUN
base,1050,True,True,1,1,1,False,False,COMUN
base,1054,True,True,1,1,1,False,False,COMUN
base,1056,True,True,1,1,1,False,False,COMUN
base,1057,True,True,1,1,1,False,False,COMUN
base,1058,True,True,1,1,1,False,False,COMUN
base,1059,True,True,1,1,1,False,False,COMUN
base,1062,True,True,1,1,1,False,False,COMUN
base,1065,True,True,2,2,2,False,False,COMUN
base,1067,True,True,1,1,1,False,False,COMUN
base,1068,True,True,1,1,1,False,False,COMUN
base,1073,True,True,1,1,1,False,False,COMUN
base,1076,True,True,1,1,1,False,False,COMUN
base,1077,True,True,1,1,1,False,False,COMUN
base,1081,True,True,1,1,1,False,False,COMUN
base,1082,True,True,2,2,2,False,False,COMUN
base,1086,True,True,1,1,1,False,False,COMUN
base,1087,True,True,1,1,1,False,False,COMUN
base,1094,True,True,2,2,2,False,False,COMUN
base,1096,True,True,1,1,1,False,False,COMUN
base,1097,True,True,1,1,1,False,False,COMUN
base,1098,True,True,2,2,2,False,False,COMUN
base,1099,True,True,1,1,1,False,False,COMUN
base,1100,True,True,2,2,2,False,False,COMUN
base,1101,True,True,1,1,1,False,False,COMUN
base,1102,True,True,2,2,2,False,False,COMUN
base,1103,True,True,1,1,1,False,False,COMUN
base,1104,True,True,2,2,2,False,False,COMUN
base,1105,True,True,1,1,1,False,False,COMUN
base,1106,True,True,1,1,1,False,False,COMUN
base,1107,True,True,1,1,1,False,False,COMUN
base,1108,True,True,1,1,1,False,False,COMUN
base,1109,True,True,2,2,2,False,False,COMUN
base,1110,True,True,1,1,1,False,False,COMUN
base,1111,True,True,2,2,2,False,False,COMUN
base,1112,True,True,1,1,1,False,False,COMUN
base,1113,True,True,2,2,2,False,False,COMUN
base,1114,True,True,1,1,1,False,False,COMUN
base,1115,True,True,1,1,1,False,False,COMUN
base,1116,True,True,1,1,1,False,False,COMUN
base,1117,True,True,1,1,1,False,False,COMUN
base,1118,True,True,1,1,1,False,False,COMUN
base,1119,True,True,1,1,1,False,False,COMUN
base,1120,True,True,1,1,1,False,False,COMUN
base,1121,True,True,2,2,2,False,False,COMUN
base,1122,True,True,1,1,1,False,False,COMUN
base,1123,True,True,2,2,2,False,False,COMUN
base,1124,True,True,1,1,1,False,False,COMUN
base,1125,True,True,1,1,1,False,False,COMUN
base,1126,True,True,2,2,2,False,False,COMUN
base,1127,True,True,1,1,1,False,False,COMUN
base,1128,True,True,1,1,1,False,False,COMUN
base,1129,True,True,1,1,1,False,False,COMUN
base,1131,True,True,2,2,2,False,False,COMUN
base,1132,True,True,1,1,1,False,False,COMUN
base,1133,True,True,2,2,2,False,False,COMUN
base,1135,True,True,2,2,2,False,False,COMUN
base,1136,True,True,1,1,1,False,False,COMUN
base,1137,True,True,1,1,1,False,False,COMUN
base,1138,True,True,2,2,2,False,False,COMUN
base,1139,True,True,2,2,2,False,False,COMUN
base,1140,True,True,2,2,2,False,False,COMUN
base,1142,True,True,1,1,1,False,False,COMUN
base,1143,True,True,2,2,2,False,False,COMUN
base,1144,True,True,2,2,2,False,False,COMUN
base,1146,True,True,2,2,2,False,False,COMUN
base,1147,True,True,1,1,1,False,False,COMUN
base,1148,True,True,1,1,1,False,False,COMUN
base,1149,True,True,1,1,1,False,False,COMUN
base,1150,True,True,2,2,2,False,False,COMUN
base,1151,True,True,1,1,1,False,False,COMUN
base,1153,True,True,1,1,1,False,False,COMUN
base,1154,True,True,2,2,2,False,False,COMUN
base,1155,True,True,1,1,1,False,False,COMUN
base,1156,True,True,1,1,1,False,False,COMUN
base,1158,True,True,2,2,2,False,False,COMUN
base,1159,True,True,1,1,1,False,False,COMUN
base,1160,True,True,1,1,1,False,False,COMUN
base,1161,True,True,1,1,1,False,False,COMUN
base,1162,True,True,1,1,1,False,False,COMUN
base,1163,True,True,1,1,1,False,False,COMUN
base,1164,True,True,1,1,1,False,False,COMUN
base,1165,True,True,2,2,2,False,False,COMUN
base,1166,True,True,1,1,1,False,False,COMUN
base,1167,True,True,1,1,1,False,False,COMUN
base,1168,True,True,1,1,1,False,False,COMUN
base,1169,True,True,1,1,1,False,False,COMUN
base,1170,True,True,2,2,2,False,False,COMUN
base,1171,True,True,1,1,1,False,False,COMUN
base,1172,True,True,2,2,2,False,False,COMUN
base,1173,True,True,1,1,1,False,False,COMUN
base,1174,True,True,2,2,2,False,False,COMUN
base,1175,True,True,1,1,1,False,False,COMUN
base,1176,True,True,2,2,2,False,False,COMUN
base,1177,True,True,1,1,1,False,False,COMUN
base,1178,True,True,1,1,1,False,False,COMUN
base,1179,True,True,1,1,1,False,False,COMUN
base,1180,True,True,1,1,1,False,False,COMUN
base,1182,True,True,1,1,1,False,False,COMUN
base,1183,True,True,2,2,2,False,False,COMUN
retiro_votacion:20627,74,True,True,1,1,1,False,False,COMUN
retiro_votacion:20627,803,True,True,1,1,1,False,False,COMUN
retiro_votacion:20627,815,True,True,2,2,2,False,False,COMUN
retiro_votacion:20627,917,True,True,2,2,2,False,False,COMUN
retiro_votacion:20627,948,True,True,1,1,1,False,False,COMUN
retiro_votacion:20627,953,True,True,1,1,1,False,False,COMUN
retiro_votacion:20627,971,True,True,1,1,1,False,False,COMUN
retiro_votacion:20627,973,True,True,1,1,1,False,False,COMUN
retiro_votacion:20627,975,True,True,1,1,1,False,False,COMUN
retiro_votacion:20627,976,True,True,2,2,2,False,False,COMUN
retiro_votacion:20627,990,True,True,1,1,1,False,False,COMUN
retiro_votacion:20627,991,True,True,1,1,1,False,False,COMUN
retiro_votacion:20627,999,True,True,1,1,1,False,False,COMUN
retiro_votacion:20627,1002,True,True,1,1,1,False,False,COMUN
retiro_votacion:20627,1003,True,True,2,2,2,False,False,COMUN
retiro_votacion:20627,1009,True,True,2,2,2,False,False,COMUN
retiro_votacion:20627,1012,True,True,1,1,1,False,False,COMUN
retiro_votacion:20627,1013,True,True,1,1,1,False,False,COMUN
retiro_votacion:20627,1016,True,True,1,1,1,False,False,COMUN
retiro_votacion:20627,1017,True,True,2,2,2,False,False,COMUN
retiro_votacion:20627,1019,True,True,1,1,1,False,False,COMUN
retiro_votacion:20627,1021,True,True,1,1,1,False,False,COMUN
retiro_votacion:20627,1022,True,True,2,2,2,False,False,COMUN
retiro_votacion:20627,1025,True,True,2,2,2,False,False,COMUN
retiro_votacion:20627,1028,True,True,2,2,2,False,False,COMUN
retiro_votacion:20627,1030,True,True,2,2,2,False,False,COMUN
retiro_votacion:20627,1034,True,True,1,1,1,False,False,COMUN
retiro_votacion:20627,1035,True,True,1,1,1,False,False,COMUN
retiro_votacion:20627,1036,True,True,1,1,1,False,False,COMUN
retiro_votacion:20627,1037,True,True,1,1,1,False,False,COMUN
retiro_votacion:20627,1038,True,True,1,1,1,False,False,COMUN
retiro_votacion:20627,1040,True,True,2,2,2,False,False,COMUN
retiro_votacion:20627,1044,True,True,1,1,1,False,False,COMUN
retiro_votacion:20627,1046,True,True,1,1,1,False,False,COMUN
retiro_votacion:20627,1048,True,True,1,1,1,False,False,COMUN
retiro_votacion:20627,1049,True,True,1,1,1,False,False,COMUN
retiro_votacion:20627,1050,True,True,1,1,1,False,False,COMUN
retiro_votacion:20627,1054,True,True,1,1,1,False,False,COMUN
retiro_votacion:20627,1056,True,True,1,1,1,False,False,COMUN
retiro_votacion:20627,1057,True,True,1,1,1,False,False,COMUN
retiro_votacion:20627,1058,True,True,1,1,1,False,False,COMUN
retiro_votacion:20627,1059,True,True,1,1,1,False,False,COMUN
retiro_votacion:20627,1062,True,True,1,1,1,False,False,COMUN
retiro_votacion:20627,1065,True,True,2,2,2,False,False,COMUN
retiro_votacion:20627,1067,True,True,1,1,1,False,False,COMUN
retiro_votacion:20627,1068,True,True,1,1,1,False,False,COMUN
retiro_votacion:20627,1073,True,True,1,1,1,False,False,COMUN
retiro_votacion:20627,1076,True,True,1,1,1,False,False,COMUN
retiro_votacion:20627,1077,True,True,1,1,1,False,False,COMUN
retiro_votacion:20627,1081,True,True,1,1,1,False,False,COMUN
retiro_votacion:20627,1082,True,True,2,2,2,False,False,COMUN
retiro_votacion:20627,1086,True,True,1,1,1,False,False,COMUN
retiro_votacion:20627,1087,True,True,1,1,1,False,False,COMUN
retiro_votacion:20627,1094,True,True,2,2,2,False,False,COMUN
retiro_votacion:20627,1096,True,True,1,1,1,False,False,COMUN
retiro_votacion:20627,1097,True,True,1,1,1,False,False,COMUN
retiro_votacion:20627,1098,True,True,2,2,2,False,False,COMUN
retiro_votacion:20627,1099,True,True,1,1,1,False,False,COMUN
retiro_votacion:20627,1100,True,True,2,2,2,False,False,COMUN
retiro_votacion:20627,1101,True,True,1,1,1,False,False,COMUN
retiro_votacion:20627,1102,True,True,2,2,2,False,False,COMUN
retiro_votacion:20627,1103,True,True,1,1,1,False,False,COMUN
retiro_votacion:20627,1104,True,True,2,2,2,False,False,COMUN
retiro_votacion:20627,1105,True,True,1,1,1,False,False,COMUN
retiro_votacion:20627,1106,True,True,1,1,1,False,False,COMUN
retiro_votacion:20627,1107,True,True,1,1,1,False,False,COMUN
retiro_votacion:20627,1108,True,True,1,1,1,False,False,COMUN
retiro_votacion:20627,1109,True,True,2,2,2,False,False,COMUN
retiro_votacion:20627,1110,True,True,1,1,1,False,False,COMUN
retiro_votacion:20627,1111,True,True,2,2,2,False,False,COMUN
retiro_votacion:20627,1112,True,True,1,1,1,False,False,COMUN
retiro_votacion:20627,1113,True,True,2,2,2,False,False,COMUN
retiro_votacion:20627,1114,True,True,1,1,1,False,False,COMUN
retiro_votacion:20627,1115,True,True,1,1,1,False,False,COMUN
retiro_votacion:20627,1116,True,True,1,1,1,False,False,COMUN
retiro_votacion:20627,1117,True,True,1,1,1,False,False,COMUN
retiro_votacion:20627,1118,True,True,1,1,1,False,False,COMUN
retiro_votacion:20627,1119,True,True,1,1,1,False,False,COMUN
retiro_votacion:20627,1120,True,True,1,1,1,False,False,COMUN
retiro_votacion:20627,1121,True,True,2,2,2,False,False,COMUN
retiro_votacion:20627,1122,True,True,1,1,1,False,False,COMUN
retiro_votacion:20627,1123,True,True,2,2,2,False,False,COMUN
retiro_votacion:20627,1124,True,True,1,1,1,False,False,COMUN
retiro_votacion:20627,1125,True,True,1,1,1,False,False,COMUN
retiro_votacion:20627,1126,True,True,2,2,2,False,False,COMUN
retiro_votacion:20627,1127,True,True,1,1,1,False,False,COMUN
retiro_votacion:20627,1128,True,True,1,1,1,False,False,COMUN
retiro_votacion:20627,1129,True,True,1,1,1,False,False,COMUN
retiro_votacion:20627,1131,True,True,2,2,2,False,False,COMUN
retiro_votacion:20627,1132,True,True,1,1,1,False,False,COMUN
retiro_votacion:20627,1133,True,True,2,2,2,False,False,COMUN
retiro_votacion:20627,1135,True,True,2,2,2,False,False,COMUN
retiro_votacion:20627,1136,True,True,1,1,1,False,False,COMUN
retiro_votacion:20627,1137,True,True,1,1,1,False,False,COMUN
retiro_votacion:20627,1138,True,True,2,2,2,False,False,COMUN
retiro_votacion:20627,1139,True,True,2,2,2,False,False,COMUN
retiro_votacion:20627,1140,True,True,2,2,2,False,False,COMUN
retiro_votacion:20627,1142,True,True,1,1,1,False,False,COMUN
retiro_votacion:20627,1143,True,True,2,2,2,False,False,COMUN
retiro_votacion:20627,1144,True,True,2,2,2,False,False,COMUN
retiro_votacion:20627,1146,True,True,2,2,2,False,False,COMUN
retiro_votacion:20627,1147,True,True,1,1,1,False,False,COMUN
retiro_votacion:20627,1148,True,True,1,1,1,False,False,COMUN
retiro_votacion:20627,1149,True,True,1,1,1,False,False,COMUN
retiro_votacion:20627,1150,True,True,2,2,2,False,False,COMUN
retiro_votacion:20627,1151,True,True,1,1,1,False,False,COMUN
retiro_votacion:20627,1153,True,True,1,1,1,False,False,COMUN
retiro_votacion:20627,1154,True,True,2,2,2,False,False,COMUN
retiro_votacion:20627,1155,True,True,1,1,1,False,False,COMUN
retiro_votacion:20627,1156,True,True,1,1,1,False,False,COMUN
retiro_votacion:20627,1158,True,True,2,2,2,False,False,COMUN
retiro_votacion:20627,1159,True,True,1,1,1,False,False,COMUN
retiro_votacion:20627,1160,True,True,1,1,1,False,False,COMUN
retiro_votacion:20627,1161,True,True,1,1,1,False,False,COMUN
retiro_votacion:20627,1162,True,True,1,1,1,False,False,COMUN
retiro_votacion:20627,1163,True,True,1,1,1,False,False,COMUN
retiro_votacion:20627,1164,True,True,1,1,1,False,False,COMUN
retiro_votacion:20627,1165,True,True,2,2,2,False,False,COMUN
retiro_votacion:20627,1166,True,True,1,1,1,False,False,COMUN
retiro_votacion:20627,1167,True,True,1,1,1,False,False,COMUN
retiro_votacion:20627,1168,True,True,1,1,1,False,False,COMUN
retiro_votacion:20627,1169,True,True,1,1,1,False,False,COMUN
retiro_votacion:20627,1170,True,True,2,2,2,False,False,COMUN
retiro_votacion:20627,1171,True,True,1,1,1,False,False,COMUN
retiro_votacion:20627,1172,True,True,2,2,2,False,False,COMUN
retiro_votacion:20627,1173,True,True,1,1,1,False,False,COMUN
retiro_votacion:20627,1174,True,True,2,2,2,False,False,COMUN
retiro_votacion:20627,1175,True,True,1,1,1,False,False,COMUN
retiro_votacion:20627,1176,True,True,2,2,2,False,False,COMUN
retiro_votacion:20627,1177,True,True,1,1,1,False,False,COMUN
retiro_votacion:20627,1178,True,True,1,1,1,False,False,COMUN
retiro_votacion:20627,1179,True,True,1,1,1,False,False,COMUN
retiro_votacion:20627,1180,True,True,1,1,1,False,False,COMUN
retiro_votacion:20627,1182,True,True,1,1,1,False,False,COMUN
retiro_votacion:20627,1183,True,True,2,2,2,False,False,COMUN
retiro_votacion:20628,74,True,True,1,1,1,False,False,COMUN
retiro_votacion:20628,803,True,True,1,1,1,False,False,COMUN
retiro_votacion:20628,815,True,True,2,2,2,False,False,COMUN
retiro_votacion:20628,917,True,True,2,2,2,False,False,COMUN
retiro_votacion:20628,948,True,True,1,1,1,False,False,COMUN
retiro_votacion:20628,953,True,True,1,1,1,False,False,COMUN
retiro_votacion:20628,971,True,True,1,1,1,False,False,COMUN
retiro_votacion:20628,973,True,True,1,1,1,False,False,COMUN
retiro_votacion:20628,975,True,True,1,1,1,False,False,COMUN
retiro_votacion:20628,976,True,True,2,2,2,False,False,COMUN
retiro_votacion:20628,990,True,True,1,1,1,False,False,COMUN
retiro_votacion:20628,991,True,True,1,1,1,False,False,COMUN
retiro_votacion:20628,999,True,True,1,1,1,False,False,COMUN
retiro_votacion:20628,1002,True,True,1,1,1,False,False,COMUN
retiro_votacion:20628,1003,True,True,2,2,2,False,False,COMUN
retiro_votacion:20628,1009,True,True,2,2,2,False,False,COMUN
retiro_votacion:20628,1012,True,True,1,1,1,False,False,COMUN
retiro_votacion:20628,1013,True,True,1,1,1,False,False,COMUN
retiro_votacion:20628,1016,True,True,1,1,1,False,False,COMUN
retiro_votacion:20628,1017,True,True,2,2,2,False,False,COMUN
retiro_votacion:20628,1019,True,True,1,1,1,False,False,COMUN
retiro_votacion:20628,1021,True,True,1,1,1,False,False,COMUN
retiro_votacion:20628,1022,True,True,2,2,2,False,False,COMUN
retiro_votacion:20628,1025,True,True,2,2,2,False,False,COMUN
retiro_votacion:20628,1028,True,True,2,2,2,False,False,COMUN
retiro_votacion:20628,1030,True,True,2,2,2,False,False,COMUN
retiro_votacion:20628,1034,True,True,1,1,1,False,False,COMUN
retiro_votacion:20628,1035,True,True,1,1,1,False,False,COMUN
retiro_votacion:20628,1036,True,True,1,1,1,False,False,COMUN
retiro_votacion:20628,1037,True,True,1,1,1,False,False,COMUN
retiro_votacion:20628,1038,True,True,1,1,1,False,False,COMUN
retiro_votacion:20628,1040,True,True,2,2,2,False,False,COMUN
retiro_votacion:20628,1044,True,True,1,1,1,False,False,COMUN
retiro_votacion:20628,1046,True,True,1,1,1,False,False,COMUN
retiro_votacion:20628,1048,True,True,1,1,1,False,False,COMUN
retiro_votacion:20628,1049,True,True,1,1,1,False,False,COMUN
retiro_votacion:20628,1050,True,True,1,1,1,False,False,COMUN
retiro_votacion:20628,1054,True,True,1,1,1,False,False,COMUN
retiro_votacion:20628,1056,True,True,1,1,1,False,False,COMUN
retiro_votacion:20628,1057,True,True,1,1,1,False,False,COMUN
retiro_votacion:20628,1058,True,True,1,1,1,False,False,COMUN
retiro_votacion:20628,1059,True,True,1,1,1,False,False,COMUN
retiro_votacion:20628,1062,True,True,1,1,1,False,False,COMUN
retiro_votacion:20628,1065,True,True,2,2,2,False,False,COMUN
retiro_votacion:20628,1067,True,True,1,1,1,False,False,COMUN
retiro_votacion:20628,1068,True,True,1,1,1,False,False,COMUN
retiro_votacion:20628,1073,True,True,1,1,1,False,False,COMUN
retiro_votacion:20628,1076,True,True,1,1,1,False,False,COMUN
retiro_votacion:20628,1077,True,True,1,1,1,False,False,COMUN
retiro_votacion:20628,1081,True,True,1,1,1,False,False,COMUN
retiro_votacion:20628,1082,True,True,2,2,2,False,False,COMUN
retiro_votacion:20628,1086,True,True,1,1,1,False,False,COMUN
retiro_votacion:20628,1087,True,True,1,1,1,False,False,COMUN
retiro_votacion:20628,1094,True,True,2,2,2,False,False,COMUN
retiro_votacion:20628,1096,True,True,1,1,1,False,False,COMUN
retiro_votacion:20628,1097,True,True,1,1,1,False,False,COMUN
retiro_votacion:20628,1098,True,True,2,2,2,False,False,COMUN
retiro_votacion:20628,1099,True,True,1,1,1,False,False,COMUN
retiro_votacion:20628,1100,True,True,2,2,2,False,False,COMUN
retiro_votacion:20628,1101,True,True,1,1,1,False,False,COMUN
retiro_votacion:20628,1102,True,True,2,2,2,False,False,COMUN
retiro_votacion:20628,1103,True,True,1,1,1,False,False,COMUN
retiro_votacion:20628,1104,True,True,2,2,2,False,False,COMUN
retiro_votacion:20628,1105,True,True,1,1,1,False,False,COMUN
retiro_votacion:20628,1106,True,True,1,1,1,False,False,COMUN
retiro_votacion:20628,1107,True,True,1,1,1,False,False,COMUN
retiro_votacion:20628,1108,True,True,1,1,1,False,False,COMUN
retiro_votacion:20628,1109,True,True,2,2,2,False,False,COMUN
retiro_votacion:20628,1110,True,True,1,1,1,False,False,COMUN
retiro_votacion:20628,1111,True,True,2,2,2,False,False,COMUN
retiro_votacion:20628,1112,True,True,1,1,1,False,False,COMUN
retiro_votacion:20628,1113,True,True,2,2,2,False,False,COMUN
retiro_votacion:20628,1114,True,True,1,1,1,False,False,COMUN
retiro_votacion:20628,1115,True,True,1,1,1,False,False,COMUN
retiro_votacion:20628,1116,True,True,1,1,1,False,False,COMUN
retiro_votacion:20628,1117,True,True,1,1,1,False,False,COMUN
retiro_votacion:20628,1118,True,True,1,1,1,False,False,COMUN
retiro_votacion:20628,1119,True,True,1,1,1,False,False,COMUN
retiro_votacion:20628,1120,True,True,1,1,1,False,False,COMUN
retiro_votacion:20628,1121,True,True,2,2,2,False,False,COMUN
retiro_votacion:20628,1122,True,True,1,1,1,False,False,COMUN
retiro_votacion:20628,1123,True,True,2,2,2,False,False,COMUN
retiro_votacion:20628,1124,True,True,1,1,1,False,False,COMUN
retiro_votacion:20628,1125,True,True,1,1,1,False,False,COMUN
retiro_votacion:20628,1126,True,True,2,2,2,False,False,COMUN
retiro_votacion:20628,1127,True,True,1,1,1,False,False,COMUN
retiro_votacion:20628,1128,True,True,1,1,1,False,False,COMUN
retiro_votacion:20628,1129,True,True,1,1,1,False,False,COMUN
retiro_votacion:20628,1131,True,True,2,2,2,False,False,COMUN
retiro_votacion:20628,1132,True,True,1,1,1,False,False,COMUN
retiro_votacion:20628,1133,True,True,2,2,2,False,False,COMUN
retiro_votacion:20628,1135,True,True,2,2,2,False,False,COMUN
retiro_votacion:20628,1136,True,True,1,1,1,False,False,COMUN
retiro_votacion:20628,1137,True,True,1,1,1,False,False,COMUN
retiro_votacion:20628,1138,True,True,2,2,2,False,False,COMUN
retiro_votacion:20628,1139,True,True,2,2,2,False,False,COMUN
retiro_votacion:20628,1140,True,True,2,2,2,False,False,COMUN
retiro_votacion:20628,1142,True,True,1,1,1,False,False,COMUN
retiro_votacion:20628,1143,True,True,2,2,2,False,False,COMUN
retiro_votacion:20628,1144,True,True,2,2,2,False,False,COMUN
retiro_votacion:20628,1146,True,True,2,2,2,False,False,COMUN
retiro_votacion:20628,1147,True,True,1,1,1,False,False,COMUN
retiro_votacion:20628,1148,True,True,1,1,1,False,False,COMUN
retiro_votacion:20628,1149,True,True,1,1,1,False,False,COMUN
retiro_votacion:20628,1150,True,True,2,2,2,False,False,COMUN
retiro_votacion:20628,1151,True,True,1,1,1,False,False,COMUN
retiro_votacion:20628,1153,True,True,1,1,1,False,False,COMUN
retiro_votacion:20628,1154,True,True,2,2,2,False,False,COMUN
retiro_votacion:20628,1155,True,True,1,1,1,False,False,COMUN
retiro_votacion:20628,1156,True,True,1,1,1,False,False,COMUN
retiro_votacion:20628,1158,True,True,2,2,2,False,False,COMUN
retiro_votacion:20628,1159,True,True,1,1,1,False,False,COMUN
retiro_votacion:20628,1160,True,True,1,1,1,False,False,COMUN
retiro_votacion:20628,1161,True,True,1,1,1,False,False,COMUN
retiro_votacion:20628,1162,True,True,1,1,1,False,False,COMUN
retiro_votacion:20628,1163,True,True,1,1,1,False,False,COMUN
retiro_votacion:20628,1164,True,True,1,1,1,False,False,COMUN
retiro_votacion:20628,1165,True,True,2,2,2,False,False,COMUN
retiro_votacion:20628,1166,True,True,1,1,1,False,False,COMUN
retiro_votacion:20628,1167,True,True,1,1,1,False,False,COMUN
retiro_votacion:20628,1168,True,True,1,1,1,False,False,COMUN
retiro_votacion:20628,1169,True,True,1,1,1,False,False,COMUN
retiro_votacion:20628,1170,True,True,2,2,2,False,False,COMUN
retiro_votacion:20628,1171,True,True,1,1,1,False,False,COMUN
retiro_votacion:20628,1172,True,True,2,2,2,False,False,COMUN
retiro_votacion:20628,1173,True,True,1,1,1,False,False,COMUN
retiro_votacion:20628,1174,True,True,2,2,2,False,False,COMUN
retiro_votacion:20628,1175,True,True,1,1,1,False,False,COMUN
retiro_votacion:20628,1176,True,True,2,2,2,False,False,COMUN
retiro_votacion:20628,1177,True,True,1,1,1,False,False,COMUN
retiro_votacion:20628,1178,True,True,1,1,1,False,False,COMUN
retiro_votacion:20628,1179,True,True,1,1,1,False,False,COMUN
retiro_votacion:20628,1180,True,True,1,1,1,False,False,COMUN
retiro_votacion:20628,1182,True,True,1,1,1,False,False,COMUN
retiro_votacion:20628,1183,True,True,2,2,2,False,False,COMUN
retiro_votacion:20629,74,True,True,1,1,1,False,False,COMUN
retiro_votacion:20629,803,True,True,1,1,1,False,False,COMUN
retiro_votacion:20629,815,True,True,2,2,2,False,False,COMUN
retiro_votacion:20629,917,True,True,2,2,2,False,False,COMUN
retiro_votacion:20629,948,True,True,1,1,1,False,False,COMUN
retiro_votacion:20629,953,True,True,1,1,1,False,False,COMUN
retiro_votacion:20629,971,True,True,1,1,1,False,False,COMUN
retiro_votacion:20629,973,True,True,1,1,1,False,False,COMUN
retiro_votacion:20629,975,True,True,1,1,1,False,False,COMUN
retiro_votacion:20629,976,True,True,2,2,2,False,False,COMUN
retiro_votacion:20629,990,True,True,1,1,1,False,False,COMUN
retiro_votacion:20629,991,True,True,1,1,1,False,False,COMUN
retiro_votacion:20629,999,True,True,1,1,1,False,False,COMUN
retiro_votacion:20629,1002,True,True,1,1,1,False,False,COMUN
retiro_votacion:20629,1003,True,True,2,2,2,False,False,COMUN
retiro_votacion:20629,1009,True,True,2,2,2,False,False,COMUN
retiro_votacion:20629,1012,True,True,1,1,1,False,False,COMUN
retiro_votacion:20629,1013,True,True,1,1,1,False,False,COMUN
retiro_votacion:20629,1016,True,True,1,1,1,False,False,COMUN
retiro_votacion:20629,1017,True,True,2,2,2,False,False,COMUN
retiro_votacion:20629,1019,True,True,1,1,1,False,False,COMUN
retiro_votacion:20629,1021,True,True,1,1,1,False,False,COMUN
retiro_votacion:20629,1022,True,True,2,2,2,False,False,COMUN
retiro_votacion:20629,1025,True,True,2,2,2,False,False,COMUN
retiro_votacion:20629,1028,True,True,2,2,2,False,False,COMUN
retiro_votacion:20629,1030,True,True,2,2,2,False,False,COMUN
retiro_votacion:20629,1034,True,True,1,1,1,False,False,COMUN
retiro_votacion:20629,1035,True,True,1,1,1,False,False,COMUN
retiro_votacion:20629,1036,True,True,1,1,1,False,False,COMUN
retiro_votacion:20629,1037,True,True,1,1,1,False,False,COMUN
retiro_votacion:20629,1038,True,True,1,1,1,False,False,COMUN
retiro_votacion:20629,1040,True,True,2,2,2,False,False,COMUN
retiro_votacion:20629,1044,True,True,1,1,1,False,False,COMUN
retiro_votacion:20629,1046,True,True,1,1,1,False,False,COMUN
retiro_votacion:20629,1048,True,True,1,1,1,False,False,COMUN
retiro_votacion:20629,1049,True,True,1,1,1,False,False,COMUN
retiro_votacion:20629,1050,True,True,1,1,1,False,False,COMUN
retiro_votacion:20629,1054,True,True,1,1,1,False,False,COMUN
retiro_votacion:20629,1056,True,True,1,1,1,False,False,COMUN
retiro_votacion:20629,1057,True,True,1,1,1,False,False,COMUN
retiro_votacion:20629,1058,True,True,1,1,1,False,False,COMUN
retiro_votacion:20629,1059,True,True,1,1,1,False,False,COMUN
retiro_votacion:20629,1062,True,True,1,1,1,False,False,COMUN
retiro_votacion:20629,1065,True,True,2,2,2,False,False,COMUN
retiro_votacion:20629,1067,True,True,1,1,1,False,False,COMUN
retiro_votacion:20629,1068,True,True,1,1,1,False,False,COMUN
retiro_votacion:20629,1073,True,True,1,1,1,False,False,COMUN
retiro_votacion:20629,1076,True,True,1,1,1,False,False,COMUN
retiro_votacion:20629,1077,True,True,1,1,1,False,False,COMUN
retiro_votacion:20629,1081,True,True,1,1,1,False,False,COMUN
retiro_votacion:20629,1082,True,True,2,2,2,False,False,COMUN
retiro_votacion:20629,1086,True,True,1,1,1,False,False,COMUN
retiro_votacion:20629,1087,True,True,1,1,1,False,False,COMUN
retiro_votacion:20629,1094,True,True,2,2,2,False,False,COMUN
retiro_votacion:20629,1096,True,True,1,1,1,False,False,COMUN
retiro_votacion:20629,1097,True,True,1,1,1,False,False,COMUN
retiro_votacion:20629,1098,True,True,2,2,2,False,False,COMUN
retiro_votacion:20629,1099,True,True,1,1,1,False,False,COMUN
retiro_votacion:20629,1100,True,True,2,2,2,False,False,COMUN
retiro_votacion:20629,1101,True,True,1,1,1,False,False,COMUN
retiro_votacion:20629,1102,True,True,2,2,2,False,False,COMUN
retiro_votacion:20629,1103,True,True,1,1,1,False,False,COMUN
retiro_votacion:20629,1104,True,True,2,2,2,False,False,COMUN
retiro_votacion:20629,1105,True,True,1,1,1,False,False,COMUN
retiro_votacion:20629,1106,True,True,1,2,2,True,False,COMUN
retiro_votacion:20629,1107,True,True,1,1,1,False,False,COMUN
retiro_votacion:20629,1108,True,True,1,1,1,False,False,COMUN
retiro_votacion:20629,1109,True,True,2,2,2,False,False,COMUN
retiro_votacion:20629,1110,True,True,1,1,1,False,False,COMUN
retiro_votacion:20629,1111,True,True,2,2,2,False,False,COMUN
retiro_votacion:20629,1112,True,True,1,1,1,False,False,COMUN
retiro_votacion:20629,1113,True,True,2,2,2,False,False,COMUN
retiro_votacion:20629,1114,True,True,1,1,1,False,False,COMUN
retiro_votacion:20629,1115,True,True,1,1,1,False,False,COMUN
retiro_votacion:20629,1116,True,True,1,1,1,False,False,COMUN
retiro_votacion:20629,1117,True,True,1,1,1,False,False,COMUN
retiro_votacion:20629,1118,True,True,1,1,1,False,False,COMUN
retiro_votacion:20629,1119,True,True,1,1,1,False,False,COMUN
retiro_votacion:20629,1120,True,True,1,1,1,False,False,COMUN
retiro_votacion:20629,1121,True,True,2,2,2,False,False,COMUN
retiro_votacion:20629,1122,True,True,1,1,1,False,False,COMUN
retiro_votacion:20629,1123,True,True,2,2,2,False,False,COMUN
retiro_votacion:20629,1124,True,True,1,1,1,False,False,COMUN
retiro_votacion:20629,1125,True,True,1,1,1,False,False,COMUN
retiro_votacion:20629,1126,True,True,2,2,2,False,False,COMUN
retiro_votacion:20629,1127,True,True,1,1,1,False,False,COMUN
retiro_votacion:20629,1128,True,True,1,1,1,False,False,COMUN
retiro_votacion:20629,1129,True,True,1,1,1,False,False,COMUN
retiro_votacion:20629,1131,True,True,2,2,2,False,False,COMUN
retiro_votacion:20629,1132,True,True,1,1,1,False,False,COMUN
retiro_votacion:20629,1133,True,True,2,2,2,False,False,COMUN
retiro_votacion:20629,1135,True,True,2,2,2,False,False,COMUN
retiro_votacion:20629,1136,True,True,1,1,1,False,False,COMUN
retiro_votacion:20629,1137,True,True,1,1,1,False,False,COMUN
retiro_votacion:20629,1138,True,True,2,2,2,False,False,COMUN
retiro_votacion:20629,1139,True,True,2,2,2,False,False,COMUN
retiro_votacion:20629,1140,True,True,2,2,2,False,False,COMUN
retiro_votacion:20629,1142,True,True,1,1,1,False,False,COMUN
retiro_votacion:20629,1143,True,True,2,2,2,False,False,COMUN
retiro_votacion:20629,1144,True,True,2,2,2,False,False,COMUN
retiro_votacion:20629,1146,True,True,2,2,2,False,False,COMUN
retiro_votacion:20629,1147,True,True,1,1,1,False,False,COMUN
retiro_votacion:20629,1148,True,True,1,1,1,False,False,COMUN
retiro_votacion:20629,1149,True,True,1,1,1,False,False,COMUN
retiro_votacion:20629,1150,True,True,2,2,2,False,False,COMUN
retiro_votacion:20629,1151,True,True,1,1,1,False,False,COMUN
retiro_votacion:20629,1153,True,True,1,1,1,False,False,COMUN
retiro_votacion:20629,1154,True,True,2,2,2,False,False,COMUN
retiro_votacion:20629,1155,True,True,1,1,1,False,False,COMUN
retiro_votacion:20629,1156,True,True,1,1,1,False,False,COMUN
retiro_votacion:20629,1158,True,True,2,2,2,False,False,COMUN
retiro_votacion:20629,1159,True,True,1,1,1,False,False,COMUN
retiro_votacion:20629,1160,True,True,1,1,1,False,False,COMUN
retiro_votacion:20629,1161,True,True,1,1,1,False,False,COMUN
retiro_votacion:20629,1162,True,True,1,1,1,False,False,COMUN
retiro_votacion:20629,1163,True,True,1,1,1,False,False,COMUN
retiro_votacion:20629,1164,True,True,1,1,1,False,False,COMUN
retiro_votacion:20629,1165,True,True,2,2,2,False,False,COMUN
retiro_votacion:20629,1166,True,True,1,1,1,False,False,COMUN
retiro_votacion:20629,1167,True,True,1,1,1,False,False,COMUN
retiro_votacion:20629,1168,True,True,1,1,1,False,False,COMUN
retiro_votacion:20629,1169,True,True,1,1,1,False,False,COMUN
retiro_votacion:20629,1170,True,True,2,2,2,False,False,COMUN
retiro_votacion:20629,1171,True,True,1,1,1,False,False,COMUN
retiro_votacion:20629,1172,True,True,2,2,2,False,False,COMUN
retiro_votacion:20629,1173,True,True,1,1,1,False,False,COMUN
retiro_votacion:20629,1174,True,True,2,2,2,False,False,COMUN
retiro_votacion:20629,1175,True,True,1,1,1,False,False,COMUN
retiro_votacion:20629,1176,True,True,2,2,2,False,False,COMUN
retiro_votacion:20629,1177,True,True,1,1,1,False,False,COMUN
retiro_votacion:20629,1178,True,True,1,1,1,False,False,COMUN
retiro_votacion:20629,1179,True,True,1,1,1,False,False,COMUN
retiro_votacion:20629,1180,True,True,1,1,1,False,False,COMUN
retiro_votacion:20629,1182,True,True,1,1,1,False,False,COMUN
retiro_votacion:20629,1183,True,True,2,2,2,False,False,COMUN
retiro_votacion:20630,74,True,True,1,1,1,False,False,COMUN
retiro_votacion:20630,803,True,True,1,1,1,False,False,COMUN
retiro_votacion:20630,815,True,True,2,2,2,False,False,COMUN
retiro_votacion:20630,917,True,True,2,2,2,False,False,COMUN
retiro_votacion:20630,948,True,True,1,1,1,False,False,COMUN
retiro_votacion:20630,953,True,True,1,1,1,False,False,COMUN
retiro_votacion:20630,971,True,True,1,1,1,False,False,COMUN
retiro_votacion:20630,973,True,True,1,1,1,False,False,COMUN
retiro_votacion:20630,975,True,True,1,1,1,False,False,COMUN
retiro_votacion:20630,976,True,True,2,2,2,False,False,COMUN
retiro_votacion:20630,990,True,True,1,1,1,False,False,COMUN
retiro_votacion:20630,991,True,True,1,1,1,False,False,COMUN
retiro_votacion:20630,999,True,True,1,1,1,False,False,COMUN
retiro_votacion:20630,1002,True,True,1,1,1,False,False,COMUN
retiro_votacion:20630,1003,True,True,2,2,2,False,False,COMUN
retiro_votacion:20630,1009,True,True,2,2,2,False,False,COMUN
retiro_votacion:20630,1012,True,True,1,1,1,False,False,COMUN
retiro_votacion:20630,1013,True,True,1,1,1,False,False,COMUN
retiro_votacion:20630,1016,True,True,1,1,1,False,False,COMUN
retiro_votacion:20630,1017,True,True,2,2,2,False,False,COMUN
retiro_votacion:20630,1019,True,True,1,1,1,False,False,COMUN
retiro_votacion:20630,1021,True,True,1,1,1,False,False,COMUN
retiro_votacion:20630,1022,True,True,2,2,2,False,False,COMUN
retiro_votacion:20630,1025,True,True,2,2,2,False,False,COMUN
retiro_votacion:20630,1028,True,True,2,2,2,False,False,COMUN
retiro_votacion:20630,1030,True,True,2,2,2,False,False,COMUN
retiro_votacion:20630,1034,True,True,1,1,1,False,False,COMUN
retiro_votacion:20630,1035,True,True,1,1,1,False,False,COMUN
retiro_votacion:20630,1036,True,True,1,1,1,False,False,COMUN
retiro_votacion:20630,1037,True,True,1,1,1,False,False,COMUN
retiro_votacion:20630,1038,True,True,1,1,1,False,False,COMUN
retiro_votacion:20630,1040,True,True,2,2,2,False,False,COMUN
retiro_votacion:20630,1044,True,True,1,1,1,False,False,COMUN
retiro_votacion:20630,1046,True,True,1,1,1,False,False,COMUN
retiro_votacion:20630,1048,True,True,1,1,1,False,False,COMUN
retiro_votacion:20630,1049,True,True,1,1,1,False,False,COMUN
retiro_votacion:20630,1050,True,True,1,1,1,False,False,COMUN
retiro_votacion:20630,1054,True,True,1,1,1,False,False,COMUN
retiro_votacion:20630,1056,True,True,1,1,1,False,False,COMUN
retiro_votacion:20630,1057,True,True,1,1,1,False,False,COMUN
retiro_votacion:20630,1058,True,True,1,1,1,False,False,COMUN
retiro_votacion:20630,1059,True,True,1,1,1,False,False,COMUN
retiro_votacion:20630,1062,True,True,1,1,1,False,False,COMUN
retiro_votacion:20630,1065,True,True,2,2,2,False,False,COMUN
retiro_votacion:20630,1067,True,True,1,1,1,False,False,COMUN
retiro_votacion:20630,1068,True,True,1,1,1,False,False,COMUN
retiro_votacion:20630,1073,True,True,1,1,1,False,False,COMUN
retiro_votacion:20630,1076,True,True,1,1,1,False,False,COMUN
retiro_votacion:20630,1077,True,True,1,1,1,False,False,COMUN
retiro_votacion:20630,1081,True,True,1,1,1,False,False,COMUN
retiro_votacion:20630,1082,True,True,2,2,2,False,False,COMUN
retiro_votacion:20630,1086,True,True,1,1,1,False,False,COMUN
retiro_votacion:20630,1087,True,True,1,1,1,False,False,COMUN
retiro_votacion:20630,1094,True,True,2,2,2,False,False,COMUN
retiro_votacion:20630,1096,True,True,1,1,1,False,False,COMUN
retiro_votacion:20630,1097,True,True,1,1,1,False,False,COMUN
retiro_votacion:20630,1098,True,True,2,2,2,False,False,COMUN
retiro_votacion:20630,1099,True,True,1,1,1,False,False,COMUN
retiro_votacion:20630,1100,True,True,2,2,2,False,False,COMUN
retiro_votacion:20630,1101,True,True,1,1,1,False,False,COMUN
retiro_votacion:20630,1102,True,True,2,2,2,False,False,COMUN
retiro_votacion:20630,1103,True,True,1,1,1,False,False,COMUN
retiro_votacion:20630,1104,True,True,2,2,2,False,False,COMUN
retiro_votacion:20630,1105,True,True,1,1,1,False,False,COMUN
retiro_votacion:20630,1106,True,True,1,1,1,False,False,COMUN
retiro_votacion:20630,1107,True,True,1,1,1,False,False,COMUN
retiro_votacion:20630,1108,True,True,1,1,1,False,False,COMUN
retiro_votacion:20630,1109,True,True,2,2,2,False,False,COMUN
retiro_votacion:20630,1110,True,True,1,1,1,False,False,COMUN
retiro_votacion:20630,1111,True,True,2,2,2,False,False,COMUN
retiro_votacion:20630,1112,True,True,1,1,1,False,False,COMUN
retiro_votacion:20630,1113,True,True,2,2,2,False,False,COMUN
retiro_votacion:20630,1114,True,True,1,1,1,False,False,COMUN
retiro_votacion:20630,1115,True,True,1,1,1,False,False,COMUN
retiro_votacion:20630,1116,True,True,1,1,1,False,False,COMUN
retiro_votacion:20630,1117,True,True,1,1,1,False,False,COMUN
retiro_votacion:20630,1118,True,True,1,1,1,False,False,COMUN
retiro_votacion:20630,1119,True,True,1,1,1,False,False,COMUN
retiro_votacion:20630,1120,True,True,1,1,1,False,False,COMUN
retiro_votacion:20630,1121,True,True,2,2,2,False,False,COMUN
retiro_votacion:20630,1122,True,True,1,1,1,False,False,COMUN
retiro_votacion:20630,1123,True,True,2,2,2,False,False,COMUN
retiro_votacion:20630,1124,True,True,1,1,1,False,False,COMUN
retiro_votacion:20630,1125,True,True,1,1,1,False,False,COMUN
retiro_votacion:20630,1126,True,True,2,2,2,False,False,COMUN
retiro_votacion:20630,1127,True,True,1,1,1,False,False,COMUN
retiro_votacion:20630,1128,True,True,1,1,1,False,False,COMUN
retiro_votacion:20630,1129,True,True,1,1,1,False,False,COMUN
retiro_votacion:20630,1131,True,True,2,2,2,False,False,COMUN
retiro_votacion:20630,1132,True,True,1,1,1,False,False,COMUN
retiro_votacion:20630,1133,True,True,2,2,2,False,False,COMUN
retiro_votacion:20630,1135,True,True,2,2,2,False,False,COMUN
retiro_votacion:20630,1136,True,True,1,1,1,False,False,COMUN
retiro_votacion:20630,1137,True,True,1,1,1,False,False,COMUN
retiro_votacion:20630,1138,True,True,2,2,2,False,False,COMUN
retiro_votacion:20630,1139,True,True,2,2,2,False,False,COMUN
retiro_votacion:20630,1140,True,True,2,2,2,False,False,COMUN
retiro_votacion:20630,1142,True,True,1,1,1,False,False,COMUN
retiro_votacion:20630,1143,True,True,2,2,2,False,False,COMUN
retiro_votacion:20630,1144,True,True,2,2,2,False,False,COMUN
retiro_votacion:20630,1146,True,True,2,2,2,False,False,COMUN
retiro_votacion:20630,1147,True,True,1,1,1,False,False,COMUN
retiro_votacion:20630,1148,True,True,1,1,1,False,False,COMUN
retiro_votacion:20630,1149,True,True,1,1,1,False,False,COMUN
retiro_votacion:20630,1150,True,True,2,2,2,False,False,COMUN
retiro_votacion:20630,1151,True,True,1,1,1,False,False,COMUN
retiro_votacion:20630,1153,True,True,1,1,1,False,False,COMUN
retiro_votacion:20630,1154,True,True,2,2,2,False,False,COMUN
retiro_votacion:20630,1155,True,True,1,1,1,False,False,COMUN
retiro_votacion:20630,1156,True,True,1,1,1,False,False,COMUN
retiro_votacion:20630,1158,True,True,2,2,2,False,False,COMUN
retiro_votacion:20630,1159,True,True,1,1,1,False,False,COMUN
retiro_votacion:20630,1160,True,True,1,1,1,False,False,COMUN
retiro_votacion:20630,1161,True,True,1,1,1,False,False,COMUN
retiro_votacion:20630,1162,True,True,1,1,1,False,False,COMUN
retiro_votacion:20630,1163,True,True,1,1,1,False,False,COMUN
retiro_votacion:20630,1164,True,True,1,1,1,False,False,COMUN
retiro_votacion:20630,1165,True,True,2,2,2,False,False,COMUN
retiro_votacion:20630,1166,True,True,1,1,1,False,False,COMUN
retiro_votacion:20630,1167,True,True,1,1,1,False,False,COMUN
retiro_votacion:20630,1168,True,True,1,1,1,False,False,COMUN
retiro_votacion:20630,1169,True,True,1,1,1,False,False,COMUN
retiro_votacion:20630,1170,True,True,2,2,2,False,False,COMUN
retiro_votacion:20630,1171,True,True,1,1,1,False,False,COMUN
retiro_votacion:20630,1172,True,True,2,2,2,False,False,COMUN
retiro_votacion:20630,1173,True,True,1,1,1,False,False,COMUN
retiro_votacion:20630,1174,True,True,2,2,2,False,False,COMUN
retiro_votacion:20630,1175,True,True,1,1,1,False,False,COMUN
retiro_votacion:20630,1176,True,True,2,2,2,False,False,COMUN
retiro_votacion:20630,1177,True,True,1,1,1,False,False,COMUN
retiro_votacion:20630,1178,True,True,1,1,1,False,False,COMUN
retiro_votacion:20630,1179,True,True,1,1,1,False,False,COMUN
retiro_votacion:20630,1180,True,True,1,1,1,False,False,COMUN
retiro_votacion:20630,1182,True,True,1,1,1,False,False,COMUN
retiro_votacion:20630,1183,True,True,2,2,2,False,False,COMUN
retiro_votacion:20631,74,True,True,1,1,1,False,False,COMUN
retiro_votacion:20631,803,True,True,1,1,1,False,False,COMUN
retiro_votacion:20631,815,True,True,2,2,2,False,False,COMUN
retiro_votacion:20631,917,True,True,2,2,2,False,False,COMUN
retiro_votacion:20631,948,True,True,1,1,1,False,False,COMUN
retiro_votacion:20631,953,True,True,1,1,1,False,False,COMUN
retiro_votacion:20631,971,True,True,1,1,1,False,False,COMUN
retiro_votacion:20631,973,True,True,1,1,1,False,False,COMUN
retiro_votacion:20631,975,True,True,1,1,1,False,False,COMUN
retiro_votacion:20631,976,True,True,2,2,2,False,False,COMUN
retiro_votacion:20631,990,True,True,1,1,1,False,False,COMUN
retiro_votacion:20631,991,True,True,1,1,1,False,False,COMUN
retiro_votacion:20631,999,True,True,1,1,1,False,False,COMUN
retiro_votacion:20631,1002,True,True,1,1,1,False,False,COMUN
retiro_votacion:20631,1003,True,True,2,2,2,False,False,COMUN
retiro_votacion:20631,1009,True,True,2,2,2,False,False,COMUN
retiro_votacion:20631,1012,True,True,1,1,1,False,False,COMUN
retiro_votacion:20631,1013,True,True,1,1,1,False,False,COMUN
retiro_votacion:20631,1016,True,True,1,1,1,False,False,COMUN
retiro_votacion:20631,1017,True,True,2,2,2,False,False,COMUN
retiro_votacion:20631,1019,True,True,1,1,1,False,False,COMUN
retiro_votacion:20631,1021,True,True,1,1,1,False,False,COMUN
retiro_votacion:20631,1022,True,True,2,2,2,False,False,COMUN
retiro_votacion:20631,1025,True,True,2,2,2,False,False,COMUN
retiro_votacion:20631,1028,True,True,2,2,2,False,False,COMUN
retiro_votacion:20631,1030,True,True,2,2,2,False,False,COMUN
retiro_votacion:20631,1034,True,True,1,1,1,False,False,COMUN
retiro_votacion:20631,1035,True,True,1,1,1,False,False,COMUN
retiro_votacion:20631,1036,True,True,1,1,1,False,False,COMUN
retiro_votacion:20631,1037,True,True,1,1,1,False,False,COMUN
retiro_votacion:20631,1038,True,True,1,1,1,False,False,COMUN
retiro_votacion:20631,1040,True,True,2,2,2,False,False,COMUN
retiro_votacion:20631,1044,True,True,1,1,1,False,False,COMUN
retiro_votacion:20631,1046,True,True,1,1,1,False,False,COMUN
retiro_votacion:20631,1048,True,True,1,1,1,False,False,COMUN
retiro_votacion:20631,1049,True,True,1,1,1,False,False,COMUN
retiro_votacion:20631,1050,True,True,1,1,1,False,False,COMUN
retiro_votacion:20631,1054,True,True,1,1,1,False,False,COMUN
retiro_votacion:20631,1056,True,True,1,1,1,False,False,COMUN
retiro_votacion:20631,1057,True,True,1,1,1,False,False,COMUN
retiro_votacion:20631,1058,True,True,1,1,1,False,False,COMUN
retiro_votacion:20631,1059,True,True,1,1,1,False,False,COMUN
retiro_votacion:20631,1062,True,True,1,1,1,False,False,COMUN
retiro_votacion:20631,1065,True,True,2,2,2,False,False,COMUN
retiro_votacion:20631,1067,True,True,1,1,1,False,False,COMUN
retiro_votacion:20631,1068,True,True,1,1,1,False,False,COMUN
retiro_votacion:20631,1073,True,True,1,1,1,False,False,COMUN
retiro_votacion:20631,1076,True,True,1,1,1,False,False,COMUN
retiro_votacion:20631,1077,True,True,1,1,1,False,False,COMUN
retiro_votacion:20631,1081,True,True,1,1,1,False,False,COMUN
retiro_votacion:20631,1082,True,True,2,2,2,False,False,COMUN
retiro_votacion:20631,1086,True,True,1,1,1,False,False,COMUN
retiro_votacion:20631,1087,True,True,1,1,1,False,False,COMUN
retiro_votacion:20631,1094,True,True,2,2,2,False,False,COMUN
retiro_votacion:20631,1096,True,True,1,1,1,False,False,COMUN
retiro_votacion:20631,1097,True,True,1,1,1,False,False,COMUN
retiro_votacion:20631,1098,True,True,2,2,2,False,False,COMUN
retiro_votacion:20631,1099,True,True,1,1,1,False,False,COMUN
retiro_votacion:20631,1100,True,True,2,2,2,False,False,COMUN
retiro_votacion:20631,1101,True,True,1,1,1,False,False,COMUN
retiro_votacion:20631,1102,True,True,2,2,2,False,False,COMUN
retiro_votacion:20631,1103,True,True,1,1,1,False,False,COMUN
retiro_votacion:20631,1104,True,True,2,2,2,False,False,COMUN
retiro_votacion:20631,1105,True,True,1,1,1,False,False,COMUN
retiro_votacion:20631,1106,True,True,1,1,1,False,False,COMUN
retiro_votacion:20631,1107,True,True,1,1,1,False,False,COMUN
retiro_votacion:20631,1108,True,True,1,1,1,False,False,COMUN
retiro_votacion:20631,1109,True,True,2,2,2,False,False,COMUN
retiro_votacion:20631,1110,True,True,1,1,1,False,False,COMUN
retiro_votacion:20631,1111,True,True,2,2,2,False,False,COMUN
retiro_votacion:20631,1112,True,True,1,1,1,False,False,COMUN
retiro_votacion:20631,1113,True,True,2,2,2,False,False,COMUN
retiro_votacion:20631,1114,True,True,1,1,1,False,False,COMUN
retiro_votacion:20631,1115,True,True,1,1,1,False,False,COMUN
retiro_votacion:20631,1116,True,True,1,1,1,False,False,COMUN
retiro_votacion:20631,1117,True,True,1,1,1,False,False,COMUN
retiro_votacion:20631,1118,True,True,1,1,1,False,False,COMUN
retiro_votacion:20631,1119,True,True,1,1,1,False,False,COMUN
retiro_votacion:20631,1120,True,True,1,1,1,False,False,COMUN
retiro_votacion:20631,1121,True,True,2,2,2,False,False,COMUN
retiro_votacion:20631,1122,True,True,1,1,1,False,False,COMUN
retiro_votacion:20631,1123,True,True,2,2,2,False,False,COMUN
retiro_votacion:20631,1124,True,True,1,1,1,False,False,COMUN
retiro_votacion:20631,1125,True,True,1,1,1,False,False,COMUN
retiro_votacion:20631,1126,True,True,2,2,2,False,False,COMUN
retiro_votacion:20631,1127,True,True,1,1,1,False,False,COMUN
retiro_votacion:20631,1128,True,True,1,1,1,False,False,COMUN
retiro_votacion:20631,1129,True,True,1,1,1,False,False,COMUN
retiro_votacion:20631,1131,True,True,2,2,2,False,False,COMUN
retiro_votacion:20631,1132,True,True,1,1,1,False,False,COMUN
retiro_votacion:20631,1133,True,True,2,2,2,False,False,COMUN
retiro_votacion:20631,1135,True,True,2,2,2,False,False,COMUN
retiro_votacion:20631,1136,True,True,1,1,1,False,False,COMUN
retiro_votacion:20631,1137,True,True,1,1,1,False,False,COMUN
retiro_votacion:20631,1138,True,True,2,2,2,False,False,COMUN
retiro_votacion:20631,1139,True,True,2,2,2,False,False,COMUN
retiro_votacion:20631,1140,True,True,2,2,2,False,False,COMUN
retiro_votacion:20631,1142,True,True,1,1,1,False,False,COMUN
retiro_votacion:20631,1143,True,True,2,2,2,False,False,COMUN
retiro_votacion:20631,1144,True,True,2,2,2,False,False,COMUN
retiro_votacion:20631,1146,True,True,2,2,2,False,False,COMUN
retiro_votacion:20631,1147,True,True,1,1,1,False,False,COMUN
retiro_votacion:20631,1148,True,True,1,1,1,False,False,COMUN
retiro_votacion:20631,1149,True,True,1,1,1,False,False,COMUN
retiro_votacion:20631,1150,True,True,2,2,2,False,False,COMUN
retiro_votacion:20631,1151,True,True,1,1,1,False,False,COMUN
retiro_votacion:20631,1153,True,True,1,1,1,False,False,COMUN
retiro_votacion:20631,1154,True,True,2,2,2,False,False,COMUN
retiro_votacion:20631,1155,True,True,1,1,1,False,False,COMUN
retiro_votacion:20631,1156,True,True,1,1,1,False,False,COMUN
retiro_votacion:20631,1158,True,True,2,2,2,False,False,COMUN
retiro_votacion:20631,1159,True,True,1,1,1,False,False,COMUN
retiro_votacion:20631,1160,True,True,1,1,1,False,False,COMUN
retiro_votacion:20631,1161,True,True,1,1,1,False,False,COMUN
retiro_votacion:20631,1162,True,True,1,1,1,False,False,COMUN
retiro_votacion:20631,1163,True,True,1,1,1,False,False,COMUN
retiro_votacion:20631,1164,True,True,1,1,1,False,False,COMUN
retiro_votacion:20631,1165,True,True,2,2,2,False,False,COMUN
retiro_votacion:20631,1166,True,True,1,1,1,False,False,COMUN
retiro_votacion:20631,1167,True,True,1,1,1,False,False,COMUN
retiro_votacion:20631,1168,True,True,1,1,1,False,False,COMUN
retiro_votacion:20631,1169,True,True,1,1,1,False,False,COMUN
retiro_votacion:20631,1170,True,True,2,2,2,False,False,COMUN
retiro_votacion:20631,1171,True,True,1,1,1,False,False,COMUN
retiro_votacion:20631,1172,True,True,2,2,2,False,False,COMUN
retiro_votacion:20631,1173,True,True,1,1,1,False,False,COMUN
retiro_votacion:20631,1174,True,True,2,2,2,False,False,COMUN
retiro_votacion:20631,1175,True,True,1,1,1,False,False,COMUN
retiro_votacion:20631,1176,True,True,2,2,2,False,False,COMUN
retiro_votacion:20631,1177,True,True,1,1,1,False,False,COMUN
retiro_votacion:20631,1178,True,True,1,1,1,False,False,COMUN
retiro_votacion:20631,1179,True,True,1,1,1,False,False,COMUN
retiro_votacion:20631,1180,True,True,1,1,1,False,False,COMUN
retiro_votacion:20631,1182,True,True,1,1,1,False,False,COMUN
retiro_votacion:20631,1183,True,True,2,2,2,False,False,COMUN
retiro_votacion:20632,74,True,True,1,1,1,False,False,COMUN
retiro_votacion:20632,803,True,True,1,1,1,False,False,COMUN
retiro_votacion:20632,815,True,True,2,2,2,False,False,COMUN
retiro_votacion:20632,917,True,True,2,2,2,False,False,COMUN
retiro_votacion:20632,948,True,True,1,1,1,False,False,COMUN
retiro_votacion:20632,953,True,True,1,1,1,False,False,COMUN
retiro_votacion:20632,971,True,True,1,1,1,False,False,COMUN
retiro_votacion:20632,973,True,True,1,1,1,False,False,COMUN
retiro_votacion:20632,975,True,True,1,1,1,False,False,COMUN
retiro_votacion:20632,976,True,True,2,2,2,False,False,COMUN
retiro_votacion:20632,990,True,True,1,1,1,False,False,COMUN
retiro_votacion:20632,991,True,True,1,1,1,False,False,COMUN
retiro_votacion:20632,999,True,True,1,1,1,False,False,COMUN
retiro_votacion:20632,1002,True,True,1,1,1,False,False,COMUN
retiro_votacion:20632,1003,True,True,2,2,2,False,False,COMUN
retiro_votacion:20632,1009,True,True,2,2,2,False,False,COMUN
retiro_votacion:20632,1012,True,True,1,1,1,False,False,COMUN
retiro_votacion:20632,1013,True,True,1,1,1,False,False,COMUN
retiro_votacion:20632,1016,True,True,1,1,1,False,False,COMUN
retiro_votacion:20632,1017,True,True,2,2,2,False,False,COMUN
retiro_votacion:20632,1019,True,True,1,1,1,False,False,COMUN
retiro_votacion:20632,1021,True,True,1,1,1,False,False,COMUN
retiro_votacion:20632,1022,True,True,2,2,2,False,False,COMUN
retiro_votacion:20632,1025,True,True,2,2,2,False,False,COMUN
retiro_votacion:20632,1028,True,True,2,2,2,False,False,COMUN
retiro_votacion:20632,1030,True,True,2,2,2,False,False,COMUN
retiro_votacion:20632,1034,True,True,1,1,1,False,False,COMUN
retiro_votacion:20632,1035,True,True,1,1,1,False,False,COMUN
retiro_votacion:20632,1036,True,True,1,1,1,False,False,COMUN
retiro_votacion:20632,1037,True,True,1,1,1,False,False,COMUN
retiro_votacion:20632,1038,True,True,1,1,1,False,False,COMUN
retiro_votacion:20632,1040,True,True,2,2,2,False,False,COMUN
retiro_votacion:20632,1044,True,True,1,1,1,False,False,COMUN
retiro_votacion:20632,1046,True,True,1,1,1,False,False,COMUN
retiro_votacion:20632,1048,True,True,1,1,1,False,False,COMUN
retiro_votacion:20632,1049,True,True,1,1,1,False,False,COMUN
retiro_votacion:20632,1050,True,True,1,1,1,False,False,COMUN
retiro_votacion:20632,1054,True,True,1,1,1,False,False,COMUN
retiro_votacion:20632,1056,True,True,1,1,1,False,False,COMUN
retiro_votacion:20632,1057,True,True,1,1,1,False,False,COMUN
retiro_votacion:20632,1058,True,True,1,1,1,False,False,COMUN
retiro_votacion:20632,1059,True,True,1,1,1,False,False,COMUN
retiro_votacion:20632,1062,True,True,1,1,1,False,False,COMUN
retiro_votacion:20632,1065,True,True,2,2,2,False,False,COMUN
retiro_votacion:20632,1067,True,True,1,1,1,False,False,COMUN
retiro_votacion:20632,1068,True,True,1,1,1,False,False,COMUN
retiro_votacion:20632,1073,True,True,1,1,1,False,False,COMUN
retiro_votacion:20632,1076,True,True,1,1,1,False,False,COMUN
retiro_votacion:20632,1077,True,True,1,1,1,False,False,COMUN
retiro_votacion:20632,1081,True,True,1,1,1,False,False,COMUN
retiro_votacion:20632,1082,True,True,2,2,2,False,False,COMUN
retiro_votacion:20632,1086,True,True,1,1,1,False,False,COMUN
retiro_votacion:20632,1087,True,True,1,1,1,False,False,COMUN
retiro_votacion:20632,1094,True,True,2,2,2,False,False,COMUN
retiro_votacion:20632,1096,True,True,1,1,1,False,False,COMUN
retiro_votacion:20632,1097,True,True,1,1,1,False,False,COMUN
retiro_votacion:20632,1098,True,True,2,2,2,False,False,COMUN
retiro_votacion:20632,1099,True,True,1,1,1,False,False,COMUN
retiro_votacion:20632,1100,True,True,2,2,2,False,False,COMUN
retiro_votacion:20632,1101,True,True,1,1,1,False,False,COMUN
retiro_votacion:20632,1102,True,True,2,2,2,False,False,COMUN
retiro_votacion:20632,1103,True,True,1,1,1,False,False,COMUN
retiro_votacion:20632,1104,True,True,2,2,2,False,False,COMUN
retiro_votacion:20632,1105,True,True,1,1,1,False,False,COMUN
retiro_votacion:20632,1106,True,True,1,2,2,True,False,COMUN
retiro_votacion:20632,1107,True,True,1,1,1,False,False,COMUN
retiro_votacion:20632,1108,True,True,1,1,1,False,False,COMUN
retiro_votacion:20632,1109,True,True,2,2,2,False,False,COMUN
retiro_votacion:20632,1110,True,True,1,1,1,False,False,COMUN
retiro_votacion:20632,1111,True,True,2,2,2,False,False,COMUN
retiro_votacion:20632,1112,True,True,1,1,1,False,False,COMUN
retiro_votacion:20632,1113,True,True,2,2,2,False,False,COMUN
retiro_votacion:20632,1114,True,True,1,1,1,False,False,COMUN
retiro_votacion:20632,1115,True,True,1,1,1,False,False,COMUN
retiro_votacion:20632,1116,True,True,1,1,1,False,False,COMUN
retiro_votacion:20632,1117,True,True,1,1,1,False,False,COMUN
retiro_votacion:20632,1118,True,True,1,1,1,False,False,COMUN
retiro_votacion:20632,1119,True,True,1,1,1,False,False,COMUN
retiro_votacion:20632,1120,True,True,1,1,1,False,False,COMUN
retiro_votacion:20632,1121,True,True,2,2,2,False,False,COMUN
retiro_votacion:20632,1122,True,True,1,1,1,False,False,COMUN
retiro_votacion:20632,1123,True,True,2,2,2,False,False,COMUN
retiro_votacion:20632,1124,True,True,1,1,1,False,False,COMUN
retiro_votacion:20632,1125,True,True,1,1,1,False,False,COMUN
retiro_votacion:20632,1126,True,True,2,2,2,False,False,COMUN
retiro_votacion:20632,1127,True,True,1,1,1,False,False,COMUN
retiro_votacion:20632,1128,True,True,1,1,1,False,False,COMUN
retiro_votacion:20632,1129,True,True,1,1,1,False,False,COMUN
retiro_votacion:20632,1131,True,True,2,2,2,False,False,COMUN
retiro_votacion:20632,1132,True,True,1,1,1,False,False,COMUN
retiro_votacion:20632,1133,True,True,2,2,2,False,False,COMUN
retiro_votacion:20632,1135,True,True,2,2,2,False,False,COMUN
retiro_votacion:20632,1136,True,True,1,1,1,False,False,COMUN
retiro_votacion:20632,1137,True,True,1,1,1,False,False,COMUN
retiro_votacion:20632,1138,True,True,2,2,2,False,False,COMUN
retiro_votacion:20632,1139,True,True,2,2,2,False,False,COMUN
retiro_votacion:20632,1140,True,True,2,2,2,False,False,COMUN
retiro_votacion:20632,1142,True,True,1,1,1,False,False,COMUN
retiro_votacion:20632,1143,True,True,2,2,2,False,False,COMUN
retiro_votacion:20632,1144,True,True,2,2,2,False,False,COMUN
retiro_votacion:20632,1146,True,True,2,2,2,False,False,COMUN
retiro_votacion:20632,1147,True,True,1,1,1,False,False,COMUN
retiro_votacion:20632,1148,True,True,1,1,1,False,False,COMUN
retiro_votacion:20632,1149,True,True,1,1,1,False,False,COMUN
retiro_votacion:20632,1150,True,True,2,2,2,False,False,COMUN
retiro_votacion:20632,1151,True,True,1,1,1,False,False,COMUN
retiro_votacion:20632,1153,True,True,1,1,1,False,False,COMUN
retiro_votacion:20632,1154,True,True,2,2,2,False,False,COMUN
retiro_votacion:20632,1155,True,True,1,1,1,False,False,COMUN
retiro_votacion:20632,1156,True,True,1,1,1,False,False,COMUN
retiro_votacion:20632,1158,True,True,2,2,2,False,False,COMUN
retiro_votacion:20632,1159,True,True,1,1,1,False,False,COMUN
retiro_votacion:20632,1160,True,True,1,1,1,False,False,COMUN
retiro_votacion:20632,1161,True,True,1,1,1,False,False,COMUN
retiro_votacion:20632,1162,True,True,1,1,1,False,False,COMUN
retiro_votacion:20632,1163,True,True,1,1,1,False,False,COMUN
retiro_votacion:20632,1164,True,True,1,1,1,False,False,COMUN
retiro_votacion:20632,1165,True,True,2,2,2,False,False,COMUN
retiro_votacion:20632,1166,True,True,1,1,1,False,False,COMUN
retiro_votacion:20632,1167,True,True,1,1,1,False,False,COMUN
retiro_votacion:20632,1168,True,True,1,1,1,False,False,COMUN
retiro_votacion:20632,1169,True,True,1,1,1,False,False,COMUN
retiro_votacion:20632,1170,True,True,2,2,2,False,False,COMUN
retiro_votacion:20632,1171,True,True,1,1,1,False,False,COMUN
retiro_votacion:20632,1172,True,True,2,2,2,False,False,COMUN
retiro_votacion:20632,1173,True,True,1,1,1,False,False,COMUN
retiro_votacion:20632,1174,True,True,2,2,2,False,False,COMUN
retiro_votacion:20632,1175,True,True,1,1,1,False,False,COMUN
retiro_votacion:20632,1176,True,True,2,2,2,False,False,COMUN
retiro_votacion:20632,1177,True,True,1,1,1,False,False,COMUN
retiro_votacion:20632,1178,True,True,1,1,1,False,False,COMUN
retiro_votacion:20632,1179,True,True,1,1,1,False,False,COMUN
retiro_votacion:20632,1180,True,True,1,1,1,False,False,COMUN
retiro_votacion:20632,1182,True,True,1,1,1,False,False,COMUN
retiro_votacion:20632,1183,True,True,2,2,2,False,False,COMUN
retiro_votacion:20633,74,True,True,1,1,1,False,False,COMUN
retiro_votacion:20633,803,True,True,1,1,1,False,False,COMUN
retiro_votacion:20633,815,True,True,2,2,2,False,False,COMUN
retiro_votacion:20633,917,True,True,2,2,2,False,False,COMUN
retiro_votacion:20633,948,True,True,1,1,1,False,False,COMUN
retiro_votacion:20633,953,True,True,1,1,1,False,False,COMUN
retiro_votacion:20633,971,True,True,1,1,1,False,False,COMUN
retiro_votacion:20633,973,True,True,1,1,1,False,False,COMUN
retiro_votacion:20633,975,True,True,1,1,1,False,False,COMUN
retiro_votacion:20633,976,True,True,2,2,2,False,False,COMUN
retiro_votacion:20633,990,True,True,1,1,1,False,False,COMUN
retiro_votacion:20633,991,True,True,1,1,1,False,False,COMUN
retiro_votacion:20633,999,True,True,1,1,1,False,False,COMUN
retiro_votacion:20633,1002,True,True,1,1,1,False,False,COMUN
retiro_votacion:20633,1003,True,True,2,2,2,False,False,COMUN
retiro_votacion:20633,1009,True,True,2,2,2,False,False,COMUN
retiro_votacion:20633,1012,True,True,1,1,1,False,False,COMUN
retiro_votacion:20633,1013,True,True,1,1,1,False,False,COMUN
retiro_votacion:20633,1016,True,True,1,1,1,False,False,COMUN
retiro_votacion:20633,1017,True,True,2,2,2,False,False,COMUN
retiro_votacion:20633,1019,True,True,1,1,1,False,False,COMUN
retiro_votacion:20633,1021,True,True,1,1,1,False,False,COMUN
retiro_votacion:20633,1022,True,True,2,2,2,False,False,COMUN
retiro_votacion:20633,1025,True,True,2,2,2,False,False,COMUN
retiro_votacion:20633,1028,True,True,2,2,2,False,False,COMUN
retiro_votacion:20633,1030,True,True,2,2,2,False,False,COMUN
retiro_votacion:20633,1034,True,True,1,1,1,False,False,COMUN
retiro_votacion:20633,1035,True,True,1,1,1,False,False,COMUN
retiro_votacion:20633,1036,True,True,1,1,1,False,False,COMUN
retiro_votacion:20633,1037,True,True,1,1,1,False,False,COMUN
retiro_votacion:20633,1038,True,True,1,1,1,False,False,COMUN
retiro_votacion:20633,1040,True,True,2,2,2,False,False,COMUN
retiro_votacion:20633,1044,True,True,1,1,1,False,False,COMUN
retiro_votacion:20633,1046,True,True,1,1,1,False,False,COMUN
retiro_votacion:20633,1048,True,True,1,1,1,False,False,COMUN
retiro_votacion:20633,1049,True,True,1,1,1,False,False,COMUN
retiro_votacion:20633,1050,True,True,1,1,1,False,False,COMUN
retiro_votacion:20633,1054,True,True,1,1,1,False,False,COMUN
retiro_votacion:20633,1056,True,True,1,1,1,False,False,COMUN
retiro_votacion:20633,1057,True,True,1,1,1,False,False,COMUN
retiro_votacion:20633,1058,True,True,1,1,1,False,False,COMUN
retiro_votacion:20633,1059,True,True,1,1,1,False,False,COMUN
retiro_votacion:20633,1062,True,True,1,1,1,False,False,COMUN
retiro_votacion:20633,1065,True,True,2,2,2,False,False,COMUN
retiro_votacion:20633,1067,True,True,1,1,1,False,False,COMUN
retiro_votacion:20633,1068,True,True,1,1,1,False,False,COMUN
retiro_votacion:20633,1073,True,True,1,1,1,False,False,COMUN
retiro_votacion:20633,1076,True,True,1,1,1,False,False,COMUN
retiro_votacion:20633,1077,True,True,1,1,1,False,False,COMUN
retiro_votacion:20633,1081,True,True,1,1,1,False,False,COMUN
retiro_votacion:20633,1082,True,True,2,2,2,False,False,COMUN
retiro_votacion:20633,1086,True,True,1,1,1,False,False,COMUN
retiro_votacion:20633,1087,True,True,1,1,1,False,False,COMUN
retiro_votacion:20633,1094,True,True,2,2,2,False,False,COMUN
retiro_votacion:20633,1096,True,True,1,1,1,False,False,COMUN
retiro_votacion:20633,1097,True,True,1,1,1,False,False,COMUN
retiro_votacion:20633,1098,True,True,2,2,2,False,False,COMUN
retiro_votacion:20633,1099,True,True,1,1,1,False,False,COMUN
retiro_votacion:20633,1100,True,True,2,2,2,False,False,COMUN
retiro_votacion:20633,1101,True,True,1,1,1,False,False,COMUN
retiro_votacion:20633,1102,True,True,2,2,2,False,False,COMUN
retiro_votacion:20633,1103,True,True,1,1,1,False,False,COMUN
retiro_votacion:20633,1104,True,True,2,2,2,False,False,COMUN
retiro_votacion:20633,1105,True,True,1,1,1,False,False,COMUN
retiro_votacion:20633,1106,True,True,1,2,2,True,False,COMUN
retiro_votacion:20633,1107,True,True,1,1,1,False,False,COMUN
retiro_votacion:20633,1108,True,True,1,1,1,False,False,COMUN
retiro_votacion:20633,1109,True,True,2,2,2,False,False,COMUN
retiro_votacion:20633,1110,True,True,1,1,1,False,False,COMUN
retiro_votacion:20633,1111,True,True,2,2,2,False,False,COMUN
retiro_votacion:20633,1112,True,True,1,1,1,False,False,COMUN
retiro_votacion:20633,1113,True,True,2,2,2,False,False,COMUN
retiro_votacion:20633,1114,True,True,1,1,1,False,False,COMUN
retiro_votacion:20633,1115,True,True,1,1,1,False,False,COMUN
retiro_votacion:20633,1116,True,True,1,1,1,False,False,COMUN
retiro_votacion:20633,1117,True,True,1,1,1,False,False,COMUN
retiro_votacion:20633,1118,True,True,1,1,1,False,False,COMUN
retiro_votacion:20633,1119,True,True,1,1,1,False,False,COMUN
retiro_votacion:20633,1120,True,True,1,1,1,False,False,COMUN
retiro_votacion:20633,1121,True,True,2,2,2,False,False,COMUN
retiro_votacion:20633,1122,True,True,1,1,1,False,False,COMUN
retiro_votacion:20633,1123,True,True,2,2,2,False,False,COMUN
retiro_votacion:20633,1124,True,True,1,1,1,False,False,COMUN
retiro_votacion:20633,1125,True,True,1,1,1,False,False,COMUN
retiro_votacion:20633,1126,True,True,2,2,2,False,False,COMUN
retiro_votacion:20633,1127,True,True,1,1,1,False,False,COMUN
retiro_votacion:20633,1128,True,True,1,1,1,False,False,COMUN
retiro_votacion:20633,1129,True,True,1,1,1,False,False,COMUN
retiro_votacion:20633,1131,True,True,2,2,2,False,False,COMUN
retiro_votacion:20633,1132,True,True,1,1,1,False,False,COMUN
retiro_votacion:20633,1133,True,True,2,2,2,False,False,COMUN
retiro_votacion:20633,1135,True,True,2,2,2,False,False,COMUN
retiro_votacion:20633,1136,True,True,1,1,1,False,False,COMUN
retiro_votacion:20633,1137,True,True,1,1,1,False,False,COMUN
retiro_votacion:20633,1138,True,True,2,2,2,False,False,COMUN
retiro_votacion:20633,1139,True,True,2,2,2,False,False,COMUN
retiro_votacion:20633,1140,True,True,2,2,2,False,False,COMUN
retiro_votacion:20633,1142,True,True,1,1,1,False,False,COMUN
retiro_votacion:20633,1143,True,True,2,2,2,False,False,COMUN
retiro_votacion:20633,1144,True,True,2,2,2,False,False,COMUN
retiro_votacion:20633,1146,True,True,2,2,2,False,False,COMUN
retiro_votacion:20633,1147,True,True,1,1,1,False,False,COMUN
retiro_votacion:20633,1148,True,True,1,1,1,False,False,COMUN
retiro_votacion:20633,1149,True,True,1,1,1,False,False,COMUN
retiro_votacion:20633,1150,True,True,2,2,2,False,False,COMUN
retiro_votacion:20633,1151,True,True,1,1,1,False,False,COMUN
retiro_votacion:20633,1153,True,True,1,1,1,False,False,COMUN
retiro_votacion:20633,1154,True,True,2,2,2,False,False,COMUN
retiro_votacion:20633,1155,True,True,1,1,1,False,False,COMUN
retiro_votacion:20633,1156,True,True,1,1,1,False,False,COMUN
retiro_votacion:20633,1158,True,True,2,2,2,False,False,COMUN
retiro_votacion:20633,1159,True,True,1,1,1,False,False,COMUN
retiro_votacion:20633,1160,True,True,1,1,1,False,False,COMUN
retiro_votacion:20633,1161,True,True,1,1,1,False,False,COMUN
retiro_votacion:20633,1162,True,True,1,1,1,False,False,COMUN
retiro_votacion:20633,1163,True,True,1,1,1,False,False,COMUN
retiro_votacion:20633,1164,True,True,1,1,1,False,False,COMUN
retiro_votacion:20633,1165,True,True,2,2,2,False,False,COMUN
retiro_votacion:20633,1166,True,True,1,1,1,False,False,COMUN
retiro_votacion:20633,1167,True,True,1,1,1,False,False,COMUN
retiro_votacion:20633,1168,True,True,1,1,1,False,False,COMUN
retiro_votacion:20633,1169,True,True,1,1,1,False,False,COMUN
retiro_votacion:20633,1170,True,True,2,2,2,False,False,COMUN
retiro_votacion:20633,1171,True,True,1,1,1,False,False,COMUN
retiro_votacion:20633,1172,True,True,2,2,2,False,False,COMUN
retiro_votacion:20633,1173,True,True,1,1,1,False,False,COMUN
retiro_votacion:20633,1174,True,True,2,2,2,False,False,COMUN
retiro_votacion:20633,1175,True,True,1,1,1,False,False,COMUN
retiro_votacion:20633,1176,True,True,2,2,2,False,False,COMUN
retiro_votacion:20633,1177,True,True,1,1,1,False,False,COMUN
retiro_votacion:20633,1178,True,True,1,1,1,False,False,COMUN
retiro_votacion:20633,1179,True,True,1,1,1,False,False,COMUN
retiro_votacion:20633,1180,True,True,1,1,1,False,False,COMUN
retiro_votacion:20633,1182,True,True,1,1,1,False,False,COMUN
retiro_votacion:20633,1183,True,True,2,2,2,False,False,COMUN
retiro_votacion:20634,74,True,True,1,1,1,False,False,COMUN
retiro_votacion:20634,803,True,True,1,1,1,False,False,COMUN
retiro_votacion:20634,815,True,True,2,2,2,False,False,COMUN
retiro_votacion:20634,917,True,True,2,2,2,False,False,COMUN
retiro_votacion:20634,948,True,True,1,1,1,False,False,COMUN
retiro_votacion:20634,953,True,True,1,1,1,False,False,COMUN
retiro_votacion:20634,971,True,True,1,1,1,False,False,COMUN
retiro_votacion:20634,973,True,True,1,1,1,False,False,COMUN
retiro_votacion:20634,975,True,True,1,1,1,False,False,COMUN
retiro_votacion:20634,976,True,True,2,2,2,False,False,COMUN
retiro_votacion:20634,990,True,True,1,1,1,False,False,COMUN
retiro_votacion:20634,991,True,True,1,1,1,False,False,COMUN
retiro_votacion:20634,999,True,True,1,1,1,False,False,COMUN
retiro_votacion:20634,1002,True,True,1,1,1,False,False,COMUN
retiro_votacion:20634,1003,True,True,2,2,2,False,False,COMUN
retiro_votacion:20634,1009,True,True,2,2,2,False,False,COMUN
retiro_votacion:20634,1012,True,True,1,1,1,False,False,COMUN
retiro_votacion:20634,1013,True,True,1,1,1,False,False,COMUN
retiro_votacion:20634,1016,True,True,1,1,1,False,False,COMUN
retiro_votacion:20634,1017,True,True,2,2,2,False,False,COMUN
retiro_votacion:20634,1019,True,True,1,1,1,False,False,COMUN
retiro_votacion:20634,1021,True,True,1,1,1,False,False,COMUN
retiro_votacion:20634,1022,True,True,2,2,2,False,False,COMUN
retiro_votacion:20634,1025,True,True,2,2,2,False,False,COMUN
retiro_votacion:20634,1028,True,True,2,2,2,False,False,COMUN
retiro_votacion:20634,1030,True,True,2,2,2,False,False,COMUN
retiro_votacion:20634,1034,True,True,1,1,1,False,False,COMUN
retiro_votacion:20634,1035,True,True,1,1,1,False,False,COMUN
retiro_votacion:20634,1036,True,True,1,1,1,False,False,COMUN
retiro_votacion:20634,1037,True,True,1,1,1,False,False,COMUN
retiro_votacion:20634,1038,True,True,1,1,1,False,False,COMUN
retiro_votacion:20634,1040,True,True,2,2,2,False,False,COMUN
retiro_votacion:20634,1044,True,True,1,1,1,False,False,COMUN
retiro_votacion:20634,1046,True,True,1,1,1,False,False,COMUN
retiro_votacion:20634,1048,True,True,1,1,1,False,False,COMUN
retiro_votacion:20634,1049,True,True,1,1,1,False,False,COMUN
retiro_votacion:20634,1050,True,True,1,1,1,False,False,COMUN
retiro_votacion:20634,1054,True,True,1,1,1,False,False,COMUN
retiro_votacion:20634,1056,True,True,1,1,1,False,False,COMUN
retiro_votacion:20634,1057,True,True,1,1,1,False,False,COMUN
retiro_votacion:20634,1058,True,True,1,1,1,False,False,COMUN
retiro_votacion:20634,1059,True,True,1,1,1,False,False,COMUN
retiro_votacion:20634,1062,True,True,1,1,1,False,False,COMUN
retiro_votacion:20634,1065,True,True,2,2,2,False,False,COMUN
retiro_votacion:20634,1067,True,True,1,1,1,False,False,COMUN
retiro_votacion:20634,1068,True,True,1,1,1,False,False,COMUN
retiro_votacion:20634,1073,True,True,1,1,1,False,False,COMUN
retiro_votacion:20634,1076,True,True,1,1,1,False,False,COMUN
retiro_votacion:20634,1077,True,True,1,1,1,False,False,COMUN
retiro_votacion:20634,1081,True,True,1,1,1,False,False,COMUN
retiro_votacion:20634,1082,True,True,2,2,2,False,False,COMUN
retiro_votacion:20634,1086,True,True,1,1,1,False,False,COMUN
retiro_votacion:20634,1087,True,True,1,1,1,False,False,COMUN
retiro_votacion:20634,1094,True,True,2,2,2,False,False,COMUN
retiro_votacion:20634,1096,True,True,1,1,1,False,False,COMUN
retiro_votacion:20634,1097,True,True,1,1,1,False,False,COMUN
retiro_votacion:20634,1098,True,True,2,2,2,False,False,COMUN
retiro_votacion:20634,1099,True,True,1,1,1,False,False,COMUN
retiro_votacion:20634,1100,True,True,2,2,2,False,False,COMUN
retiro_votacion:20634,1101,True,True,1,1,1,False,False,COMUN
retiro_votacion:20634,1102,True,True,2,2,2,False,False,COMUN
retiro_votacion:20634,1103,True,True,1,1,1,False,False,COMUN
retiro_votacion:20634,1104,True,True,2,2,2,False,False,COMUN
retiro_votacion:20634,1105,True,True,1,1,1,False,False,COMUN
retiro_votacion:20634,1106,True,True,1,1,1,False,False,COMUN
retiro_votacion:20634,1107,True,True,1,1,1,False,False,COMUN
retiro_votacion:20634,1108,True,True,1,1,1,False,False,COMUN
retiro_votacion:20634,1109,True,True,2,2,2,False,False,COMUN
retiro_votacion:20634,1110,True,True,1,1,1,False,False,COMUN
retiro_votacion:20634,1111,True,True,2,2,2,False,False,COMUN
retiro_votacion:20634,1112,True,True,1,1,1,False,False,COMUN
retiro_votacion:20634,1113,True,True,2,2,2,False,False,COMUN
retiro_votacion:20634,1114,True,True,1,1,1,False,False,COMUN
retiro_votacion:20634,1115,True,True,1,1,1,False,False,COMUN
retiro_votacion:20634,1116,True,True,1,1,1,False,False,COMUN
retiro_votacion:20634,1117,True,True,1,1,1,False,False,COMUN
retiro_votacion:20634,1118,True,True,1,1,1,False,False,COMUN
retiro_votacion:20634,1119,True,True,1,1,1,False,False,COMUN
retiro_votacion:20634,1120,True,True,1,1,1,False,False,COMUN
retiro_votacion:20634,1121,True,True,2,2,2,False,False,COMUN
retiro_votacion:20634,1122,True,True,1,1,1,False,False,COMUN
retiro_votacion:20634,1123,True,True,2,2,2,False,False,COMUN
retiro_votacion:20634,1124,True,True,1,1,1,False,False,COMUN
retiro_votacion:20634,1125,True,True,1,1,1,False,False,COMUN
retiro_votacion:20634,1126,True,True,2,2,2,False,False,COMUN
retiro_votacion:20634,1127,True,True,1,1,1,False,False,COMUN
retiro_votacion:20634,1128,True,True,1,1,1,False,False,COMUN
retiro_votacion:20634,1129,True,True,1,1,1,False,False,COMUN
retiro_votacion:20634,1131,True,True,2,2,2,False,False,COMUN
retiro_votacion:20634,1132,True,True,1,1,1,False,False,COMUN
retiro_votacion:20634,1133,True,True,2,2,2,False,False,COMUN
retiro_votacion:20634,1135,True,True,2,2,2,False,False,COMUN
retiro_votacion:20634,1136,True,True,1,1,1,False,False,COMUN
retiro_votacion:20634,1137,True,True,1,1,1,False,False,COMUN
retiro_votacion:20634,1138,True,True,2,2,2,False,False,COMUN
retiro_votacion:20634,1139,True,True,2,2,2,False,False,COMUN
retiro_votacion:20634,1140,True,True,2,2,2,False,False,COMUN
retiro_votacion:20634,1142,True,True,1,1,1,False,False,COMUN
retiro_votacion:20634,1143,True,True,2,2,2,False,False,COMUN
retiro_votacion:20634,1144,True,True,2,2,2,False,False,COMUN
retiro_votacion:20634,1146,True,True,2,2,2,False,False,COMUN
retiro_votacion:20634,1147,True,True,1,1,1,False,False,COMUN
retiro_votacion:20634,1148,True,True,1,1,1,False,False,COMUN
retiro_votacion:20634,1149,True,True,1,1,1,False,False,COMUN
retiro_votacion:20634,1150,True,True,2,2,2,False,False,COMUN
retiro_votacion:20634,1151,True,True,1,1,1,False,False,COMUN
retiro_votacion:20634,1153,True,True,1,1,1,False,False,COMUN
retiro_votacion:20634,1154,True,True,2,2,2,False,False,COMUN
retiro_votacion:20634,1155,True,True,1,1,1,False,False,COMUN
retiro_votacion:20634,1156,True,True,1,1,1,False,False,COMUN
retiro_votacion:20634,1158,True,True,2,2,2,False,False,COMUN
retiro_votacion:20634,1159,True,True,1,1,1,False,False,COMUN
retiro_votacion:20634,1160,True,True,1,1,1,False,False,COMUN
retiro_votacion:20634,1161,True,True,1,1,1,False,False,COMUN
retiro_votacion:20634,1162,True,True,1,1,1,False,False,COMUN
retiro_votacion:20634,1163,True,True,1,1,1,False,False,COMUN
retiro_votacion:20634,1164,True,True,1,1,1,False,False,COMUN
retiro_votacion:20634,1165,True,True,2,2,2,False,False,COMUN
retiro_votacion:20634,1166,True,True,1,1,1,False,False,COMUN
retiro_votacion:20634,1167,True,True,1,1,1,False,False,COMUN
retiro_votacion:20634,1168,True,True,1,1,1,False,False,COMUN
retiro_votacion:20634,1169,True,True,1,1,1,False,False,COMUN
retiro_votacion:20634,1170,True,True,2,2,2,False,False,COMUN
retiro_votacion:20634,1171,True,True,1,1,1,False,False,COMUN
retiro_votacion:20634,1172,True,True,2,2,2,False,False,COMUN
retiro_votacion:20634,1173,True,True,1,1,1,False,False,COMUN
retiro_votacion:20634,1174,True,True,2,2,2,False,False,COMUN
retiro_votacion:20634,1175,True,True,1,1,1,False,False,COMUN
retiro_votacion:20634,1176,True,True,2,2,2,False,False,COMUN
retiro_votacion:20634,1177,True,True,1,1,1,False,False,COMUN
retiro_votacion:20634,1178,True,True,1,1,1,False,False,COMUN
retiro_votacion:20634,1179,True,True,1,1,1,False,False,COMUN
retiro_votacion:20634,1180,True,True,1,1,1,False,False,COMUN
retiro_votacion:20634,1182,True,True,1,1,1,False,False,COMUN
retiro_votacion:20634,1183,True,True,2,2,2,False,False,COMUN
retiro_votacion:20635,74,True,True,1,1,1,False,False,COMUN
retiro_votacion:20635,803,True,True,1,1,1,False,False,COMUN
retiro_votacion:20635,815,True,True,2,2,2,False,False,COMUN
retiro_votacion:20635,917,True,True,2,2,2,False,False,COMUN
retiro_votacion:20635,948,True,True,1,1,1,False,False,COMUN
retiro_votacion:20635,953,True,True,1,1,1,False,False,COMUN
retiro_votacion:20635,971,True,True,1,1,1,False,False,COMUN
retiro_votacion:20635,973,True,True,1,1,1,False,False,COMUN
retiro_votacion:20635,975,True,True,1,1,1,False,False,COMUN
retiro_votacion:20635,976,True,True,2,2,2,False,False,COMUN
retiro_votacion:20635,990,True,True,1,1,1,False,False,COMUN
retiro_votacion:20635,991,True,True,1,1,1,False,False,COMUN
retiro_votacion:20635,999,True,True,1,1,1,False,False,COMUN
retiro_votacion:20635,1002,True,True,1,1,1,False,False,COMUN
retiro_votacion:20635,1003,True,True,2,2,2,False,False,COMUN
retiro_votacion:20635,1009,True,True,2,2,2,False,False,COMUN
retiro_votacion:20635,1012,True,True,1,1,1,False,False,COMUN
retiro_votacion:20635,1013,True,True,1,1,1,False,False,COMUN
retiro_votacion:20635,1016,True,True,1,1,1,False,False,COMUN
retiro_votacion:20635,1017,True,True,2,2,2,False,False,COMUN
retiro_votacion:20635,1019,True,True,1,1,1,False,False,COMUN
retiro_votacion:20635,1021,True,True,1,1,1,False,False,COMUN
retiro_votacion:20635,1022,True,True,2,2,2,False,False,COMUN
retiro_votacion:20635,1025,True,True,2,2,2,False,False,COMUN
retiro_votacion:20635,1028,True,True,2,2,2,False,False,COMUN
retiro_votacion:20635,1030,True,True,2,2,2,False,False,COMUN
retiro_votacion:20635,1034,True,True,1,1,1,False,False,COMUN
retiro_votacion:20635,1035,True,True,1,1,1,False,False,COMUN
retiro_votacion:20635,1036,True,True,1,1,1,False,False,COMUN
retiro_votacion:20635,1037,True,True,1,1,1,False,False,COMUN
retiro_votacion:20635,1038,True,True,1,1,1,False,False,COMUN
retiro_votacion:20635,1040,True,True,2,2,2,False,False,COMUN
retiro_votacion:20635,1044,True,True,1,1,1,False,False,COMUN
retiro_votacion:20635,1046,True,True,1,1,1,False,False,COMUN
retiro_votacion:20635,1048,True,True,1,1,1,False,False,COMUN
retiro_votacion:20635,1049,True,True,1,1,1,False,False,COMUN
retiro_votacion:20635,1050,True,True,1,1,1,False,False,COMUN
retiro_votacion:20635,1054,True,True,1,1,1,False,False,COMUN
retiro_votacion:20635,1056,True,True,1,1,1,False,False,COMUN
retiro_votacion:20635,1057,True,True,1,1,1,False,False,COMUN
retiro_votacion:20635,1058,True,True,1,1,1,False,False,COMUN
retiro_votacion:20635,1059,True,True,1,1,1,False,False,COMUN
retiro_votacion:20635,1062,True,True,1,1,1,False,False,COMUN
retiro_votacion:20635,1065,True,True,2,2,2,False,False,COMUN
retiro_votacion:20635,1067,True,True,1,1,1,False,False,COMUN
retiro_votacion:20635,1068,True,True,1,1,1,False,False,COMUN
retiro_votacion:20635,1073,True,True,1,1,1,False,False,COMUN
retiro_votacion:20635,1076,True,True,1,1,1,False,False,COMUN
retiro_votacion:20635,1077,True,True,1,1,1,False,False,COMUN
retiro_votacion:20635,1081,True,True,1,1,1,False,False,COMUN
retiro_votacion:20635,1082,True,True,2,2,2,False,False,COMUN
retiro_votacion:20635,1086,True,True,1,1,1,False,False,COMUN
retiro_votacion:20635,1087,True,True,1,1,1,False,False,COMUN
retiro_votacion:20635,1094,True,True,2,2,2,False,False,COMUN
retiro_votacion:20635,1096,True,True,1,1,1,False,False,COMUN
retiro_votacion:20635,1097,True,True,1,1,1,False,False,COMUN
retiro_votacion:20635,1098,True,True,2,2,2,False,False,COMUN
retiro_votacion:20635,1099,True,True,1,1,1,False,False,COMUN
retiro_votacion:20635,1100,True,True,2,2,2,False,False,COMUN
retiro_votacion:20635,1101,True,True,1,1,1,False,False,COMUN
retiro_votacion:20635,1102,True,True,2,2,2,False,False,COMUN
retiro_votacion:20635,1103,True,True,1,1,1,False,False,COMUN
retiro_votacion:20635,1104,True,True,2,2,2,False,False,COMUN
retiro_votacion:20635,1105,True,True,1,1,1,False,False,COMUN
retiro_votacion:20635,1106,True,True,1,2,2,True,False,COMUN
retiro_votacion:20635,1107,True,True,1,1,1,False,False,COMUN
retiro_votacion:20635,1108,True,True,1,1,1,False,False,COMUN
retiro_votacion:20635,1109,True,True,2,2,2,False,False,COMUN
retiro_votacion:20635,1110,True,True,1,1,1,False,False,COMUN
retiro_votacion:20635,1111,True,True,2,2,2,False,False,COMUN
retiro_votacion:20635,1112,True,True,1,1,1,False,False,COMUN
retiro_votacion:20635,1113,True,True,2,2,2,False,False,COMUN
retiro_votacion:20635,1114,True,True,1,1,1,False,False,COMUN
retiro_votacion:20635,1115,True,True,1,1,1,False,False,COMUN
retiro_votacion:20635,1116,True,True,1,1,1,False,False,COMUN
retiro_votacion:20635,1117,True,True,1,1,1,False,False,COMUN
retiro_votacion:20635,1118,True,True,1,1,1,False,False,COMUN
retiro_votacion:20635,1119,True,True,1,1,1,False,False,COMUN
retiro_votacion:20635,1120,True,True,1,1,1,False,False,COMUN
retiro_votacion:20635,1121,True,True,2,2,2,False,False,COMUN
retiro_votacion:20635,1122,True,True,1,1,1,False,False,COMUN
retiro_votacion:20635,1123,True,True,2,2,2,False,False,COMUN
retiro_votacion:20635,1124,True,True,1,1,1,False,False,COMUN
retiro_votacion:20635,1125,True,True,1,1,1,False,False,COMUN
retiro_votacion:20635,1126,True,True,2,2,2,False,False,COMUN
retiro_votacion:20635,1127,True,True,1,1,1,False,False,COMUN
retiro_votacion:20635,1128,True,True,1,1,1,False,False,COMUN
retiro_votacion:20635,1129,True,True,1,1,1,False,False,COMUN
retiro_votacion:20635,1131,True,True,2,2,2,False,False,COMUN
retiro_votacion:20635,1132,True,True,1,1,1,False,False,COMUN
retiro_votacion:20635,1133,True,True,2,2,2,False,False,COMUN
retiro_votacion:20635,1135,True,True,2,2,2,False,False,COMUN
retiro_votacion:20635,1136,True,True,1,1,1,False,False,COMUN
retiro_votacion:20635,1137,True,True,1,1,1,False,False,COMUN
retiro_votacion:20635,1138,True,True,2,2,2,False,False,COMUN
retiro_votacion:20635,1139,True,True,2,2,2,False,False,COMUN
retiro_votacion:20635,1140,True,True,2,2,2,False,False,COMUN
retiro_votacion:20635,1142,True,True,1,1,1,False,False,COMUN
retiro_votacion:20635,1143,True,True,2,2,2,False,False,COMUN
retiro_votacion:20635,1144,True,True,2,2,2,False,False,COMUN
retiro_votacion:20635,1146,True,True,2,2,2,False,False,COMUN
retiro_votacion:20635,1147,True,True,1,1,1,False,False,COMUN
retiro_votacion:20635,1148,True,True,1,1,1,False,False,COMUN
retiro_votacion:20635,1149,True,True,1,1,1,False,False,COMUN
retiro_votacion:20635,1150,True,True,2,2,2,False,False,COMUN
retiro_votacion:20635,1151,True,True,1,1,1,False,False,COMUN
retiro_votacion:20635,1153,True,True,1,1,1,False,False,COMUN
retiro_votacion:20635,1154,True,True,2,2,2,False,False,COMUN
retiro_votacion:20635,1155,True,True,1,1,1,False,False,COMUN
retiro_votacion:20635,1156,True,True,1,1,1,False,False,COMUN
retiro_votacion:20635,1158,True,True,2,2,2,False,False,COMUN
retiro_votacion:20635,1159,True,True,1,1,1,False,False,COMUN
retiro_votacion:20635,1160,True,True,1,1,1,False,False,COMUN
retiro_votacion:20635,1161,True,True,1,1,1,False,False,COMUN
retiro_votacion:20635,1162,True,True,1,1,1,False,False,COMUN
retiro_votacion:20635,1163,True,True,1,1,1,False,False,COMUN
retiro_votacion:20635,1164,True,True,1,1,1,False,False,COMUN
retiro_votacion:20635,1165,True,True,2,2,2,False,False,COMUN
retiro_votacion:20635,1166,True,True,1,1,1,False,False,COMUN
retiro_votacion:20635,1167,True,True,1,1,1,False,False,COMUN
retiro_votacion:20635,1168,True,True,1,1,1,False,False,COMUN
retiro_votacion:20635,1169,True,True,1,1,1,False,False,COMUN
retiro_votacion:20635,1170,True,True,2,2,2,False,False,COMUN
retiro_votacion:20635,1171,True,True,1,1,1,False,False,COMUN
retiro_votacion:20635,1172,True,True,2,2,2,False,False,COMUN
retiro_votacion:20635,1173,True,True,1,1,1,False,False,COMUN
retiro_votacion:20635,1174,True,True,2,2,2,False,False,COMUN
retiro_votacion:20635,1175,True,True,1,1,1,False,False,COMUN
retiro_votacion:20635,1176,True,True,2,2,2,False,False,COMUN
retiro_votacion:20635,1177,True,True,1,1,1,False,False,COMUN
retiro_votacion:20635,1178,True,True,1,1,1,False,False,COMUN
retiro_votacion:20635,1179,True,True,1,1,1,False,False,COMUN
retiro_votacion:20635,1180,True,True,1,1,1,False,False,COMUN
retiro_votacion:20635,1182,True,True,1,1,1,False,False,COMUN
retiro_votacion:20635,1183,True,True,2,2,2,False,False,COMUN
retiro_votacion:20636,74,True,True,1,1,1,False,False,COMUN
retiro_votacion:20636,803,True,True,1,1,1,False,False,COMUN
retiro_votacion:20636,815,True,True,2,2,2,False,False,COMUN
retiro_votacion:20636,917,True,True,2,2,2,False,False,COMUN
retiro_votacion:20636,948,True,True,1,1,1,False,False,COMUN
retiro_votacion:20636,953,True,True,1,1,1,False,False,COMUN
retiro_votacion:20636,971,True,True,1,1,1,False,False,COMUN
retiro_votacion:20636,973,True,True,1,1,1,False,False,COMUN
retiro_votacion:20636,975,True,True,1,1,1,False,False,COMUN
retiro_votacion:20636,976,True,True,2,2,2,False,False,COMUN
retiro_votacion:20636,990,True,True,1,1,1,False,False,COMUN
retiro_votacion:20636,991,True,True,1,1,1,False,False,COMUN
retiro_votacion:20636,999,True,True,1,1,1,False,False,COMUN
retiro_votacion:20636,1002,True,True,1,1,1,False,False,COMUN
retiro_votacion:20636,1003,True,True,2,2,2,False,False,COMUN
retiro_votacion:20636,1009,True,True,2,2,2,False,False,COMUN
retiro_votacion:20636,1012,True,True,1,1,1,False,False,COMUN
retiro_votacion:20636,1013,True,True,1,1,1,False,False,COMUN
retiro_votacion:20636,1016,True,True,1,1,1,False,False,COMUN
retiro_votacion:20636,1017,True,True,2,2,2,False,False,COMUN
retiro_votacion:20636,1019,True,True,1,1,1,False,False,COMUN
retiro_votacion:20636,1021,True,True,1,1,1,False,False,COMUN
retiro_votacion:20636,1022,True,True,2,2,2,False,False,COMUN
retiro_votacion:20636,1025,True,True,2,2,2,False,False,COMUN
retiro_votacion:20636,1028,True,True,2,2,2,False,False,COMUN
retiro_votacion:20636,1030,True,True,2,2,2,False,False,COMUN
retiro_votacion:20636,1034,True,True,1,1,1,False,False,COMUN
retiro_votacion:20636,1035,True,True,1,1,1,False,False,COMUN
retiro_votacion:20636,1036,True,True,1,1,1,False,False,COMUN
retiro_votacion:20636,1037,True,True,1,1,1,False,False,COMUN
retiro_votacion:20636,1038,True,True,1,1,1,False,False,COMUN
retiro_votacion:20636,1040,True,True,2,2,2,False,False,COMUN
retiro_votacion:20636,1044,True,True,1,1,1,False,False,COMUN
retiro_votacion:20636,1046,True,True,1,1,1,False,False,COMUN
retiro_votacion:20636,1048,True,True,1,1,1,False,False,COMUN
retiro_votacion:20636,1049,True,True,1,1,1,False,False,COMUN
retiro_votacion:20636,1050,True,True,1,1,1,False,False,COMUN
retiro_votacion:20636,1054,True,True,1,1,1,False,False,COMUN
retiro_votacion:20636,1056,True,True,1,1,1,False,False,COMUN
retiro_votacion:20636,1057,True,True,1,1,1,False,False,COMUN
retiro_votacion:20636,1058,True,True,1,1,1,False,False,COMUN
retiro_votacion:20636,1059,True,True,1,1,1,False,False,COMUN
retiro_votacion:20636,1062,True,True,1,1,1,False,False,COMUN
retiro_votacion:20636,1065,True,True,2,2,2,False,False,COMUN
retiro_votacion:20636,1067,True,True,1,1,1,False,False,COMUN
retiro_votacion:20636,1068,True,True,1,1,1,False,False,COMUN
retiro_votacion:20636,1073,True,True,1,1,1,False,False,COMUN
retiro_votacion:20636,1076,True,True,1,1,1,False,False,COMUN
retiro_votacion:20636,1077,True,True,1,1,1,False,False,COMUN
retiro_votacion:20636,1081,True,True,1,1,1,False,False,COMUN
retiro_votacion:20636,1082,True,True,2,2,2,False,False,COMUN
retiro_votacion:20636,1086,True,True,1,1,1,False,False,COMUN
retiro_votacion:20636,1087,True,True,1,1,1,False,False,COMUN
retiro_votacion:20636,1094,True,True,2,2,2,False,False,COMUN
retiro_votacion:20636,1096,True,True,1,1,1,False,False,COMUN
retiro_votacion:20636,1097,True,True,1,1,1,False,False,COMUN
retiro_votacion:20636,1098,True,True,2,2,2,False,False,COMUN
retiro_votacion:20636,1099,True,True,1,1,1,False,False,COMUN
retiro_votacion:20636,1100,True,True,2,2,2,False,False,COMUN
retiro_votacion:20636,1101,True,True,1,1,1,False,False,COMUN
retiro_votacion:20636,1102,True,True,2,2,2,False,False,COMUN
retiro_votacion:20636,1103,True,True,1,1,1,False,False,COMUN
retiro_votacion:20636,1104,True,True,2,2,2,False,False,COMUN
retiro_votacion:20636,1105,True,True,1,1,1,False,False,COMUN
retiro_votacion:20636,1106,True,True,1,2,2,True,False,COMUN
retiro_votacion:20636,1107,True,True,1,1,1,False,False,COMUN
retiro_votacion:20636,1108,True,True,1,1,1,False,False,COMUN
retiro_votacion:20636,1109,True,True,2,2,2,False,False,COMUN
retiro_votacion:20636,1110,True,True,1,1,1,False,False,COMUN
retiro_votacion:20636,1111,True,True,2,2,2,False,False,COMUN
retiro_votacion:20636,1112,True,True,1,1,1,False,False,COMUN
retiro_votacion:20636,1113,True,True,2,2,2,False,False,COMUN
retiro_votacion:20636,1114,True,True,1,1,1,False,False,COMUN
retiro_votacion:20636,1115,True,True,1,1,1,False,False,COMUN
retiro_votacion:20636,1116,True,True,1,1,1,False,False,COMUN
retiro_votacion:20636,1117,True,True,1,1,1,False,False,COMUN
retiro_votacion:20636,1118,True,True,1,1,1,False,False,COMUN
retiro_votacion:20636,1119,True,True,1,1,1,False,False,COMUN
retiro_votacion:20636,1120,True,True,1,1,1,False,False,COMUN
retiro_votacion:20636,1121,True,True,2,2,2,False,False,COMUN
retiro_votacion:20636,1122,True,True,1,1,1,False,False,COMUN
retiro_votacion:20636,1123,True,True,2,2,2,False,False,COMUN
retiro_votacion:20636,1124,True,True,1,1,1,False,False,COMUN
retiro_votacion:20636,1125,True,True,1,1,1,False,False,COMUN
retiro_votacion:20636,1126,True,True,2,2,2,False,False,COMUN
retiro_votacion:20636,1127,True,True,1,1,1,False,False,COMUN
retiro_votacion:20636,1128,True,True,1,1,1,False,False,COMUN
retiro_votacion:20636,1129,True,True,1,1,1,False,False,COMUN
retiro_votacion:20636,1131,True,True,2,2,2,False,False,COMUN
retiro_votacion:20636,1132,True,True,1,1,1,False,False,COMUN
retiro_votacion:20636,1133,True,True,2,2,2,False,False,COMUN
retiro_votacion:20636,1135,True,True,2,2,2,False,False,COMUN
retiro_votacion:20636,1136,True,True,1,1,1,False,False,COMUN
retiro_votacion:20636,1137,True,True,1,1,1,False,False,COMUN
retiro_votacion:20636,1138,True,True,2,2,2,False,False,COMUN
retiro_votacion:20636,1139,True,True,2,2,2,False,False,COMUN
retiro_votacion:20636,1140,True,True,2,2,2,False,False,COMUN
retiro_votacion:20636,1142,True,True,1,1,1,False,False,COMUN
retiro_votacion:20636,1143,True,True,2,2,2,False,False,COMUN
retiro_votacion:20636,1144,True,True,2,2,2,False,False,COMUN
retiro_votacion:20636,1146,True,True,2,2,2,False,False,COMUN
retiro_votacion:20636,1147,True,True,1,1,1,False,False,COMUN
retiro_votacion:20636,1148,True,True,1,1,1,False,False,COMUN
retiro_votacion:20636,1149,True,True,1,1,1,False,False,COMUN
retiro_votacion:20636,1150,True,True,2,2,2,False,False,COMUN
retiro_votacion:20636,1151,True,True,1,1,1,False,False,COMUN
retiro_votacion:20636,1153,True,True,1,1,1,False,False,COMUN
retiro_votacion:20636,1154,True,True,2,2,2,False,False,COMUN
retiro_votacion:20636,1155,True,True,1,1,1,False,False,COMUN
retiro_votacion:20636,1156,True,True,1,1,1,False,False,COMUN
retiro_votacion:20636,1158,True,True,2,2,2,False,False,COMUN
retiro_votacion:20636,1159,True,True,1,1,1,False,False,COMUN
retiro_votacion:20636,1160,True,True,1,1,1,False,False,COMUN
retiro_votacion:20636,1161,True,True,1,1,1,False,False,COMUN
retiro_votacion:20636,1162,True,True,1,1,1,False,False,COMUN
retiro_votacion:20636,1163,True,True,1,1,1,False,False,COMUN
retiro_votacion:20636,1164,True,True,1,1,1,False,False,COMUN
retiro_votacion:20636,1165,True,True,2,2,2,False,False,COMUN
retiro_votacion:20636,1166,True,True,1,1,1,False,False,COMUN
retiro_votacion:20636,1167,True,True,1,1,1,False,False,COMUN
retiro_votacion:20636,1168,True,True,1,1,1,False,False,COMUN
retiro_votacion:20636,1169,True,True,1,1,1,False,False,COMUN
retiro_votacion:20636,1170,True,True,2,2,2,False,False,COMUN
retiro_votacion:20636,1171,True,True,1,1,1,False,False,COMUN
retiro_votacion:20636,1172,True,True,2,2,2,False,False,COMUN
retiro_votacion:20636,1173,True,True,1,1,1,False,False,COMUN
retiro_votacion:20636,1174,True,True,2,2,2,False,False,COMUN
retiro_votacion:20636,1175,True,True,1,1,1,False,False,COMUN
retiro_votacion:20636,1176,True,True,2,2,2,False,False,COMUN
retiro_votacion:20636,1177,True,True,1,1,1,False,False,COMUN
retiro_votacion:20636,1178,True,True,1,1,1,False,False,COMUN
retiro_votacion:20636,1179,True,True,1,1,1,False,False,COMUN
retiro_votacion:20636,1180,True,True,1,1,1,False,False,COMUN
retiro_votacion:20636,1182,True,True,1,1,1,False,False,COMUN
retiro_votacion:20636,1183,True,True,2,2,2,False,False,COMUN
retiro_votacion:20637,74,True,True,1,1,1,False,False,COMUN
retiro_votacion:20637,803,True,True,1,1,1,False,False,COMUN
retiro_votacion:20637,815,True,True,2,2,2,False,False,COMUN
retiro_votacion:20637,917,True,True,2,2,2,False,False,COMUN
retiro_votacion:20637,948,True,True,1,1,1,False,False,COMUN
retiro_votacion:20637,953,True,True,1,1,1,False,False,COMUN
retiro_votacion:20637,971,True,True,1,1,1,False,False,COMUN
retiro_votacion:20637,973,True,True,1,1,1,False,False,COMUN
retiro_votacion:20637,975,True,True,1,1,1,False,False,COMUN
retiro_votacion:20637,976,True,True,2,2,2,False,False,COMUN
retiro_votacion:20637,990,True,True,1,1,1,False,False,COMUN
retiro_votacion:20637,991,True,True,1,1,1,False,False,COMUN
retiro_votacion:20637,999,True,True,1,1,1,False,False,COMUN
retiro_votacion:20637,1002,True,True,1,1,1,False,False,COMUN
retiro_votacion:20637,1003,True,True,2,2,2,False,False,COMUN
retiro_votacion:20637,1009,True,True,2,2,2,False,False,COMUN
retiro_votacion:20637,1012,True,True,1,1,1,False,False,COMUN
retiro_votacion:20637,1013,True,True,1,1,1,False,False,COMUN
retiro_votacion:20637,1016,True,True,1,1,1,False,False,COMUN
retiro_votacion:20637,1017,True,True,2,2,2,False,False,COMUN
retiro_votacion:20637,1019,True,True,1,1,1,False,False,COMUN
retiro_votacion:20637,1021,True,True,1,1,1,False,False,COMUN
retiro_votacion:20637,1022,True,True,2,2,2,False,False,COMUN
retiro_votacion:20637,1025,True,True,2,2,2,False,False,COMUN
retiro_votacion:20637,1028,True,True,2,2,2,False,False,COMUN
retiro_votacion:20637,1030,True,True,2,2,2,False,False,COMUN
retiro_votacion:20637,1034,True,True,1,1,1,False,False,COMUN
retiro_votacion:20637,1035,True,True,1,1,1,False,False,COMUN
retiro_votacion:20637,1036,True,True,1,1,1,False,False,COMUN
retiro_votacion:20637,1037,True,True,1,1,1,False,False,COMUN
retiro_votacion:20637,1038,True,True,1,1,1,False,False,COMUN
retiro_votacion:20637,1040,True,True,2,2,2,False,False,COMUN
retiro_votacion:20637,1044,True,True,1,1,1,False,False,COMUN
retiro_votacion:20637,1046,True,True,1,1,1,False,False,COMUN
retiro_votacion:20637,1048,True,True,1,1,1,False,False,COMUN
retiro_votacion:20637,1049,True,True,1,1,1,False,False,COMUN
retiro_votacion:20637,1050,True,True,1,1,1,False,False,COMUN
retiro_votacion:20637,1054,True,True,1,1,1,False,False,COMUN
retiro_votacion:20637,1056,True,True,1,1,1,False,False,COMUN
retiro_votacion:20637,1057,True,True,1,1,1,False,False,COMUN
retiro_votacion:20637,1058,True,True,1,1,1,False,False,COMUN
retiro_votacion:20637,1059,True,True,1,1,1,False,False,COMUN
retiro_votacion:20637,1062,True,True,1,1,1,False,False,COMUN
retiro_votacion:20637,1065,True,True,2,2,2,False,False,COMUN
retiro_votacion:20637,1067,True,True,1,1,1,False,False,COMUN
retiro_votacion:20637,1068,True,True,1,1,1,False,False,COMUN
retiro_votacion:20637,1073,True,True,1,1,1,False,False,COMUN
retiro_votacion:20637,1076,True,True,1,1,1,False,False,COMUN
retiro_votacion:20637,1077,True,True,1,1,1,False,False,COMUN
retiro_votacion:20637,1081,True,True,1,1,1,False,False,COMUN
retiro_votacion:20637,1082,True,True,2,2,2,False,False,COMUN
retiro_votacion:20637,1086,True,True,1,1,1,False,False,COMUN
retiro_votacion:20637,1087,True,True,1,1,1,False,False,COMUN
retiro_votacion:20637,1094,True,True,2,2,2,False,False,COMUN
retiro_votacion:20637,1096,True,True,1,1,1,False,False,COMUN
retiro_votacion:20637,1097,True,True,1,1,1,False,False,COMUN
retiro_votacion:20637,1098,True,True,2,2,2,False,False,COMUN
retiro_votacion:20637,1099,True,True,1,1,1,False,False,COMUN
retiro_votacion:20637,1100,True,True,2,2,2,False,False,COMUN
retiro_votacion:20637,1101,True,True,1,1,1,False,False,COMUN
retiro_votacion:20637,1102,True,True,2,2,2,False,False,COMUN
retiro_votacion:20637,1103,True,True,1,1,1,False,False,COMUN
retiro_votacion:20637,1104,True,True,2,2,2,False,False,COMUN
retiro_votacion:20637,1105,True,True,1,1,1,False,False,COMUN
retiro_votacion:20637,1106,True,True,1,1,1,False,False,COMUN
retiro_votacion:20637,1107,True,True,1,1,1,False,False,COMUN
retiro_votacion:20637,1108,True,True,1,1,1,False,False,COMUN
retiro_votacion:20637,1109,True,True,2,2,2,False,False,COMUN
retiro_votacion:20637,1110,True,True,1,1,1,False,False,COMUN
retiro_votacion:20637,1111,True,True,2,2,2,False,False,COMUN
retiro_votacion:20637,1112,True,True,1,1,1,False,False,COMUN
retiro_votacion:20637,1113,True,True,2,2,2,False,False,COMUN
retiro_votacion:20637,1114,True,True,1,1,1,False,False,COMUN
retiro_votacion:20637,1115,True,True,1,1,1,False,False,COMUN
retiro_votacion:20637,1116,True,True,1,1,1,False,False,COMUN
retiro_votacion:20637,1117,True,True,1,1,1,False,False,COMUN
retiro_votacion:20637,1118,True,True,1,1,1,False,False,COMUN
retiro_votacion:20637,1119,True,True,1,1,1,False,False,COMUN
retiro_votacion:20637,1120,True,True,1,1,1,False,False,COMUN
retiro_votacion:20637,1121,True,True,2,2,2,False,False,COMUN
retiro_votacion:20637,1122,True,True,1,1,1,False,False,COMUN
retiro_votacion:20637,1123,True,True,2,2,2,False,False,COMUN
retiro_votacion:20637,1124,True,True,1,1,1,False,False,COMUN
retiro_votacion:20637,1125,True,True,1,1,1,False,False,COMUN
retiro_votacion:20637,1126,True,True,2,2,2,False,False,COMUN
retiro_votacion:20637,1127,True,True,1,1,1,False,False,COMUN
retiro_votacion:20637,1128,True,True,1,1,1,False,False,COMUN
retiro_votacion:20637,1129,True,True,1,1,1,False,False,COMUN
retiro_votacion:20637,1131,True,True,2,2,2,False,False,COMUN
retiro_votacion:20637,1132,True,True,1,1,1,False,False,COMUN
retiro_votacion:20637,1133,True,True,2,2,2,False,False,COMUN
retiro_votacion:20637,1135,True,True,2,2,2,False,False,COMUN
retiro_votacion:20637,1136,True,True,1,1,1,False,False,COMUN
retiro_votacion:20637,1137,True,True,1,1,1,False,False,COMUN
retiro_votacion:20637,1138,True,True,2,2,2,False,False,COMUN
retiro_votacion:20637,1139,True,True,2,2,2,False,False,COMUN
retiro_votacion:20637,1140,True,True,2,2,2,False,False,COMUN
retiro_votacion:20637,1142,True,True,1,1,1,False,False,COMUN
retiro_votacion:20637,1143,True,True,2,2,2,False,False,COMUN
retiro_votacion:20637,1144,True,True,2,2,2,False,False,COMUN
retiro_votacion:20637,1146,True,True,2,2,2,False,False,COMUN
retiro_votacion:20637,1147,True,True,1,1,1,False,False,COMUN
retiro_votacion:20637,1148,True,True,1,1,1,False,False,COMUN
retiro_votacion:20637,1149,True,True,1,1,1,False,False,COMUN
retiro_votacion:20637,1150,True,True,2,2,2,False,False,COMUN
retiro_votacion:20637,1151,True,True,1,1,1,False,False,COMUN
retiro_votacion:20637,1153,True,True,1,1,1,False,False,COMUN
retiro_votacion:20637,1154,True,True,2,2,2,False,False,COMUN
retiro_votacion:20637,1155,True,True,1,1,1,False,False,COMUN
retiro_votacion:20637,1156,True,True,1,1,1,False,False,COMUN
retiro_votacion:20637,1158,True,True,2,2,2,False,False,COMUN
retiro_votacion:20637,1159,True,True,1,1,1,False,False,COMUN
retiro_votacion:20637,1160,True,True,1,1,1,False,False,COMUN
retiro_votacion:20637,1161,True,True,1,1,1,False,False,COMUN
retiro_votacion:20637,1162,True,True,1,1,1,False,False,COMUN
retiro_votacion:20637,1163,True,True,1,1,1,False,False,COMUN
retiro_votacion:20637,1164,True,True,1,1,1,False,False,COMUN
retiro_votacion:20637,1165,True,True,2,2,2,False,False,COMUN
retiro_votacion:20637,1166,True,True,1,1,1,False,False,COMUN
retiro_votacion:20637,1167,True,True,1,1,1,False,False,COMUN
retiro_votacion:20637,1168,True,True,1,1,1,False,False,COMUN
retiro_votacion:20637,1169,True,True,1,1,1,False,False,COMUN
retiro_votacion:20637,1170,True,True,2,2,2,False,False,COMUN
retiro_votacion:20637,1171,True,True,1,1,1,False,False,COMUN
retiro_votacion:20637,1172,True,True,2,2,2,False,False,COMUN
retiro_votacion:20637,1173,True,True,1,1,1,False,False,COMUN
retiro_votacion:20637,1174,True,True,2,2,2,False,False,COMUN
retiro_votacion:20637,1175,True,True,1,1,1,False,False,COMUN
retiro_votacion:20637,1176,True,True,2,2,2,False,False,COMUN
retiro_votacion:20637,1177,True,True,1,1,1,False,False,COMUN
retiro_votacion:20637,1178,True,True,1,1,1,False,False,COMUN
retiro_votacion:20637,1179,True,True,1,1,1,False,False,COMUN
retiro_votacion:20637,1180,True,True,1,1,1,False,False,COMUN
retiro_votacion:20637,1182,True,True,1,1,1,False,False,COMUN
retiro_votacion:20637,1183,True,True,2,2,2,False,False,COMUN
retiro_votacion:21217,74,True,True,1,1,1,False,False,COMUN
retiro_votacion:21217,803,True,True,1,1,1,False,False,COMUN
retiro_votacion:21217,815,True,True,2,2,2,False,False,COMUN
retiro_votacion:21217,917,True,True,2,2,2,False,False,COMUN
retiro_votacion:21217,948,True,True,1,1,1,False,False,COMUN
retiro_votacion:21217,953,True,True,1,1,1,False,False,COMUN
retiro_votacion:21217,971,True,True,1,1,1,False,False,COMUN
retiro_votacion:21217,973,True,True,1,1,1,False,False,COMUN
retiro_votacion:21217,975,True,True,1,1,1,False,False,COMUN
retiro_votacion:21217,976,True,True,2,2,2,False,False,COMUN
retiro_votacion:21217,990,True,True,1,1,1,False,False,COMUN
retiro_votacion:21217,991,True,True,1,1,1,False,False,COMUN
retiro_votacion:21217,999,True,True,1,1,1,False,False,COMUN
retiro_votacion:21217,1002,True,True,1,1,1,False,False,COMUN
retiro_votacion:21217,1003,True,True,2,2,2,False,False,COMUN
retiro_votacion:21217,1009,True,True,2,2,2,False,False,COMUN
retiro_votacion:21217,1012,True,True,1,1,1,False,False,COMUN
retiro_votacion:21217,1013,True,True,1,1,1,False,False,COMUN
retiro_votacion:21217,1016,True,True,1,1,1,False,False,COMUN
retiro_votacion:21217,1017,True,True,2,2,2,False,False,COMUN
retiro_votacion:21217,1019,True,True,1,1,1,False,False,COMUN
retiro_votacion:21217,1021,True,True,1,1,1,False,False,COMUN
retiro_votacion:21217,1022,True,True,2,2,2,False,False,COMUN
retiro_votacion:21217,1025,True,True,2,2,2,False,False,COMUN
retiro_votacion:21217,1028,True,True,2,2,2,False,False,COMUN
retiro_votacion:21217,1030,True,True,2,2,2,False,False,COMUN
retiro_votacion:21217,1034,True,True,1,1,1,False,False,COMUN
retiro_votacion:21217,1035,True,True,1,1,1,False,False,COMUN
retiro_votacion:21217,1036,True,True,1,1,1,False,False,COMUN
retiro_votacion:21217,1037,True,True,1,1,1,False,False,COMUN
retiro_votacion:21217,1038,True,True,1,1,1,False,False,COMUN
retiro_votacion:21217,1040,True,True,2,2,2,False,False,COMUN
retiro_votacion:21217,1044,True,True,1,1,1,False,False,COMUN
retiro_votacion:21217,1046,True,True,1,1,1,False,False,COMUN
retiro_votacion:21217,1048,True,True,1,1,1,False,False,COMUN
retiro_votacion:21217,1049,True,True,1,1,1,False,False,COMUN
retiro_votacion:21217,1050,True,True,1,1,1,False,False,COMUN
retiro_votacion:21217,1054,True,True,1,1,1,False,False,COMUN
retiro_votacion:21217,1056,True,True,1,1,1,False,False,COMUN
retiro_votacion:21217,1057,True,True,1,1,1,False,False,COMUN
retiro_votacion:21217,1058,True,True,1,1,1,False,False,COMUN
retiro_votacion:21217,1059,True,True,1,1,1,False,False,COMUN
retiro_votacion:21217,1062,True,True,1,1,1,False,False,COMUN
retiro_votacion:21217,1065,True,True,2,2,2,False,False,COMUN
retiro_votacion:21217,1067,True,True,1,1,1,False,False,COMUN
retiro_votacion:21217,1068,True,True,1,1,1,False,False,COMUN
retiro_votacion:21217,1073,True,True,1,1,1,False,False,COMUN
retiro_votacion:21217,1076,True,True,1,1,1,False,False,COMUN
retiro_votacion:21217,1077,True,True,1,1,1,False,False,COMUN
retiro_votacion:21217,1081,True,True,1,1,1,False,False,COMUN
retiro_votacion:21217,1082,True,True,2,2,2,False,False,COMUN
retiro_votacion:21217,1086,True,True,1,1,1,False,False,COMUN
retiro_votacion:21217,1087,True,True,1,1,1,False,False,COMUN
retiro_votacion:21217,1094,True,True,2,2,2,False,False,COMUN
retiro_votacion:21217,1096,True,True,1,1,1,False,False,COMUN
retiro_votacion:21217,1097,True,True,1,1,1,False,False,COMUN
retiro_votacion:21217,1098,True,True,2,2,2,False,False,COMUN
retiro_votacion:21217,1099,True,True,1,1,1,False,False,COMUN
retiro_votacion:21217,1100,True,True,2,2,2,False,False,COMUN
retiro_votacion:21217,1101,True,True,1,1,1,False,False,COMUN
retiro_votacion:21217,1102,True,True,2,2,2,False,False,COMUN
retiro_votacion:21217,1103,True,True,1,1,1,False,False,COMUN
retiro_votacion:21217,1104,True,True,2,2,2,False,False,COMUN
retiro_votacion:21217,1105,True,True,1,1,1,False,False,COMUN
retiro_votacion:21217,1106,True,True,1,1,1,False,False,COMUN
retiro_votacion:21217,1107,True,True,1,1,1,False,False,COMUN
retiro_votacion:21217,1108,True,True,1,1,1,False,False,COMUN
retiro_votacion:21217,1109,True,True,2,2,2,False,False,COMUN
retiro_votacion:21217,1110,True,True,1,1,1,False,False,COMUN
retiro_votacion:21217,1111,True,True,2,2,2,False,False,COMUN
retiro_votacion:21217,1112,True,True,1,1,1,False,False,COMUN
retiro_votacion:21217,1113,True,True,2,2,2,False,False,COMUN
retiro_votacion:21217,1114,True,True,1,1,1,False,False,COMUN
retiro_votacion:21217,1115,True,True,1,1,1,False,False,COMUN
retiro_votacion:21217,1116,True,True,1,1,1,False,False,COMUN
retiro_votacion:21217,1117,True,True,1,1,1,False,False,COMUN
retiro_votacion:21217,1118,True,True,1,1,1,False,False,COMUN
retiro_votacion:21217,1119,True,True,1,1,1,False,False,COMUN
retiro_votacion:21217,1120,True,True,1,1,1,False,False,COMUN
retiro_votacion:21217,1121,True,True,2,2,2,False,False,COMUN
retiro_votacion:21217,1122,True,True,1,1,1,False,False,COMUN
retiro_votacion:21217,1123,True,True,2,2,2,False,False,COMUN
retiro_votacion:21217,1124,True,True,1,1,1,False,False,COMUN
retiro_votacion:21217,1125,True,True,1,1,1,False,False,COMUN
retiro_votacion:21217,1126,True,True,2,2,2,False,False,COMUN
retiro_votacion:21217,1127,True,True,1,1,1,False,False,COMUN
retiro_votacion:21217,1128,True,True,1,1,1,False,False,COMUN
retiro_votacion:21217,1129,True,True,1,1,1,False,False,COMUN
retiro_votacion:21217,1131,True,True,2,2,2,False,False,COMUN
retiro_votacion:21217,1132,True,True,1,1,1,False,False,COMUN
retiro_votacion:21217,1133,True,True,2,2,2,False,False,COMUN
retiro_votacion:21217,1135,True,True,2,2,2,False,False,COMUN
retiro_votacion:21217,1136,True,True,1,1,1,False,False,COMUN
retiro_votacion:21217,1137,True,True,1,1,1,False,False,COMUN
retiro_votacion:21217,1138,True,True,2,2,2,False,False,COMUN
retiro_votacion:21217,1139,True,True,2,2,2,False,False,COMUN
retiro_votacion:21217,1140,True,True,2,2,2,False,False,COMUN
retiro_votacion:21217,1142,True,True,1,1,1,False,False,COMUN
retiro_votacion:21217,1143,True,True,2,2,2,False,False,COMUN
retiro_votacion:21217,1144,True,True,2,2,2,False,False,COMUN
retiro_votacion:21217,1146,True,True,2,2,2,False,False,COMUN
retiro_votacion:21217,1147,True,True,1,1,1,False,False,COMUN
retiro_votacion:21217,1148,True,True,1,1,1,False,False,COMUN
retiro_votacion:21217,1149,True,True,1,1,1,False,False,COMUN
retiro_votacion:21217,1150,True,True,2,2,2,False,False,COMUN
retiro_votacion:21217,1151,True,True,1,1,1,False,False,COMUN
retiro_votacion:21217,1153,True,True,1,1,1,False,False,COMUN
retiro_votacion:21217,1154,True,True,2,2,2,False,False,COMUN
retiro_votacion:21217,1155,True,True,1,1,1,False,False,COMUN
retiro_votacion:21217,1156,True,True,1,1,1,False,False,COMUN
retiro_votacion:21217,1158,True,True,2,2,2,False,False,COMUN
retiro_votacion:21217,1159,True,True,1,1,1,False,False,COMUN
retiro_votacion:21217,1160,True,True,1,1,1,False,False,COMUN
retiro_votacion:21217,1161,True,True,1,1,1,False,False,COMUN
retiro_votacion:21217,1162,True,True,1,1,1,False,False,COMUN
retiro_votacion:21217,1163,True,True,1,1,1,False,False,COMUN
retiro_votacion:21217,1164,True,True,1,1,1,False,False,COMUN
retiro_votacion:21217,1165,True,True,2,2,2,False,False,COMUN
retiro_votacion:21217,1166,True,True,1,1,1,False,False,COMUN
retiro_votacion:21217,1167,True,True,1,1,1,False,False,COMUN
retiro_votacion:21217,1168,True,True,1,1,1,False,False,COMUN
retiro_votacion:21217,1169,True,True,1,1,1,False,False,COMUN
retiro_votacion:21217,1170,True,True,2,2,2,False,False,COMUN
retiro_votacion:21217,1171,True,True,1,1,1,False,False,COMUN
retiro_votacion:21217,1172,True,True,2,2,2,False,False,COMUN
retiro_votacion:21217,1173,True,True,1,1,1,False,False,COMUN
retiro_votacion:21217,1174,True,True,2,2,2,False,False,COMUN
retiro_votacion:21217,1175,True,True,1,1,1,False,False,COMUN
retiro_votacion:21217,1176,True,True,2,2,2,False,False,COMUN
retiro_votacion:21217,1177,True,True,1,1,1,False,False,COMUN
retiro_votacion:21217,1178,True,True,1,1,1,False,False,COMUN
retiro_votacion:21217,1179,True,True,1,1,1,False,False,COMUN
retiro_votacion:21217,1180,True,True,1,1,1,False,False,COMUN
retiro_votacion:21217,1182,True,True,1,1,1,False,False,COMUN
retiro_votacion:21217,1183,True,True,2,2,2,False,False,COMUN
retiro_votacion:21218,74,True,True,1,1,1,False,False,COMUN
retiro_votacion:21218,803,True,True,1,1,1,False,False,COMUN
retiro_votacion:21218,815,True,True,2,2,2,False,False,COMUN
retiro_votacion:21218,917,True,True,2,2,2,False,False,COMUN
retiro_votacion:21218,948,True,True,1,1,1,False,False,COMUN
retiro_votacion:21218,953,True,True,1,1,1,False,False,COMUN
retiro_votacion:21218,971,True,True,1,1,1,False,False,COMUN
retiro_votacion:21218,973,True,True,1,1,1,False,False,COMUN
retiro_votacion:21218,975,True,True,1,1,1,False,False,COMUN
retiro_votacion:21218,976,True,True,2,2,2,False,False,COMUN
retiro_votacion:21218,990,True,True,1,1,1,False,False,COMUN
retiro_votacion:21218,991,True,True,1,1,1,False,False,COMUN
retiro_votacion:21218,999,True,True,1,1,1,False,False,COMUN
retiro_votacion:21218,1002,True,True,1,1,1,False,False,COMUN
retiro_votacion:21218,1003,True,True,2,2,2,False,False,COMUN
retiro_votacion:21218,1009,True,True,2,2,2,False,False,COMUN
retiro_votacion:21218,1012,True,True,1,1,1,False,False,COMUN
retiro_votacion:21218,1013,True,True,1,1,1,False,False,COMUN
retiro_votacion:21218,1016,True,True,1,1,1,False,False,COMUN
retiro_votacion:21218,1017,True,True,2,2,2,False,False,COMUN
retiro_votacion:21218,1019,True,True,1,1,1,False,False,COMUN
retiro_votacion:21218,1021,True,True,1,1,1,False,False,COMUN
retiro_votacion:21218,1022,True,True,2,2,2,False,False,COMUN
retiro_votacion:21218,1025,True,True,2,2,2,False,False,COMUN
retiro_votacion:21218,1028,True,True,2,2,2,False,False,COMUN
retiro_votacion:21218,1030,True,True,2,2,2,False,False,COMUN
retiro_votacion:21218,1034,True,True,1,1,1,False,False,COMUN
retiro_votacion:21218,1035,True,True,1,1,1,False,False,COMUN
retiro_votacion:21218,1036,True,True,1,1,1,False,False,COMUN
retiro_votacion:21218,1037,True,True,1,1,1,False,False,COMUN
retiro_votacion:21218,1038,True,True,1,1,1,False,False,COMUN
retiro_votacion:21218,1040,True,True,2,2,2,False,False,COMUN
retiro_votacion:21218,1044,True,True,1,1,1,False,False,COMUN
retiro_votacion:21218,1046,True,True,1,1,1,False,False,COMUN
retiro_votacion:21218,1048,True,True,1,1,1,False,False,COMUN
retiro_votacion:21218,1049,True,True,1,1,1,False,False,COMUN
retiro_votacion:21218,1050,True,True,1,1,1,False,False,COMUN
retiro_votacion:21218,1054,True,True,1,1,1,False,False,COMUN
retiro_votacion:21218,1056,True,True,1,1,1,False,False,COMUN
retiro_votacion:21218,1057,True,True,1,1,1,False,False,COMUN
retiro_votacion:21218,1058,True,True,1,1,1,False,False,COMUN
retiro_votacion:21218,1059,True,True,1,1,1,False,False,COMUN
retiro_votacion:21218,1062,True,True,1,1,1,False,False,COMUN
retiro_votacion:21218,1065,True,True,2,2,2,False,False,COMUN
retiro_votacion:21218,1067,True,True,1,1,1,False,False,COMUN
retiro_votacion:21218,1068,True,True,1,1,1,False,False,COMUN
retiro_votacion:21218,1073,True,True,1,1,1,False,False,COMUN
retiro_votacion:21218,1076,True,True,1,1,1,False,False,COMUN
retiro_votacion:21218,1077,True,True,1,1,1,False,False,COMUN
retiro_votacion:21218,1081,True,True,1,1,1,False,False,COMUN
retiro_votacion:21218,1082,True,True,2,2,2,False,False,COMUN
retiro_votacion:21218,1086,True,True,1,1,1,False,False,COMUN
retiro_votacion:21218,1087,True,True,1,1,1,False,False,COMUN
retiro_votacion:21218,1094,True,True,2,2,2,False,False,COMUN
retiro_votacion:21218,1096,True,True,1,1,1,False,False,COMUN
retiro_votacion:21218,1097,True,True,1,1,1,False,False,COMUN
retiro_votacion:21218,1098,True,True,2,2,2,False,False,COMUN
retiro_votacion:21218,1099,True,True,1,1,1,False,False,COMUN
retiro_votacion:21218,1100,True,True,2,2,2,False,False,COMUN
retiro_votacion:21218,1101,True,True,1,1,1,False,False,COMUN
retiro_votacion:21218,1102,True,True,2,2,2,False,False,COMUN
retiro_votacion:21218,1103,True,True,1,1,1,False,False,COMUN
retiro_votacion:21218,1104,True,True,2,2,2,False,False,COMUN
retiro_votacion:21218,1105,True,True,1,1,1,False,False,COMUN
retiro_votacion:21218,1106,True,True,1,1,1,False,False,COMUN
retiro_votacion:21218,1107,True,True,1,1,1,False,False,COMUN
retiro_votacion:21218,1108,True,True,1,1,1,False,False,COMUN
retiro_votacion:21218,1109,True,True,2,2,2,False,False,COMUN
retiro_votacion:21218,1110,True,True,1,1,1,False,False,COMUN
retiro_votacion:21218,1111,True,True,2,2,2,False,False,COMUN
retiro_votacion:21218,1112,True,True,1,1,1,False,False,COMUN
retiro_votacion:21218,1113,True,True,2,2,2,False,False,COMUN
retiro_votacion:21218,1114,True,True,1,1,1,False,False,COMUN
retiro_votacion:21218,1115,True,True,1,1,1,False,False,COMUN
retiro_votacion:21218,1116,True,True,1,1,1,False,False,COMUN
retiro_votacion:21218,1117,True,True,1,1,1,False,False,COMUN
retiro_votacion:21218,1118,True,True,1,1,1,False,False,COMUN
retiro_votacion:21218,1119,True,True,1,1,1,False,False,COMUN
retiro_votacion:21218,1120,True,True,1,1,1,False,False,COMUN
retiro_votacion:21218,1121,True,True,2,2,2,False,False,COMUN
retiro_votacion:21218,1122,True,True,1,1,1,False,False,COMUN
retiro_votacion:21218,1123,True,True,2,2,2,False,False,COMUN
retiro_votacion:21218,1124,True,True,1,1,1,False,False,COMUN
retiro_votacion:21218,1125,True,True,1,1,1,False,False,COMUN
retiro_votacion:21218,1126,True,True,2,2,2,False,False,COMUN
retiro_votacion:21218,1127,True,True,1,1,1,False,False,COMUN
retiro_votacion:21218,1128,True,True,1,1,1,False,False,COMUN
retiro_votacion:21218,1129,True,True,1,1,1,False,False,COMUN
retiro_votacion:21218,1131,True,True,2,2,2,False,False,COMUN
retiro_votacion:21218,1132,True,True,1,1,1,False,False,COMUN
retiro_votacion:21218,1133,True,True,2,2,2,False,False,COMUN
retiro_votacion:21218,1135,True,True,2,2,2,False,False,COMUN
retiro_votacion:21218,1136,True,True,1,1,1,False,False,COMUN
retiro_votacion:21218,1137,True,True,1,1,1,False,False,COMUN
retiro_votacion:21218,1138,True,True,2,2,2,False,False,COMUN
retiro_votacion:21218,1139,True,True,2,2,2,False,False,COMUN
retiro_votacion:21218,1140,True,True,2,2,2,False,False,COMUN
retiro_votacion:21218,1142,True,True,1,1,1,False,False,COMUN
retiro_votacion:21218,1143,True,True,2,2,2,False,False,COMUN
retiro_votacion:21218,1144,True,True,2,2,2,False,False,COMUN
retiro_votacion:21218,1146,True,True,2,2,2,False,False,COMUN
retiro_votacion:21218,1147,True,True,1,1,1,False,False,COMUN
retiro_votacion:21218,1148,True,True,1,1,1,False,False,COMUN
retiro_votacion:21218,1149,True,True,1,1,1,False,False,COMUN
retiro_votacion:21218,1150,True,True,2,2,2,False,False,COMUN
retiro_votacion:21218,1151,True,True,1,1,1,False,False,COMUN
retiro_votacion:21218,1153,True,True,1,1,1,False,False,COMUN
retiro_votacion:21218,1154,True,True,2,2,2,False,False,COMUN
retiro_votacion:21218,1155,True,True,1,1,1,False,False,COMUN
retiro_votacion:21218,1156,True,True,1,1,1,False,False,COMUN
retiro_votacion:21218,1158,True,True,2,2,2,False,False,COMUN
retiro_votacion:21218,1159,True,True,1,1,1,False,False,COMUN
retiro_votacion:21218,1160,True,True,1,1,1,False,False,COMUN
retiro_votacion:21218,1161,True,True,1,1,1,False,False,COMUN
retiro_votacion:21218,1162,True,True,1,1,1,False,False,COMUN
retiro_votacion:21218,1163,True,True,1,1,1,False,False,COMUN
retiro_votacion:21218,1164,True,True,1,1,1,False,False,COMUN
retiro_votacion:21218,1165,True,True,2,2,2,False,False,COMUN
retiro_votacion:21218,1166,True,True,1,1,1,False,False,COMUN
retiro_votacion:21218,1167,True,True,1,1,1,False,False,COMUN
retiro_votacion:21218,1168,True,True,1,1,1,False,False,COMUN
retiro_votacion:21218,1169,True,True,1,1,1,False,False,COMUN
retiro_votacion:21218,1170,True,True,2,2,2,False,False,COMUN
retiro_votacion:21218,1171,True,True,1,1,1,False,False,COMUN
retiro_votacion:21218,1172,True,True,2,2,2,False,False,COMUN
retiro_votacion:21218,1173,True,True,1,1,1,False,False,COMUN
retiro_votacion:21218,1174,True,True,2,2,2,False,False,COMUN
retiro_votacion:21218,1175,True,True,1,1,1,False,False,COMUN
retiro_votacion:21218,1176,True,True,2,2,2,False,False,COMUN
retiro_votacion:21218,1177,True,True,1,1,1,False,False,COMUN
retiro_votacion:21218,1178,True,True,1,1,1,False,False,COMUN
retiro_votacion:21218,1179,True,True,1,1,1,False,False,COMUN
retiro_votacion:21218,1180,True,True,1,1,1,False,False,COMUN
retiro_votacion:21218,1182,True,True,1,1,1,False,False,COMUN
retiro_votacion:21218,1183,True,True,2,2,2,False,False,COMUN
retiro_votacion:21219,74,True,True,1,1,1,False,False,COMUN
retiro_votacion:21219,803,True,True,1,1,1,False,False,COMUN
retiro_votacion:21219,815,True,True,2,2,2,False,False,COMUN
retiro_votacion:21219,917,True,True,2,2,2,False,False,COMUN
retiro_votacion:21219,948,True,True,1,1,1,False,False,COMUN
retiro_votacion:21219,953,True,True,1,1,1,False,False,COMUN
retiro_votacion:21219,971,True,True,1,1,1,False,False,COMUN
retiro_votacion:21219,973,True,True,1,1,1,False,False,COMUN
retiro_votacion:21219,975,True,True,1,1,1,False,False,COMUN
retiro_votacion:21219,976,True,True,2,2,2,False,False,COMUN
retiro_votacion:21219,990,True,True,1,1,1,False,False,COMUN
retiro_votacion:21219,991,True,True,1,1,1,False,False,COMUN
retiro_votacion:21219,999,True,True,1,1,1,False,False,COMUN
retiro_votacion:21219,1002,True,True,1,1,1,False,False,COMUN
retiro_votacion:21219,1003,True,True,2,2,2,False,False,COMUN
retiro_votacion:21219,1009,True,True,2,2,2,False,False,COMUN
retiro_votacion:21219,1012,True,True,1,1,1,False,False,COMUN
retiro_votacion:21219,1013,True,True,1,1,1,False,False,COMUN
retiro_votacion:21219,1016,True,True,1,1,1,False,False,COMUN
retiro_votacion:21219,1017,True,True,2,2,2,False,False,COMUN
retiro_votacion:21219,1019,True,True,1,1,1,False,False,COMUN
retiro_votacion:21219,1021,True,True,1,1,1,False,False,COMUN
retiro_votacion:21219,1022,True,True,2,2,2,False,False,COMUN
retiro_votacion:21219,1025,True,True,2,2,2,False,False,COMUN
retiro_votacion:21219,1028,True,True,2,2,2,False,False,COMUN
retiro_votacion:21219,1030,True,True,2,2,2,False,False,COMUN
retiro_votacion:21219,1034,True,True,1,1,1,False,False,COMUN
retiro_votacion:21219,1035,True,True,1,1,1,False,False,COMUN
retiro_votacion:21219,1036,True,True,1,1,1,False,False,COMUN
retiro_votacion:21219,1037,True,True,1,1,1,False,False,COMUN
retiro_votacion:21219,1038,True,True,1,1,1,False,False,COMUN
retiro_votacion:21219,1040,True,True,2,2,2,False,False,COMUN
retiro_votacion:21219,1044,True,True,1,1,1,False,False,COMUN
retiro_votacion:21219,1046,True,True,1,1,1,False,False,COMUN
retiro_votacion:21219,1048,True,True,1,1,1,False,False,COMUN
retiro_votacion:21219,1049,True,True,1,1,1,False,False,COMUN
retiro_votacion:21219,1050,True,True,1,1,1,False,False,COMUN
retiro_votacion:21219,1054,True,True,1,1,1,False,False,COMUN
retiro_votacion:21219,1056,True,True,1,1,1,False,False,COMUN
retiro_votacion:21219,1057,True,True,1,1,1,False,False,COMUN
retiro_votacion:21219,1058,True,True,1,1,1,False,False,COMUN
retiro_votacion:21219,1059,True,True,1,1,1,False,False,COMUN
retiro_votacion:21219,1062,True,True,1,1,1,False,False,COMUN
retiro_votacion:21219,1065,True,True,2,2,2,False,False,COMUN
retiro_votacion:21219,1067,True,True,1,1,1,False,False,COMUN
retiro_votacion:21219,1068,True,True,1,1,1,False,False,COMUN
retiro_votacion:21219,1073,True,True,1,1,1,False,False,COMUN
retiro_votacion:21219,1076,True,True,1,1,1,False,False,COMUN
retiro_votacion:21219,1077,True,True,1,1,1,False,False,COMUN
retiro_votacion:21219,1081,True,True,1,1,1,False,False,COMUN
retiro_votacion:21219,1082,True,True,2,2,2,False,False,COMUN
retiro_votacion:21219,1086,True,True,1,1,1,False,False,COMUN
retiro_votacion:21219,1087,True,True,1,1,1,False,False,COMUN
retiro_votacion:21219,1094,True,True,2,2,2,False,False,COMUN
retiro_votacion:21219,1096,True,True,1,1,1,False,False,COMUN
retiro_votacion:21219,1097,True,True,1,1,1,False,False,COMUN
retiro_votacion:21219,1098,True,True,2,2,2,False,False,COMUN
retiro_votacion:21219,1099,True,True,1,1,1,False,False,COMUN
retiro_votacion:21219,1100,True,True,2,2,2,False,False,COMUN
retiro_votacion:21219,1101,True,True,1,1,1,False,False,COMUN
retiro_votacion:21219,1102,True,True,2,2,2,False,False,COMUN
retiro_votacion:21219,1103,True,True,1,1,1,False,False,COMUN
retiro_votacion:21219,1104,True,True,2,2,2,False,False,COMUN
retiro_votacion:21219,1105,True,True,1,1,1,False,False,COMUN
retiro_votacion:21219,1106,True,True,1,1,1,False,False,COMUN
retiro_votacion:21219,1107,True,True,1,1,1,False,False,COMUN
retiro_votacion:21219,1108,True,True,1,1,1,False,False,COMUN
retiro_votacion:21219,1109,True,True,2,2,2,False,False,COMUN
retiro_votacion:21219,1110,True,True,1,1,1,False,False,COMUN
retiro_votacion:21219,1111,True,True,2,2,2,False,False,COMUN
retiro_votacion:21219,1112,True,True,1,1,1,False,False,COMUN
retiro_votacion:21219,1113,True,True,2,2,2,False,False,COMUN
retiro_votacion:21219,1114,True,True,1,1,1,False,False,COMUN
retiro_votacion:21219,1115,True,True,1,1,1,False,False,COMUN
retiro_votacion:21219,1116,True,True,1,1,1,False,False,COMUN
retiro_votacion:21219,1117,True,True,1,1,1,False,False,COMUN
retiro_votacion:21219,1118,True,True,1,1,1,False,False,COMUN
retiro_votacion:21219,1119,True,True,1,1,1,False,False,COMUN
retiro_votacion:21219,1120,True,True,1,1,1,False,False,COMUN
retiro_votacion:21219,1121,True,True,2,2,2,False,False,COMUN
retiro_votacion:21219,1122,True,True,1,1,1,False,False,COMUN
retiro_votacion:21219,1123,True,True,2,2,2,False,False,COMUN
retiro_votacion:21219,1124,True,True,1,1,1,False,False,COMUN
retiro_votacion:21219,1125,True,True,1,1,1,False,False,COMUN
retiro_votacion:21219,1126,True,True,2,2,2,False,False,COMUN
retiro_votacion:21219,1127,True,True,1,1,1,False,False,COMUN
retiro_votacion:21219,1128,True,True,1,1,1,False,False,COMUN
retiro_votacion:21219,1129,True,True,1,1,1,False,False,COMUN
retiro_votacion:21219,1131,True,True,2,2,2,False,False,COMUN
retiro_votacion:21219,1132,True,True,1,1,1,False,False,COMUN
retiro_votacion:21219,1133,True,True,2,2,2,False,False,COMUN
retiro_votacion:21219,1135,True,True,2,2,2,False,False,COMUN
retiro_votacion:21219,1136,True,True,1,1,1,False,False,COMUN
retiro_votacion:21219,1137,True,True,1,1,1,False,False,COMUN
retiro_votacion:21219,1138,True,True,2,2,2,False,False,COMUN
retiro_votacion:21219,1139,True,True,2,2,2,False,False,COMUN
retiro_votacion:21219,1140,True,True,2,2,2,False,False,COMUN
retiro_votacion:21219,1142,True,True,1,1,1,False,False,COMUN
retiro_votacion:21219,1143,True,True,2,2,2,False,False,COMUN
retiro_votacion:21219,1144,True,True,2,2,2,False,False,COMUN
retiro_votacion:21219,1146,True,True,2,2,2,False,False,COMUN
retiro_votacion:21219,1147,True,True,1,1,1,False,False,COMUN
retiro_votacion:21219,1148,True,True,1,1,1,False,False,COMUN
retiro_votacion:21219,1149,True,True,1,1,1,False,False,COMUN
retiro_votacion:21219,1150,True,True,2,2,2,False,False,COMUN
retiro_votacion:21219,1151,True,True,1,1,1,False,False,COMUN
retiro_votacion:21219,1153,True,True,1,1,1,False,False,COMUN
retiro_votacion:21219,1154,True,True,2,2,2,False,False,COMUN
retiro_votacion:21219,1155,True,True,1,1,1,False,False,COMUN
retiro_votacion:21219,1156,True,True,1,1,1,False,False,COMUN
retiro_votacion:21219,1158,True,True,2,2,2,False,False,COMUN
retiro_votacion:21219,1159,True,True,1,1,1,False,False,COMUN
retiro_votacion:21219,1160,True,True,1,1,1,False,False,COMUN
retiro_votacion:21219,1161,True,True,1,1,1,False,False,COMUN
retiro_votacion:21219,1162,True,True,1,1,1,False,False,COMUN
retiro_votacion:21219,1163,True,True,1,1,1,False,False,COMUN
retiro_votacion:21219,1164,True,True,1,1,1,False,False,COMUN
retiro_votacion:21219,1165,True,True,2,2,2,False,False,COMUN
retiro_votacion:21219,1166,True,True,1,1,1,False,False,COMUN
retiro_votacion:21219,1167,True,True,1,1,1,False,False,COMUN
retiro_votacion:21219,1168,True,True,1,1,1,False,False,COMUN
retiro_votacion:21219,1169,True,True,1,1,1,False,False,COMUN
retiro_votacion:21219,1170,True,True,2,2,2,False,False,COMUN
retiro_votacion:21219,1171,True,True,1,1,1,False,False,COMUN
retiro_votacion:21219,1172,True,True,2,2,2,False,False,COMUN
retiro_votacion:21219,1173,True,True,1,1,1,False,False,COMUN
retiro_votacion:21219,1174,True,True,2,2,2,False,False,COMUN
retiro_votacion:21219,1175,True,True,1,1,1,False,False,COMUN
retiro_votacion:21219,1176,True,True,2,2,2,False,False,COMUN
retiro_votacion:21219,1177,True,True,1,1,1,False,False,COMUN
retiro_votacion:21219,1178,True,True,1,1,1,False,False,COMUN
retiro_votacion:21219,1179,True,True,1,1,1,False,False,COMUN
retiro_votacion:21219,1180,True,True,1,1,1,False,False,COMUN
retiro_votacion:21219,1182,True,True,1,1,1,False,False,COMUN
retiro_votacion:21219,1183,True,True,2,2,2,False,False,COMUN
retiro_votacion:42724,74,True,True,1,1,1,False,False,COMUN
retiro_votacion:42724,803,True,True,1,1,1,False,False,COMUN
retiro_votacion:42724,815,True,True,2,2,2,False,False,COMUN
retiro_votacion:42724,917,True,True,2,2,2,False,False,COMUN
retiro_votacion:42724,948,True,True,1,1,1,False,False,COMUN
retiro_votacion:42724,953,True,True,1,1,1,False,False,COMUN
retiro_votacion:42724,971,True,True,1,1,1,False,False,COMUN
retiro_votacion:42724,973,True,True,1,1,1,False,False,COMUN
retiro_votacion:42724,975,True,True,1,1,1,False,False,COMUN
retiro_votacion:42724,976,True,True,2,2,2,False,False,COMUN
retiro_votacion:42724,990,True,True,1,1,1,False,False,COMUN
retiro_votacion:42724,991,True,True,1,1,1,False,False,COMUN
retiro_votacion:42724,999,True,True,1,1,1,False,False,COMUN
retiro_votacion:42724,1002,True,True,1,1,1,False,False,COMUN
retiro_votacion:42724,1003,True,True,2,2,2,False,False,COMUN
retiro_votacion:42724,1009,True,True,2,2,2,False,False,COMUN
retiro_votacion:42724,1012,True,True,1,1,1,False,False,COMUN
retiro_votacion:42724,1013,True,True,1,1,1,False,False,COMUN
retiro_votacion:42724,1016,True,True,1,1,1,False,False,COMUN
retiro_votacion:42724,1017,True,True,2,2,2,False,False,COMUN
retiro_votacion:42724,1019,True,True,1,1,1,False,False,COMUN
retiro_votacion:42724,1021,True,True,1,1,1,False,False,COMUN
retiro_votacion:42724,1022,True,True,2,2,2,False,False,COMUN
retiro_votacion:42724,1025,True,True,2,2,2,False,False,COMUN
retiro_votacion:42724,1028,True,True,2,2,2,False,False,COMUN
retiro_votacion:42724,1030,True,True,2,2,2,False,False,COMUN
retiro_votacion:42724,1034,True,True,1,1,1,False,False,COMUN
retiro_votacion:42724,1035,True,True,1,1,1,False,False,COMUN
retiro_votacion:42724,1036,True,True,1,1,1,False,False,COMUN
retiro_votacion:42724,1037,True,True,1,1,1,False,False,COMUN
retiro_votacion:42724,1038,True,True,1,1,1,False,False,COMUN
retiro_votacion:42724,1040,True,True,2,2,2,False,False,COMUN
retiro_votacion:42724,1044,True,True,1,1,1,False,False,COMUN
retiro_votacion:42724,1046,True,True,1,1,1,False,False,COMUN
retiro_votacion:42724,1048,True,True,1,1,1,False,False,COMUN
retiro_votacion:42724,1049,True,True,1,1,1,False,False,COMUN
retiro_votacion:42724,1050,True,True,1,1,1,False,False,COMUN
retiro_votacion:42724,1054,True,True,1,1,1,False,False,COMUN
retiro_votacion:42724,1056,True,True,1,1,1,False,False,COMUN
retiro_votacion:42724,1057,True,True,1,1,1,False,False,COMUN
retiro_votacion:42724,1058,True,True,1,1,1,False,False,COMUN
retiro_votacion:42724,1059,True,True,1,1,1,False,False,COMUN
retiro_votacion:42724,1062,True,True,1,1,1,False,False,COMUN
retiro_votacion:42724,1065,True,True,2,2,2,False,False,COMUN
retiro_votacion:42724,1067,True,True,1,1,1,False,False,COMUN
retiro_votacion:42724,1068,True,True,1,1,1,False,False,COMUN
retiro_votacion:42724,1073,True,True,1,1,1,False,False,COMUN
retiro_votacion:42724,1076,True,True,1,1,1,False,False,COMUN
retiro_votacion:42724,1077,True,True,1,1,1,False,False,COMUN
retiro_votacion:42724,1081,True,True,1,1,1,False,False,COMUN
retiro_votacion:42724,1082,True,True,2,2,2,False,False,COMUN
retiro_votacion:42724,1086,True,True,1,1,1,False,False,COMUN
retiro_votacion:42724,1087,True,True,1,1,1,False,False,COMUN
retiro_votacion:42724,1094,True,True,2,2,2,False,False,COMUN
retiro_votacion:42724,1096,True,True,1,1,1,False,False,COMUN
retiro_votacion:42724,1097,True,True,1,1,1,False,False,COMUN
retiro_votacion:42724,1098,True,True,2,2,2,False,False,COMUN
retiro_votacion:42724,1099,True,True,1,1,1,False,False,COMUN
retiro_votacion:42724,1100,True,True,2,2,2,False,False,COMUN
retiro_votacion:42724,1101,True,True,1,1,1,False,False,COMUN
retiro_votacion:42724,1102,True,True,2,2,2,False,False,COMUN
retiro_votacion:42724,1103,True,True,1,1,1,False,False,COMUN
retiro_votacion:42724,1104,True,True,2,2,2,False,False,COMUN
retiro_votacion:42724,1105,True,True,1,1,1,False,False,COMUN
retiro_votacion:42724,1106,True,True,1,1,1,False,False,COMUN
retiro_votacion:42724,1107,True,True,1,1,1,False,False,COMUN
retiro_votacion:42724,1108,True,True,1,1,1,False,False,COMUN
retiro_votacion:42724,1109,True,True,2,2,2,False,False,COMUN
retiro_votacion:42724,1110,True,True,1,1,1,False,False,COMUN
retiro_votacion:42724,1111,True,True,2,2,2,False,False,COMUN
retiro_votacion:42724,1112,True,True,1,1,1,False,False,COMUN
retiro_votacion:42724,1113,True,True,2,2,2,False,False,COMUN
retiro_votacion:42724,1114,True,True,1,1,1,False,False,COMUN
retiro_votacion:42724,1115,True,True,1,1,1,False,False,COMUN
retiro_votacion:42724,1116,True,True,1,1,1,False,False,COMUN
retiro_votacion:42724,1117,True,True,1,1,1,False,False,COMUN
retiro_votacion:42724,1118,True,True,1,1,1,False,False,COMUN
retiro_votacion:42724,1119,True,True,1,1,1,False,False,COMUN
retiro_votacion:42724,1120,True,True,1,1,1,False,False,COMUN
retiro_votacion:42724,1121,True,True,2,2,2,False,False,COMUN
retiro_votacion:42724,1122,True,True,1,1,1,False,False,COMUN
retiro_votacion:42724,1123,True,True,2,2,2,False,False,COMUN
retiro_votacion:42724,1124,True,True,1,1,1,False,False,COMUN
retiro_votacion:42724,1125,True,True,1,1,1,False,False,COMUN
retiro_votacion:42724,1126,True,True,2,2,2,False,False,COMUN
retiro_votacion:42724,1127,True,True,1,1,1,False,False,COMUN
retiro_votacion:42724,1128,True,True,1,1,1,False,False,COMUN
retiro_votacion:42724,1129,True,True,1,1,1,False,False,COMUN
retiro_votacion:42724,1131,True,True,2,2,2,False,False,COMUN
retiro_votacion:42724,1132,True,True,1,1,1,False,False,COMUN
retiro_votacion:42724,1133,True,True,2,2,2,False,False,COMUN
retiro_votacion:42724,1135,True,True,2,2,2,False,False,COMUN
retiro_votacion:42724,1136,True,True,1,1,1,False,False,COMUN
retiro_votacion:42724,1137,True,True,1,1,1,False,False,COMUN
retiro_votacion:42724,1138,True,True,2,2,2,False,False,COMUN
retiro_votacion:42724,1139,True,True,2,2,2,False,False,COMUN
retiro_votacion:42724,1140,True,True,2,2,2,False,False,COMUN
retiro_votacion:42724,1142,True,True,1,1,1,False,False,COMUN
retiro_votacion:42724,1143,True,True,2,2,2,False,False,COMUN
retiro_votacion:42724,1144,True,True,2,2,2,False,False,COMUN
retiro_votacion:42724,1146,True,True,2,2,2,False,False,COMUN
retiro_votacion:42724,1147,True,True,1,1,1,False,False,COMUN
retiro_votacion:42724,1148,True,True,1,1,1,False,False,COMUN
retiro_votacion:42724,1149,True,True,1,1,1,False,False,COMUN
retiro_votacion:42724,1150,True,True,2,2,2,False,False,COMUN
retiro_votacion:42724,1151,True,True,1,1,1,False,False,COMUN
retiro_votacion:42724,1153,True,True,1,1,1,False,False,COMUN
retiro_votacion:42724,1154,True,True,2,2,2,False,False,COMUN
retiro_votacion:42724,1155,True,True,1,1,1,False,False,COMUN
retiro_votacion:42724,1156,True,True,1,1,1,False,False,COMUN
retiro_votacion:42724,1158,True,True,2,2,2,False,False,COMUN
retiro_votacion:42724,1159,True,True,1,1,1,False,False,COMUN
retiro_votacion:42724,1160,True,True,1,1,1,False,False,COMUN
retiro_votacion:42724,1161,True,True,1,1,1,False,False,COMUN
retiro_votacion:42724,1162,True,True,1,1,1,False,False,COMUN
retiro_votacion:42724,1163,True,True,1,1,1,False,False,COMUN
retiro_votacion:42724,1164,True,True,1,1,1,False,False,COMUN
retiro_votacion:42724,1165,True,True,2,2,2,False,False,COMUN
retiro_votacion:42724,1166,True,True,1,1,1,False,False,COMUN
retiro_votacion:42724,1167,True,True,1,1,1,False,False,COMUN
retiro_votacion:42724,1168,True,True,1,1,1,False,False,COMUN
retiro_votacion:42724,1169,True,True,1,1,1,False,False,COMUN
retiro_votacion:42724,1170,True,True,2,2,2,False,False,COMUN
retiro_votacion:42724,1171,True,True,1,1,1,False,False,COMUN
retiro_votacion:42724,1172,True,True,2,2,2,False,False,COMUN
retiro_votacion:42724,1173,True,True,1,1,1,False,False,COMUN
retiro_votacion:42724,1174,True,True,2,2,2,False,False,COMUN
retiro_votacion:42724,1175,True,True,1,1,1,False,False,COMUN
retiro_votacion:42724,1176,True,True,2,2,2,False,False,COMUN
retiro_votacion:42724,1177,True,True,1,1,1,False,False,COMUN
retiro_votacion:42724,1178,True,True,1,1,1,False,False,COMUN
retiro_votacion:42724,1179,True,True,1,1,1,False,False,COMUN
retiro_votacion:42724,1180,True,True,1,1,1,False,False,COMUN
retiro_votacion:42724,1182,True,True,1,1,1,False,False,COMUN
retiro_votacion:42724,1183,True,True,2,2,2,False,False,COMUN
retiro_bloque:articulos_206xx,74,True,False,1,,,,False,SALE
retiro_bloque:articulos_206xx,803,True,True,1,1,1,False,False,COMUN
retiro_bloque:articulos_206xx,815,True,True,2,2,2,False,False,COMUN
retiro_bloque:articulos_206xx,917,True,True,2,2,2,False,False,COMUN
retiro_bloque:articulos_206xx,948,True,True,1,1,1,False,False,COMUN
retiro_bloque:articulos_206xx,953,True,True,1,2,2,True,False,COMUN
retiro_bloque:articulos_206xx,971,True,True,1,2,2,True,False,COMUN
retiro_bloque:articulos_206xx,973,True,False,1,,,,False,SALE
retiro_bloque:articulos_206xx,975,True,True,1,1,1,False,False,COMUN
retiro_bloque:articulos_206xx,976,True,True,2,2,2,False,False,COMUN
retiro_bloque:articulos_206xx,990,True,False,1,,,,False,SALE
retiro_bloque:articulos_206xx,991,True,True,1,1,1,False,False,COMUN
retiro_bloque:articulos_206xx,999,True,True,1,2,2,True,False,COMUN
retiro_bloque:articulos_206xx,1002,True,False,1,,,,False,SALE
retiro_bloque:articulos_206xx,1003,True,True,2,2,2,False,False,COMUN
retiro_bloque:articulos_206xx,1009,True,True,2,2,2,False,False,COMUN
retiro_bloque:articulos_206xx,1012,True,True,1,1,1,False,False,COMUN
retiro_bloque:articulos_206xx,1013,True,True,1,1,1,False,False,COMUN
retiro_bloque:articulos_206xx,1016,True,True,1,1,1,False,False,COMUN
retiro_bloque:articulos_206xx,1017,True,False,2,,,,False,SALE
retiro_bloque:articulos_206xx,1019,True,True,1,2,2,True,False,COMUN
retiro_bloque:articulos_206xx,1021,True,False,1,,,,False,SALE
retiro_bloque:articulos_206xx,1022,True,False,2,,,,False,SALE
retiro_bloque:articulos_206xx,1025,True,True,2,2,2,False,False,COMUN
retiro_bloque:articulos_206xx,1028,True,True,2,2,2,False,False,COMUN
retiro_bloque:articulos_206xx,1030,True,False,2,,,,False,SALE
retiro_bloque:articulos_206xx,1034,True,True,1,1,1,False,False,COMUN
retiro_bloque:articulos_206xx,1035,True,True,1,1,1,False,False,COMUN
retiro_bloque:articulos_206xx,1036,True,True,1,1,1,False,False,COMUN
retiro_bloque:articulos_206xx,1037,True,True,1,1,1,False,False,COMUN
retiro_bloque:articulos_206xx,1038,True,True,1,1,1,False,False,COMUN
retiro_bloque:articulos_206xx,1040,True,False,2,,,,False,SALE
retiro_bloque:articulos_206xx,1044,True,True,1,1,1,False,False,COMUN
retiro_bloque:articulos_206xx,1046,True,True,1,2,2,True,False,COMUN
retiro_bloque:articulos_206xx,1048,True,True,1,1,1,False,False,COMUN
retiro_bloque:articulos_206xx,1049,True,True,1,1,1,False,False,COMUN
retiro_bloque:articulos_206xx,1050,True,False,1,,,,False,SALE
retiro_bloque:articulos_206xx,1054,True,True,1,2,2,True,False,COMUN
retiro_bloque:articulos_206xx,1056,True,True,1,1,1,False,False,COMUN
retiro_bloque:articulos_206xx,1057,True,True,1,1,1,False,False,COMUN
retiro_bloque:articulos_206xx,1058,True,False,1,,,,False,SALE
retiro_bloque:articulos_206xx,1059,True,True,1,2,2,True,False,COMUN
retiro_bloque:articulos_206xx,1062,True,True,1,1,1,False,False,COMUN
retiro_bloque:articulos_206xx,1065,True,True,2,2,2,False,False,COMUN
retiro_bloque:articulos_206xx,1067,True,True,1,2,2,True,False,COMUN
retiro_bloque:articulos_206xx,1068,True,True,1,1,1,False,False,COMUN
retiro_bloque:articulos_206xx,1073,True,True,1,1,1,False,False,COMUN
retiro_bloque:articulos_206xx,1076,True,False,1,,,,False,SALE
retiro_bloque:articulos_206xx,1077,True,False,1,,,,False,SALE
retiro_bloque:articulos_206xx,1081,True,True,1,2,2,True,False,COMUN
retiro_bloque:articulos_206xx,1082,True,False,2,,,,False,SALE
retiro_bloque:articulos_206xx,1086,True,False,1,,,,False,SALE
retiro_bloque:articulos_206xx,1087,True,True,1,1,1,False,False,COMUN
retiro_bloque:articulos_206xx,1094,True,True,2,2,2,False,False,COMUN
retiro_bloque:articulos_206xx,1096,True,True,1,1,1,False,False,COMUN
retiro_bloque:articulos_206xx,1097,True,True,1,1,1,False,False,COMUN
retiro_bloque:articulos_206xx,1098,True,True,2,2,2,False,False,COMUN
retiro_bloque:articulos_206xx,1099,True,True,1,1,1,False,False,COMUN
retiro_bloque:articulos_206xx,1100,True,True,2,2,2,False,False,COMUN
retiro_bloque:articulos_206xx,1101,True,True,1,1,1,False,False,COMUN
retiro_bloque:articulos_206xx,1102,True,False,2,,,,False,SALE
retiro_bloque:articulos_206xx,1103,True,True,1,1,1,False,False,COMUN
retiro_bloque:articulos_206xx,1104,True,True,2,2,2,False,False,COMUN
retiro_bloque:articulos_206xx,1105,True,True,1,1,1,False,False,COMUN
retiro_bloque:articulos_206xx,1106,True,True,1,2,2,True,False,COMUN
retiro_bloque:articulos_206xx,1107,True,False,1,,,,False,SALE
retiro_bloque:articulos_206xx,1108,True,True,1,2,2,True,False,COMUN
retiro_bloque:articulos_206xx,1109,True,True,2,2,2,False,False,COMUN
retiro_bloque:articulos_206xx,1110,True,True,1,1,1,False,False,COMUN
retiro_bloque:articulos_206xx,1111,True,True,2,2,2,False,False,COMUN
retiro_bloque:articulos_206xx,1112,True,False,1,,,,False,SALE
retiro_bloque:articulos_206xx,1113,True,True,2,2,2,False,False,COMUN
retiro_bloque:articulos_206xx,1114,True,True,1,1,1,False,False,COMUN
retiro_bloque:articulos_206xx,1115,True,False,1,,,,False,SALE
retiro_bloque:articulos_206xx,1116,True,True,1,1,1,False,False,COMUN
retiro_bloque:articulos_206xx,1117,True,True,1,1,1,False,False,COMUN
retiro_bloque:articulos_206xx,1118,True,True,1,1,1,False,False,COMUN
retiro_bloque:articulos_206xx,1119,True,True,1,2,2,True,False,COMUN
retiro_bloque:articulos_206xx,1120,True,True,1,2,2,True,False,COMUN
retiro_bloque:articulos_206xx,1121,True,True,2,2,2,False,False,COMUN
retiro_bloque:articulos_206xx,1122,True,True,1,1,1,False,False,COMUN
retiro_bloque:articulos_206xx,1123,True,True,2,2,2,False,False,COMUN
retiro_bloque:articulos_206xx,1124,True,False,1,,,,False,SALE
retiro_bloque:articulos_206xx,1125,True,True,1,1,1,False,False,COMUN
retiro_bloque:articulos_206xx,1126,True,True,2,2,2,False,False,COMUN
retiro_bloque:articulos_206xx,1127,True,True,1,1,1,False,False,COMUN
retiro_bloque:articulos_206xx,1128,True,True,1,1,1,False,False,COMUN
retiro_bloque:articulos_206xx,1129,True,True,1,1,1,False,False,COMUN
retiro_bloque:articulos_206xx,1131,True,True,2,2,2,False,False,COMUN
retiro_bloque:articulos_206xx,1132,True,True,1,2,2,True,False,COMUN
retiro_bloque:articulos_206xx,1133,True,True,2,2,2,False,False,COMUN
retiro_bloque:articulos_206xx,1135,True,True,2,2,2,False,False,COMUN
retiro_bloque:articulos_206xx,1136,True,True,1,2,2,True,False,COMUN
retiro_bloque:articulos_206xx,1137,True,False,1,,,,False,SALE
retiro_bloque:articulos_206xx,1138,True,False,2,,,,False,SALE
retiro_bloque:articulos_206xx,1139,True,True,2,2,2,False,False,COMUN
retiro_bloque:articulos_206xx,1140,True,True,2,2,2,False,False,COMUN
retiro_bloque:articulos_206xx,1142,True,True,1,1,1,False,False,COMUN
retiro_bloque:articulos_206xx,1143,True,True,2,2,2,False,False,COMUN
retiro_bloque:articulos_206xx,1144,True,True,2,2,2,False,False,COMUN
retiro_bloque:articulos_206xx,1146,True,True,2,2,2,False,False,COMUN
retiro_bloque:articulos_206xx,1147,True,True,1,1,1,False,False,COMUN
retiro_bloque:articulos_206xx,1148,True,True,1,1,1,False,False,COMUN
retiro_bloque:articulos_206xx,1149,True,True,1,2,2,True,False,COMUN
retiro_bloque:articulos_206xx,1150,True,False,2,,,,False,SALE
retiro_bloque:articulos_206xx,1151,True,False,1,,,,False,SALE
retiro_bloque:articulos_206xx,1153,True,True,1,1,1,False,False,COMUN
retiro_bloque:articulos_206xx,1154,True,False,2,,,,False,SALE
retiro_bloque:articulos_206xx,1155,True,True,1,1,1,False,False,COMUN
retiro_bloque:articulos_206xx,1156,True,True,1,1,1,False,False,COMUN
retiro_bloque:articulos_206xx,1158,True,False,2,,,,False,SALE
retiro_bloque:articulos_206xx,1159,True,True,1,1,1,False,False,COMUN
retiro_bloque:articulos_206xx,1160,True,True,1,1,1,False,False,COMUN
retiro_bloque:articulos_206xx,1161,True,True,1,1,1,False,False,COMUN
retiro_bloque:articulos_206xx,1162,True,True,1,1,1,False,False,COMUN
retiro_bloque:articulos_206xx,1163,True,True,1,2,2,True,False,COMUN
retiro_bloque:articulos_206xx,1164,True,False,1,,,,False,SALE
retiro_bloque:articulos_206xx,1165,True,True,2,2,2,False,False,COMUN
retiro_bloque:articulos_206xx,1166,True,True,1,1,1,False,False,COMUN
retiro_bloque:articulos_206xx,1167,True,True,1,1,1,False,False,COMUN
retiro_bloque:articulos_206xx,1168,True,True,1,1,1,False,False,COMUN
retiro_bloque:articulos_206xx,1169,True,True,1,1,1,False,False,COMUN
retiro_bloque:articulos_206xx,1170,True,True,2,2,2,False,False,COMUN
retiro_bloque:articulos_206xx,1171,True,True,1,1,1,False,False,COMUN
retiro_bloque:articulos_206xx,1172,True,True,2,2,2,False,False,COMUN
retiro_bloque:articulos_206xx,1173,True,True,1,1,1,False,False,COMUN
retiro_bloque:articulos_206xx,1174,True,True,2,2,2,False,False,COMUN
retiro_bloque:articulos_206xx,1175,True,True,1,1,1,False,False,COMUN
retiro_bloque:articulos_206xx,1176,True,True,2,2,2,False,False,COMUN
retiro_bloque:articulos_206xx,1177,True,False,1,,,,False,SALE
retiro_bloque:articulos_206xx,1178,True,True,1,1,1,False,False,COMUN
retiro_bloque:articulos_206xx,1179,True,True,1,1,1,False,False,COMUN
retiro_bloque:articulos_206xx,1180,True,True,1,1,1,False,False,COMUN
retiro_bloque:articulos_206xx,1182,True,True,1,1,1,False,False,COMUN
retiro_bloque:articulos_206xx,1183,True,True,2,2,2,False,False,COMUN
cobertura:0.4,74,True,True,1,1,1,False,False,COMUN
cobertura:0.4,803,True,True,1,1,1,False,False,COMUN
cobertura:0.4,815,True,True,2,2,2,False,False,COMUN
cobertura:0.4,917,True,True,2,2,2,False,False,COMUN
cobertura:0.4,948,True,True,1,1,1,False,False,COMUN
cobertura:0.4,953,True,True,1,1,1,False,False,COMUN
cobertura:0.4,971,True,True,1,1,1,False,False,COMUN
cobertura:0.4,973,True,True,1,1,1,False,False,COMUN
cobertura:0.4,975,True,True,1,1,1,False,False,COMUN
cobertura:0.4,976,True,True,2,2,2,False,False,COMUN
cobertura:0.4,990,True,True,1,1,1,False,False,COMUN
cobertura:0.4,991,True,True,1,1,1,False,False,COMUN
cobertura:0.4,999,True,True,1,1,1,False,False,COMUN
cobertura:0.4,1002,True,True,1,1,1,False,False,COMUN
cobertura:0.4,1003,True,True,2,2,2,False,False,COMUN
cobertura:0.4,1009,True,True,2,2,2,False,False,COMUN
cobertura:0.4,1012,True,True,1,1,1,False,False,COMUN
cobertura:0.4,1013,True,True,1,1,1,False,False,COMUN
cobertura:0.4,1016,True,True,1,1,1,False,False,COMUN
cobertura:0.4,1017,True,True,2,2,2,False,False,COMUN
cobertura:0.4,1019,True,True,1,1,1,False,False,COMUN
cobertura:0.4,1021,True,True,1,1,1,False,False,COMUN
cobertura:0.4,1022,True,True,2,2,2,False,False,COMUN
cobertura:0.4,1025,True,True,2,2,2,False,False,COMUN
cobertura:0.4,1028,True,True,2,2,2,False,False,COMUN
cobertura:0.4,1030,True,True,2,2,2,False,False,COMUN
cobertura:0.4,1034,True,True,1,1,1,False,False,COMUN
cobertura:0.4,1035,True,True,1,1,1,False,False,COMUN
cobertura:0.4,1036,True,True,1,1,1,False,False,COMUN
cobertura:0.4,1037,True,True,1,1,1,False,False,COMUN
cobertura:0.4,1038,True,True,1,1,1,False,False,COMUN
cobertura:0.4,1040,True,True,2,2,2,False,False,COMUN
cobertura:0.4,1044,True,True,1,1,1,False,False,COMUN
cobertura:0.4,1046,True,True,1,1,1,False,False,COMUN
cobertura:0.4,1048,True,True,1,1,1,False,False,COMUN
cobertura:0.4,1049,True,True,1,1,1,False,False,COMUN
cobertura:0.4,1050,True,True,1,1,1,False,False,COMUN
cobertura:0.4,1054,True,True,1,1,1,False,False,COMUN
cobertura:0.4,1056,True,True,1,1,1,False,False,COMUN
cobertura:0.4,1057,True,True,1,1,1,False,False,COMUN
cobertura:0.4,1058,True,True,1,1,1,False,False,COMUN
cobertura:0.4,1059,True,True,1,1,1,False,False,COMUN
cobertura:0.4,1062,True,True,1,1,1,False,False,COMUN
cobertura:0.4,1065,True,True,2,2,2,False,False,COMUN
cobertura:0.4,1067,True,True,1,1,1,False,False,COMUN
cobertura:0.4,1068,True,True,1,1,1,False,False,COMUN
cobertura:0.4,1073,True,True,1,1,1,False,False,COMUN
cobertura:0.4,1076,True,True,1,1,1,False,False,COMUN
cobertura:0.4,1077,True,True,1,1,1,False,False,COMUN
cobertura:0.4,1081,True,True,1,1,1,False,False,COMUN
cobertura:0.4,1082,True,True,2,2,2,False,False,COMUN
cobertura:0.4,1086,True,True,1,1,1,False,False,COMUN
cobertura:0.4,1087,True,True,1,1,1,False,False,COMUN
cobertura:0.4,1094,True,True,2,2,2,False,False,COMUN
cobertura:0.4,1096,True,True,1,1,1,False,False,COMUN
cobertura:0.4,1097,True,True,1,1,1,False,False,COMUN
cobertura:0.4,1098,True,True,2,2,2,False,False,COMUN
cobertura:0.4,1099,True,True,1,1,1,False,False,COMUN
cobertura:0.4,1100,True,True,2,2,2,False,False,COMUN
cobertura:0.4,1101,True,True,1,1,1,False,False,COMUN
cobertura:0.4,1102,True,True,2,2,2,False,False,COMUN
cobertura:0.4,1103,True,True,1,1,1,False,False,COMUN
cobertura:0.4,1104,True,True,2,2,2,False,False,COMUN
cobertura:0.4,1105,True,True,1,1,1,False,False,COMUN
cobertura:0.4,1106,True,True,1,1,1,False,False,COMUN
cobertura:0.4,1107,True,True,1,1,1,False,False,COMUN
cobertura:0.4,1108,True,True,1,1,1,False,False,COMUN
cobertura:0.4,1109,True,True,2,2,2,False,False,COMUN
cobertura:0.4,1110,True,True,1,1,1,False,False,COMUN
cobertura:0.4,1111,True,True,2,2,2,False,False,COMUN
cobertura:0.4,1112,True,True,1,1,1,False,False,COMUN
cobertura:0.4,1113,True,True,2,2,2,False,False,COMUN
cobertura:0.4,1114,True,True,1,1,1,False,False,COMUN
cobertura:0.4,1115,True,True,1,1,1,False,False,COMUN
cobertura:0.4,1116,True,True,1,1,1,False,False,COMUN
cobertura:0.4,1117,True,True,1,1,1,False,False,COMUN
cobertura:0.4,1118,True,True,1,1,1,False,False,COMUN
cobertura:0.4,1119,True,True,1,1,1,False,False,COMUN
cobertura:0.4,1120,True,True,1,1,1,False,False,COMUN
cobertura:0.4,1121,True,True,2,2,2,False,False,COMUN
cobertura:0.4,1122,True,True,1,1,1,False,False,COMUN
cobertura:0.4,1123,True,True,2,2,2,False,False,COMUN
cobertura:0.4,1124,True,True,1,1,1,False,False,COMUN
cobertura:0.4,1125,True,True,1,1,1,False,False,COMUN
cobertura:0.4,1126,True,True,2,2,2,False,False,COMUN
cobertura:0.4,1127,True,True,1,1,1,False,False,COMUN
cobertura:0.4,1128,True,True,1,1,1,False,False,COMUN
cobertura:0.4,1129,True,True,1,1,1,False,False,COMUN
cobertura:0.4,1131,True,True,2,2,2,False,False,COMUN
cobertura:0.4,1132,True,True,1,1,1,False,False,COMUN
cobertura:0.4,1133,True,True,2,2,2,False,False,COMUN
cobertura:0.4,1135,True,True,2,2,2,False,False,COMUN
cobertura:0.4,1136,True,True,1,1,1,False,False,COMUN
cobertura:0.4,1137,True,True,1,1,1,False,False,COMUN
cobertura:0.4,1138,True,True,2,2,2,False,False,COMUN
cobertura:0.4,1139,True,True,2,2,2,False,False,COMUN
cobertura:0.4,1140,True,True,2,2,2,False,False,COMUN
cobertura:0.4,1142,True,True,1,1,1,False,False,COMUN
cobertura:0.4,1143,True,True,2,2,2,False,False,COMUN
cobertura:0.4,1144,True,True,2,2,2,False,False,COMUN
cobertura:0.4,1146,True,True,2,2,2,False,False,COMUN
cobertura:0.4,1147,True,True,1,1,1,False,False,COMUN
cobertura:0.4,1148,True,True,1,1,1,False,False,COMUN
cobertura:0.4,1149,True,True,1,1,1,False,False,COMUN
cobertura:0.4,1150,True,True,2,2,2,False,False,COMUN
cobertura:0.4,1151,True,True,1,1,1,False,False,COMUN
cobertura:0.4,1153,True,True,1,1,1,False,False,COMUN
cobertura:0.4,1154,True,True,2,2,2,False,False,COMUN
cobertura:0.4,1155,True,True,1,1,1,False,False,COMUN
cobertura:0.4,1156,True,True,1,1,1,False,False,COMUN
cobertura:0.4,1158,True,True,2,2,2,False,False,COMUN
cobertura:0.4,1159,True,True,1,1,1,False,False,COMUN
cobertura:0.4,1160,True,True,1,1,1,False,False,COMUN
cobertura:0.4,1161,True,True,1,1,1,False,False,COMUN
cobertura:0.4,1162,True,True,1,1,1,False,False,COMUN
cobertura:0.4,1163,True,True,1,1,1,False,False,COMUN
cobertura:0.4,1164,True,True,1,1,1,False,False,COMUN
cobertura:0.4,1165,True,True,2,2,2,False,False,COMUN
cobertura:0.4,1166,True,True,1,1,1,False,False,COMUN
cobertura:0.4,1167,True,True,1,1,1,False,False,COMUN
cobertura:0.4,1168,True,True,1,1,1,False,False,COMUN
cobertura:0.4,1169,True,True,1,1,1,False,False,COMUN
cobertura:0.4,1170,True,True,2,2,2,False,False,COMUN
cobertura:0.4,1171,True,True,1,1,1,False,False,COMUN
cobertura:0.4,1172,True,True,2,2,2,False,False,COMUN
cobertura:0.4,1173,True,True,1,1,1,False,False,COMUN
cobertura:0.4,1174,True,True,2,2,2,False,False,COMUN
cobertura:0.4,1175,True,True,1,1,1,False,False,COMUN
cobertura:0.4,1176,True,True,2,2,2,False,False,COMUN
cobertura:0.4,1177,True,True,1,1,1,False,False,COMUN
cobertura:0.4,1178,True,True,1,1,1,False,False,COMUN
cobertura:0.4,1179,True,True,1,1,1,False,False,COMUN
cobertura:0.4,1180,True,True,1,1,1,False,False,COMUN
cobertura:0.4,1182,True,True,1,1,1,False,False,COMUN
cobertura:0.4,1183,True,True,2,2,2,False,False,COMUN
cobertura:0.6,74,True,True,1,1,1,False,False,COMUN
cobertura:0.6,803,True,True,1,1,1,False,False,COMUN
cobertura:0.6,815,True,True,2,2,2,False,False,COMUN
cobertura:0.6,917,True,True,2,2,2,False,False,COMUN
cobertura:0.6,948,True,True,1,1,1,False,False,COMUN
cobertura:0.6,953,True,True,1,1,1,False,False,COMUN
cobertura:0.6,971,True,True,1,1,1,False,False,COMUN
cobertura:0.6,973,True,True,1,1,1,False,False,COMUN
cobertura:0.6,975,True,True,1,1,1,False,False,COMUN
cobertura:0.6,976,True,True,2,2,2,False,False,COMUN
cobertura:0.6,990,True,True,1,1,1,False,False,COMUN
cobertura:0.6,991,True,True,1,1,1,False,False,COMUN
cobertura:0.6,999,True,True,1,1,1,False,False,COMUN
cobertura:0.6,1002,True,True,1,1,1,False,False,COMUN
cobertura:0.6,1003,True,True,2,2,2,False,False,COMUN
cobertura:0.6,1009,True,True,2,2,2,False,False,COMUN
cobertura:0.6,1012,True,True,1,1,1,False,False,COMUN
cobertura:0.6,1013,True,True,1,1,1,False,False,COMUN
cobertura:0.6,1016,True,True,1,1,1,False,False,COMUN
cobertura:0.6,1017,True,True,2,2,2,False,False,COMUN
cobertura:0.6,1019,True,True,1,1,1,False,False,COMUN
cobertura:0.6,1021,True,True,1,1,1,False,False,COMUN
cobertura:0.6,1022,True,True,2,2,2,False,False,COMUN
cobertura:0.6,1025,True,True,2,2,2,False,False,COMUN
cobertura:0.6,1028,True,True,2,2,2,False,False,COMUN
cobertura:0.6,1030,True,True,2,2,2,False,False,COMUN
cobertura:0.6,1034,True,True,1,1,1,False,False,COMUN
cobertura:0.6,1035,True,True,1,1,1,False,False,COMUN
cobertura:0.6,1036,True,True,1,1,1,False,False,COMUN
cobertura:0.6,1037,True,True,1,1,1,False,False,COMUN
cobertura:0.6,1038,True,True,1,1,1,False,False,COMUN
cobertura:0.6,1040,True,True,2,2,2,False,False,COMUN
cobertura:0.6,1044,True,True,1,1,1,False,False,COMUN
cobertura:0.6,1046,True,True,1,1,1,False,False,COMUN
cobertura:0.6,1048,True,True,1,1,1,False,False,COMUN
cobertura:0.6,1049,True,True,1,1,1,False,False,COMUN
cobertura:0.6,1050,True,True,1,1,1,False,False,COMUN
cobertura:0.6,1054,True,True,1,1,1,False,False,COMUN
cobertura:0.6,1056,True,True,1,1,1,False,False,COMUN
cobertura:0.6,1057,True,True,1,1,1,False,False,COMUN
cobertura:0.6,1058,True,True,1,1,1,False,False,COMUN
cobertura:0.6,1059,True,True,1,1,1,False,False,COMUN
cobertura:0.6,1062,True,True,1,1,1,False,False,COMUN
cobertura:0.6,1065,True,True,2,2,2,False,False,COMUN
cobertura:0.6,1067,True,True,1,1,1,False,False,COMUN
cobertura:0.6,1068,True,True,1,1,1,False,False,COMUN
cobertura:0.6,1073,True,True,1,1,1,False,False,COMUN
cobertura:0.6,1076,True,True,1,1,1,False,False,COMUN
cobertura:0.6,1077,True,True,1,1,1,False,False,COMUN
cobertura:0.6,1081,True,True,1,1,1,False,False,COMUN
cobertura:0.6,1082,True,True,2,2,2,False,False,COMUN
cobertura:0.6,1086,True,True,1,1,1,False,False,COMUN
cobertura:0.6,1087,True,True,1,1,1,False,False,COMUN
cobertura:0.6,1094,True,True,2,2,2,False,False,COMUN
cobertura:0.6,1096,True,True,1,1,1,False,False,COMUN
cobertura:0.6,1097,True,True,1,1,1,False,False,COMUN
cobertura:0.6,1098,True,True,2,2,2,False,False,COMUN
cobertura:0.6,1099,True,True,1,1,1,False,False,COMUN
cobertura:0.6,1100,True,True,2,2,2,False,False,COMUN
cobertura:0.6,1101,True,True,1,1,1,False,False,COMUN
cobertura:0.6,1102,True,True,2,2,2,False,False,COMUN
cobertura:0.6,1103,True,True,1,1,1,False,False,COMUN
cobertura:0.6,1104,True,True,2,2,2,False,False,COMUN
cobertura:0.6,1105,True,True,1,1,1,False,False,COMUN
cobertura:0.6,1106,True,True,1,1,1,False,False,COMUN
cobertura:0.6,1107,True,True,1,1,1,False,False,COMUN
cobertura:0.6,1108,True,True,1,1,1,False,False,COMUN
cobertura:0.6,1109,True,True,2,2,2,False,False,COMUN
cobertura:0.6,1110,True,True,1,1,1,False,False,COMUN
cobertura:0.6,1111,True,True,2,2,2,False,False,COMUN
cobertura:0.6,1112,True,True,1,1,1,False,False,COMUN
cobertura:0.6,1113,True,True,2,2,2,False,False,COMUN
cobertura:0.6,1114,True,True,1,1,1,False,False,COMUN
cobertura:0.6,1115,True,True,1,1,1,False,False,COMUN
cobertura:0.6,1116,True,True,1,1,1,False,False,COMUN
cobertura:0.6,1117,True,True,1,1,1,False,False,COMUN
cobertura:0.6,1118,True,True,1,1,1,False,False,COMUN
cobertura:0.6,1119,True,True,1,1,1,False,False,COMUN
cobertura:0.6,1120,True,True,1,1,1,False,False,COMUN
cobertura:0.6,1121,True,True,2,2,2,False,False,COMUN
cobertura:0.6,1122,True,True,1,1,1,False,False,COMUN
cobertura:0.6,1123,True,True,2,2,2,False,False,COMUN
cobertura:0.6,1124,True,True,1,1,1,False,False,COMUN
cobertura:0.6,1125,True,True,1,1,1,False,False,COMUN
cobertura:0.6,1126,True,True,2,2,2,False,False,COMUN
cobertura:0.6,1127,True,True,1,1,1,False,False,COMUN
cobertura:0.6,1128,True,True,1,1,1,False,False,COMUN
cobertura:0.6,1129,True,True,1,1,1,False,False,COMUN
cobertura:0.6,1131,True,True,2,2,2,False,False,COMUN
cobertura:0.6,1132,True,True,1,1,1,False,False,COMUN
cobertura:0.6,1133,True,True,2,2,2,False,False,COMUN
cobertura:0.6,1135,True,True,2,2,2,False,False,COMUN
cobertura:0.6,1136,True,True,1,1,1,False,False,COMUN
cobertura:0.6,1137,True,True,1,1,1,False,False,COMUN
cobertura:0.6,1138,True,True,2,2,2,False,False,COMUN
cobertura:0.6,1139,True,True,2,2,2,False,False,COMUN
cobertura:0.6,1140,True,True,2,2,2,False,False,COMUN
cobertura:0.6,1142,True,True,1,1,1,False,False,COMUN
cobertura:0.6,1143,True,True,2,2,2,False,False,COMUN
cobertura:0.6,1144,True,True,2,2,2,False,False,COMUN
cobertura:0.6,1146,True,True,2,2,2,False,False,COMUN
cobertura:0.6,1147,True,True,1,1,1,False,False,COMUN
cobertura:0.6,1148,True,True,1,1,1,False,False,COMUN
cobertura:0.6,1149,True,True,1,1,1,False,False,COMUN
cobertura:0.6,1150,True,True,2,2,2,False,False,COMUN
cobertura:0.6,1151,True,True,1,1,1,False,False,COMUN
cobertura:0.6,1153,True,True,1,1,1,False,False,COMUN
cobertura:0.6,1154,True,True,2,2,2,False,False,COMUN
cobertura:0.6,1155,True,True,1,1,1,False,False,COMUN
cobertura:0.6,1156,True,True,1,1,1,False,False,COMUN
cobertura:0.6,1158,True,True,2,2,2,False,False,COMUN
cobertura:0.6,1159,True,True,1,1,1,False,False,COMUN
cobertura:0.6,1160,True,True,1,1,1,False,False,COMUN
cobertura:0.6,1161,True,True,1,1,1,False,False,COMUN
cobertura:0.6,1162,True,True,1,1,1,False,False,COMUN
cobertura:0.6,1163,True,True,1,1,1,False,False,COMUN
cobertura:0.6,1164,True,True,1,1,1,False,False,COMUN
cobertura:0.6,1165,True,True,2,2,2,False,False,COMUN
cobertura:0.6,1166,True,True,1,1,1,False,False,COMUN
cobertura:0.6,1167,True,True,1,1,1,False,False,COMUN
cobertura:0.6,1168,True,True,1,1,1,False,False,COMUN
cobertura:0.6,1169,True,True,1,1,1,False,False,COMUN
cobertura:0.6,1170,True,True,2,2,2,False,False,COMUN
cobertura:0.6,1171,True,True,1,1,1,False,False,COMUN
cobertura:0.6,1172,True,True,2,2,2,False,False,COMUN
cobertura:0.6,1173,True,True,1,1,1,False,False,COMUN
cobertura:0.6,1174,True,True,2,2,2,False,False,COMUN
cobertura:0.6,1175,True,True,1,1,1,False,False,COMUN
cobertura:0.6,1176,True,True,2,2,2,False,False,COMUN
cobertura:0.6,1177,True,True,1,1,1,False,False,COMUN
cobertura:0.6,1178,True,True,1,1,1,False,False,COMUN
cobertura:0.6,1179,True,True,1,1,1,False,False,COMUN
cobertura:0.6,1180,True,True,1,1,1,False,False,COMUN
cobertura:0.6,1182,True,True,1,1,1,False,False,COMUN
cobertura:0.6,1183,True,True,2,2,2,False,False,COMUN
cobertura:1,74,True,False,1,,,,False,SALE
cobertura:1,803,True,True,1,1,1,False,False,COMUN
cobertura:1,815,True,True,2,2,2,False,False,COMUN
cobertura:1,917,True,True,2,2,2,False,False,COMUN
cobertura:1,948,True,True,1,1,1,False,False,COMUN
cobertura:1,953,True,True,1,1,1,False,False,COMUN
cobertura:1,971,True,True,1,1,1,False,False,COMUN
cobertura:1,973,True,False,1,,,,False,SALE
cobertura:1,975,True,True,1,1,1,False,False,COMUN
cobertura:1,976,True,True,2,2,2,False,False,COMUN
cobertura:1,990,True,False,1,,,,False,SALE
cobertura:1,991,True,True,1,1,1,False,False,COMUN
cobertura:1,999,True,True,1,1,1,False,False,COMUN
cobertura:1,1002,True,False,1,,,,False,SALE
cobertura:1,1003,True,True,2,2,2,False,False,COMUN
cobertura:1,1009,True,True,2,2,2,False,False,COMUN
cobertura:1,1012,True,True,1,1,1,False,False,COMUN
cobertura:1,1013,True,True,1,1,1,False,False,COMUN
cobertura:1,1016,True,True,1,1,1,False,False,COMUN
cobertura:1,1017,True,False,2,,,,False,SALE
cobertura:1,1019,True,True,1,1,1,False,False,COMUN
cobertura:1,1021,True,False,1,,,,False,SALE
cobertura:1,1022,True,False,2,,,,False,SALE
cobertura:1,1025,True,True,2,2,2,False,False,COMUN
cobertura:1,1028,True,True,2,2,2,False,False,COMUN
cobertura:1,1030,True,False,2,,,,False,SALE
cobertura:1,1034,True,True,1,1,1,False,False,COMUN
cobertura:1,1035,True,True,1,1,1,False,False,COMUN
cobertura:1,1036,True,True,1,1,1,False,False,COMUN
cobertura:1,1037,True,True,1,1,1,False,False,COMUN
cobertura:1,1038,True,True,1,1,1,False,False,COMUN
cobertura:1,1040,True,False,2,,,,False,SALE
cobertura:1,1044,True,True,1,1,1,False,False,COMUN
cobertura:1,1046,True,True,1,1,1,False,False,COMUN
cobertura:1,1048,True,True,1,1,1,False,False,COMUN
cobertura:1,1049,True,True,1,1,1,False,False,COMUN
cobertura:1,1050,True,False,1,,,,False,SALE
cobertura:1,1054,True,True,1,1,1,False,False,COMUN
cobertura:1,1056,True,True,1,1,1,False,False,COMUN
cobertura:1,1057,True,True,1,1,1,False,False,COMUN
cobertura:1,1058,True,False,1,,,,False,SALE
cobertura:1,1059,True,True,1,1,1,False,False,COMUN
cobertura:1,1062,True,True,1,1,1,False,False,COMUN
cobertura:1,1065,True,True,2,2,2,False,False,COMUN
cobertura:1,1067,True,True,1,1,1,False,False,COMUN
cobertura:1,1068,True,True,1,1,1,False,False,COMUN
cobertura:1,1073,True,True,1,1,1,False,False,COMUN
cobertura:1,1076,True,False,1,,,,False,SALE
cobertura:1,1077,True,False,1,,,,False,SALE
cobertura:1,1081,True,True,1,1,1,False,False,COMUN
cobertura:1,1082,True,False,2,,,,False,SALE
cobertura:1,1086,True,False,1,,,,False,SALE
cobertura:1,1087,True,True,1,1,1,False,False,COMUN
cobertura:1,1094,True,True,2,2,2,False,False,COMUN
cobertura:1,1096,True,True,1,1,1,False,False,COMUN
cobertura:1,1097,True,True,1,1,1,False,False,COMUN
cobertura:1,1098,True,True,2,2,2,False,False,COMUN
cobertura:1,1099,True,True,1,1,1,False,False,COMUN
cobertura:1,1100,True,True,2,2,2,False,False,COMUN
cobertura:1,1101,True,True,1,1,1,False,False,COMUN
cobertura:1,1102,True,False,2,,,,False,SALE
cobertura:1,1103,True,True,1,1,1,False,False,COMUN
cobertura:1,1104,True,True,2,2,2,False,False,COMUN
cobertura:1,1105,True,True,1,1,1,False,False,COMUN
cobertura:1,1106,True,True,1,1,1,False,False,COMUN
cobertura:1,1107,True,False,1,,,,False,SALE
cobertura:1,1108,True,True,1,1,1,False,False,COMUN
cobertura:1,1109,True,True,2,2,2,False,False,COMUN
cobertura:1,1110,True,True,1,1,1,False,False,COMUN
cobertura:1,1111,True,True,2,2,2,False,False,COMUN
cobertura:1,1112,True,False,1,,,,False,SALE
cobertura:1,1113,True,True,2,2,2,False,False,COMUN
cobertura:1,1114,True,True,1,1,1,False,False,COMUN
cobertura:1,1115,True,False,1,,,,False,SALE
cobertura:1,1116,True,True,1,1,1,False,False,COMUN
cobertura:1,1117,True,True,1,1,1,False,False,COMUN
cobertura:1,1118,True,True,1,1,1,False,False,COMUN
cobertura:1,1119,True,True,1,1,1,False,False,COMUN
cobertura:1,1120,True,True,1,1,1,False,False,COMUN
cobertura:1,1121,True,True,2,2,2,False,False,COMUN
cobertura:1,1122,True,True,1,1,1,False,False,COMUN
cobertura:1,1123,True,True,2,2,2,False,False,COMUN
cobertura:1,1124,True,False,1,,,,False,SALE
cobertura:1,1125,True,True,1,1,1,False,False,COMUN
cobertura:1,1126,True,True,2,2,2,False,False,COMUN
cobertura:1,1127,True,True,1,1,1,False,False,COMUN
cobertura:1,1128,True,True,1,1,1,False,False,COMUN
cobertura:1,1129,True,True,1,1,1,False,False,COMUN
cobertura:1,1131,True,True,2,2,2,False,False,COMUN
cobertura:1,1132,True,True,1,1,1,False,False,COMUN
cobertura:1,1133,True,True,2,2,2,False,False,COMUN
cobertura:1,1135,True,True,2,2,2,False,False,COMUN
cobertura:1,1136,True,True,1,1,1,False,False,COMUN
cobertura:1,1137,True,False,1,,,,False,SALE
cobertura:1,1138,True,False,2,,,,False,SALE
cobertura:1,1139,True,True,2,2,2,False,False,COMUN
cobertura:1,1140,True,True,2,2,2,False,False,COMUN
cobertura:1,1142,True,True,1,1,1,False,False,COMUN
cobertura:1,1143,True,True,2,2,2,False,False,COMUN
cobertura:1,1144,True,True,2,2,2,False,False,COMUN
cobertura:1,1146,True,True,2,2,2,False,False,COMUN
cobertura:1,1147,True,True,1,1,1,False,False,COMUN
cobertura:1,1148,True,True,1,1,1,False,False,COMUN
cobertura:1,1149,True,True,1,1,1,False,False,COMUN
cobertura:1,1150,True,False,2,,,,False,SALE
cobertura:1,1151,True,False,1,,,,False,SALE
cobertura:1,1153,True,True,1,1,1,False,False,COMUN
cobertura:1,1154,True,False,2,,,,False,SALE
cobertura:1,1155,True,True,1,1,1,False,False,COMUN
cobertura:1,1156,True,True,1,1,1,False,False,COMUN
cobertura:1,1158,True,False,2,,,,False,SALE
cobertura:1,1159,True,True,1,1,1,False,False,COMUN
cobertura:1,1160,True,True,1,1,1,False,False,COMUN
cobertura:1,1161,True,True,1,1,1,False,False,COMUN
cobertura:1,1162,True,True,1,1,1,False,False,COMUN
cobertura:1,1163,True,True,1,1,1,False,False,COMUN
cobertura:1,1164,True,False,1,,,,False,SALE
cobertura:1,1165,True,True,2,2,2,False,False,COMUN
cobertura:1,1166,True,True,1,1,1,False,False,COMUN
cobertura:1,1167,True,True,1,1,1,False,False,COMUN
cobertura:1,1168,True,True,1,1,1,False,False,COMUN
cobertura:1,1169,True,True,1,1,1,False,False,COMUN
cobertura:1,1170,True,True,2,2,2,False,False,COMUN
cobertura:1,1171,True,True,1,1,1,False,False,COMUN
cobertura:1,1172,True,True,2,2,2,False,False,COMUN
cobertura:1,1173,True,True,1,1,1,False,False,COMUN
cobertura:1,1174,True,True,2,2,2,False,False,COMUN
cobertura:1,1175,True,True,1,1,1,False,False,COMUN
cobertura:1,1176,True,True,2,2,2,False,False,COMUN
cobertura:1,1177,True,False,1,,,,False,SALE
cobertura:1,1178,True,True,1,1,1,False,False,COMUN
cobertura:1,1179,True,True,1,1,1,False,False,COMUN
cobertura:1,1180,True,True,1,1,1,False,False,COMUN
cobertura:1,1182,True,True,1,1,1,False,False,COMUN
cobertura:1,1183,True,True,2,2,2,False,False,COMUN
