diputado_id,74,803,815,872,917,948,953,971,973,975,976,989,990,991,999,1002,1003,1009,1012,1013,1015,1016,1017,1019,1021,1022,1025,1027,1028,1030,1034,1035,1036,1037,1038,1039,1040,1044,1046,1048,1049,1050,1051,1053,1054,1056,1057,1058,1059,1062,1063,1065,1067,1068,1069,1073,1074,1075,1076,1077,1081,1082,1086,1087,1094,1096,1097,1098,1099,1100,1101,1102,1103,1104,1105,1106,1107,1108,1109,1110,1111,1112,1113,1114,1115,1116,1117,1118,1119,1120,1121,1122,1123,1124,1125,1126,1127,1128,1129,1131,1132,1133,1135,1136,1137,1138,1139,1140,1141,1142,1143,1144,1145,1146,1147,1148,1149,1150,1151,1152,1153,1154,1155,1156,1157,1158,1159,1160,1161,1162,1163,1164,1165,1166,1167,1168,1169,1170,1171,1172,1173,1174,1175,1176,1177,1178,1179,1180,1181,1182,1183
74,0.0,0.0,0.8571428571428572,,0.8571428571428572,0.0,0.1428571428571429,0.1428571428571429,0.0,0.0,0.8571428571428572,,0.0,0.0,0.1428571428571429,0.0,0.8571428571428572,0.8571428571428572,0.0,0.0,,0.0,0.7857142857142857,0.2857142857142857,0.1428571428571429,0.8571428571428572,0.8571428571428572,,0.8571428571428572,0.8571428571428572,0.0,0.0,0.0,0.0,0.0,,0.8571428571428572,0.0,0.1428571428571429,0.0,0.0,0.1428571428571429,,,0.4285714285714286,0.0,0.0,0.0,0.1428571428571429,0.0,,0.8571428571428572,0.1428571428571429,0.0,,0.0,,,0.0,0.0,0.2142857142857143,0.8571428571428572,0.0,0.0,0.7857142857142857,0.0,0.0,0.8461538461538461,0.0,0.8571428571428572,0.0,0.7857142857142857,0.0,0.8571428571428572,0.0,0.4285714285714286,0.0,0.1428571428571429,0.8571428571428572,0.0,0.8571428571428572,0.0,0.8571428571428572,0.0,0.0,0.0,0.0,0.0,0.2857142857142857,0.1428571428571429,0.8571428571428572,0.0,0.8571428571428572,0.0,0.0,0.8571428571428572,0.0,0.0,0.0,0.8461538461538461,0.3571428571428571,0.9230769230769231,0.8571428571428572,0.2857142857142857,0.0,0.7857142857142857,0.8571428571428572,0.8571428571428572,,0.0,0.7142857142857143,0.8571428571428572,,0.8571428571428572,0.0,0.0,0.1428571428571429,0.8571428571428572,0.0,,0.0,0.8571428571428572,0.0714285714285714,0.0,,0.9230769230769231,0.0,0.0,0.0,0.0,0.2142857142857143,0.0,0.8571428571428572,0.1428571428571429,0.0,0.0,0.0,0.8571428571428572,0.0,0.8571428571428572,0.0,0.9230769230769231,0.0,0.8571428571428572,0.0,0.0,0.0,0.0,,0.0,0.8571428571428572
803,0.0,0.0,0.8666666666666667,,0.8,0.06666666666666665,0.19999999999999996,0.19999999999999996,0.0,0.06666666666666665,0.8,,0.0,0.06666666666666665,0.19999999999999996,0.0,0.8,0.8,0.06666666666666665,0.06666666666666665,,0.06666666666666665,0.7857142857142857,0.2666666666666667,0.1428571428571429,0.8571428571428572,0.8,,0.8666666666666667,0.8571428571428572,0.06666666666666665,0.06666666666666665,0.06666666666666665,0.0714285714285714,0.06666666666666665,,0.8571428571428572,0.06666666666666665,0.19999999999999996,0.06666666666666665,0.06666666666666665,0.1428571428571429,,,0.4666666666666667,0.06666666666666665,0.06666666666666665,0.0,0.19999999999999996,0.06666666666666665,,0.8,0.19999999999999996,0.07692307692307687,,0.06666666666666665,0.5,,0.0,0.0,0.2666666666666667,0.8571428571428572,0.0,0.06666666666666665,0.7333333333333334,0.06666666666666665,0.06666666666666665,0.8571428571428572,0.06666666666666665,0.8,0.06666666666666665,0.7857142857142857,0.07692307692307687,0.8,0.06666666666666665,0.4666666666666667,0.0,0.19999999999999996,0.8,0.06666666666666665,0.8666666666666667,0.0,0.8,0.06666666666666665,0.0,0.06666666666666665,0.06666666666666665,0.06666666666666665,0.33333333333333337,0.19999999999999996,0.8,0.06666666666666665,0.8,0.0,0.06666666666666665,0.8666666666666667,0.06666666666666665,0.06666666666666665,0.06666666666666665,0.8571428571428572,0.4,0.8571428571428572,0.8666666666666667,0.33333333333333337,0.0,0.7857142857142857,0.8666666666666667,0.8666666666666667,,0.06666666666666665,0.6666666666666667,0.8666666666666667,,0.8,0.0714285714285714,0.07692307692307687,0.19999999999999996,0.8571428571428572,0.0,,0.06666666666666665,0.8571428571428572,0.1333333333333333,0.06666666666666665,,0.9230769230769231,0.06666666666666665,0.06666666666666665,0.06666666666666665,0.06666666666666665,0.2666666666666667,0.0,0.8,0.19999999999999996,0.06666666666666665,0.06666666666666665,0.06666666666666665,0.8,0.07692307692307687,0.8,0.06666666666666665,0.9285714285714286,0.07692307692307687,0.8666666666666667,0.0,0.06666666666666665,0.06666666666666665,0.06666666666666665,,0.06666666666666665,0.8666666666666667
815,0.8571428571428572,0.8666666666666667,0.0,,0.06666666666666665,0.8,0.6666666666666667,0.6666666666666667,0.8571428571428572,0.8666666666666667,0.06666666666666665,,0.8571428571428572,0.8666666666666667,0.7333333333333334,0.8571428571428572,0.06666666666666665,0.06666666666666665,0.8666666666666667,0.8666666666666667,,0.8666666666666667,0.0714285714285714,0.6666666666666667,0.7142857142857143,0.0714285714285714,0.06666666666666665,,0.4,0.0714285714285714,0.8666666666666667,0.8666666666666667,0.8666666666666667,0.9285714285714286,0.8666666666666667,,0.0,0.8666666666666667,0.6666666666666667,0.8666666666666667,0.8666666666666667,0.7142857142857143,,,0.8,0.8666666666666667,0.8666666666666667,0.8571428571428572,0.6666666666666667,0.8666666666666667,,0.1333333333333333,0.6666666666666667,1.0,,0.8666666666666667,0.5,,1.0,1.0,0.6666666666666667,0.0,0.8571428571428572,0.8666666666666667,0.1333333333333333,0.8666666666666667,0.8666666666666667,0.0714285714285714,0.8,0.06666666666666665,0.8666666666666667,0.0714285714285714,1.0,0.06666666666666665,0.8666666666666667,0.4,0.8571428571428572,0.6666666666666667,0.2666666666666667,0.8666666666666667,0.0,0.8571428571428572,0.19999999999999996,0.8666666666666667,0.8571428571428572,0.8666666666666667,0.8666666666666667,0.8666666666666667,0.7333333333333334,0.6666666666666667,0.1333333333333333,0.8666666666666667,0.06666666666666665,0.8571428571428572,0.8666666666666667,0.0,0.8666666666666667,0.8666666666666667,0.8666666666666667,0.3571428571428571,0.5333333333333333,0.0714285714285714,0.0,0.6,0.8571428571428572,0.0714285714285714,0.0,0.0,,0.8666666666666667,0.19999999999999996,0.0,,0.06666666666666665,0.9285714285714286,1.0,0.6666666666666667,0.0,0.8571428571428572,,0.8666666666666667,0.0,0.8666666666666667,0.8666666666666667,,0.0,0.8666666666666667,0.8666666666666667,0.8666666666666667,0.8666666666666667,0.6,0.8571428571428572,0.06666666666666665,0.7333333333333334,0.8666666666666667,0.8666666666666667,0.8666666666666667,0.06666666666666665,1.0,0.06666666666666665,0.8666666666666667,0.0,0.9230769230769231,0.0,0.8571428571428572,0.8,0.8666666666666667,0.8666666666666667,,0.8666666666666667,0.0
872,,,,0.0,,,,,,,,,,,,,,,,,,,,,,,,,,,,,,,,,,,,,,,,,,,,,,,,,,,,,,,,,,,,,,,,,,,,,,,,,,,,,,,,,,,,,,,,,,,,,,,,,,,,,,,,,,,,,,,,,,,,,,,,,,,,,,,,,,,,,,,,,,,,,,,,,,,
917,0.8571428571428572,0.8,0.06666666666666665,,0.0,0.8666666666666667,0.7333333333333334,0.7333333333333334,0.8571428571428572,0.8666666666666667,0.0,,0.8571428571428572,0.8666666666666667,0.7333333333333334,0.8571428571428572,0.0,0.0,0.8666666666666667,0.8666666666666667,,0.8666666666666667,0.0714285714285714,0.6,0.7142857142857143,0.0714285714285714,0.0,,0.4666666666666667,0.0714285714285714,0.8666666666666667,0.8666666666666667,0.8666666666666667,0.9285714285714286,0.8666666666666667,,0.0,0.8666666666666667,0.7333333333333334,0.8666666666666667,0.8666666666666667,0.7142857142857143,,,0.8666666666666667,0.8666666666666667,0.8666666666666667,0.8571428571428572,0.7333333333333334,0.8666666666666667,,0.06666666666666665,0.7333333333333334,1.0,,0.8666666666666667,0.5,,1.0,1.0,0.6666666666666667,0.0,0.8571428571428572,0.8666666666666667,0.06666666666666665,0.8666666666666667,0.8666666666666667,0.1428571428571429,0.8666666666666667,0.0,0.8666666666666667,0.0714285714285714,1.0,0.0,0.8666666666666667,0.4666666666666667,0.8571428571428572,0.7333333333333334,0.19999999999999996,0.8666666666666667,0.06666666666666665,0.8571428571428572,0.1333333333333333,0.8666666666666667,0.8571428571428572,0.8666666666666667,0.8666666666666667,0.8666666666666667,0.8,0.7333333333333334,0.06666666666666665,0.8666666666666667,0.0,0.8571428571428572,0.8666666666666667,0.06666666666666665,0.8666666666666667,0.8666666666666667,0.8666666666666667,0.4285714285714286,0.6,0.0,0.06666666666666665,0.6666666666666667,0.8571428571428572,0.0714285714285714,0.06666666666666665,0.06666666666666665,,0.8666666666666667,0.1333333333333333,0.06666666666666665,,0.0,0.9285714285714286,1.0,0.7333333333333334,0.0,0.8571428571428572,,0.8666666666666667,0.0,0.8666666666666667,0.8666666666666667,,0.0,0.8666666666666667,0.8666666666666667,0.8666666666666667,0.8666666666666667,0.6666666666666667,0.8571428571428572,0.0,0.7333333333333334,0.8666666666666667,0.8666666666666667,0.8666666666666667,0.0,1.0,0.0,0.8666666666666667,0.0714285714285714,1.0,0.06666666666666665,0.8571428571428572,0.8666666666666667,0.8666666666666667,0.8666666666666667,,0.8666666666666667,0.06666666666666665
948,0.0,0.06666666666666665,0.8,,0.8666666666666667,0.0,0.1333333333333333,0.1333333333333333,0.0,0.06666666666666665,0.8666666666666667,,0.0,0.06666666666666665,0.19999999999999996,0.0,0.8666666666666667,0.8666666666666667,0.06666666666666665,0.06666666666666665,,0.06666666666666665,0.7857142857142857,0.33333333333333337,0.1428571428571429,0.8571428571428572,0.8666666666666667,,0.8,0.8571428571428572,0.06666666666666665,0.06666666666666665,0.06666666666666665,0.0714285714285714,0.06666666666666665,,0.8571428571428572,0.06666666666666665,0.1333333333333333,0.06666666666666665,0.06666666666666665,0.1428571428571429,,,0.4,0.06666666666666665,0.06666666666666665,0.0,0.1333333333333333,0.06666666666666665,,0.8666666666666667,0.1333333333333333,0.07692307692307687,,0.06666666666666665,0.5,,0.0,0.0,0.2666666666666667,0.8571428571428572,0.0,0.06666666666666665,0.8,0.06666666666666665,0.06666666666666665,0.7857142857142857,0.0,0.8666666666666667,0.06666666666666665,0.7857142857142857,0.07692307692307687,0.8666666666666667,0.06666666666666665,0.4,0.0,0.1333333333333333,0.8666666666666667,0.06666666666666665,0.8,0.0,0.8666666666666667,0.06666666666666665,0.0,0.06666666666666665,0.06666666666666665,0.06666666666666665,0.2666666666666667,0.1333333333333333,0.8666666666666667,0.06666666666666665,0.8666666666666667,0.0,0.06666666666666665,0.8,0.06666666666666665,0.06666666666666665,0.06666666666666665,0.7857142857142857,0.33333333333333337,0.9285714285714286,0.8,0.2666666666666667,0.0,0.7857142857142857,0.8,0.8,,0.06666666666666665,0.7333333333333334,0.8,,0.8666666666666667,0.0714285714285714,0.07692307692307687,0.1333333333333333,0.8571428571428572,0.0,,0.06666666666666665,0.8571428571428572,0.1333333333333333,0.06666666666666665,,0.9230769230769231,0.06666666666666665,0.06666666666666665,0.06666666666666665,0.06666666666666665,0.19999999999999996,0.0,0.8666666666666667,0.19999999999999996,0.06666666666666665,0.06666666666666665,0.06666666666666665,0.8666666666666667,0.07692307692307687,0.8666666666666667,0.06666666666666665,0.8571428571428572,0.0,0.8,0.0,0.0,0.06666666666666665,0.06666666666666665,,0.06666666666666665,0.8
953,0.1428571428571429,0.19999999999999996,0.6666666666666667,,0.7333333333333334,0.1333333333333333,0.0,0.0,0.1428571428571429,0.19999999999999996,0.7333333333333334,,0.1428571428571429,0.19999999999999996,0.06666666666666665,0.1428571428571429,0.7333333333333334,0.7333333333333334,0.19999999999999996,0.19999999999999996,,0.19999999999999996,0.6428571428571428,0.19999999999999996,0.0,0.7142857142857143,0.7333333333333334,,0.6666666666666667,0.7142857142857143,0.19999999999999996,0.19999999999999996,0.19999999999999996,0.2142857142857143,0.19999999999999996,,0.7142857142857143,0.19999999999999996,0.0,0.19999999999999996,0.19999999999999996,0.0,,,0.4,0.19999999999999996,0.19999999999999996,0.1428571428571429,0.0,0.19999999999999996,,0.7333333333333334,0.0,0.23076923076923073,,0.19999999999999996,0.5,,0.16666666666666663,0.16666666666666663,0.1333333333333333,0.7142857142857143,0.1428571428571429,0.19999999999999996,0.6666666666666667,0.19999999999999996,0.19999999999999996,0.6428571428571428,0.1333333333333333,0.7333333333333334,0.19999999999999996,0.6428571428571428,0.23076923076923073,0.7333333333333334,0.19999999999999996,0.2666666666666667,0.1428571428571429,0.0,0.7333333333333334,0.19999999999999996,0.6666666666666667,0.1428571428571429,0.7333333333333334,0.19999999999999996,0.1428571428571429,0.19999999999999996,0.19999999999999996,0.19999999999999996,0.19999999999999996,0.0,0.7333333333333334,0.19999999999999996,0.7333333333333334,0.1428571428571429,0.19999999999999996,0.6666666666666667,0.19999999999999996,0.19999999999999996,0.19999999999999996,0.6428571428571428,0.19999999999999996,0.7857142857142857,0.6666666666666667,0.1333333333333333,0.1428571428571429,0.6428571428571428,0.6666666666666667,0.6666666666666667,,0.19999999999999996,0.6,0.6666666666666667,,0.7333333333333334,0.2142857142857143,0.23076923076923073,0.0,0.7142857142857143,0.1428571428571429,,0.19999999999999996,0.7142857142857143,0.19999999999999996,0.19999999999999996,,0.7692307692307692,0.19999999999999996,0.19999999999999996,0.19999999999999996,0.19999999999999996,0.06666666666666665,0.1428571428571429,0.7333333333333334,0.33333333333333337,0.19999999999999996,0.19999999999999996,0.19999999999999996,0.7333333333333334,0.23076923076923073,0.7333333333333334,0.19999999999999996,0.7142857142857143,0.15384615384615385,0.6666666666666667,0.1428571428571429,0.1333333333333333,0.19999999999999996,0.19999999999999996,,0.19999999999999996,0.6666666666666667
971,0.1428571428571429,0.19999999999999996,0.6666666666666667,,0.7333333333333334,0.1333333333333333,0.0,0.0,0.1428571428571429,0.19999999999999996,0.7333333333333334,,0.1428571428571429,0.19999999999999996,0.06666666666666665,0.1428571428571429,0.7333333333333334,0.7333333333333334,0.19999999999999996,0.19999999999999996,,0.19999999999999996,0.6428571428571428,0.19999999999999996,0.0,0.7142857142857143,0.7333333333333334,,0.6666666666666667,0.7142857142857143,0.19999999999999996,0.19999999999999996,0.19999999999999996,0.2142857142857143,0.19999999999999996,,0.7142857142857143,0.19999999999999996,0.0,0.19999999999999996,0.19999999999999996,0.0,,,0.4,0.19999999999999996,0.19999999999999996,0.1428571428571429,0.0,0.19999999999999996,,0.7333333333333334,0.0,0.23076923076923073,,0.19999999999999996,0.5,,0.16666666666666663,0.16666666666666663,0.1333333333333333,0.7142857142857143,0.1428571428571429,0.19999999999999996,0.6666666666666667,0.19999999999999996,0.19999999999999996,0.6428571428571428,0.1333333333333333,0.7333333333333334,0.19999999999999996,0.6428571428571428,0.23076923076923073,0.7333333333333334,0.19999999999999996,0.2666666666666667,0.1428571428571429,0.0,0.7333333333333334,0.19999999999999996,0.6666666666666667,0.1428571428571429,0.7333333333333334,0.19999999999999996,0.1428571428571429,0.19999999999999996,0.19999999999999996,0.19999999999999996,0.19999999999999996,0.0,0.7333333333333334,0.19999999999999996,0.7333333333333334,0.1428571428571429,0.19999999999999996,0.6666666666666667,0.19999999999999996,0.19999999999999996,0.19999999999999996,0.6428571428571428,0.19999999999999996,0.7857142857142857,0.6666666666666667,0.1333333333333333,0.1428571428571429,0.6428571428571428,0.6666666666666667,0.6666666666666667,,0.19999999999999996,0.6,0.6666666666666667,,0.7333333333333334,0.2142857142857143,0.23076923076923073,0.0,0.7142857142857143,0.1428571428571429,,0.19999999999999996,0.7142857142857143,0.19999999999999996,0.19999999999999996,,0.7692307692307692,0.19999999999999996,0.19999999999999996,0.19999999999999996,0.19999999999999996,0.06666666666666665,0.1428571428571429,0.7333333333333334,0.33333333333333337,0.19999999999999996,0.19999999999999996,0.19999999999999996,0.7333333333333334,0.23076923076923073,0.7333333333333334,0.19999999999999996,0.7142857142857143,0.15384615384615385,0.6666666666666667,0.1428571428571429,0.1333333333333333,0.19999999999999996,0.19999999999999996,,0.19999999999999996,0.6666666666666667
973,0.0,0.0,0.8571428571428572,,0.8571428571428572,0.0,0.1428571428571429,0.1428571428571429,0.0,0.0,0.8571428571428572,,0.0,0.0,0.1428571428571429,0.0,0.8571428571428572,0.8571428571428572,0.0,0.0,,0.0,0.7857142857142857,0.2857142857142857,0.1428571428571429,0.8571428571428572,0.8571428571428572,,0.8571428571428572,0.8571428571428572,0.0,0.0,0.0,0.0,0.0,,0.8571428571428572,0.0,0.1428571428571429,0.0,0.0,0.1428571428571429,,,0.4285714285714286,0.0,0.0,0.0,0.1428571428571429,0.0,,0.8571428571428572,0.1428571428571429,0.0,,0.0,,,0.0,0.0,0.2142857142857143,0.8571428571428572,0.0,0.0,0.7857142857142857,0.0,0.0,0.8461538461538461,0.0,0.8571428571428572,0.0,0.7857142857142857,0.0,0.8571428571428572,0.0,0.4285714285714286,0.0,0.1428571428571429,0.8571428571428572,0.0,0.8571428571428572,0.0,0.8571428571428572,0.0,0.0,0.0,0.0,0.0,0.2857142857142857,0.1428571428571429,0.8571428571428572,0.0,0.8571428571428572,0.0,0.0,0.8571428571428572,0.0,0.0,0.0,0.8461538461538461,0.3571428571428571,0.9230769230769231,0.8571428571428572,0.2857142857142857,0.0,0.7857142857142857,0.8571428571428572,0.8571428571428572,,0.0,0.7142857142857143,0.8571428571428572,,0.8571428571428572,0.0,0.0,0.1428571428571429,0.8571428571428572,0.0,,0.0,0.8571428571428572,0.0714285714285714,0.0,,0.9230769230769231,0.0,0.0,0.0,0.0,0.2142857142857143,0.0,0.8571428571428572,0.1428571428571429,0.0,0.0,0.0,0.8571428571428572,0.0,0.8571428571428572,0.0,0.9230769230769231,0.0,0.8571428571428572,0.0,0.0,0.0,0.0,,0.0,0.8571428571428572
975,0.0,0.06666666666666665,0.8666666666666667,,0.8666666666666667,0.06666666666666665,0.19999999999999996,0.19999999999999996,0.0,0.0,0.8666666666666667,,0.0,0.0,0.1333333333333333,0.0,0.8666666666666667,0.8666666666666667,0.0,0.0,,0.0,0.7857142857142857,0.33333333333333337,0.1428571428571429,0.8571428571428572,0.8666666666666667,,0.8666666666666667,0.8571428571428572,0.0,0.0,0.0,0.0,0.0,,0.8571428571428572,0.0,0.19999999999999996,0.0,0.0,0.1428571428571429,,,0.4666666666666667,0.0,0.0,0.0,0.19999999999999996,0.0,,0.8666666666666667,0.19999999999999996,0.0,,0.0,0.0,,0.0,0.0,0.19999999999999996,0.8571428571428572,0.0,0.0,0.8,0.0,0.0,0.8571428571428572,0.06666666666666665,0.8666666666666667,0.0,0.7857142857142857,0.0,0.8666666666666667,0.0,0.4666666666666667,0.0,0.19999999999999996,0.8666666666666667,0.0,0.8666666666666667,0.0,0.8666666666666667,0.0,0.0,0.0,0.0,0.0,0.33333333333333337,0.19999999999999996,0.8666666666666667,0.0,0.8666666666666667,0.0,0.0,0.8666666666666667,0.0,0.0,0.0,0.8571428571428572,0.4,0.9285714285714286,0.8666666666666667,0.33333333333333337,0.0,0.7857142857142857,0.8666666666666667,0.8666666666666667,,0.0,0.7333333333333334,0.8666666666666667,,0.8666666666666667,0.0,0.0,0.19999999999999996,0.8571428571428572,0.0,,0.0,0.8571428571428572,0.06666666666666665,0.0,,0.9230769230769231,0.0,0.0,0.0,0.0,0.2666666666666667,0.0,0.8666666666666667,0.1333333333333333,0.0,0.0,0.0,0.8666666666666667,0.0,0.8666666666666667,0.0,0.9285714285714286,0.07692307692307687,0.8666666666666667,0.0,0.06666666666666665,0.0,0.0,,0.0,0.8666666666666667
976,0.8571428571428572,0.8,0.06666666666666665,,0.0,0.8666666666666667,0.7333333333333334,0.7333333333333334,0.8571428571428572,0.8666666666666667,0.0,,0.8571428571428572,0.8666666666666667,0.7333333333333334,0.8571428571428572,0.0,0.0,0.8666666666666667,0.8666666666666667,,0.8666666666666667,0.0714285714285714,0.6,0.7142857142857143,0.0714285714285714,0.0,,0.4666666666666667,0.0714285714285714,0.8666666666666667,0.8666666666666667,0.8666666666666667,0.9285714285714286,0.8666666666666667,,0.0,0.8666666666666667,0.7333333333333334,0.8666666666666667,0.8666666666666667,0.7142857142857143,,,0.8666666666666667,0.8666666666666667,0.8666666666666667,0.8571428571428572,0.7333333333333334,0.8666666666666667,,0.06666666666666665,0.7333333333333334,1.0,,0.8666666666666667,0.5,,1.0,1.0,0.6666666666666667,0.0,0.8571428571428572,0.8666666666666667,0.06666666666666665,0.8666666666666667,0.8666666666666667,0.1428571428571429,0.8666666666666667,0.0,0.8666666666666667,0.0714285714285714,1.0,0.0,0.8666666666666667,0.4666666666666667,0.8571428571428572,0.7333333333333334,0.19999999999999996,0.8666666666666667,0.06666666666666665,0.8571428571428572,0.1333333333333333,0.8666666666666667,0.8571428571428572,0.8666666666666667,0.8666666666666667,0.8666666666666667,0.8,0.7333333333333334,0.06666666666666665,0.8666666666666667,0.0,0.8571428571428572,0.8666666666666667,0.06666666666666665,0.8666666666666667,0.8666666666666667,0.8666666666666667,0.4285714285714286,0.6,0.0,0.06666666666666665,0.6666666666666667,0.8571428571428572,0.0714285714285714,0.06666666666666665,0.06666666666666665,,0.8666666666666667,0.1333333333333333,0.06666666666666665,,0.0,0.9285714285714286,1.0,0.7333333333333334,0.0,0.8571428571428572,,0.8666666666666667,0.0,0.8666666666666667,0.8666666666666667,,0.0,0.8666666666666667,0.8666666666666667,0.8666666666666667,0.8666666666666667,0.6666666666666667,0.8571428571428572,0.0,0.7333333333333334,0.8666666666666667,0.8666666666666667,0.8666666666666667,0.0,1.0,0.0,0.8666666666666667,0.0714285714285714,1.0,0.06666666666666665,0.8571428571428572,0.8666666666666667,0.8666666666666667,0.8666666666666667,,0.8666666666666667,0.06666666666666665
989,,,,,,,,,,,,0.0,,,,,,,,,,,,,,,,,,,,,,,,,,,,,,,,,,,,,,,,,,,,,,,,,,,,,,,,,,,,,,,,,,,,,,,,,,,,,,,,,,,,,,,,,,,,,,,,,,,,,,,,,,,,,,,,,,,,,,,,,,,,,,,,,,,,,,,,,,,
990,0.0,0.0,0.8571428571428572,,0.8571428571428572,0.0,0.1428571428571429,0.1428571428571429,0.0,0.0,0.8571428571428572,,0.0,0.0,0.1428571428571429,0.0,0.8571428571428572,0.8571428571428572,0.0,0.0,,0.0,0.7857142857142857,0.2857142857142857,0.1428571428571429,0.8571428571428572,0.8571428571428572,,0.8571428571428572,0.8571428571428572,0.0,0.0,0.0,0.0,0.0,,0.8571428571428572,0.0,0.1428571428571429,0.0,0.0,0.1428571428571429,,,0.4285714285714286,0.0,0.0,0.0,0.1428571428571429,0.0,,0.8571428571428572,0.1428571428571429,0.0,,0.0,,,0.0,0.0,0.2142857142857143,0.8571428571428572,0.0,0.0,0.7857142857142857,0.0,0.0,0.8461538461538461,0.0,0.8571428571428572,0.0,0.7857142857142857,0.0,0.8571428571428572,0.0,0.4285714285714286,0.0,0.1428571428571429,0.8571428571428572,0.0,0.8571428571428572,0.0,0.8571428571428572,0.0,0.0,0.0,0.0,0.0,0.2857142857142857,0.1428571428571429,0.8571428571428572,0.0,0.8571428571428572,0.0,0.0,0.8571428571428572,0.0,0.0,0.0,0.8461538461538461,0.3571428571428571,0.9230769230769231,0.8571428571428572,0.2857142857142857,0.0,0.7857142857142857,0.8571428571428572,0.8571428571428572,,0.0,0.7142857142857143,0.8571428571428572,,0.8571428571428572,0.0,0.0,0.1428571428571429,0.8571428571428572,0.0,,0.0,0.8571428571428572,0.0714285714285714,0.0,,0.9230769230769231,0.0,0.0,0.0,0.0,0.2142857142857143,0.0,0.8571428571428572,0.1428571428571429,0.0,0.0,0.0,0.8571428571428572,0.0,0.8571428571428572,0.0,0.9230769230769231,0.0,0.8571428571428572,0.0,0.0,0.0,0.0,,0.0,0.8571428571428572
991,0.0,0.06666666666666665,0.8666666666666667,,0.8666666666666667,0.06666666666666665,0.19999999999999996,0.19999999999999996,0.0,0.0,0.8666666666666667,,0.0,0.0,0.1333333333333333,0.0,0.8666666666666667,0.8666666666666667,0.0,0.0,,0.0,0.7857142857142857,0.33333333333333337,0.1428571428571429,0.8571428571428572,0.8666666666666667,,0.8666666666666667,0.8571428571428572,0.0,0.0,0.0,0.0,0.0,,0.8571428571428572,0.0,0.19999999999999996,0.0,0.0,0.1428571428571429,,,0.4666666666666667,0.0,0.0,0.0,0.19999999999999996,0.0,,0.8666666666666667,0.19999999999999996,0.0,,0.0,0.0,,0.0,0.0,0.19999999999999996,0.8571428571428572,0.0,0.0,0.8,0.0,0.0,0.8571428571428572,0.06666666666666665,0.8666666666666667,0.0,0.7857142857142857,0.0,0.8666666666666667,0.0,0.4666666666666667,0.0,0.19999999999999996,0.8666666666666667,0.0,0.8666666666666667,0.0,0.8666666666666667,0.0,0.0,0.0,0.0,0.0,0.33333333333333337,0.19999999999999996,0.8666666666666667,0.0,0.8666666666666667,0.0,0.0,0.8666666666666667,0.0,0.0,0.0,0.8571428571428572,0.4,0.9285714285714286,0.8666666666666667,0.33333333333333337,0.0,0.7857142857142857,0.8666666666666667,0.8666666666666667,,0.0,0.7333333333333334,0.8666666666666667,,0.8666666666666667,0.0,0.0,0.19999999999999996,0.8571428571428572,0.0,,0.0,0.8571428571428572,0.06666666666666665,0.0,,0.9230769230769231,0.0,0.0,0.0,0.0,0.2666666666666667,0.0,0.8666666666666667,0.1333333333333333,0.0,0.0,0.0,0.8666666666666667,0.0,0.8666666666666667,0.0,0.9285714285714286,0.07692307692307687,0.8666666666666667,0.0,0.06666666666666665,0.0,0.0,,0.0,0.8666666666666667
999,0.1428571428571429,0.19999999999999996,0.7333333333333334,,0.7333333333333334,0.19999999999999996,0.06666666666666665,0.06666666666666665,0.1428571428571429,0.1333333333333333,0.7333333333333334,,0.1428571428571429,0.1333333333333333,0.0,0.1428571428571429,0.7333333333333334,0.7333333333333334,0.1333333333333333,0.1333333333333333,,0.1333333333333333,0.6428571428571428,0.19999999999999996,0.0,0.7142857142857143,0.7333333333333334,,0.7333333333333334,0.7142857142857143,0.1333333333333333,0.1333333333333333,0.1333333333333333,0.1428571428571429,0.1333333333333333,,0.7142857142857143,0.1333333333333333,0.06666666666666665,0.1333333333333333,0.1333333333333333,0.0,,,0.4666666666666667,0.1333333333333333,0.1333333333333333,0.1428571428571429,0.06666666666666665,0.1333333333333333,,0.7333333333333334,0.06666666666666665,0.15384615384615385,,0.1333333333333333,0.0,,0.16666666666666663,0.16666666666666663,0.06666666666666665,0.7142857142857143,0.1428571428571429,0.1333333333333333,0.6666666666666667,0.1333333333333333,0.1333333333333333,0.7142857142857143,0.19999999999999996,0.7333333333333334,0.1333333333333333,0.6428571428571428,0.15384615384615385,0.7333333333333334,0.1333333333333333,0.33333333333333337,0.1428571428571429,0.06666666666666665,0.7333333333333334,0.1333333333333333,0.7333333333333334,0.1428571428571429,0.7333333333333334,0.1333333333333333,0.1428571428571429,0.1333333333333333,0.1333333333333333,0.1333333333333333,0.2666666666666667,0.06666666666666665,0.7333333333333334,0.1333333333333333,0.7333333333333334,0.1428571428571429,0.1333333333333333,0.7333333333333334,0.1333333333333333,0.1333333333333333,0.1333333333333333,0.7142857142857143,0.2666666666666667,0.7857142857142857,0.7333333333333334,0.19999999999999996,0.1428571428571429,0.6428571428571428,0.7333333333333334,0.7333333333333334,,0.1333333333333333,0.6,0.7333333333333334,,0.7333333333333334,0.1428571428571429,0.15384615384615385,0.06666666666666665,0.7142857142857143,0.1428571428571429,,0.1333333333333333,0.7142857142857143,0.1333333333333333,0.1333333333333333,,0.7692307692307692,0.1333333333333333,0.1333333333333333,0.1333333333333333,0.1333333333333333,0.1333333333333333,0.1428571428571429,0.7333333333333334,0.2666666666666667,0.1333333333333333,0.1333333333333333,0.1333333333333333,0.7333333333333334,0.15384615384615385,0.7333333333333334,0.1333333333333333,0.7857142857142857,0.23076923076923073,0.7333333333333334,0.1428571428571429,0.19999999999999996,0.1333333333333333,0.1333333333333333,,0.1333333333333333,0.7333333333333334
1002,0.0,0.0,0.8571428571428572,,0.8571428571428572,0.0,0.1428571428571429,0.1428571428571429,0.0,0.0,0.8571428571428572,,0.0,0.0,0.1428571428571429,0.0,0.8571428571428572,0.8571428571428572,0.0,0.0,,0.0,0.7857142857142857,0.2857142857142857,0.1428571428571429,0.8571428571428572,0.8571428571428572,,0.8571428571428572,0.8571428571428572,0.0,0.0,0.0,0.0,0.0,,0.8571428571428572,0.0,0.1428571428571429,0.0,0.0,0.1428571428571429,,,0.4285714285714286,0.0,0.0,0.0,0.1428571428571429,0.0,,0.8571428571428572,0.1428571428571429,0.0,,0.0,,,0.0,0.0,0.2142857142857143,0.8571428571428572,0.0,0.0,0.7857142857142857,0.0,0.0,0.8461538461538461,0.0,0.8571428571428572,0.0,0.7857142857142857,0.0,0.8571428571428572,0.0,0.4285714285714286,0.0,0.1428571428571429,0.8571428571428572,0.0,0.8571428571428572,0.0,0.8571428571428572,0.0,0.0,0.0,0.0,0.0,0.2857142857142857,0.1428571428571429,0.8571428571428572,0.0,0.8571428571428572,0.0,0.0,0.8571428571428572,0.0,0.0,0.0,0.8461538461538461,0.3571428571428571,0.9230769230769231,0.8571428571428572,0.2857142857142857,0.0,0.7857142857142857,0.8571428571428572,0.8571428571428572,,0.0,0.7142857142857143,0.8571428571428572,,0.8571428571428572,0.0,0.0,0.1428571428571429,0.8571428571428572,0.0,,0.0,0.8571428571428572,0.0714285714285714,0.0,,0.9230769230769231,0.0,0.0,0.0,0.0,0.2142857142857143,0.0,0.8571428571428572,0.1428571428571429,0.0,0.0,0.0,0.8571428571428572,0.0,0.8571428571428572,0.0,0.9230769230769231,0.0,0.8571428571428572,0.0,0.0,0.0,0.0,,0.0,0.8571428571428572
1003,0.8571428571428572,0.8,0.06666666666666665,,0.0,0.8666666666666667,0.7333333333333334,0.7333333333333334,0.8571428571428572,0.8666666666666667,0.0,,0.8571428571428572,0.8666666666666667,0.7333333333333334,0.8571428571428572,0.0,0.0,0.8666666666666667,0.8666666666666667,,0.8666666666666667,0.0714285714285714,0.6,0.7142857142857143,0.0714285714285714,0.0,,0.4666666666666667,0.0714285714285714,0.8666666666666667,0.8666666666666667,0.8666666666666667,0.9285714285714286,0.8666666666666667,,0.0,0.8666666666666667,0.7333333333333334,0.8666666666666667,0.8666666666666667,0.7142857142857143,,,0.8666666666666667,0.8666666666666667,0.8666666666666667,0.8571428571428572,0.7333333333333334,0.8666666666666667,,0.06666666666666665,0.7333333333333334,1.0,,0.8666666666666667,0.5,,1.0,1.0,0.6666666666666667,0.0,0.8571428571428572,0.8666666666666667,0.06666666666666665,0.8666666666666667,0.8666666666666667,0.1428571428571429,0.8666666666666667,0.0,0.8666666666666667,0.0714285714285714,1.0,0.0,0.8666666666666667,0.4666666666666667,0.8571428571428572,0.7333333333333334,0.19999999999999996,0.8666666666666667,0.06666666666666665,0.8571428571428572,0.1333333333333333,0.8666666666666667,0.8571428571428572,0.8666666666666667,0.8666666666666667,0.8666666666666667,0.8,0.7333333333333334,0.06666666666666665,0.8666666666666667,0.0,0.8571428571428572,0.8666666666666667,0.06666666666666665,0.8666666666666667,0.8666666666666667,0.8666666666666667,0.4285714285714286,0.6,0.0,0.06666666666666665,0.6666666666666667,0.8571428571428572,0.0714285714285714,0.06666666666666665,0.06666666666666665,,0.8666666666666667,0.1333333333333333,0.06666666666666665,,0.0,0.9285714285714286,1.0,0.7333333333333334,0.0,0.8571428571428572,,0.8666666666666667,0.0,0.8666666666666667,0.8666666666666667,,0.0,0.8666666666666667,0.8666666666666667,0.8666666666666667,0.8666666666666667,0.6666666666666667,0.8571428571428572,0.0,0.7333333333333334,0.8666666666666667,0.8666666666666667,0.8666666666666667,0.0,1.0,0.0,0.8666666666666667,0.0714285714285714,1.0,0.06666666666666665,0.8571428571428572,0.8666666666666667,0.8666666666666667,0.8666666666666667,,0.8666666666666667,0.06666666666666665
1009,0.8571428571428572,0.8,0.06666666666666665,,0.0,0.8666666666666667,0.7333333333333334,0.7333333333333334,0.8571428571428572,0.8666666666666667,0.0,,0.8571428571428572,0.8666666666666667,0.7333333333333334,0.8571428571428572,0.0,0.0,0.8666666666666667,0.8666666666666667,,0.8666666666666667,0.0714285714285714,0.6,0.7142857142857143,0.0714285714285714,0.0,,0.4666666666666667,0.0714285714285714,0.8666666666666667,0.8666666666666667,0.8666666666666667,0.9285714285714286,0.8666666666666667,,0.0,0.8666666666666667,0.7333333333333334,0.8666666666666667,0.8666666666666667,0.7142857142857143,,,0.8666666666666667,0.8666666666666667,0.8666666666666667,0.8571428571428572,0.7333333333333334,0.8666666666666667,,0.06666666666666665,0.7333333333333334,1.0,,0.8666666666666667,0.5,,1.0,1.0,0.6666666666666667,0.0,0.8571428571428572,0.8666666666666667,0.06666666666666665,0.8666666666666667,0.8666666666666667,0.1428571428571429,0.8666666666666667,0.0,0.8666666666666667,0.0714285714285714,1.0,0.0,0.8666666666666667,0.4666666666666667,0.8571428571428572,0.7333333333333334,0.19999999999999996,0.8666666666666667,0.06666666666666665,0.8571428571428572,0.1333333333333333,0.8666666666666667,0.8571428571428572,0.8666666666666667,0.8666666666666667,0.8666666666666667,0.8,0.7333333333333334,0.06666666666666665,0.8666666666666667,0.0,0.8571428571428572,0.8666666666666667,0.06666666666666665,0.8666666666666667,0.8666666666666667,0.8666666666666667,0.4285714285714286,0.6,0.0,0.06666666666666665,0.6666666666666667,0.8571428571428572,0.0714285714285714,0.06666666666666665,0.06666666666666665,,0.8666666666666667,0.1333333333333333,0.06666666666666665,,0.0,0.9285714285714286,1.0,0.7333333333333334,0.0,0.8571428571428572,,0.8666666666666667,0.0,0.8666666666666667,0.8666666666666667,,0.0,0.8666666666666667,0.8666666666666667,0.8666666666666667,0.8666666666666667,0.6666666666666667,0.8571428571428572,0.0,0.7333333333333334,0.8666666666666667,0.8666666666666667,0.8666666666666667,0.0,1.0,0.0,0.8666666666666667,0.0714285714285714,1.0,0.06666666666666665,0.8571428571428572,0.8666666666666667,0.8666666666666667,0.8666666666666667,,0.8666666666666667,0.06666666666666665
1012,0.0,0.06666666666666665,0.8666666666666667,,0.8666666666666667,0.06666666666666665,0.19999999999999996,0.19999999999999996,0.0,0.0,0.8666666666666667,,0.0,0.0,0.1333333333333333,0.0,0.8666666666666667,0.8666666666666667,0.0,0.0,,0.0,0.7857142857142857,0.33333333333333337,0.1428571428571429,0.8571428571428572,0.8666666666666667,,0.8666666666666667,0.8571428571428572,0.0,0.0,0.0,0.0,0.0,,0.8571428571428572,0.0,0.19999999999999996,0.0,0.0,0.1428571428571429,,,0.4666666666666667,0.0,0.0,0.0,0.19999999999999996,0.0,,0.8666666666666667,0.19999999999999996,0.0,,0.0,0.0,,0.0,0.0,0.19999999999999996,0.8571428571428572,0.0,0.0,0.8,0.0,0.0,0.8571428571428572,0.06666666666666665,0.8666666666666667,0.0,0.7857142857142857,0.0,0.8666666666666667,0.0,0.4666666666666667,0.0,0.19999999999999996,0.8666666666666667,0.0,0.8666666666666667,0.0,0.8666666666666667,0.0,0.0,0.0,0.0,0.0,0.33333333333333337,0.19999999999999996,0.8666666666666667,0.0,0.8666666666666667,0.0,0.0,0.8666666666666667,0.0,0.0,0.0,0.8571428571428572,0.4,0.9285714285714286,0.8666666666666667,0.33333333333333337,0.0,0.7857142857142857,0.8666666666666667,0.8666666666666667,,0.0,0.7333333333333334,0.8666666666666667,,0.8666666666666667,0.0,0.0,0.19999999999999996,0.8571428571428572,0.0,,0.0,0.8571428571428572,0.06666666666666665,0.0,,0.9230769230769231,0.0,0.0,0.0,0.0,0.2666666666666667,0.0,0.8666666666666667,0.1333333333333333,0.0,0.0,0.0,0.8666666666666667,0.0,0.8666666666666667,0.0,0.9285714285714286,0.07692307692307687,0.8666666666666667,0.0,0.06666666666666665,0.0,0.0,,0.0,0.8666666666666667
1013,0.0,0.06666666666666665,0.8666666666666667,,0.8666666666666667,0.06666666666666665,0.19999999999999996,0.19999999999999996,0.0,0.0,0.8666666666666667,,0.0,0.0,0.1333333333333333,0.0,0.8666666666666667,0.8666666666666667,0.0,0.0,,0.0,0.7857142857142857,0.33333333333333337,0.1428571428571429,0.8571428571428572,0.8666666666666667,,0.8666666666666667,0.8571428571428572,0.0,0.0,0.0,0.0,0.0,,0.8571428571428572,0.0,0.19999999999999996,0.0,0.0,0.1428571428571429,,,0.4666666666666667,0.0,0.0,0.0,0.19999999999999996,0.0,,0.8666666666666667,0.19999999999999996,0.0,,0.0,0.0,,0.0,0.0,0.19999999999999996,0.8571428571428572,0.0,0.0,0.8,0.0,0.0,0.8571428571428572,0.06666666666666665,0.8666666666666667,0.0,0.7857142857142857,0.0,0.8666666666666667,0.0,0.4666666666666667,0.0,0.19999999999999996,0.8666666666666667,0.0,0.8666666666666667,0.0,0.8666666666666667,0.0,0.0,0.0,0.0,0.0,0.33333333333333337,0.19999999999999996,0.8666666666666667,0.0,0.8666666666666667,0.0,0.0,0.8666666666666667,0.0,0.0,0.0,0.8571428571428572,0.4,0.9285714285714286,0.8666666666666667,0.33333333333333337,0.0,0.7857142857142857,0.8666666666666667,0.8666666666666667,,0.0,0.7333333333333334,0.8666666666666667,,0.8666666666666667,0.0,0.0,0.19999999999999996,0.8571428571428572,0.0,,0.0,0.8571428571428572,0.06666666666666665,0.0,,0.9230769230769231,0.0,0.0,0.0,0.0,0.2666666666666667,0.0,0.8666666666666667,0.1333333333333333,0.0,0.0,0.0,0.8666666666666667,0.0,0.8666666666666667,0.0,0.9285714285714286,0.07692307692307687,0.8666666666666667,0.0,0.06666666666666665,0.0,0.0,,0.0,0.8666666666666667
1015,,,,,,,,,,,,,,,,,,,,,0.0,,,,,,,,,,,,,,,,,,,,,,,,,,,,,,,,,,,,,,,,,,,,,,,,,,,,,,,,,,,,,,,,,,,,,,,,,,,,,,,,,,,,,,,,,,,,,,,,,,,,,,,,,,,,,,,,,,,,,,,,,,,,,,,,,,
1016,0.0,0.06666666666666665,0.8666666666666667,,0.8666666666666667,0.06666666666666665,0.19999999999999996,0.19999999999999996,0.0,0.0,0.8666666666666667,,0.0,0.0,0.1333333333333333,0.0,0.8666666666666667,0.8666666666666667,0.0,0.0,,0.0,0.7857142857142857,0.33333333333333337,0.1428571428571429,0.8571428571428572,0.8666666666666667,,0.8666666666666667,0.8571428571428572,0.0,0.0,0.0,0.0,0.0,,0.8571428571428572,0.0,0.19999999999999996,0.0,0.0,0.1428571428571429,,,0.4666666666666667,0.0,0.0,0.0,0.19999999999999996,0.0,,0.8666666666666667,0.19999999999999996,0.0,,0.0,0.0,,0.0,0.0,0.19999999999999996,0.8571428571428572,0.0,0.0,0.8,0.0,0.0,0.8571428571428572,0.06666666666666665,0.8666666666666667,0.0,0.7857142857142857,0.0,0.8666666666666667,0.0,0.4666666666666667,0.0,0.19999999999999996,0.8666666666666667,0.0,0.8666666666666667,0.0,0.8666666666666667,0.0,0.0,0.0,0.0,0.0,0.33333333333333337,0.19999999999999996,0.8666666666666667,0.0,0.8666666666666667,0.0,0.0,0.8666666666666667,0.0,0.0,0.0,0.8571428571428572,0.4,0.9285714285714286,0.8666666666666667,0.33333333333333337,0.0,0.7857142857142857,0.8666666666666667,0.8666666666666667,,0.0,0.7333333333333334,0.8666666666666667,,0.8666666666666667,0.0,0.0,0.19999999999999996,0.8571428571428572,0.0,,0.0,0.8571428571428572,0.06666666666666665,0.0,,0.9230769230769231,0.0,0.0,0.0,0.0,0.2666666666666667,0.0,0.8666666666666667,0.1333333333333333,0.0,0.0,0.0,0.8666666666666667,0.0,0.8666666666666667,0.0,0.9285714285714286,0.07692307692307687,0.8666666666666667,0.0,0.06666666666666665,0.0,0.0,,0.0,0.8666666666666667
1017,0.7857142857142857,0.7857142857142857,0.0714285714285714,,0.0714285714285714,0.7857142857142857,0.6428571428571428,0.6428571428571428,0.7857142857142857,0.7857142857142857,0.0714285714285714,,0.7857142857142857,0.7857142857142857,0.6428571428571428,0.7857142857142857,0.0714285714285714,0.0714285714285714,0.7857142857142857,0.7857142857142857,,0.7857142857142857,0.0,0.7142857142857143,0.6428571428571428,0.1428571428571429,0.0714285714285714,,0.4285714285714286,0.1428571428571429,0.7857142857142857,0.7857142857142857,0.7857142857142857,0.8461538461538461,0.7857142857142857,,0.0714285714285714,0.7857142857142857,0.6428571428571428,0.7857142857142857,0.7857142857142857,0.6428571428571428,,,0.7857142857142857,0.7857142857142857,0.7857142857142857,0.7857142857142857,0.6428571428571428,0.7857142857142857,,0.1428571428571429,0.6428571428571428,0.9166666666666666,,0.7857142857142857,,,0.9166666666666666,0.9166666666666666,0.5714285714285714,0.0714285714285714,0.7857142857142857,0.7857142857142857,0.1428571428571429,0.7857142857142857,0.7857142857142857,0.15384615384615385,0.7857142857142857,0.0714285714285714,0.7857142857142857,0.1428571428571429,0.9166666666666666,0.0714285714285714,0.7857142857142857,0.3571428571428571,0.7857142857142857,0.6428571428571428,0.2857142857142857,0.7857142857142857,0.0714285714285714,0.7857142857142857,0.2142857142857143,0.7857142857142857,0.7857142857142857,0.7857142857142857,0.7857142857142857,0.7857142857142857,0.7142857142857143,0.6428571428571428,0.1428571428571429,0.7857142857142857,0.0714285714285714,0.7857142857142857,0.7857142857142857,0.0714285714285714,0.7857142857142857,0.7857142857142857,0.7857142857142857,0.3846153846153846,0.6428571428571428,0.07692307692307687,0.0714285714285714,0.6428571428571428,0.7857142857142857,0.1428571428571429,0.0714285714285714,0.0714285714285714,,0.7857142857142857,0.2142857142857143,0.0714285714285714,,0.0714285714285714,0.8461538461538461,0.9166666666666666,0.6428571428571428,0.0714285714285714,0.7857142857142857,,0.7857142857142857,0.0714285714285714,0.7857142857142857,0.7857142857142857,,0.07692307692307687,0.7857142857142857,0.7857142857142857,0.7857142857142857,0.7857142857142857,0.7142857142857143,0.7857142857142857,0.0714285714285714,0.6428571428571428,0.7857142857142857,0.7857142857142857,0.7857142857142857,0.0714285714285714,0.9166666666666666,0.0714285714285714,0.7857142857142857,0.07692307692307687,0.9166666666666666,0.0714285714285714,0.7857142857142857,0.7857142857142857,0.7857142857142857,0.7857142857142857,,0.7857142857142857,0.0714285714285714
1019,0.2857142857142857,0.2666666666666667,0.6666666666666667,,0.6,0.33333333333333337,0.19999999999999996,0.19999999999999996,0.2857142857142857,0.33333333333333337,0.6,,0.2857142857142857,0.33333333333333337,0.19999999999999996,0.2857142857142857,0.6,0.6,0.33333333333333337,0.33333333333333337,,0.33333333333333337,0.7142857142857143,0.0,0.1428571428571429,0.5714285714285714,0.6,,0.6666666666666667,0.5714285714285714,0.33333333333333337,0.33333333333333337,0.33333333333333337,0.3571428571428571,0.33333333333333337,,0.6428571428571428,0.33333333333333337,0.19999999999999996,0.33333333333333337,0.33333333333333337,0.1428571428571429,,,0.6,0.33333333333333337,0.33333333333333337,0.2857142857142857,0.19999999999999996,0.33333333333333337,,0.6,0.19999999999999996,0.3846153846153846,,0.33333333333333337,0.5,,0.33333333333333337,0.33333333333333337,0.19999999999999996,0.6428571428571428,0.2857142857142857,0.33333333333333337,0.5333333333333333,0.33333333333333337,0.33333333333333337,0.7142857142857143,0.33333333333333337,0.6,0.33333333333333337,0.6428571428571428,0.3846153846153846,0.6,0.33333333333333337,0.4,0.2857142857142857,0.19999999999999996,0.6,0.33333333333333337,0.6666666666666667,0.2857142857142857,0.6,0.33333333333333337,0.2857142857142857,0.33333333333333337,0.33333333333333337,0.33333333333333337,0.4,0.19999999999999996,0.6,0.33333333333333337,0.6,0.2857142857142857,0.33333333333333337,0.6666666666666667,0.33333333333333337,0.33333333333333337,0.33333333333333337,0.6428571428571428,0.19999999999999996,0.6428571428571428,0.6666666666666667,0.2666666666666667,0.2857142857142857,0.5714285714285714,0.6666666666666667,0.6666666666666667,,0.33333333333333337,0.4666666666666667,0.6666666666666667,,0.6,0.3571428571428571,0.3846153846153846,0.19999999999999996,0.6428571428571428,0.2857142857142857,,0.33333333333333337,0.6428571428571428,0.33333333333333337,0.33333333333333337,,0.6923076923076923,0.33333333333333337,0.33333333333333337,0.33333333333333337,0.33333333333333337,0.1333333333333333,0.2857142857142857,0.6,0.4,0.33333333333333337,0.33333333333333337,0.33333333333333337,0.6,0.3846153846153846,0.6,0.33333333333333337,0.7142857142857143,0.3846153846153846,0.6666666666666667,0.2857142857142857,0.33333333333333337,0.33333333333333337,0.33333333333333337,,0.33333333333333337,0.6666666666666667
1021,0.1428571428571429,0.1428571428571429,0.7142857142857143,,0.7142857142857143,0.1428571428571429,0.0,0.0,0.1428571428571429,0.1428571428571429,0.7142857142857143,,0.1428571428571429,0.1428571428571429,0.0,0.1428571428571429,0.7142857142857143,0.7142857142857143,0.1428571428571429,0.1428571428571429,,0.1428571428571429,0.6428571428571428,0.1428571428571429,0.0,0.7142857142857143,0.7142857142857143,,0.7142857142857143,0.7142857142857143,0.1428571428571429,0.1428571428571429,0.1428571428571429,0.15384615384615385,0.1428571428571429,,0.7142857142857143,0.1428571428571429,0.0,0.1428571428571429,0.1428571428571429,0.0,,,0.4285714285714286,0.1428571428571429,0.1428571428571429,0.1428571428571429,0.0,0.1428571428571429,,0.7142857142857143,0.0,0.16666666666666663,,0.1428571428571429,,,0.16666666666666663,0.16666666666666663,0.0714285714285714,0.7142857142857143,0.1428571428571429,0.1428571428571429,0.6428571428571428,0.1428571428571429,0.1428571428571429,0.6923076923076923,0.1428571428571429,0.7142857142857143,0.1428571428571429,0.6428571428571428,0.16666666666666663,0.7142857142857143,0.1428571428571429,0.2857142857142857,0.1428571428571429,0.0,0.7142857142857143,0.1428571428571429,0.7142857142857143,0.1428571428571429,0.7142857142857143,0.1428571428571429,0.1428571428571429,0.1428571428571429,0.1428571428571429,0.1428571428571429,0.2142857142857143,0.0,0.7142857142857143,0.1428571428571429,0.7142857142857143,0.1428571428571429,0.1428571428571429,0.7142857142857143,0.1428571428571429,0.1428571428571429,0.1428571428571429,0.6923076923076923,0.2142857142857143,0.7692307692307692,0.7142857142857143,0.1428571428571429,0.1428571428571429,0.6428571428571428,0.7142857142857143,0.7142857142857143,,0.1428571428571429,0.5714285714285714,0.7142857142857143,,0.7142857142857143,0.15384615384615385,0.16666666666666663,0.0,0.7142857142857143,0.1428571428571429,,0.1428571428571429,0.7142857142857143,0.1428571428571429,0.1428571428571429,,0.7692307692307692,0.1428571428571429,0.1428571428571429,0.1428571428571429,0.1428571428571429,0.0714285714285714,0.1428571428571429,0.7142857142857143,0.2857142857142857,0.1428571428571429,0.1428571428571429,0.1428571428571429,0.7142857142857143,0.16666666666666663,0.7142857142857143,0.1428571428571429,0.7692307692307692,0.16666666666666663,0.7142857142857143,0.1428571428571429,0.1428571428571429,0.1428571428571429,0.1428571428571429,,0.1428571428571429,0.7142857142857143
1022,0.8571428571428572,0.8571428571428572,0.0714285714285714,,0.0714285714285714,0.8571428571428572,0.7142857142857143,0.7142857142857143,0.8571428571428572,0.8571428571428572,0.0714285714285714,,0.8571428571428572,0.8571428571428572,0.7142857142857143,0.8571428571428572,0.0714285714285714,0.0714285714285714,0.8571428571428572,0.8571428571428572,,0.8571428571428572,0.1428571428571429,0.5714285714285714,0.7142857142857143,0.0,0.0714285714285714,,0.3571428571428571,0.0,0.8571428571428572,0.8571428571428572,0.8571428571428572,0.9230769230769231,0.8571428571428572,,0.0714285714285714,0.8571428571428572,0.7142857142857143,0.8571428571428572,0.8571428571428572,0.7142857142857143,,,0.8571428571428572,0.8571428571428572,0.8571428571428572,0.8571428571428572,0.7142857142857143,0.8571428571428572,,0.1428571428571429,0.7142857142857143,1.0,,0.8571428571428572,,,1.0,1.0,0.7142857142857143,0.0714285714285714,0.8571428571428572,0.8571428571428572,0.1428571428571429,0.8571428571428572,0.8571428571428572,0.07692307692307687,0.8571428571428572,0.0714285714285714,0.8571428571428572,0.0714285714285714,1.0,0.0714285714285714,0.8571428571428572,0.5,0.8571428571428572,0.7142857142857143,0.2857142857142857,0.8571428571428572,0.0714285714285714,0.8571428571428572,0.2142857142857143,0.8571428571428572,0.8571428571428572,0.8571428571428572,0.8571428571428572,0.8571428571428572,0.7857142857142857,0.7142857142857143,0.1428571428571429,0.8571428571428572,0.0714285714285714,0.8571428571428572,0.8571428571428572,0.0714285714285714,0.8571428571428572,0.8571428571428572,0.8571428571428572,0.3076923076923077,0.6428571428571428,0.07692307692307687,0.0714285714285714,0.6428571428571428,0.8571428571428572,0.1428571428571429,0.0714285714285714,0.0714285714285714,,0.8571428571428572,0.2142857142857143,0.0714285714285714,,0.0714285714285714,0.9230769230769231,1.0,0.7142857142857143,0.0714285714285714,0.8571428571428572,,0.8571428571428572,0.0714285714285714,0.8571428571428572,0.8571428571428572,,0.07692307692307687,0.8571428571428572,0.8571428571428572,0.8571428571428572,0.8571428571428572,0.6428571428571428,0.8571428571428572,0.0714285714285714,0.7857142857142857,0.8571428571428572,0.8571428571428572,0.8571428571428572,0.0714285714285714,1.0,0.0714285714285714,0.8571428571428572,0.07692307692307687,1.0,0.0714285714285714,0.8571428571428572,0.8571428571428572,0.8571428571428572,0.8571428571428572,,0.8571428571428572,0.0714285714285714
1025,0.8571428571428572,0.8,0.06666666666666665,,0.0,0.8666666666666667,0.7333333333333334,0.7333333333333334,0.8571428571428572,0.8666666666666667,0.0,,0.8571428571428572,0.8666666666666667,0.7333333333333334,0.8571428571428572,0.0,0.0,0.8666666666666667,0.8666666666666667,,0.8666666666666667,0.0714285714285714,0.6,0.7142857142857143,0.0714285714285714,0.0,,0.4666666666666667,0.0714285714285714,0.8666666666666667,0.8666666666666667,0.8666666666666667,0.9285714285714286,0.8666666666666667,,0.0,0.8666666666666667,0.7333333333333334,0.8666666666666667,0.8666666666666667,0.7142857142857143,,,0.8666666666666667,0.8666666666666667,0.8666666666666667,0.8571428571428572,0.7333333333333334,0.8666666666666667,,0.06666666666666665,0.7333333333333334,1.0,,0.8666666666666667,0.5,,1.0,1.0,0.6666666666666667,0.0,0.8571428571428572,0.8666666666666667,0.06666666666666665,0.8666666666666667,0.8666666666666667,0.1428571428571429,0.8666666666666667,0.0,0.8666666666666667,0.0714285714285714,1.0,0.0,0.8666666666666667,0.4666666666666667,0.8571428571428572,0.7333333333333334,0.19999999999999996,0.8666666666666667,0.06666666666666665,0.8571428571428572,0.1333333333333333,0.8666666666666667,0.8571428571428572,0.8666666666666667,0.8666666666666667,0.8666666666666667,0.8,0.7333333333333334,0.06666666666666665,0.8666666666666667,0.0,0.8571428571428572,0.8666666666666667,0.06666666666666665,0.8666666666666667,0.8666666666666667,0.8666666666666667,0.4285714285714286,0.6,0.0,0.06666666666666665,0.6666666666666667,0.8571428571428572,0.0714285714285714,0.06666666666666665,0.06666666666666665,,0.8666666666666667,0.1333333333333333,0.06666666666666665,,0.0,0.9285714285714286,1.0,0.7333333333333334,0.0,0.8571428571428572,,0.8666666666666667,0.0,0.8666666666666667,0.8666666666666667,,0.0,0.8666666666666667,0.8666666666666667,0.8666666666666667,0.8666666666666667,0.6666666666666667,0.8571428571428572,0.0,0.7333333333333334,0.8666666666666667,0.8666666666666667,0.8666666666666667,0.0,1.0,0.0,0.8666666666666667,0.0714285714285714,1.0,0.06666666666666665,0.8571428571428572,0.8666666666666667,0.8666666666666667,0.8666666666666667,,0.8666666666666667,0.06666666666666665
1027,,,,,,,,,,,,,,,,,,,,,,,,,,,,0.0,,,,,,,,,,,,,,,,,,,,,,,,,,,,,,,,,,,,,,,,,,,,,,,,,,,,,,,,,,,,,,,,,,,,,,,,,,,,,,,,,,,,,,,,,,,,,,,,,,,,,,,,,,,,,,,,,,,,,,,,,,,
1028,0.8571428571428572,0.8666666666666667,0.4,,0.4666666666666667,0.8,0.6666666666666667,0.6666666666666667,0.8571428571428572,0.8666666666666667,0.4666666666666667,,0.8571428571428572,0.8666666666666667,0.7333333333333334,0.8571428571428572,0.4666666666666667,0.4666666666666667,0.8666666666666667,0.8666666666666667,,0.8666666666666667,0.4285714285714286,0.6666666666666667,0.7142857142857143,0.3571428571428571,0.4666666666666667,,0.0,0.3571428571428571,0.8666666666666667,0.8666666666666667,0.8666666666666667,0.9285714285714286,0.8666666666666667,,0.4285714285714286,0.8666666666666667,0.6666666666666667,0.8666666666666667,0.8666666666666667,0.7142857142857143,,,0.6666666666666667,0.8666666666666667,0.8666666666666667,0.8571428571428572,0.6666666666666667,0.8666666666666667,,0.5333333333333333,0.6666666666666667,1.0,,0.8666666666666667,0.5,,1.0,1.0,0.7333333333333334,0.4285714285714286,0.8571428571428572,0.8666666666666667,0.5333333333333333,0.8666666666666667,0.8666666666666667,0.4285714285714286,0.8,0.4666666666666667,0.8666666666666667,0.4285714285714286,1.0,0.4666666666666667,0.8666666666666667,0.5333333333333333,0.8571428571428572,0.6666666666666667,0.5333333333333333,0.8666666666666667,0.4,0.8571428571428572,0.4666666666666667,0.8666666666666667,0.8571428571428572,0.8666666666666667,0.8666666666666667,0.8666666666666667,0.6,0.6666666666666667,0.4,0.8666666666666667,0.4666666666666667,0.8571428571428572,0.8666666666666667,0.4,0.8666666666666667,0.8666666666666667,0.8666666666666667,0.1428571428571429,0.6666666666666667,0.5,0.4,0.5333333333333333,0.8571428571428572,0.4285714285714286,0.4,0.4,,0.8666666666666667,0.4666666666666667,0.4,,0.4666666666666667,0.9285714285714286,1.0,0.6666666666666667,0.4285714285714286,0.8571428571428572,,0.8666666666666667,0.4285714285714286,0.8666666666666667,0.8666666666666667,,0.46153846153846156,0.8666666666666667,0.8666666666666667,0.8666666666666667,0.8666666666666667,0.6666666666666667,0.8571428571428572,0.4666666666666667,0.8666666666666667,0.8666666666666667,0.8666666666666667,0.8666666666666667,0.4666666666666667,1.0,0.4666666666666667,0.8666666666666667,0.4285714285714286,0.9230769230769231,0.4,0.8571428571428572,0.8,0.8666666666666667,0.8666666666666667,,0.8666666666666667,0.4
1030,0.8571428571428572,0.8571428571428572,0.0714285714285714,,0.0714285714285714,0.8571428571428572,0.7142857142857143,0.7142857142857143,0.8571428571428572,0.8571428571428572,0.0714285714285714,,0.8571428571428572,0.8571428571428572,0.7142857142857143,0.8571428571428572,0.0714285714285714,0.0714285714285714,0.8571428571428572,0.8571428571428572,,0.8571428571428572,0.1428571428571429,0.5714285714285714,0.7142857142857143,0.0,0.0714285714285714,,0.3571428571428571,0.0,0.8571428571428572,0.8571428571428572,0.8571428571428572,0.9230769230769231,0.8571428571428572,,0.0714285714285714,0.8571428571428572,0.7142857142857143,0.8571428571428572,0.8571428571428572,0.7142857142857143,,,0.8571428571428572,0.8571428571428572,0.8571428571428572,0.8571428571428572,0.7142857142857143,0.8571428571428572,,0.1428571428571429,0.7142857142857143,1.0,,0.8571428571428572,,,1.0,1.0,0.7142857142857143,0.0714285714285714,0.8571428571428572,0.8571428571428572,0.1428571428571429,0.8571428571428572,0.8571428571428572,0.07692307692307687,0.8571428571428572,0.0714285714285714,0.8571428571428572,0.0714285714285714,1.0,0.0714285714285714,0.8571428571428572,0.5,0.8571428571428572,0.7142857142857143,0.2857142857142857,0.8571428571428572,0.0714285714285714,0.8571428571428572,0.2142857142857143,0.8571428571428572,0.8571428571428572,0.8571428571428572,0.8571428571428572,0.8571428571428572,0.7857142857142857,0.7142857142857143,0.1428571428571429,0.8571428571428572,0.0714285714285714,0.8571428571428572,0.8571428571428572,0.0714285714285714,0.8571428571428572,0.8571428571428572,0.8571428571428572,0.3076923076923077,0.6428571428571428,0.07692307692307687,0.0714285714285714,0.6428571428571428,0.8571428571428572,0.1428571428571429,0.0714285714285714,0.0714285714285714,,0.8571428571428572,0.2142857142857143,0.0714285714285714,,0.0714285714285714,0.9230769230769231,1.0,0.7142857142857143,0.0714285714285714,0.8571428571428572,,0.8571428571428572,0.0714285714285714,0.8571428571428572,0.8571428571428572,,0.07692307692307687,0.8571428571428572,0.8571428571428572,0.8571428571428572,0.8571428571428572,0.6428571428571428,0.8571428571428572,0.0714285714285714,0.7857142857142857,0.8571428571428572,0.8571428571428572,0.8571428571428572,0.0714285714285714,1.0,0.0714285714285714,0.8571428571428572,0.07692307692307687,1.0,0.0714285714285714,0.8571428571428572,0.8571428571428572,0.8571428571428572,0.8571428571428572,,0.8571428571428572,0.0714285714285714
1034,0.0,0.06666666666666665,0.8666666666666667,,0.8666666666666667,0.06666666666666665,0.19999999999999996,0.19999999999999996,0.0,0.0,0.8666666666666667,,0.0,0.0,0.1333333333333333,0.0,0.8666666666666667,0.8666666666666667,0.0,0.0,,0.0,0.7857142857142857,0.33333333333333337,0.1428571428571429,0.8571428571428572,0.8666666666666667,,0.8666666666666667,0.8571428571428572,0.0,0.0,0.0,0.0,0.0,,0.8571428571428572,0.0,0.19999999999999996,0.0,0.0,0.1428571428571429,,,0.4666666666666667,0.0,0.0,0.0,0.19999999999999996,0.0,,0.8666666666666667,0.19999999999999996,0.0,,0.0,0.0,,0.0,0.0,0.19999999999999996,0.8571428571428572,0.0,0.0,0.8,0.0,0.0,0.8571428571428572,0.06666666666666665,0.8666666666666667,0.0,0.7857142857142857,0.0,0.8666666666666667,0.0,0.4666666666666667,0.0,0.19999999999999996,0.8666666666666667,0.0,0.8666666666666667,0.0,0.8666666666666667,0.0,0.0,0.0,0.0,0.0,0.33333333333333337,0.19999999999999996,0.8666666666666667,0.0,0.8666666666666667,0.0,0.0,0.8666666666666667,0.0,0.0,0.0,0.8571428571428572,0.4,0.9285714285714286,0.8666666666666667,0.33333333333333337,0.0,0.7857142857142857,0.8666666666666667,0.8666666666666667,,0.0,0.7333333333333334,0.8666666666666667,,0.8666666666666667,0.0,0.0,0.19999999999999996,0.8571428571428572,0.0,,0.0,0.8571428571428572,0.06666666666666665,0.0,,0.9230769230769231,0.0,0.0,0.0,0.0,0.2666666666666667,0.0,0.8666666666666667,0.1333333333333333,0.0,0.0,0.0,0.8666666666666667,0.0,0.8666666666666667,0.0,0.9285714285714286,0.07692307692307687,0.8666666666666667,0.0,0.06666666666666665,0.0,0.0,,0.0,0.8666666666666667
1035,0.0,0.06666666666666665,0.8666666666666667,,0.8666666666666667,0.06666666666666665,0.19999999999999996,0.19999999999999996,0.0,0.0,0.8666666666666667,,0.0,0.0,0.1333333333333333,0.0,0.8666666666666667,0.8666666666666667,0.0,0.0,,0.0,0.7857142857142857,0.33333333333333337,0.1428571428571429,0.8571428571428572,0.8666666666666667,,0.8666666666666667,0.8571428571428572,0.0,0.0,0.0,0.0,0.0,,0.8571428571428572,0.0,0.19999999999999996,0.0,0.0,0.1428571428571429,,,0.4666666666666667,0.0,0.0,0.0,0.19999999999999996,0.0,,0.8666666666666667,0.19999999999999996,0.0,,0.0,0.0,,0.0,0.0,0.19999999999999996,0.8571428571428572,0.0,0.0,0.8,0.0,0.0,0.8571428571428572,0.06666666666666665,0.8666666666666667,0.0,0.7857142857142857,0.0,0.8666666666666667,0.0,0.4666666666666667,0.0,0.19999999999999996,0.8666666666666667,0.0,0.8666666666666667,0.0,0.8666666666666667,0.0,0.0,0.0,0.0,0.0,0.33333333333333337,0.19999999999999996,0.8666666666666667,0.0,0.8666666666666667,0.0,0.0,0.8666666666666667,0.0,0.0,0.0,0.8571428571428572,0.4,0.9285714285714286,0.8666666666666667,0.33333333333333337,0.0,0.7857142857142857,0.8666666666666667,0.8666666666666667,,0.0,0.7333333333333334,0.8666666666666667,,0.8666666666666667,0.0,0.0,0.19999999999999996,0.8571428571428572,0.0,,0.0,0.8571428571428572,0.06666666666666665,0.0,,0.9230769230769231,0.0,0.0,0.0,0.0,0.2666666666666667,0.0,0.8666666666666667,0.1333333333333333,0.0,0.0,0.0,0.8666666666666667,0.0,0.8666666666666667,0.0,0.9285714285714286,0.07692307692307687,0.8666666666666667,0.0,0.06666666666666665,0.0,0.0,,0.0,0.8666666666666667
1036,0.0,0.06666666666666665,0.8666666666666667,,0.8666666666666667,0.06666666666666665,0.19999999999999996,0.19999999999999996,0.0,0.0,0.8666666666666667,,0.0,0.0,0.1333333333333333,0.0,0.8666666666666667,0.8666666666666667,0.0,0.0,,0.0,0.7857142857142857,0.33333333333333337,0.1428571428571429,0.8571428571428572,0.8666666666666667,,0.8666666666666667,0.8571428571428572,0.0,0.0,0.0,0.0,0.0,,0.8571428571428572,0.0,0.19999999999999996,0.0,0.0,0.1428571428571429,,,0.4666666666666667,0.0,0.0,0.0,0.19999999999999996,0.0,,0.8666666666666667,0.19999999999999996,0.0,,0.0,0.0,,0.0,0.0,0.19999999999999996,0.8571428571428572,0.0,0.0,0.8,0.0,0.0,0.8571428571428572,0.06666666666666665,0.8666666666666667,0.0,0.7857142857142857,0.0,0.8666666666666667,0.0,0.4666666666666667,0.0,0.19999999999999996,0.8666666666666667,0.0,0.8666666666666667,0.0,0.8666666666666667,0.0,0.0,0.0,0.0,0.0,0.33333333333333337,0.19999999999999996,0.8666666666666667,0.0,0.8666666666666667,0.0,0.0,0.8666666666666667,0.0,0.0,0.0,0.8571428571428572,0.4,0.9285714285714286,0.8666666666666667,0.33333333333333337,0.0,0.7857142857142857,0.8666666666666667,0.8666666666666667,,0.0,0.7333333333333334,0.8666666666666667,,0.8666666666666667,0.0,0.0,0.19999999999999996,0.8571428571428572,0.0,,0.0,0.8571428571428572,0.06666666666666665,0.0,,0.9230769230769231,0.0,0.0,0.0,0.0,0.2666666666666667,0.0,0.8666666666666667,0.1333333333333333,0.0,0.0,0.0,0.8666666666666667,0.0,0.8666666666666667,0.0,0.9285714285714286,0.07692307692307687,0.8666666666666667,0.0,0.06666666666666665,0.0,0.0,,0.0,0.8666666666666667
1037,0.0,0.0714285714285714,0.9285714285714286,,0.9285714285714286,0.0714285714285714,0.2142857142857143,0.2142857142857143,0.0,0.0,0.9285714285714286,,0.0,0.0,0.1428571428571429,0.0,0.9285714285714286,0.9285714285714286,0.0,0.0,,0.0,0.8461538461538461,0.3571428571428571,0.15384615384615385,0.9230769230769231,0.9285714285714286,,0.9285714285714286,0.9230769230769231,0.0,0.0,0.0,0.0,0.0,,0.9230769230769231,0.0,0.2142857142857143,0.0,0.0,0.15384615384615385,,,0.5,0.0,0.0,0.0,0.2142857142857143,0.0,,0.9285714285714286,0.2142857142857143,0.0,,0.0,,,0.0,0.0,0.2142857142857143,0.9230769230769231,0.0,0.0,0.8571428571428572,0.0,0.0,0.8571428571428572,0.0714285714285714,0.9285714285714286,0.0,0.8461538461538461,0.0,0.9285714285714286,0.0,0.5,0.0,0.2142857142857143,0.9285714285714286,0.0,0.9285714285714286,0.0,0.9285714285714286,0.0,0.0,0.0,0.0,0.0,0.3571428571428571,0.2142857142857143,0.9285714285714286,0.0,0.9285714285714286,0.0,0.0,0.9285714285714286,0.0,0.0,0.0,0.8571428571428572,0.4285714285714286,0.9285714285714286,0.9285714285714286,0.3571428571428571,0.0,0.8461538461538461,0.9285714285714286,0.9285714285714286,,0.0,0.7857142857142857,0.9285714285714286,,0.9285714285714286,0.0,0.0,0.2142857142857143,0.9230769230769231,0.0,,0.0,0.9230769230769231,0.0714285714285714,0.0,,0.9230769230769231,0.0,0.0,0.0,0.0,0.2857142857142857,0.0,0.9285714285714286,0.1428571428571429,0.0,0.0,0.0,0.9285714285714286,0.0,0.9285714285714286,0.0,0.9285714285714286,0.07692307692307687,0.9285714285714286,0.0,0.0714285714285714,0.0,0.0,,0.0,0.9285714285714286
1038,0.0,0.06666666666666665,0.8666666666666667,,0.8666666666666667,0.06666666666666665,0.19999999999999996,0.19999999999999996,0.0,0.0,0.8666666666666667,,0.0,0.0,0.1333333333333333,0.0,0.8666666666666667,0.8666666666666667,0.0,0.0,,0.0,0.7857142857142857,0.33333333333333337,0.1428571428571429,0.8571428571428572,0.8666666666666667,,0.8666666666666667,0.8571428571428572,0.0,0.0,0.0,0.0,0.0,,0.8571428571428572,0.0,0.19999999999999996,0.0,0.0,0.1428571428571429,,,0.4666666666666667,0.0,0.0,0.0,0.19999999999999996,0.0,,0.8666666666666667,0.19999999999999996,0.0,,0.0,0.0,,0.0,0.0,0.19999999999999996,0.8571428571428572,0.0,0.0,0.8,0.0,0.0,0.8571428571428572,0.06666666666666665,0.8666666666666667,0.0,0.7857142857142857,0.0,0.8666666666666667,0.0,0.4666666666666667,0.0,0.19999999999999996,0.8666666666666667,0.0,0.8666666666666667,0.0,0.8666666666666667,0.0,0.0,0.0,0.0,0.0,0.33333333333333337,0.19999999999999996,0.8666666666666667,0.0,0.8666666666666667,0.0,0.0,0.8666666666666667,0.0,0.0,0.0,0.8571428571428572,0.4,0.9285714285714286,0.8666666666666667,0.33333333333333337,0.0,0.7857142857142857,0.8666666666666667,0.8666666666666667,,0.0,0.7333333333333334,0.8666666666666667,,0.8666666666666667,0.0,0.0,0.19999999999999996,0.8571428571428572,0.0,,0.0,0.8571428571428572,0.06666666666666665,0.0,,0.9230769230769231,0.0,0.0,0.0,0.0,0.2666666666666667,0.0,0.8666666666666667,0.1333333333333333,0.0,0.0,0.0,0.8666666666666667,0.0,0.8666666666666667,0.0,0.9285714285714286,0.07692307692307687,0.8666666666666667,0.0,0.06666666666666665,0.0,0.0,,0.0,0.8666666666666667
1039,,,,,,,,,,,,,,,,,,,,,,,,,,,,,,,,,,,,0.0,,,,,,,,,,,,,,,,,,,,,,,,,,,,,,,,,,,,,,,,,,,,,,,,,,,,,,,,,,,,,,,,,,,,,,,,,,,,,,,,,,,,,,,,,,,,,,,,,,,,,,,,,,,,,,,,,,,
1040,0.8571428571428572,0.8571428571428572,0.0,,0.0,0.8571428571428572,0.7142857142857143,0.7142857142857143,0.8571428571428572,0.8571428571428572,0.0,,0.8571428571428572,0.8571428571428572,0.7142857142857143,0.8571428571428572,0.0,0.0,0.8571428571428572,0.8571428571428572,,0.8571428571428572,0.0714285714285714,0.6428571428571428,0.7142857142857143,0.0714285714285714,0.0,,0.4285714285714286,0.0714285714285714,0.8571428571428572,0.8571428571428572,0.8571428571428572,0.9230769230769231,0.8571428571428572,,0.0,0.8571428571428572,0.7142857142857143,0.8571428571428572,0.8571428571428572,0.7142857142857143,,,0.8571428571428572,0.8571428571428572,0.8571428571428572,0.8571428571428572,0.7142857142857143,0.8571428571428572,,0.0714285714285714,0.7142857142857143,1.0,,0.8571428571428572,,,1.0,1.0,0.6428571428571428,0.0,0.8571428571428572,0.8571428571428572,0.0714285714285714,0.8571428571428572,0.8571428571428572,0.07692307692307687,0.8571428571428572,0.0,0.8571428571428572,0.0714285714285714,1.0,0.0,0.8571428571428572,0.4285714285714286,0.8571428571428572,0.7142857142857143,0.2142857142857143,0.8571428571428572,0.0,0.8571428571428572,0.1428571428571429,0.8571428571428572,0.8571428571428572,0.8571428571428572,0.8571428571428572,0.8571428571428572,0.7857142857142857,0.7142857142857143,0.0714285714285714,0.8571428571428572,0.0,0.8571428571428572,0.8571428571428572,0.0,0.8571428571428572,0.8571428571428572,0.8571428571428572,0.3846153846153846,0.5714285714285714,0.0,0.0,0.6428571428571428,0.8571428571428572,0.0714285714285714,0.0,0.0,,0.8571428571428572,0.1428571428571429,0.0,,0.0,0.9230769230769231,1.0,0.7142857142857143,0.0,0.8571428571428572,,0.8571428571428572,0.0,0.8571428571428572,0.8571428571428572,,0.0,0.8571428571428572,0.8571428571428572,0.8571428571428572,0.8571428571428572,0.6428571428571428,0.8571428571428572,0.0,0.7142857142857143,0.8571428571428572,0.8571428571428572,0.8571428571428572,0.0,1.0,0.0,0.8571428571428572,0.0,1.0,0.0,0.8571428571428572,0.8571428571428572,0.8571428571428572,0.8571428571428572,,0.8571428571428572,0.0
1044,0.0,0.06666666666666665,0.8666666666666667,,0.8666666666666667,0.06666666666666665,0.19999999999999996,0.19999999999999996,0.0,0.0,0.8666666666666667,,0.0,0.0,0.1333333333333333,0.0,0.8666666666666667,0.8666666666666667,0.0,0.0,,0.0,0.7857142857142857,0.33333333333333337,0.1428571428571429,0.8571428571428572,0.8666666666666667,,0.8666666666666667,0.8571428571428572,0.0,0.0,0.0,0.0,0.0,,0.8571428571428572,0.0,0.19999999999999996,0.0,0.0,0.1428571428571429,,,0.4666666666666667,0.0,0.0,0.0,0.19999999999999996,0.0,,0.8666666666666667,0.19999999999999996,0.0,,0.0,0.0,,0.0,0.0,0.19999999999999996,0.8571428571428572,0.0,0.0,0.8,0.0,0.0,0.8571428571428572,0.06666666666666665,0.8666666666666667,0.0,0.7857142857142857,0.0,0.8666666666666667,0.0,0.4666666666666667,0.0,0.19999999999999996,0.8666666666666667,0.0,0.8666666666666667,0.0,0.8666666666666667,0.0,0.0,0.0,0.0,0.0,0.33333333333333337,0.19999999999999996,0.8666666666666667,0.0,0.8666666666666667,0.0,0.0,0.8666666666666667,0.0,0.0,0.0,0.8571428571428572,0.4,0.9285714285714286,0.8666666666666667,0.33333333333333337,0.0,0.7857142857142857,0.8666666666666667,0.8666666666666667,,0.0,0.7333333333333334,0.8666666666666667,,0.8666666666666667,0.0,0.0,0.19999999999999996,0.8571428571428572,0.0,,0.0,0.8571428571428572,0.06666666666666665,0.0,,0.9230769230769231,0.0,0.0,0.0,0.0,0.2666666666666667,0.0,0.8666666666666667,0.1333333333333333,0.0,0.0,0.0,0.8666666666666667,0.0,0.8666666666666667,0.0,0.9285714285714286,0.07692307692307687,0.8666666666666667,0.0,0.06666666666666665,0.0,0.0,,0.0,0.8666666666666667
1046,0.1428571428571429,0.19999999999999996,0.6666666666666667,,0.7333333333333334,0.1333333333333333,0.0,0.0,0.1428571428571429,0.19999999999999996,0.7333333333333334,,0.1428571428571429,0.19999999999999996,0.06666666666666665,0.1428571428571429,0.7333333333333334,0.7333333333333334,0.19999999999999996,0.19999999999999996,,0.19999999999999996,0.6428571428571428,0.19999999999999996,0.0,0.7142857142857143,0.7333333333333334,,0.6666666666666667,0.7142857142857143,0.19999999999999996,0.19999999999999996,0.19999999999999996,0.2142857142857143,0.19999999999999996,,0.7142857142857143,0.19999999999999996,0.0,0.19999999999999996,0.19999999999999996,0.0,,,0.4,0.19999999999999996,0.19999999999999996,0.1428571428571429,0.0,0.19999999999999996,,0.7333333333333334,0.0,0.23076923076923073,,0.19999999999999996,0.5,,0.16666666666666663,0.16666666666666663,0.1333333333333333,0.7142857142857143,0.1428571428571429,0.19999999999999996,0.6666666666666667,0.19999999999999996,0.19999999999999996,0.6428571428571428,0.1333333333333333,0.7333333333333334,0.19999999999999996,0.6428571428571428,0.23076923076923073,0.7333333333333334,0.19999999999999996,0.2666666666666667,0.1428571428571429,0.0,0.7333333333333334,0.19999999999999996,0.6666666666666667,0.1428571428571429,0.7333333333333334,0.19999999999999996,0.1428571428571429,0.19999999999999996,0.19999999999999996,0.19999999999999996,0.19999999999999996,0.0,0.7333333333333334,0.19999999999999996,0.7333333333333334,0.1428571428571429,0.19999999999999996,0.6666666666666667,0.19999999999999996,0.19999999999999996,0.19999999999999996,0.6428571428571428,0.19999999999999996,0.7857142857142857,0.6666666666666667,0.1333333333333333,0.1428571428571429,0.6428571428571428,0.6666666666666667,0.6666666666666667,,0.19999999999999996,0.6,0.6666666666666667,,0.7333333333333334,0.2142857142857143,0.23076923076923073,0.0,0.7142857142857143,0.1428571428571429,,0.19999999999999996,0.7142857142857143,0.19999999999999996,0.19999999999999996,,0.7692307692307692,0.19999999999999996,0.19999999999999996,0.19999999999999996,0.19999999999999996,0.06666666666666665,0.1428571428571429,0.7333333333333334,0.33333333333333337,0.19999999999999996,0.19999999999999996,0.19999999999999996,0.7333333333333334,0.23076923076923073,0.7333333333333334,0.19999999999999996,0.7142857142857143,0.15384615384615385,0.6666666666666667,0.1428571428571429,0.1333333333333333,0.19999999999999996,0.19999999999999996,,0.19999999999999996,0.6666666666666667
1048,0.0,0.06666666666666665,0.8666666666666667,,0.8666666666666667,0.06666666666666665,0.19999999999999996,0.19999999999999996,0.0,0.0,0.8666666666666667,,0.0,0.0,0.1333333333333333,0.0,0.8666666666666667,0.8666666666666667,0.0,0.0,,0.0,0.7857142857142857,0.33333333333333337,0.1428571428571429,0.8571428571428572,0.8666666666666667,,0.8666666666666667,0.8571428571428572,0.0,0.0,0.0,0.0,0.0,,0.8571428571428572,0.0,0.19999999999999996,0.0,0.0,0.1428571428571429,,,0.4666666666666667,0.0,0.0,0.0,0.19999999999999996,0.0,,0.8666666666666667,0.19999999999999996,0.0,,0.0,0.0,,0.0,0.0,0.19999999999999996,0.8571428571428572,0.0,0.0,0.8,0.0,0.0,0.8571428571428572,0.06666666666666665,0.8666666666666667,0.0,0.7857142857142857,0.0,0.8666666666666667,0.0,0.4666666666666667,0.0,0.19999999999999996,0.8666666666666667,0.0,0.8666666666666667,0.0,0.8666666666666667,0.0,0.0,0.0,0.0,0.0,0.33333333333333337,0.19999999999999996,0.8666666666666667,0.0,0.8666666666666667,0.0,0.0,0.8666666666666667,0.0,0.0,0.0,0.8571428571428572,0.4,0.9285714285714286,0.8666666666666667,0.33333333333333337,0.0,0.7857142857142857,0.8666666666666667,0.8666666666666667,,0.0,0.7333333333333334,0.8666666666666667,,0.8666666666666667,0.0,0.0,0.19999999999999996,0.8571428571428572,0.0,,0.0,0.8571428571428572,0.06666666666666665,0.0,,0.9230769230769231,0.0,0.0,0.0,0.0,0.2666666666666667,0.0,0.8666666666666667,0.1333333333333333,0.0,0.0,0.0,0.8666666666666667,0.0,0.8666666666666667,0.0,0.9285714285714286,0.07692307692307687,0.8666666666666667,0.0,0.06666666666666665,0.0,0.0,,0.0,0.8666666666666667
1049,0.0,0.06666666666666665,0.8666666666666667,,0.8666666666666667,0.06666666666666665,0.19999999999999996,0.19999999999999996,0.0,0.0,0.8666666666666667,,0.0,0.0,0.1333333333333333,0.0,0.8666666666666667,0.8666666666666667,0.0,0.0,,0.0,0.7857142857142857,0.33333333333333337,0.1428571428571429,0.8571428571428572,0.8666666666666667,,0.8666666666666667,0.8571428571428572,0.0,0.0,0.0,0.0,0.0,,0.8571428571428572,0.0,0.19999999999999996,0.0,0.0,0.1428571428571429,,,0.4666666666666667,0.0,0.0,0.0,0.19999999999999996,0.0,,0.8666666666666667,0.19999999999999996,0.0,,0.0,0.0,,0.0,0.0,0.19999999999999996,0.8571428571428572,0.0,0.0,0.8,0.0,0.0,0.8571428571428572,0.06666666666666665,0.8666666666666667,0.0,0.7857142857142857,0.0,0.8666666666666667,0.0,0.4666666666666667,0.0,0.19999999999999996,0.8666666666666667,0.0,0.8666666666666667,0.0,0.8666666666666667,0.0,0.0,0.0,0.0,0.0,0.33333333333333337,0.19999999999999996,0.8666666666666667,0.0,0.8666666666666667,0.0,0.0,0.8666666666666667,0.0,0.0,0.0,0.8571428571428572,0.4,0.9285714285714286,0.8666666666666667,0.33333333333333337,0.0,0.7857142857142857,0.8666666666666667,0.8666666666666667,,0.0,0.7333333333333334,0.8666666666666667,,0.8666666666666667,0.0,0.0,0.19999999999999996,0.8571428571428572,0.0,,0.0,0.8571428571428572,0.06666666666666665,0.0,,0.9230769230769231,0.0,0.0,0.0,0.0,0.2666666666666667,0.0,0.8666666666666667,0.1333333333333333,0.0,0.0,0.0,0.8666666666666667,0.0,0.8666666666666667,0.0,0.9285714285714286,0.07692307692307687,0.8666666666666667,0.0,0.06666666666666665,0.0,0.0,,0.0,0.8666666666666667
1050,0.1428571428571429,0.1428571428571429,0.7142857142857143,,0.7142857142857143,0.1428571428571429,0.0,0.0,0.1428571428571429,0.1428571428571429,0.7142857142857143,,0.1428571428571429,0.1428571428571429,0.0,0.1428571428571429,0.7142857142857143,0.7142857142857143,0.1428571428571429,0.1428571428571429,,0.1428571428571429,0.6428571428571428,0.1428571428571429,0.0,0.7142857142857143,0.7142857142857143,,0.7142857142857143,0.7142857142857143,0.1428571428571429,0.1428571428571429,0.1428571428571429,0.15384615384615385,0.1428571428571429,,0.7142857142857143,0.1428571428571429,0.0,0.1428571428571429,0.1428571428571429,0.0,,,0.4285714285714286,0.1428571428571429,0.1428571428571429,0.1428571428571429,0.0,0.1428571428571429,,0.7142857142857143,0.0,0.16666666666666663,,0.1428571428571429,,,0.16666666666666663,0.16666666666666663,0.0714285714285714,0.7142857142857143,0.1428571428571429,0.1428571428571429,0.6428571428571428,0.1428571428571429,0.1428571428571429,0.6923076923076923,0.1428571428571429,0.7142857142857143,0.1428571428571429,0.6428571428571428,0.16666666666666663,0.7142857142857143,0.1428571428571429,0.2857142857142857,0.1428571428571429,0.0,0.7142857142857143,0.1428571428571429,0.7142857142857143,0.1428571428571429,0.7142857142857143,0.1428571428571429,0.1428571428571429,0.1428571428571429,0.1428571428571429,0.1428571428571429,0.2142857142857143,0.0,0.7142857142857143,0.1428571428571429,0.7142857142857143,0.1428571428571429,0.1428571428571429,0.7142857142857143,0.1428571428571429,0.1428571428571429,0.1428571428571429,0.6923076923076923,0.2142857142857143,0.7692307692307692,0.7142857142857143,0.1428571428571429,0.1428571428571429,0.6428571428571428,0.7142857142857143,0.7142857142857143,,0.1428571428571429,0.5714285714285714,0.7142857142857143,,0.7142857142857143,0.15384615384615385,0.16666666666666663,0.0,0.7142857142857143,0.1428571428571429,,0.1428571428571429,0.7142857142857143,0.1428571428571429,0.1428571428571429,,0.7692307692307692,0.1428571428571429,0.1428571428571429,0.1428571428571429,0.1428571428571429,0.0714285714285714,0.1428571428571429,0.7142857142857143,0.2857142857142857,0.1428571428571429,0.1428571428571429,0.1428571428571429,0.7142857142857143,0.16666666666666663,0.7142857142857143,0.1428571428571429,0.7692307692307692,0.16666666666666663,0.7142857142857143,0.1428571428571429,0.1428571428571429,0.1428571428571429,0.1428571428571429,,0.1428571428571429,0.7142857142857143
1051,,,,,,,,,,,,,,,,,,,,,,,,,,,,,,,,,,,,,,,,,,,0.0,,,,,,,,,,,,,,,,,,,,,,,,,,,,,,,,,,,,,,,,,,,,,,,,,,,,,,,,,,,,,,,,,,,,,,,,,,,,,,,,,,,,,,,,,,,,,,,,,,,,,,,,,,,,
1053,,,,,,,,,,,,,,,,,,,,,,,,,,,,,,,,,,,,,,,,,,,,0.0,,,,,,,,,,,,,,,,,,,,,,,,,,,,,,,,,,,,,,,,,,,,,,,,,,,,,,,,,,,,,,,,,,,,,,,,,,,,,,,,,,,,,,,,,,,,,,,,,,,,,,,,,,,
1054,0.4285714285714286,0.4666666666666667,0.8,,0.8666666666666667,0.4,0.4,0.4,0.4285714285714286,0.4666666666666667,0.8666666666666667,,0.4285714285714286,0.4666666666666667,0.4666666666666667,0.4285714285714286,0.8666666666666667,0.8666666666666667,0.4666666666666667,0.4666666666666667,,0.4666666666666667,0.7857142857142857,0.6,0.4285714285714286,0.8571428571428572,0.8666666666666667,,0.6666666666666667,0.8571428571428572,0.4666666666666667,0.4666666666666667,0.4666666666666667,0.5,0.4666666666666667,,0.8571428571428572,0.4666666666666667,0.4,0.4666666666666667,0.4666666666666667,0.4285714285714286,,,0.0,0.4666666666666667,0.4666666666666667,0.4285714285714286,0.4,0.4666666666666667,,0.8,0.4,0.5384615384615384,,0.4666666666666667,0.5,,0.5,0.5,0.5333333333333333,0.8571428571428572,0.4285714285714286,0.4666666666666667,0.8,0.4666666666666667,0.4666666666666667,0.7857142857142857,0.4,0.8666666666666667,0.4666666666666667,0.7857142857142857,0.5384615384615384,0.8666666666666667,0.4666666666666667,0.5333333333333333,0.4285714285714286,0.4,0.6666666666666667,0.4666666666666667,0.8,0.4285714285714286,0.7333333333333334,0.4666666666666667,0.4285714285714286,0.4666666666666667,0.4666666666666667,0.4666666666666667,0.19999999999999996,0.4,0.8,0.4666666666666667,0.8666666666666667,0.4285714285714286,0.4666666666666667,0.8,0.4666666666666667,0.4666666666666667,0.4666666666666667,0.7142857142857143,0.6,0.9285714285714286,0.8,0.5333333333333333,0.4285714285714286,0.7857142857142857,0.8,0.8,,0.4666666666666667,0.8,0.8,,0.8666666666666667,0.5,0.5384615384615384,0.4,0.8571428571428572,0.4285714285714286,,0.4666666666666667,0.8571428571428572,0.4,0.4666666666666667,,0.9230769230769231,0.4666666666666667,0.4666666666666667,0.4666666666666667,0.4666666666666667,0.4666666666666667,0.4285714285714286,0.8666666666666667,0.6,0.4666666666666667,0.4666666666666667,0.4666666666666667,0.8666666666666667,0.5384615384615384,0.8666666666666667,0.4666666666666667,0.8571428571428572,0.46153846153846156,0.8,0.4285714285714286,0.4,0.4666666666666667,0.4666666666666667,,0.4666666666666667,0.8
1056,0.0,0.06666666666666665,0.8666666666666667,,0.8666666666666667,0.06666666666666665,0.19999999999999996,0.19999999999999996,0.0,0.0,0.8666666666666667,,0.0,0.0,0.1333333333333333,0.0,0.8666666666666667,0.8666666666666667,0.0,0.0,,0.0,0.7857142857142857,0.33333333333333337,0.1428571428571429,0.8571428571428572,0.8666666666666667,,0.8666666666666667,0.8571428571428572,0.0,0.0,0.0,0.0,0.0,,0.8571428571428572,0.0,0.19999999999999996,0.0,0.0,0.1428571428571429,,,0.4666666666666667,0.0,0.0,0.0,0.19999999999999996,0.0,,0.8666666666666667,0.19999999999999996,0.0,,0.0,0.0,,0.0,0.0,0.19999999999999996,0.8571428571428572,0.0,0.0,0.8,0.0,0.0,0.8571428571428572,0.06666666666666665,0.8666666666666667,0.0,0.7857142857142857,0.0,0.8666666666666667,0.0,0.4666666666666667,0.0,0.19999999999999996,0.8666666666666667,0.0,0.8666666666666667,0.0,0.8666666666666667,0.0,0.0,0.0,0.0,0.0,0.33333333333333337,0.19999999999999996,0.8666666666666667,0.0,0.8666666666666667,0.0,0.0,0.8666666666666667,0.0,0.0,0.0,0.8571428571428572,0.4,0.9285714285714286,0.8666666666666667,0.33333333333333337,0.0,0.7857142857142857,0.8666666666666667,0.8666666666666667,,0.0,0.7333333333333334,0.8666666666666667,,0.8666666666666667,0.0,0.0,0.19999999999999996,0.8571428571428572,0.0,,0.0,0.8571428571428572,0.06666666666666665,0.0,,0.9230769230769231,0.0,0.0,0.0,0.0,0.2666666666666667,0.0,0.8666666666666667,0.1333333333333333,0.0,0.0,0.0,0.8666666666666667,0.0,0.8666666666666667,0.0,0.9285714285714286,0.07692307692307687,0.8666666666666667,0.0,0.06666666666666665,0.0,0.0,,0.0,0.8666666666666667
1057,0.0,0.06666666666666665,0.8666666666666667,,0.8666666666666667,0.06666666666666665,0.19999999999999996,0.19999999999999996,0.0,0.0,0.8666666666666667,,0.0,0.0,0.1333333333333333,0.0,0.8666666666666667,0.8666666666666667,0.0,0.0,,0.0,0.7857142857142857,0.33333333333333337,0.1428571428571429,0.8571428571428572,0.8666666666666667,,0.8666666666666667,0.8571428571428572,0.0,0.0,0.0,0.0,0.0,,0.8571428571428572,0.0,0.19999999999999996,0.0,0.0,0.1428571428571429,,,0.4666666666666667,0.0,0.0,0.0,0.19999999999999996,0.0,,0.8666666666666667,0.19999999999999996,0.0,,0.0,0.0,,0.0,0.0,0.19999999999999996,0.8571428571428572,0.0,0.0,0.8,0.0,0.0,0.8571428571428572,0.06666666666666665,0.8666666666666667,0.0,0.7857142857142857,0.0,0.8666666666666667,0.0,0.4666666666666667,0.0,0.19999999999999996,0.8666666666666667,0.0,0.8666666666666667,0.0,0.8666666666666667,0.0,0.0,0.0,0.0,0.0,0.33333333333333337,0.19999999999999996,0.8666666666666667,0.0,0.8666666666666667,0.0,0.0,0.8666666666666667,0.0,0.0,0.0,0.8571428571428572,0.4,0.9285714285714286,0.8666666666666667,0.33333333333333337,0.0,0.7857142857142857,0.8666666666666667,0.8666666666666667,,0.0,0.7333333333333334,0.8666666666666667,,0.8666666666666667,0.0,0.0,0.19999999999999996,0.8571428571428572,0.0,,0.0,0.8571428571428572,0.06666666666666665,0.0,,0.9230769230769231,0.0,0.0,0.0,0.0,0.2666666666666667,0.0,0.8666666666666667,0.1333333333333333,0.0,0.0,0.0,0.8666666666666667,0.0,0.8666666666666667,0.0,0.9285714285714286,0.07692307692307687,0.8666666666666667,0.0,0.06666666666666665,0.0,0.0,,0.0,0.8666666666666667
1058,0.0,0.0,0.8571428571428572,,0.8571428571428572,0.0,0.1428571428571429,0.1428571428571429,0.0,0.0,0.8571428571428572,,0.0,0.0,0.1428571428571429,0.0,0.8571428571428572,0.8571428571428572,0.0,0.0,,0.0,0.7857142857142857,0.2857142857142857,0.1428571428571429,0.8571428571428572,0.8571428571428572,,0.8571428571428572,0.8571428571428572,0.0,0.0,0.0,0.0,0.0,,0.8571428571428572,0.0,0.1428571428571429,0.0,0.0,0.1428571428571429,,,0.4285714285714286,0.0,0.0,0.0,0.1428571428571429,0.0,,0.8571428571428572,0.1428571428571429,0.0,,0.0,,,0.0,0.0,0.2142857142857143,0.8571428571428572,0.0,0.0,0.7857142857142857,0.0,0.0,0.8461538461538461,0.0,0.8571428571428572,0.0,0.7857142857142857,0.0,0.8571428571428572,0.0,0.4285714285714286,0.0,0.1428571428571429,0.8571428571428572,0.0,0.8571428571428572,0.0,0.8571428571428572,0.0,0.0,0.0,0.0,0.0,0.2857142857142857,0.1428571428571429,0.8571428571428572,0.0,0.8571428571428572,0.0,0.0,0.8571428571428572,0.0,0.0,0.0,0.8461538461538461,0.3571428571428571,0.9230769230769231,0.8571428571428572,0.2857142857142857,0.0,0.7857142857142857,0.8571428571428572,0.8571428571428572,,0.0,0.7142857142857143,0.8571428571428572,,0.8571428571428572,0.0,0.0,0.1428571428571429,0.8571428571428572,0.0,,0.0,0.8571428571428572,0.0714285714285714,0.0,,0.9230769230769231,0.0,0.0,0.0,0.0,0.2142857142857143,0.0,0.8571428571428572,0.1428571428571429,0.0,0.0,0.0,0.8571428571428572,0.0,0.8571428571428572,0.0,0.9230769230769231,0.0,0.8571428571428572,0.0,0.0,0.0,0.0,,0.0,0.8571428571428572
1059,0.1428571428571429,0.19999999999999996,0.6666666666666667,,0.7333333333333334,0.1333333333333333,0.0,0.0,0.1428571428571429,0.19999999999999996,0.7333333333333334,,0.1428571428571429,0.19999999999999996,0.06666666666666665,0.1428571428571429,0.7333333333333334,0.7333333333333334,0.19999999999999996,0.19999999999999996,,0.19999999999999996,0.6428571428571428,0.19999999999999996,0.0,0.7142857142857143,0.7333333333333334,,0.6666666666666667,0.7142857142857143,0.19999999999999996,0.19999999999999996,0.19999999999999996,0.2142857142857143,0.19999999999999996,,0.7142857142857143,0.19999999999999996,0.0,0.19999999999999996,0.19999999999999996,0.0,,,0.4,0.19999999999999996,0.19999999999999996,0.1428571428571429,0.0,0.19999999999999996,,0.7333333333333334,0.0,0.23076923076923073,,0.19999999999999996,0.5,,0.16666666666666663,0.16666666666666663,0.1333333333333333,0.7142857142857143,0.1428571428571429,0.19999999999999996,0.6666666666666667,0.19999999999999996,0.19999999999999996,0.6428571428571428,0.1333333333333333,0.7333333333333334,0.19999999999999996,0.6428571428571428,0.23076923076923073,0.7333333333333334,0.19999999999999996,0.2666666666666667,0.1428571428571429,0.0,0.7333333333333334,0.19999999999999996,0.6666666666666667,0.1428571428571429,0.7333333333333334,0.19999999999999996,0.1428571428571429,0.19999999999999996,0.19999999999999996,0.19999999999999996,0.19999999999999996,0.0,0.7333333333333334,0.19999999999999996,0.7333333333333334,0.1428571428571429,0.19999999999999996,0.6666666666666667,0.19999999999999996,0.19999999999999996,0.19999999999999996,0.6428571428571428,0.19999999999999996,0.7857142857142857,0.6666666666666667,0.1333333333333333,0.1428571428571429,0.6428571428571428,0.6666666666666667,0.6666666666666667,,0.19999999999999996,0.6,0.6666666666666667,,0.7333333333333334,0.2142857142857143,0.23076923076923073,0.0,0.7142857142857143,0.1428571428571429,,0.19999999999999996,0.7142857142857143,0.19999999999999996,0.19999999999999996,,0.7692307692307692,0.19999999999999996,0.19999999999999996,0.19999999999999996,0.19999999999999996,0.06666666666666665,0.1428571428571429,0.7333333333333334,0.33333333333333337,0.19999999999999996,0.19999999999999996,0.19999999999999996,0.7333333333333334,0.23076923076923073,0.7333333333333334,0.19999999999999996,0.7142857142857143,0.15384615384615385,0.6666666666666667,0.1428571428571429,0.1333333333333333,0.19999999999999996,0.19999999999999996,,0.19999999999999996,0.6666666666666667
1062,0.0,0.06666666666666665,0.8666666666666667,,0.8666666666666667,0.06666666666666665,0.19999999999999996,0.19999999999999996,0.0,0.0,0.8666666666666667,,0.0,0.0,0.1333333333333333,0.0,0.8666666666666667,0.8666666666666667,0.0,0.0,,0.0,0.7857142857142857,0.33333333333333337,0.1428571428571429,0.8571428571428572,0.8666666666666667,,0.8666666666666667,0.8571428571428572,0.0,0.0,0.0,0.0,0.0,,0.8571428571428572,0.0,0.19999999999999996,0.0,0.0,0.1428571428571429,,,0.4666666666666667,0.0,0.0,0.0,0.19999999999999996,0.0,,0.8666666666666667,0.19999999999999996,0.0,,0.0,0.0,,0.0,0.0,0.19999999999999996,0.8571428571428572,0.0,0.0,0.8,0.0,0.0,0.8571428571428572,0.06666666666666665,0.8666666666666667,0.0,0.7857142857142857,0.0,0.8666666666666667,0.0,0.4666666666666667,0.0,0.19999999999999996,0.8666666666666667,0.0,0.8666666666666667,0.0,0.8666666666666667,0.0,0.0,0.0,0.0,0.0,0.33333333333333337,0.19999999999999996,0.8666666666666667,0.0,0.8666666666666667,0.0,0.0,0.8666666666666667,0.0,0.0,0.0,0.8571428571428572,0.4,0.9285714285714286,0.8666666666666667,0.33333333333333337,0.0,0.7857142857142857,0.8666666666666667,0.8666666666666667,,0.0,0.7333333333333334,0.8666666666666667,,0.8666666666666667,0.0,0.0,0.19999999999999996,0.8571428571428572,0.0,,0.0,0.8571428571428572,0.06666666666666665,0.0,,0.9230769230769231,0.0,0.0,0.0,0.0,0.2666666666666667,0.0,0.8666666666666667,0.1333333333333333,0.0,0.0,0.0,0.8666666666666667,0.0,0.8666666666666667,0.0,0.9285714285714286,0.07692307692307687,0.8666666666666667,0.0,0.06666666666666665,0.0,0.0,,0.0,0.8666666666666667
1063,,,,,,,,,,,,,,,,,,,,,,,,,,,,,,,,,,,,,,,,,,,,,,,,,,,0.0,,,,,,,,,,,,,,,,,,,,,,,,,,,,,,,,,,,,,,,,,,,,,,,,,,,,,,,,,,,,,,,,,,,,,,,,,,,,,,,,,,,,,,,,,,,,,,,,,,,,
1065,0.8571428571428572,0.8,0.1333333333333333,,0.06666666666666665,0.8666666666666667,0.7333333333333334,0.7333333333333334,0.8571428571428572,0.8666666666666667,0.06666666666666665,,0.8571428571428572,0.8666666666666667,0.7333333333333334,0.8571428571428572,0.06666666666666665,0.06666666666666665,0.8666666666666667,0.8666666666666667,,0.8666666666666667,0.1428571428571429,0.6,0.7142857142857143,0.1428571428571429,0.06666666666666665,,0.5333333333333333,0.1428571428571429,0.8666666666666667,0.8666666666666667,0.8666666666666667,0.9285714285714286,0.8666666666666667,,0.0714285714285714,0.8666666666666667,0.7333333333333334,0.8666666666666667,0.8666666666666667,0.7142857142857143,,,0.8,0.8666666666666667,0.8666666666666667,0.8571428571428572,0.7333333333333334,0.8666666666666667,,0.0,0.7333333333333334,1.0,,0.8666666666666667,0.5,,1.0,1.0,0.6666666666666667,0.0714285714285714,0.8571428571428572,0.8666666666666667,0.1333333333333333,0.8666666666666667,0.8666666666666667,0.2142857142857143,0.8666666666666667,0.06666666666666665,0.8666666666666667,0.1428571428571429,1.0,0.06666666666666665,0.8666666666666667,0.4666666666666667,0.8571428571428572,0.7333333333333334,0.1333333333333333,0.8666666666666667,0.1333333333333333,0.8571428571428572,0.19999999999999996,0.8666666666666667,0.8571428571428572,0.8666666666666667,0.8666666666666667,0.8666666666666667,0.8,0.7333333333333334,0.1333333333333333,0.8666666666666667,0.06666666666666665,0.8571428571428572,0.8666666666666667,0.1333333333333333,0.8666666666666667,0.8666666666666667,0.8666666666666667,0.5,0.6,0.0714285714285714,0.1333333333333333,0.6666666666666667,0.8571428571428572,0.1428571428571429,0.1333333333333333,0.1333333333333333,,0.8666666666666667,0.19999999999999996,0.1333333333333333,,0.06666666666666665,0.9285714285714286,1.0,0.7333333333333334,0.0714285714285714,0.8571428571428572,,0.8666666666666667,0.0714285714285714,0.8666666666666667,0.8666666666666667,,0.07692307692307687,0.8666666666666667,0.8666666666666667,0.8666666666666667,0.8666666666666667,0.6666666666666667,0.8571428571428572,0.06666666666666665,0.7333333333333334,0.8666666666666667,0.8666666666666667,0.8666666666666667,0.06666666666666665,1.0,0.06666666666666665,0.8666666666666667,0.1428571428571429,1.0,0.1333333333333333,0.8571428571428572,0.8666666666666667,0.8666666666666667,0.8666666666666667,,0.8666666666666667,0.1333333333333333
1067,0.1428571428571429,0.19999999999999996,0.6666666666666667,,0.7333333333333334,0.1333333333333333,0.0,0.0,0.1428571428571429,0.19999999999999996,0.7333333333333334,,0.1428571428571429,0.19999999999999996,0.06666666666666665,0.1428571428571429,0.7333333333333334,0.7333333333333334,0.19999999999999996,0.19999999999999996,,0.19999999999999996,0.6428571428571428,0.19999999999999996,0.0,0.7142857142857143,0.7333333333333334,,0.6666666666666667,0.7142857142857143,0.19999999999999996,0.19999999999999996,0.19999999999999996,0.2142857142857143,0.19999999999999996,,0.7142857142857143,0.19999999999999996,0.0,0.19999999999999996,0.19999999999999996,0.0,,,0.4,0.19999999999999996,0.19999999999999996,0.1428571428571429,0.0,0.19999999999999996,,0.7333333333333334,0.0,0.23076923076923073,,0.19999999999999996,0.5,,0.16666666666666663,0.16666666666666663,0.1333333333333333,0.7142857142857143,0.1428571428571429,0.19999999999999996,0.6666666666666667,0.19999999999999996,0.19999999999999996,0.6428571428571428,0.1333333333333333,0.7333333333333334,0.19999999999999996,0.6428571428571428,0.23076923076923073,0.7333333333333334,0.19999999999999996,0.2666666666666667,0.1428571428571429,0.0,0.7333333333333334,0.19999999999999996,0.6666666666666667,0.1428571428571429,0.7333333333333334,0.19999999999999996,0.1428571428571429,0.19999999999999996,0.19999999999999996,0.19999999999999996,0.19999999999999996,0.0,0.7333333333333334,0.19999999999999996,0.7333333333333334,0.1428571428571429,0.19999999999999996,0.6666666666666667,0.19999999999999996,0.19999999999999996,0.19999999999999996,0.6428571428571428,0.19999999999999996,0.7857142857142857,0.6666666666666667,0.1333333333333333,0.1428571428571429,0.6428571428571428,0.6666666666666667,0.6666666666666667,,0.19999999999999996,0.6,0.6666666666666667,,0.7333333333333334,0.2142857142857143,0.23076923076923073,0.0,0.7142857142857143,0.1428571428571429,,0.19999999999999996,0.7142857142857143,0.19999999999999996,0.19999999999999996,,0.7692307692307692,0.19999999999999996,0.19999999999999996,0.19999999999999996,0.19999999999999996,0.06666666666666665,0.1428571428571429,0.7333333333333334,0.33333333333333337,0.19999999999999996,0.19999999999999996,0.19999999999999996,0.7333333333333334,0.23076923076923073,0.7333333333333334,0.19999999999999996,0.7142857142857143,0.15384615384615385,0.6666666666666667,0.1428571428571429,0.1333333333333333,0.19999999999999996,0.19999999999999996,,0.19999999999999996,0.6666666666666667
1068,0.0,0.07692307692307687,1.0,,1.0,0.07692307692307687,0.23076923076923073,0.23076923076923073,0.0,0.0,1.0,,0.0,0.0,0.15384615384615385,0.0,1.0,1.0,0.0,0.0,,0.0,0.9166666666666666,0.3846153846153846,0.16666666666666663,1.0,1.0,,1.0,1.0,0.0,0.0,0.0,0.0,0.0,,1.0,0.0,0.23076923076923073,0.0,0.0,0.16666666666666663,,,0.5384615384615384,0.0,0.0,0.0,0.23076923076923073,0.0,,1.0,0.23076923076923073,0.0,,0.0,,,0.0,0.0,0.23076923076923073,1.0,0.0,0.0,0.9230769230769231,0.0,0.0,0.9230769230769231,0.07692307692307687,1.0,0.0,0.9166666666666666,0.0,1.0,0.0,0.5384615384615384,0.0,0.23076923076923073,1.0,0.0,1.0,0.0,1.0,0.0,0.0,0.0,0.0,0.0,0.3846153846153846,0.23076923076923073,1.0,0.0,1.0,0.0,0.0,1.0,0.0,0.0,0.0,0.9230769230769231,0.46153846153846156,1.0,1.0,0.3846153846153846,0.0,0.9166666666666666,1.0,1.0,,0.0,0.8461538461538461,1.0,,1.0,0.0,0.0,0.23076923076923073,1.0,0.0,,0.0,1.0,0.07692307692307687,0.0,,1.0,0.0,0.0,0.0,0.0,0.3076923076923077,0.0,1.0,0.15384615384615385,0.0,0.0,0.0,1.0,0.0,1.0,0.0,1.0,0.07692307692307687,1.0,0.0,0.07692307692307687,0.0,0.0,,0.0,1.0
1069,,,,,,,,,,,,,,,,,,,,,,,,,,,,,,,,,,,,,,,,,,,,,,,,,,,,,,,0.0,,,,,,,,,,,,,,,,,,,,,,,,,,,,,,,,,,,,,,,,,,,,,,,,,,,,,,,,,,,,,,,,,,,,,,,,,,,,,,,,,,,,,,,,,,,,,,,,
1073,0.0,0.06666666666666665,0.8666666666666667,,0.8666666666666667,0.06666666666666665,0.19999999999999996,0.19999999999999996,0.0,0.0,0.8666666666666667,,0.0,0.0,0.1333333333333333,0.0,0.8666666666666667,0.8666666666666667,0.0,0.0,,0.0,0.7857142857142857,0.33333333333333337,0.1428571428571429,0.8571428571428572,0.8666666666666667,,0.8666666666666667,0.8571428571428572,0.0,0.0,0.0,0.0,0.0,,0.8571428571428572,0.0,0.19999999999999996,0.0,0.0,0.1428571428571429,,,0.4666666666666667,0.0,0.0,0.0,0.19999999999999996,0.0,,0.8666666666666667,0.19999999999999996,0.0,,0.0,0.0,,0.0,0.0,0.19999999999999996,0.8571428571428572,0.0,0.0,0.8,0.0,0.0,0.8571428571428572,0.06666666666666665,0.8666666666666667,0.0,0.7857142857142857,0.0,0.8666666666666667,0.0,0.4666666666666667,0.0,0.19999999999999996,0.8666666666666667,0.0,0.8666666666666667,0.0,0.8666666666666667,0.0,0.0,0.0,0.0,0.0,0.33333333333333337,0.19999999999999996,0.8666666666666667,0.0,0.8666666666666667,0.0,0.0,0.8666666666666667,0.0,0.0,0.0,0.8571428571428572,0.4,0.9285714285714286,0.8666666666666667,0.33333333333333337,0.0,0.7857142857142857,0.8666666666666667,0.8666666666666667,,0.0,0.7333333333333334,0.8666666666666667,,0.8666666666666667,0.0,0.0,0.19999999999999996,0.8571428571428572,0.0,,0.0,0.8571428571428572,0.06666666666666665,0.0,,0.9230769230769231,0.0,0.0,0.0,0.0,0.2666666666666667,0.0,0.8666666666666667,0.1333333333333333,0.0,0.0,0.0,0.8666666666666667,0.0,0.8666666666666667,0.0,0.9285714285714286,0.07692307692307687,0.8666666666666667,0.0,0.06666666666666665,0.0,0.0,,0.0,0.8666666666666667
1074,,0.5,0.5,,0.5,0.5,0.5,0.5,,0.0,0.5,,,0.0,0.0,,0.5,0.5,0.0,0.0,,0.0,,0.5,,,0.5,,0.5,,0.0,0.0,0.0,,0.0,,,0.0,0.5,0.0,0.0,,,,0.5,0.0,0.0,,0.5,0.0,,0.5,0.5,,,0.0,0.0,,,,0.0,,,0.0,0.5,0.0,0.0,,0.5,0.5,0.0,,,0.5,0.0,0.5,,0.5,0.5,0.0,0.5,,0.5,0.0,,0.0,0.0,0.0,0.5,0.5,0.5,0.0,0.5,,0.0,0.5,0.0,0.0,0.0,,0.5,,0.5,0.5,,,0.5,0.5,,0.0,0.5,0.5,,0.5,,,0.5,,,,0.0,,0.0,0.0,,,0.0,0.0,0.0,0.0,0.5,,0.5,0.0,0.0,0.0,0.0,0.5,,0.5,0.0,,,0.5,,0.5,0.0,0.0,,0.0,0.5
1075,,,,,,,,,,,,,,,,,,,,,,,,,,,,,,,,,,,,,,,,,,,,,,,,,,,,,,,,,,0.0,,,,,,,,,,,,,,,,,,,,,,,,,,,,,,,,,,,,,,,,,,,,,,,,,,,,,,,,,,,,,,,,,,,,,,,,,,,,,,,,,,,,,,,,,,,,,
1076,0.0,0.0,1.0,,1.0,0.0,0.16666666666666663,0.16666666666666663,0.0,0.0,1.0,,0.0,0.0,0.16666666666666663,0.0,1.0,1.0,0.0,0.0,,0.0,0.9166666666666666,0.33333333333333337,0.16666666666666663,1.0,1.0,,1.0,1.0,0.0,0.0,0.0,0.0,0.0,,1.0,0.0,0.16666666666666663,0.0,0.0,0.16666666666666663,,,0.5,0.0,0.0,0.0,0.16666666666666663,0.0,,1.0,0.16666666666666663,0.0,,0.0,,,0.0,0.0,0.25,1.0,0.0,0.0,0.9166666666666666,0.0,0.0,0.9166666666666666,0.0,1.0,0.0,0.9166666666666666,0.0,1.0,0.0,0.5,0.0,0.16666666666666663,1.0,0.0,1.0,0.0,1.0,0.0,0.0,0.0,0.0,0.0,0.33333333333333337,0.16666666666666663,1.0,0.0,1.0,0.0,0.0,1.0,0.0,0.0,0.0,0.9166666666666666,0.41666666666666663,1.0,1.0,0.33333333333333337,0.0,0.9166666666666666,1.0,1.0,,0.0,0.8333333333333334,1.0,,1.0,0.0,0.0,0.16666666666666663,1.0,0.0,,0.0,1.0,0.08333333333333337,0.0,,1.0,0.0,0.0,0.0,0.0,0.25,0.0,1.0,0.16666666666666663,0.0,0.0,0.0,1.0,0.0,1.0,0.0,1.0,0.0,1.0,0.0,0.0,0.0,0.0,,0.0,1.0
1077,0.0,0.0,1.0,,1.0,0.0,0.16666666666666663,0.16666666666666663,0.0,0.0,1.0,,0.0,0.0,0.16666666666666663,0.0,1.0,1.0,0.0,0.0,,0.0,0.9166666666666666,0.33333333333333337,0.16666666666666663,1.0,1.0,,1.0,1.0,0.0,0.0,0.0,0.0,0.0,,1.0,0.0,0.16666666666666663,0.0,0.0,0.16666666666666663,,,0.5,0.0,0.0,0.0,0.16666666666666663,0.0,,1.0,0.16666666666666663,0.0,,0.0,,,0.0,0.0,0.25,1.0,0.0,0.0,0.9166666666666666,0.0,0.0,0.9166666666666666,0.0,1.0,0.0,0.9166666666666666,0.0,1.0,0.0,0.5,0.0,0.16666666666666663,1.0,0.0,1.0,0.0,1.0,0.0,0.0,0.0,0.0,0.0,0.33333333333333337,0.16666666666666663,1.0,0.0,1.0,0.0,0.0,1.0,0.0,0.0,0.0,0.9166666666666666,0.41666666666666663,1.0,1.0,0.33333333333333337,0.0,0.9166666666666666,1.0,1.0,,0.0,0.8333333333333334,1.0,,1.0,0.0,0.0,0.16666666666666663,1.0,0.0,,0.0,1.0,0.08333333333333337,0.0,,1.0,0.0,0.0,0.0,0.0,0.25,0.0,1.0,0.16666666666666663,0.0,0.0,0.0,1.0,0.0,1.0,0.0,1.0,0.0,1.0,0.0,0.0,0.0,0.0,,0.0,1.0
1081,0.2142857142857143,0.2666666666666667,0.6666666666666667,,0.6666666666666667,0.2666666666666667,0.1333333333333333,0.1333333333333333,0.2142857142857143,0.19999999999999996,0.6666666666666667,,0.2142857142857143,0.19999999999999996,0.06666666666666665,0.2142857142857143,0.6666666666666667,0.6666666666666667,0.19999999999999996,0.19999999999999996,,0.19999999999999996,0.5714285714285714,0.19999999999999996,0.0714285714285714,0.7142857142857143,0.6666666666666667,,0.7333333333333334,0.7142857142857143,0.19999999999999996,0.19999999999999996,0.19999999999999996,0.2142857142857143,0.19999999999999996,,0.6428571428571428,0.19999999999999996,0.1333333333333333,0.19999999999999996,0.19999999999999996,0.0714285714285714,,,0.5333333333333333,0.19999999999999996,0.19999999999999996,0.2142857142857143,0.1333333333333333,0.19999999999999996,,0.6666666666666667,0.1333333333333333,0.23076923076923073,,0.19999999999999996,0.0,,0.25,0.25,0.0,0.6428571428571428,0.2142857142857143,0.19999999999999996,0.6,0.19999999999999996,0.19999999999999996,0.7857142857142857,0.2666666666666667,0.6666666666666667,0.19999999999999996,0.7142857142857143,0.23076923076923073,0.6666666666666667,0.19999999999999996,0.2666666666666667,0.2142857142857143,0.1333333333333333,0.6666666666666667,0.19999999999999996,0.6666666666666667,0.2142857142857143,0.6666666666666667,0.19999999999999996,0.2142857142857143,0.19999999999999996,0.19999999999999996,0.19999999999999996,0.33333333333333337,0.1333333333333333,0.6666666666666667,0.19999999999999996,0.6666666666666667,0.2142857142857143,0.19999999999999996,0.6666666666666667,0.19999999999999996,0.19999999999999996,0.19999999999999996,0.7142857142857143,0.19999999999999996,0.7142857142857143,0.6666666666666667,0.2666666666666667,0.2142857142857143,0.5714285714285714,0.6666666666666667,0.6666666666666667,,0.19999999999999996,0.5333333333333333,0.6666666666666667,,0.6666666666666667,0.2142857142857143,0.23076923076923073,0.1333333333333333,0.6428571428571428,0.2142857142857143,,0.19999999999999996,0.6428571428571428,0.19999999999999996,0.19999999999999996,,0.6923076923076923,0.19999999999999996,0.19999999999999996,0.19999999999999996,0.19999999999999996,0.19999999999999996,0.2142857142857143,0.6666666666666667,0.19999999999999996,0.19999999999999996,0.19999999999999996,0.19999999999999996,0.6666666666666667,0.23076923076923073,0.6666666666666667,0.19999999999999996,0.7142857142857143,0.3076923076923077,0.6666666666666667,0.2142857142857143,0.2666666666666667,0.19999999999999996,0.19999999999999996,,0.19999999999999996,0.6666666666666667
1082,0.8571428571428572,0.8571428571428572,0.0,,0.0,0.8571428571428572,0.7142857142857143,0.7142857142857143,0.8571428571428572,0.8571428571428572,0.0,,0.8571428571428572,0.8571428571428572,0.7142857142857143,0.8571428571428572,0.0,0.0,0.8571428571428572,0.8571428571428572,,0.8571428571428572,0.0714285714285714,0.6428571428571428,0.7142857142857143,0.0714285714285714,0.0,,0.4285714285714286,0.0714285714285714,0.8571428571428572,0.8571428571428572,0.8571428571428572,0.9230769230769231,0.8571428571428572,,0.0,0.8571428571428572,0.7142857142857143,0.8571428571428572,0.8571428571428572,0.7142857142857143,,,0.8571428571428572,0.8571428571428572,0.8571428571428572,0.8571428571428572,0.7142857142857143,0.8571428571428572,,0.0714285714285714,0.7142857142857143,1.0,,0.8571428571428572,,,1.0,1.0,0.6428571428571428,0.0,0.8571428571428572,0.8571428571428572,0.0714285714285714,0.8571428571428572,0.8571428571428572,0.07692307692307687,0.8571428571428572,0.0,0.8571428571428572,0.0714285714285714,1.0,0.0,0.8571428571428572,0.4285714285714286,0.8571428571428572,0.7142857142857143,0.2142857142857143,0.8571428571428572,0.0,0.8571428571428572,0.1428571428571429,0.8571428571428572,0.8571428571428572,0.8571428571428572,0.8571428571428572,0.8571428571428572,0.7857142857142857,0.7142857142857143,0.0714285714285714,0.8571428571428572,0.0,0.8571428571428572,0.8571428571428572,0.0,0.8571428571428572,0.8571428571428572,0.8571428571428572,0.3846153846153846,0.5714285714285714,0.0,0.0,0.6428571428571428,0.8571428571428572,0.0714285714285714,0.0,0.0,,0.8571428571428572,0.1428571428571429,0.0,,0.0,0.9230769230769231,1.0,0.7142857142857143,0.0,0.8571428571428572,,0.8571428571428572,0.0,0.8571428571428572,0.8571428571428572,,0.0,0.8571428571428572,0.8571428571428572,0.8571428571428572,0.8571428571428572,0.6428571428571428,0.8571428571428572,0.0,0.7142857142857143,0.8571428571428572,0.8571428571428572,0.8571428571428572,0.0,1.0,0.0,0.8571428571428572,0.0,1.0,0.0,0.8571428571428572,0.8571428571428572,0.8571428571428572,0.8571428571428572,,0.8571428571428572,0.0
1086,0.0,0.0,0.8571428571428572,,0.8571428571428572,0.0,0.1428571428571429,0.1428571428571429,0.0,0.0,0.8571428571428572,,0.0,0.0,0.1428571428571429,0.0,0.8571428571428572,0.8571428571428572,0.0,0.0,,0.0,0.7857142857142857,0.2857142857142857,0.1428571428571429,0.8571428571428572,0.8571428571428572,,0.8571428571428572,0.8571428571428572,0.0,0.0,0.0,0.0,0.0,,0.8571428571428572,0.0,0.1428571428571429,0.0,0.0,0.1428571428571429,,,0.4285714285714286,0.0,0.0,0.0,0.1428571428571429,0.0,,0.8571428571428572,0.1428571428571429,0.0,,0.0,,,0.0,0.0,0.2142857142857143,0.8571428571428572,0.0,0.0,0.7857142857142857,0.0,0.0,0.8461538461538461,0.0,0.8571428571428572,0.0,0.7857142857142857,0.0,0.8571428571428572,0.0,0.4285714285714286,0.0,0.1428571428571429,0.8571428571428572,0.0,0.8571428571428572,0.0,0.8571428571428572,0.0,0.0,0.0,0.0,0.0,0.2857142857142857,0.1428571428571429,0.8571428571428572,0.0,0.8571428571428572,0.0,0.0,0.8571428571428572,0.0,0.0,0.0,0.8461538461538461,0.3571428571428571,0.9230769230769231,0.8571428571428572,0.2857142857142857,0.0,0.7857142857142857,0.8571428571428572,0.8571428571428572,,0.0,0.7142857142857143,0.8571428571428572,,0.8571428571428572,0.0,0.0,0.1428571428571429,0.8571428571428572,0.0,,0.0,0.8571428571428572,0.0714285714285714,0.0,,0.9230769230769231,0.0,0.0,0.0,0.0,0.2142857142857143,0.0,0.8571428571428572,0.1428571428571429,0.0,0.0,0.0,0.8571428571428572,0.0,0.8571428571428572,0.0,0.9230769230769231,0.0,0.8571428571428572,0.0,0.0,0.0,0.0,,0.0,0.8571428571428572
1087,0.0,0.06666666666666665,0.8666666666666667,,0.8666666666666667,0.06666666666666665,0.19999999999999996,0.19999999999999996,0.0,0.0,0.8666666666666667,,0.0,0.0,0.1333333333333333,0.0,0.8666666666666667,0.8666666666666667,0.0,0.0,,0.0,0.7857142857142857,0.33333333333333337,0.1428571428571429,0.8571428571428572,0.8666666666666667,,0.8666666666666667,0.8571428571428572,0.0,0.0,0.0,0.0,0.0,,0.8571428571428572,0.0,0.19999999999999996,0.0,0.0,0.1428571428571429,,,0.4666666666666667,0.0,0.0,0.0,0.19999999999999996,0.0,,0.8666666666666667,0.19999999999999996,0.0,,0.0,0.0,,0.0,0.0,0.19999999999999996,0.8571428571428572,0.0,0.0,0.8,0.0,0.0,0.8571428571428572,0.06666666666666665,0.8666666666666667,0.0,0.7857142857142857,0.0,0.8666666666666667,0.0,0.4666666666666667,0.0,0.19999999999999996,0.8666666666666667,0.0,0.8666666666666667,0.0,0.8666666666666667,0.0,0.0,0.0,0.0,0.0,0.33333333333333337,0.19999999999999996,0.8666666666666667,0.0,0.8666666666666667,0.0,0.0,0.8666666666666667,0.0,0.0,0.0,0.8571428571428572,0.4,0.9285714285714286,0.8666666666666667,0.33333333333333337,0.0,0.7857142857142857,0.8666666666666667,0.8666666666666667,,0.0,0.7333333333333334,0.8666666666666667,,0.8666666666666667,0.0,0.0,0.19999999999999996,0.8571428571428572,0.0,,0.0,0.8571428571428572,0.06666666666666665,0.0,,0.9230769230769231,0.0,0.0,0.0,0.0,0.2666666666666667,0.0,0.8666666666666667,0.1333333333333333,0.0,0.0,0.0,0.8666666666666667,0.0,0.8666666666666667,0.0,0.9285714285714286,0.07692307692307687,0.8666666666666667,0.0,0.06666666666666665,0.0,0.0,,0.0,0.8666666666666667
1094,0.7857142857142857,0.7333333333333334,0.1333333333333333,,0.06666666666666665,0.8,0.6666666666666667,0.6666666666666667,0.7857142857142857,0.8,0.06666666666666665,,0.7857142857142857,0.8,0.6666666666666667,0.7857142857142857,0.06666666666666665,0.06666666666666665,0.8,0.8,,0.8,0.1428571428571429,0.5333333333333333,0.6428571428571428,0.1428571428571429,0.06666666666666665,,0.5333333333333333,0.1428571428571429,0.8,0.8,0.8,0.8571428571428572,0.8,,0.0714285714285714,0.8,0.6666666666666667,0.8,0.8,0.6428571428571428,,,0.8,0.8,0.8,0.7857142857142857,0.6666666666666667,0.8,,0.1333333333333333,0.6666666666666667,0.9230769230769231,,0.8,0.5,,0.9166666666666666,0.9166666666666666,0.6,0.0714285714285714,0.7857142857142857,0.8,0.0,0.8,0.8,0.2142857142857143,0.8,0.06666666666666665,0.8,0.1428571428571429,0.9230769230769231,0.06666666666666665,0.8,0.5333333333333333,0.7857142857142857,0.6666666666666667,0.2666666666666667,0.8,0.1333333333333333,0.7857142857142857,0.19999999999999996,0.8,0.7857142857142857,0.8,0.8,0.8,0.7333333333333334,0.6666666666666667,0.1333333333333333,0.8,0.06666666666666665,0.7857142857142857,0.8,0.1333333333333333,0.8,0.8,0.8,0.5,0.6,0.0714285714285714,0.1333333333333333,0.7333333333333334,0.7857142857142857,0.1428571428571429,0.1333333333333333,0.1333333333333333,,0.8,0.19999999999999996,0.1333333333333333,,0.06666666666666665,0.8571428571428572,0.9230769230769231,0.6666666666666667,0.0714285714285714,0.7857142857142857,,0.8,0.0714285714285714,0.8,0.8,,0.07692307692307687,0.8,0.8,0.8,0.8,0.6,0.7857142857142857,0.06666666666666665,0.6666666666666667,0.8,0.8,0.8,0.06666666666666665,0.9230769230769231,0.06666666666666665,0.8,0.1428571428571429,0.9230769230769231,0.1333333333333333,0.7857142857142857,0.8,0.8,0.8,,0.8,0.1333333333333333
1096,0.0,0.06666666666666665,0.8666666666666667,,0.8666666666666667,0.06666666666666665,0.19999999999999996,0.19999999999999996,0.0,0.0,0.8666666666666667,,0.0,0.0,0.1333333333333333,0.0,0.8666666666666667,0.8666666666666667,0.0,0.0,,0.0,0.7857142857142857,0.33333333333333337,0.1428571428571429,0.8571428571428572,0.8666666666666667,,0.8666666666666667,0.8571428571428572,0.0,0.0,0.0,0.0,0.0,,0.8571428571428572,0.0,0.19999999999999996,0.0,0.0,0.1428571428571429,,,0.4666666666666667,0.0,0.0,0.0,0.19999999999999996,0.0,,0.8666666666666667,0.19999999999999996,0.0,,0.0,0.0,,0.0,0.0,0.19999999999999996,0.8571428571428572,0.0,0.0,0.8,0.0,0.0,0.8571428571428572,0.06666666666666665,0.8666666666666667,0.0,0.7857142857142857,0.0,0.8666666666666667,0.0,0.4666666666666667,0.0,0.19999999999999996,0.8666666666666667,0.0,0.8666666666666667,0.0,0.8666666666666667,0.0,0.0,0.0,0.0,0.0,0.33333333333333337,0.19999999999999996,0.8666666666666667,0.0,0.8666666666666667,0.0,0.0,0.8666666666666667,0.0,0.0,0.0,0.8571428571428572,0.4,0.9285714285714286,0.8666666666666667,0.33333333333333337,0.0,0.7857142857142857,0.8666666666666667,0.8666666666666667,,0.0,0.7333333333333334,0.8666666666666667,,0.8666666666666667,0.0,0.0,0.19999999999999996,0.8571428571428572,0.0,,0.0,0.8571428571428572,0.06666666666666665,0.0,,0.9230769230769231,0.0,0.0,0.0,0.0,0.2666666666666667,0.0,0.8666666666666667,0.1333333333333333,0.0,0.0,0.0,0.8666666666666667,0.0,0.8666666666666667,0.0,0.9285714285714286,0.07692307692307687,0.8666666666666667,0.0,0.06666666666666665,0.0,0.0,,0.0,0.8666666666666667
1097,0.0,0.06666666666666665,0.8666666666666667,,0.8666666666666667,0.06666666666666665,0.19999999999999996,0.19999999999999996,0.0,0.0,0.8666666666666667,,0.0,0.0,0.1333333333333333,0.0,0.8666666666666667,0.8666666666666667,0.0,0.0,,0.0,0.7857142857142857,0.33333333333333337,0.1428571428571429,0.8571428571428572,0.8666666666666667,,0.8666666666666667,0.8571428571428572,0.0,0.0,0.0,0.0,0.0,,0.8571428571428572,0.0,0.19999999999999996,0.0,0.0,0.1428571428571429,,,0.4666666666666667,0.0,0.0,0.0,0.19999999999999996,0.0,,0.8666666666666667,0.19999999999999996,0.0,,0.0,0.0,,0.0,0.0,0.19999999999999996,0.8571428571428572,0.0,0.0,0.8,0.0,0.0,0.8571428571428572,0.06666666666666665,0.8666666666666667,0.0,0.7857142857142857,0.0,0.8666666666666667,0.0,0.4666666666666667,0.0,0.19999999999999996,0.8666666666666667,0.0,0.8666666666666667,0.0,0.8666666666666667,0.0,0.0,0.0,0.0,0.0,0.33333333333333337,0.19999999999999996,0.8666666666666667,0.0,0.8666666666666667,0.0,0.0,0.8666666666666667,0.0,0.0,0.0,0.8571428571428572,0.4,0.9285714285714286,0.8666666666666667,0.33333333333333337,0.0,0.7857142857142857,0.8666666666666667,0.8666666666666667,,0.0,0.7333333333333334,0.8666666666666667,,0.8666666666666667,0.0,0.0,0.19999999999999996,0.8571428571428572,0.0,,0.0,0.8571428571428572,0.06666666666666665,0.0,,0.9230769230769231,0.0,0.0,0.0,0.0,0.2666666666666667,0.0,0.8666666666666667,0.1333333333333333,0.0,0.0,0.0,0.8666666666666667,0.0,0.8666666666666667,0.0,0.9285714285714286,0.07692307692307687,0.8666666666666667,0.0,0.06666666666666665,0.0,0.0,,0.0,0.8666666666666667
1098,0.8461538461538461,0.8571428571428572,0.0714285714285714,,0.1428571428571429,0.7857142857142857,0.6428571428571428,0.6428571428571428,0.8461538461538461,0.8571428571428572,0.1428571428571429,,0.8461538461538461,0.8571428571428572,0.7142857142857143,0.8461538461538461,0.1428571428571429,0.1428571428571429,0.8571428571428572,0.8571428571428572,,0.8571428571428572,0.15384615384615385,0.7142857142857143,0.6923076923076923,0.07692307692307687,0.1428571428571429,,0.4285714285714286,0.07692307692307687,0.8571428571428572,0.8571428571428572,0.8571428571428572,0.8571428571428572,0.8571428571428572,,0.07692307692307687,0.8571428571428572,0.6428571428571428,0.8571428571428572,0.8571428571428572,0.6923076923076923,,,0.7857142857142857,0.8571428571428572,0.8571428571428572,0.8461538461538461,0.6428571428571428,0.8571428571428572,,0.2142857142857143,0.6428571428571428,0.9230769230769231,,0.8571428571428572,,,0.9166666666666666,0.9166666666666666,0.7857142857142857,0.07692307692307687,0.8461538461538461,0.8571428571428572,0.2142857142857143,0.8571428571428572,0.8571428571428572,0.0,0.7857142857142857,0.1428571428571429,0.8571428571428572,0.0,0.9230769230769231,0.1428571428571429,0.8571428571428572,0.5,0.8461538461538461,0.6428571428571428,0.3571428571428571,0.8571428571428572,0.0714285714285714,0.8461538461538461,0.2857142857142857,0.8571428571428572,0.8461538461538461,0.8571428571428572,0.8571428571428572,0.8571428571428572,0.7142857142857143,0.6428571428571428,0.2142857142857143,0.8571428571428572,0.1428571428571429,0.8461538461538461,0.8571428571428572,0.0714285714285714,0.8571428571428572,0.8571428571428572,0.8571428571428572,0.3571428571428571,0.6428571428571428,0.1428571428571429,0.0714285714285714,0.5714285714285714,0.8461538461538461,0.15384615384615385,0.0714285714285714,0.0714285714285714,,0.8571428571428572,0.2857142857142857,0.0714285714285714,,0.1428571428571429,0.8571428571428572,0.9230769230769231,0.6428571428571428,0.07692307692307687,0.8461538461538461,,0.8571428571428572,0.07692307692307687,0.8571428571428572,0.8571428571428572,,0.07692307692307687,0.8571428571428572,0.8571428571428572,0.8571428571428572,0.8571428571428572,0.5714285714285714,0.8461538461538461,0.1428571428571429,0.8571428571428572,0.8571428571428572,0.8571428571428572,0.8571428571428572,0.1428571428571429,0.9230769230769231,0.1428571428571429,0.8571428571428572,0.0714285714285714,0.8461538461538461,0.0714285714285714,0.8461538461538461,0.7857142857142857,0.8571428571428572,0.8571428571428572,,0.8571428571428572,0.0714285714285714
1099,0.0,0.06666666666666665,0.8,,0.8666666666666667,0.0,0.1333333333333333,0.1333333333333333,0.0,0.06666666666666665,0.8666666666666667,,0.0,0.06666666666666665,0.19999999999999996,0.0,0.8666666666666667,0.8666666666666667,0.06666666666666665,0.06666666666666665,,0.06666666666666665,0.7857142857142857,0.33333333333333337,0.1428571428571429,0.8571428571428572,0.8666666666666667,,0.8,0.8571428571428572,0.06666666666666665,0.06666666666666665,0.06666666666666665,0.0714285714285714,0.06666666666666665,,0.8571428571428572,0.06666666666666665,0.1333333333333333,0.06666666666666665,0.06666666666666665,0.1428571428571429,,,0.4,0.06666666666666665,0.06666666666666665,0.0,0.1333333333333333,0.06666666666666665,,0.8666666666666667,0.1333333333333333,0.07692307692307687,,0.06666666666666665,0.5,,0.0,0.0,0.2666666666666667,0.8571428571428572,0.0,0.06666666666666665,0.8,0.06666666666666665,0.06666666666666665,0.7857142857142857,0.0,0.8666666666666667,0.06666666666666665,0.7857142857142857,0.07692307692307687,0.8666666666666667,0.06666666666666665,0.4,0.0,0.1333333333333333,0.8666666666666667,0.06666666666666665,0.8,0.0,0.8666666666666667,0.06666666666666665,0.0,0.06666666666666665,0.06666666666666665,0.06666666666666665,0.2666666666666667,0.1333333333333333,0.8666666666666667,0.06666666666666665,0.8666666666666667,0.0,0.06666666666666665,0.8,0.06666666666666665,0.06666666666666665,0.06666666666666665,0.7857142857142857,0.33333333333333337,0.9285714285714286,0.8,0.2666666666666667,0.0,0.7857142857142857,0.8,0.8,,0.06666666666666665,0.7333333333333334,0.8,,0.8666666666666667,0.0714285714285714,0.07692307692307687,0.1333333333333333,0.8571428571428572,0.0,,0.06666666666666665,0.8571428571428572,0.1333333333333333,0.06666666666666665,,0.9230769230769231,0.06666666666666665,0.06666666666666665,0.06666666666666665,0.06666666666666665,0.19999999999999996,0.0,0.8666666666666667,0.19999999999999996,0.06666666666666665,0.06666666666666665,0.06666666666666665,0.8666666666666667,0.07692307692307687,0.8666666666666667,0.06666666666666665,0.8571428571428572,0.0,0.8,0.0,0.0,0.06666666666666665,0.06666666666666665,,0.06666666666666665,0.8
1100,0.8571428571428572,0.8,0.06666666666666665,,0.0,0.8666666666666667,0.7333333333333334,0.7333333333333334,0.8571428571428572,0.8666666666666667,0.0,,0.8571428571428572,0.8666666666666667,0.7333333333333334,0.8571428571428572,0.0,0.0,0.8666666666666667,0.8666666666666667,,0.8666666666666667,0.0714285714285714,0.6,0.7142857142857143,0.0714285714285714,0.0,,0.4666666666666667,0.0714285714285714,0.8666666666666667,0.8666666666666667,0.8666666666666667,0.9285714285714286,0.8666666666666667,,0.0,0.8666666666666667,0.7333333333333334,0.8666666666666667,0.8666666666666667,0.7142857142857143,,,0.8666666666666667,0.8666666666666667,0.8666666666666667,0.8571428571428572,0.7333333333333334,0.8666666666666667,,0.06666666666666665,0.7333333333333334,1.0,,0.8666666666666667,0.5,,1.0,1.0,0.6666666666666667,0.0,0.8571428571428572,0.8666666666666667,0.06666666666666665,0.8666666666666667,0.8666666666666667,0.1428571428571429,0.8666666666666667,0.0,0.8666666666666667,0.0714285714285714,1.0,0.0,0.8666666666666667,0.4666666666666667,0.8571428571428572,0.7333333333333334,0.19999999999999996,0.8666666666666667,0.06666666666666665,0.8571428571428572,0.1333333333333333,0.8666666666666667,0.8571428571428572,0.8666666666666667,0.8666666666666667,0.8666666666666667,0.8,0.7333333333333334,0.06666666666666665,0.8666666666666667,0.0,0.8571428571428572,0.8666666666666667,0.06666666666666665,0.8666666666666667,0.8666666666666667,0.8666666666666667,0.4285714285714286,0.6,0.0,0.06666666666666665,0.6666666666666667,0.8571428571428572,0.0714285714285714,0.06666666666666665,0.06666666666666665,,0.8666666666666667,0.1333333333333333,0.06666666666666665,,0.0,0.9285714285714286,1.0,0.7333333333333334,0.0,0.8571428571428572,,0.8666666666666667,0.0,0.8666666666666667,0.8666666666666667,,0.0,0.8666666666666667,0.8666666666666667,0.8666666666666667,0.8666666666666667,0.6666666666666667,0.8571428571428572,0.0,0.7333333333333334,0.8666666666666667,0.8666666666666667,0.8666666666666667,0.0,1.0,0.0,0.8666666666666667,0.0714285714285714,1.0,0.06666666666666665,0.8571428571428572,0.8666666666666667,0.8666666666666667,0.8666666666666667,,0.8666666666666667,0.06666666666666665
1101,0.0,0.06666666666666665,0.8666666666666667,,0.8666666666666667,0.06666666666666665,0.19999999999999996,0.19999999999999996,0.0,0.0,0.8666666666666667,,0.0,0.0,0.1333333333333333,0.0,0.8666666666666667,0.8666666666666667,0.0,0.0,,0.0,0.7857142857142857,0.33333333333333337,0.1428571428571429,0.8571428571428572,0.8666666666666667,,0.8666666666666667,0.8571428571428572,0.0,0.0,0.0,0.0,0.0,,0.8571428571428572,0.0,0.19999999999999996,0.0,0.0,0.1428571428571429,,,0.4666666666666667,0.0,0.0,0.0,0.19999999999999996,0.0,,0.8666666666666667,0.19999999999999996,0.0,,0.0,0.0,,0.0,0.0,0.19999999999999996,0.8571428571428572,0.0,0.0,0.8,0.0,0.0,0.8571428571428572,0.06666666666666665,0.8666666666666667,0.0,0.7857142857142857,0.0,0.8666666666666667,0.0,0.4666666666666667,0.0,0.19999999999999996,0.8666666666666667,0.0,0.8666666666666667,0.0,0.8666666666666667,0.0,0.0,0.0,0.0,0.0,0.33333333333333337,0.19999999999999996,0.8666666666666667,0.0,0.8666666666666667,0.0,0.0,0.8666666666666667,0.0,0.0,0.0,0.8571428571428572,0.4,0.9285714285714286,0.8666666666666667,0.33333333333333337,0.0,0.7857142857142857,0.8666666666666667,0.8666666666666667,,0.0,0.7333333333333334,0.8666666666666667,,0.8666666666666667,0.0,0.0,0.19999999999999996,0.8571428571428572,0.0,,0.0,0.8571428571428572,0.06666666666666665,0.0,,0.9230769230769231,0.0,0.0,0.0,0.0,0.2666666666666667,0.0,0.8666666666666667,0.1333333333333333,0.0,0.0,0.0,0.8666666666666667,0.0,0.8666666666666667,0.0,0.9285714285714286,0.07692307692307687,0.8666666666666667,0.0,0.06666666666666665,0.0,0.0,,0.0,0.8666666666666667
1102,0.7857142857142857,0.7857142857142857,0.0714285714285714,,0.0714285714285714,0.7857142857142857,0.6428571428571428,0.6428571428571428,0.7857142857142857,0.7857142857142857,0.0714285714285714,,0.7857142857142857,0.7857142857142857,0.6428571428571428,0.7857142857142857,0.0714285714285714,0.0714285714285714,0.7857142857142857,0.7857142857142857,,0.7857142857142857,0.1428571428571429,0.6428571428571428,0.6428571428571428,0.0714285714285714,0.0714285714285714,,0.4285714285714286,0.0714285714285714,0.7857142857142857,0.7857142857142857,0.7857142857142857,0.8461538461538461,0.7857142857142857,,0.0714285714285714,0.7857142857142857,0.6428571428571428,0.7857142857142857,0.7857142857142857,0.6428571428571428,,,0.7857142857142857,0.7857142857142857,0.7857142857142857,0.7857142857142857,0.6428571428571428,0.7857142857142857,,0.1428571428571429,0.6428571428571428,0.9166666666666666,,0.7857142857142857,,,0.9166666666666666,0.9166666666666666,0.7142857142857143,0.0714285714285714,0.7857142857142857,0.7857142857142857,0.1428571428571429,0.7857142857142857,0.7857142857142857,0.0,0.7857142857142857,0.0714285714285714,0.7857142857142857,0.0,0.9166666666666666,0.0714285714285714,0.7857142857142857,0.5,0.7857142857142857,0.6428571428571428,0.2857142857142857,0.7857142857142857,0.0714285714285714,0.7857142857142857,0.2142857142857143,0.7857142857142857,0.7857142857142857,0.7857142857142857,0.7857142857142857,0.7857142857142857,0.7142857142857143,0.6428571428571428,0.1428571428571429,0.7857142857142857,0.0714285714285714,0.7857142857142857,0.7857142857142857,0.0714285714285714,0.7857142857142857,0.7857142857142857,0.7857142857142857,0.3846153846153846,0.6428571428571428,0.07692307692307687,0.0714285714285714,0.5714285714285714,0.7857142857142857,0.1428571428571429,0.0714285714285714,0.0714285714285714,,0.7857142857142857,0.2142857142857143,0.0714285714285714,,0.0714285714285714,0.8461538461538461,0.9166666666666666,0.6428571428571428,0.0714285714285714,0.7857142857142857,,0.7857142857142857,0.0714285714285714,0.7857142857142857,0.7857142857142857,,0.07692307692307687,0.7857142857142857,0.7857142857142857,0.7857142857142857,0.7857142857142857,0.5714285714285714,0.7857142857142857,0.0714285714285714,0.7857142857142857,0.7857142857142857,0.7857142857142857,0.7857142857142857,0.0714285714285714,0.9166666666666666,0.0714285714285714,0.7857142857142857,0.07692307692307687,0.9166666666666666,0.0714285714285714,0.7857142857142857,0.7857142857142857,0.7857142857142857,0.7857142857142857,,0.7857142857142857,0.0714285714285714
1103,0.0,0.07692307692307687,1.0,,1.0,0.07692307692307687,0.23076923076923073,0.23076923076923073,0.0,0.0,1.0,,0.0,0.0,0.15384615384615385,0.0,1.0,1.0,0.0,0.0,,0.0,0.9166666666666666,0.3846153846153846,0.16666666666666663,1.0,1.0,,1.0,1.0,0.0,0.0,0.0,0.0,0.0,,1.0,0.0,0.23076923076923073,0.0,0.0,0.16666666666666663,,,0.5384615384615384,0.0,0.0,0.0,0.23076923076923073,0.0,,1.0,0.23076923076923073,0.0,,0.0,,,0.0,0.0,0.23076923076923073,1.0,0.0,0.0,0.9230769230769231,0.0,0.0,0.9230769230769231,0.07692307692307687,1.0,0.0,0.9166666666666666,0.0,1.0,0.0,0.5384615384615384,0.0,0.23076923076923073,1.0,0.0,1.0,0.0,1.0,0.0,0.0,0.0,0.0,0.0,0.3846153846153846,0.23076923076923073,1.0,0.0,1.0,0.0,0.0,1.0,0.0,0.0,0.0,0.9230769230769231,0.46153846153846156,1.0,1.0,0.3846153846153846,0.0,0.9166666666666666,1.0,1.0,,0.0,0.8461538461538461,1.0,,1.0,0.0,0.0,0.23076923076923073,1.0,0.0,,0.0,1.0,0.07692307692307687,0.0,,1.0,0.0,0.0,0.0,0.0,0.3076923076923077,0.0,1.0,0.15384615384615385,0.0,0.0,0.0,1.0,0.0,1.0,0.0,1.0,0.07692307692307687,1.0,0.0,0.07692307692307687,0.0,0.0,,0.0,1.0
1104,0.8571428571428572,0.8,0.06666666666666665,,0.0,0.8666666666666667,0.7333333333333334,0.7333333333333334,0.8571428571428572,0.8666666666666667,0.0,,0.8571428571428572,0.8666666666666667,0.7333333333333334,0.8571428571428572,0.0,0.0,0.8666666666666667,0.8666666666666667,,0.8666666666666667,0.0714285714285714,0.6,0.7142857142857143,0.0714285714285714,0.0,,0.4666666666666667,0.0714285714285714,0.8666666666666667,0.8666666666666667,0.8666666666666667,0.9285714285714286,0.8666666666666667,,0.0,0.8666666666666667,0.7333333333333334,0.8666666666666667,0.8666666666666667,0.7142857142857143,,,0.8666666666666667,0.8666666666666667,0.8666666666666667,0.8571428571428572,0.7333333333333334,0.8666666666666667,,0.06666666666666665,0.7333333333333334,1.0,,0.8666666666666667,0.5,,1.0,1.0,0.6666666666666667,0.0,0.8571428571428572,0.8666666666666667,0.06666666666666665,0.8666666666666667,0.8666666666666667,0.1428571428571429,0.8666666666666667,0.0,0.8666666666666667,0.0714285714285714,1.0,0.0,0.8666666666666667,0.4666666666666667,0.8571428571428572,0.7333333333333334,0.19999999999999996,0.8666666666666667,0.06666666666666665,0.8571428571428572,0.1333333333333333,0.8666666666666667,0.8571428571428572,0.8666666666666667,0.8666666666666667,0.8666666666666667,0.8,0.7333333333333334,0.06666666666666665,0.8666666666666667,0.0,0.8571428571428572,0.8666666666666667,0.06666666666666665,0.8666666666666667,0.8666666666666667,0.8666666666666667,0.4285714285714286,0.6,0.0,0.06666666666666665,0.6666666666666667,0.8571428571428572,0.0714285714285714,0.06666666666666665,0.06666666666666665,,0.8666666666666667,0.1333333333333333,0.06666666666666665,,0.0,0.9285714285714286,1.0,0.7333333333333334,0.0,0.8571428571428572,,0.8666666666666667,0.0,0.8666666666666667,0.8666666666666667,,0.0,0.8666666666666667,0.8666666666666667,0.8666666666666667,0.8666666666666667,0.6666666666666667,0.8571428571428572,0.0,0.7333333333333334,0.8666666666666667,0.8666666666666667,0.8666666666666667,0.0,1.0,0.0,0.8666666666666667,0.0714285714285714,1.0,0.06666666666666665,0.8571428571428572,0.8666666666666667,0.8666666666666667,0.8666666666666667,,0.8666666666666667,0.06666666666666665
1105,0.0,0.06666666666666665,0.8666666666666667,,0.8666666666666667,0.06666666666666665,0.19999999999999996,0.19999999999999996,0.0,0.0,0.8666666666666667,,0.0,0.0,0.1333333333333333,0.0,0.8666666666666667,0.8666666666666667,0.0,0.0,,0.0,0.7857142857142857,0.33333333333333337,0.1428571428571429,0.8571428571428572,0.8666666666666667,,0.8666666666666667,0.8571428571428572,0.0,0.0,0.0,0.0,0.0,,0.8571428571428572,0.0,0.19999999999999996,0.0,0.0,0.1428571428571429,,,0.4666666666666667,0.0,0.0,0.0,0.19999999999999996,0.0,,0.8666666666666667,0.19999999999999996,0.0,,0.0,0.0,,0.0,0.0,0.19999999999999996,0.8571428571428572,0.0,0.0,0.8,0.0,0.0,0.8571428571428572,0.06666666666666665,0.8666666666666667,0.0,0.7857142857142857,0.0,0.8666666666666667,0.0,0.4666666666666667,0.0,0.19999999999999996,0.8666666666666667,0.0,0.8666666666666667,0.0,0.8666666666666667,0.0,0.0,0.0,0.0,0.0,0.33333333333333337,0.19999999999999996,0.8666666666666667,0.0,0.8666666666666667,0.0,0.0,0.8666666666666667,0.0,0.0,0.0,0.8571428571428572,0.4,0.9285714285714286,0.8666666666666667,0.33333333333333337,0.0,0.7857142857142857,0.8666666666666667,0.8666666666666667,,0.0,0.7333333333333334,0.8666666666666667,,0.8666666666666667,0.0,0.0,0.19999999999999996,0.8571428571428572,0.0,,0.0,0.8571428571428572,0.06666666666666665,0.0,,0.9230769230769231,0.0,0.0,0.0,0.0,0.2666666666666667,0.0,0.8666666666666667,0.1333333333333333,0.0,0.0,0.0,0.8666666666666667,0.0,0.8666666666666667,0.0,0.9285714285714286,0.07692307692307687,0.8666666666666667,0.0,0.06666666666666665,0.0,0.0,,0.0,0.8666666666666667
1106,0.4285714285714286,0.4666666666666667,0.4,,0.4666666666666667,0.4,0.2666666666666667,0.2666666666666667,0.4285714285714286,0.4666666666666667,0.4666666666666667,,0.4285714285714286,0.4666666666666667,0.33333333333333337,0.4285714285714286,0.4666666666666667,0.4666666666666667,0.4666666666666667,0.4666666666666667,,0.4666666666666667,0.3571428571428571,0.4,0.2857142857142857,0.5,0.4666666666666667,,0.5333333333333333,0.5,0.4666666666666667,0.4666666666666667,0.4666666666666667,0.5,0.4666666666666667,,0.4285714285714286,0.4666666666666667,0.2666666666666667,0.4666666666666667,0.4666666666666667,0.2857142857142857,,,0.5333333333333333,0.4666666666666667,0.4666666666666667,0.4285714285714286,0.2666666666666667,0.4666666666666667,,0.4666666666666667,0.2666666666666667,0.5384615384615384,,0.4666666666666667,0.5,,0.5,0.5,0.2666666666666667,0.4285714285714286,0.4285714285714286,0.4666666666666667,0.5333333333333333,0.4666666666666667,0.4666666666666667,0.5,0.4,0.4666666666666667,0.4666666666666667,0.5,0.5384615384615384,0.4666666666666667,0.4666666666666667,0.0,0.4285714285714286,0.2666666666666667,0.6,0.4666666666666667,0.4,0.4285714285714286,0.6,0.4666666666666667,0.4285714285714286,0.4666666666666667,0.4666666666666667,0.4666666666666667,0.4,0.2666666666666667,0.5333333333333333,0.4666666666666667,0.4666666666666667,0.4285714285714286,0.4666666666666667,0.4,0.4666666666666667,0.4666666666666667,0.4666666666666667,0.5,0.2666666666666667,0.5,0.4,0.2666666666666667,0.4285714285714286,0.3571428571428571,0.4,0.4,,0.4666666666666667,0.33333333333333337,0.4,,0.4666666666666667,0.5,0.5384615384615384,0.2666666666666667,0.4285714285714286,0.4285714285714286,,0.4666666666666667,0.4285714285714286,0.4666666666666667,0.4666666666666667,,0.46153846153846156,0.4666666666666667,0.4666666666666667,0.4666666666666667,0.4666666666666667,0.33333333333333337,0.4285714285714286,0.4666666666666667,0.4666666666666667,0.4666666666666667,0.4666666666666667,0.4666666666666667,0.4666666666666667,0.5384615384615384,0.4666666666666667,0.4666666666666667,0.4285714285714286,0.46153846153846156,0.4,0.4285714285714286,0.4,0.4666666666666667,0.4666666666666667,,0.4666666666666667,0.4
1107,0.0,0.0,0.8571428571428572,,0.8571428571428572,0.0,0.1428571428571429,0.1428571428571429,0.0,0.0,0.8571428571428572,,0.0,0.0,0.1428571428571429,0.0,0.8571428571428572,0.8571428571428572,0.0,0.0,,0.0,0.7857142857142857,0.2857142857142857,0.1428571428571429,0.8571428571428572,0.8571428571428572,,0.8571428571428572,0.8571428571428572,0.0,0.0,0.0,0.0,0.0,,0.8571428571428572,0.0,0.1428571428571429,0.0,0.0,0.1428571428571429,,,0.4285714285714286,0.0,0.0,0.0,0.1428571428571429,0.0,,0.8571428571428572,0.1428571428571429,0.0,,0.0,,,0.0,0.0,0.2142857142857143,0.8571428571428572,0.0,0.0,0.7857142857142857,0.0,0.0,0.8461538461538461,0.0,0.8571428571428572,0.0,0.7857142857142857,0.0,0.8571428571428572,0.0,0.4285714285714286,0.0,0.1428571428571429,0.8571428571428572,0.0,0.8571428571428572,0.0,0.8571428571428572,0.0,0.0,0.0,0.0,0.0,0.2857142857142857,0.1428571428571429,0.8571428571428572,0.0,0.8571428571428572,0.0,0.0,0.8571428571428572,0.0,0.0,0.0,0.8461538461538461,0.3571428571428571,0.9230769230769231,0.8571428571428572,0.2857142857142857,0.0,0.7857142857142857,0.8571428571428572,0.8571428571428572,,0.0,0.7142857142857143,0.8571428571428572,,0.8571428571428572,0.0,0.0,0.1428571428571429,0.8571428571428572,0.0,,0.0,0.8571428571428572,0.0714285714285714,0.0,,0.9230769230769231,0.0,0.0,0.0,0.0,0.2142857142857143,0.0,0.8571428571428572,0.1428571428571429,0.0,0.0,0.0,0.8571428571428572,0.0,0.8571428571428572,0.0,0.9230769230769231,0.0,0.8571428571428572,0.0,0.0,0.0,0.0,,0.0,0.8571428571428572
1108,0.1428571428571429,0.19999999999999996,0.6666666666666667,,0.7333333333333334,0.1333333333333333,0.0,0.0,0.1428571428571429,0.19999999999999996,0.7333333333333334,,0.1428571428571429,0.19999999999999996,0.06666666666666665,0.1428571428571429,0.7333333333333334,0.7333333333333334,0.19999999999999996,0.19999999999999996,,0.19999999999999996,0.6428571428571428,0.19999999999999996,0.0,0.7142857142857143,0.7333333333333334,,0.6666666666666667,0.7142857142857143,0.19999999999999996,0.19999999999999996,0.19999999999999996,0.2142857142857143,0.19999999999999996,,0.7142857142857143,0.19999999999999996,0.0,0.19999999999999996,0.19999999999999996,0.0,,,0.4,0.19999999999999996,0.19999999999999996,0.1428571428571429,0.0,0.19999999999999996,,0.7333333333333334,0.0,0.23076923076923073,,0.19999999999999996,0.5,,0.16666666666666663,0.16666666666666663,0.1333333333333333,0.7142857142857143,0.1428571428571429,0.19999999999999996,0.6666666666666667,0.19999999999999996,0.19999999999999996,0.6428571428571428,0.1333333333333333,0.7333333333333334,0.19999999999999996,0.6428571428571428,0.23076923076923073,0.7333333333333334,0.19999999999999996,0.2666666666666667,0.1428571428571429,0.0,0.7333333333333334,0.19999999999999996,0.6666666666666667,0.1428571428571429,0.7333333333333334,0.19999999999999996,0.1428571428571429,0.19999999999999996,0.19999999999999996,0.19999999999999996,0.19999999999999996,0.0,0.7333333333333334,0.19999999999999996,0.7333333333333334,0.1428571428571429,0.19999999999999996,0.6666666666666667,0.19999999999999996,0.19999999999999996,0.19999999999999996,0.6428571428571428,0.19999999999999996,0.7857142857142857,0.6666666666666667,0.1333333333333333,0.1428571428571429,0.6428571428571428,0.6666666666666667,0.6666666666666667,,0.19999999999999996,0.6,0.6666666666666667,,0.7333333333333334,0.2142857142857143,0.23076923076923073,0.0,0.7142857142857143,0.1428571428571429,,0.19999999999999996,0.7142857142857143,0.19999999999999996,0.19999999999999996,,0.7692307692307692,0.19999999999999996,0.19999999999999996,0.19999999999999996,0.19999999999999996,0.06666666666666665,0.1428571428571429,0.7333333333333334,0.33333333333333337,0.19999999999999996,0.19999999999999996,0.19999999999999996,0.7333333333333334,0.23076923076923073,0.7333333333333334,0.19999999999999996,0.7142857142857143,0.15384615384615385,0.6666666666666667,0.1428571428571429,0.1333333333333333,0.19999999999999996,0.19999999999999996,,0.19999999999999996,0.6666666666666667
1109,0.8571428571428572,0.8,0.2666666666666667,,0.19999999999999996,0.8666666666666667,0.7333333333333334,0.7333333333333334,0.8571428571428572,0.8666666666666667,0.19999999999999996,,0.8571428571428572,0.8666666666666667,0.7333333333333334,0.8571428571428572,0.19999999999999996,0.19999999999999996,0.8666666666666667,0.8666666666666667,,0.8666666666666667,0.2857142857142857,0.6,0.7142857142857143,0.2857142857142857,0.19999999999999996,,0.5333333333333333,0.2857142857142857,0.8666666666666667,0.8666666666666667,0.8666666666666667,0.9285714285714286,0.8666666666666667,,0.2142857142857143,0.8666666666666667,0.7333333333333334,0.8666666666666667,0.8666666666666667,0.7142857142857143,,,0.6666666666666667,0.8666666666666667,0.8666666666666667,0.8571428571428572,0.7333333333333334,0.8666666666666667,,0.1333333333333333,0.7333333333333334,1.0,,0.8666666666666667,0.5,,1.0,1.0,0.6666666666666667,0.2142857142857143,0.8571428571428572,0.8666666666666667,0.2666666666666667,0.8666666666666667,0.8666666666666667,0.3571428571428571,0.8666666666666667,0.19999999999999996,0.8666666666666667,0.2857142857142857,1.0,0.19999999999999996,0.8666666666666667,0.6,0.8571428571428572,0.7333333333333334,0.0,0.8666666666666667,0.2666666666666667,0.8571428571428572,0.06666666666666665,0.8666666666666667,0.8571428571428572,0.8666666666666667,0.8666666666666667,0.8666666666666667,0.7333333333333334,0.7333333333333334,0.1333333333333333,0.8666666666666667,0.19999999999999996,0.8571428571428572,0.8666666666666667,0.2666666666666667,0.8666666666666667,0.8666666666666667,0.8666666666666667,0.5,0.6,0.2142857142857143,0.2666666666666667,0.6666666666666667,0.8571428571428572,0.2857142857142857,0.2666666666666667,0.2666666666666667,,0.8666666666666667,0.33333333333333337,0.2666666666666667,,0.19999999999999996,0.9285714285714286,1.0,0.7333333333333334,0.2142857142857143,0.8571428571428572,,0.8666666666666667,0.2142857142857143,0.8666666666666667,0.8666666666666667,,0.23076923076923073,0.8666666666666667,0.8666666666666667,0.8666666666666667,0.8666666666666667,0.6666666666666667,0.8571428571428572,0.19999999999999996,0.7333333333333334,0.8666666666666667,0.8666666666666667,0.8666666666666667,0.19999999999999996,1.0,0.19999999999999996,0.8666666666666667,0.2857142857142857,1.0,0.2666666666666667,0.8571428571428572,0.8666666666666667,0.8666666666666667,0.8666666666666667,,0.8666666666666667,0.2666666666666667
1110,0.0,0.06666666666666665,0.8666666666666667,,0.8666666666666667,0.06666666666666665,0.19999999999999996,0.19999999999999996,0.0,0.0,0.8666666666666667,,0.0,0.0,0.1333333333333333,0.0,0.8666666666666667,0.8666666666666667,0.0,0.0,,0.0,0.7857142857142857,0.33333333333333337,0.1428571428571429,0.8571428571428572,0.8666666666666667,,0.8666666666666667,0.8571428571428572,0.0,0.0,0.0,0.0,0.0,,0.8571428571428572,0.0,0.19999999999999996,0.0,0.0,0.1428571428571429,,,0.4666666666666667,0.0,0.0,0.0,0.19999999999999996,0.0,,0.8666666666666667,0.19999999999999996,0.0,,0.0,0.0,,0.0,0.0,0.19999999999999996,0.8571428571428572,0.0,0.0,0.8,0.0,0.0,0.8571428571428572,0.06666666666666665,0.8666666666666667,0.0,0.7857142857142857,0.0,0.8666666666666667,0.0,0.4666666666666667,0.0,0.19999999999999996,0.8666666666666667,0.0,0.8666666666666667,0.0,0.8666666666666667,0.0,0.0,0.0,0.0,0.0,0.33333333333333337,0.19999999999999996,0.8666666666666667,0.0,0.8666666666666667,0.0,0.0,0.8666666666666667,0.0,0.0,0.0,0.8571428571428572,0.4,0.9285714285714286,0.8666666666666667,0.33333333333333337,0.0,0.7857142857142857,0.8666666666666667,0.8666666666666667,,0.0,0.7333333333333334,0.8666666666666667,,0.8666666666666667,0.0,0.0,0.19999999999999996,0.8571428571428572,0.0,,0.0,0.8571428571428572,0.06666666666666665,0.0,,0.9230769230769231,0.0,0.0,0.0,0.0,0.2666666666666667,0.0,0.8666666666666667,0.1333333333333333,0.0,0.0,0.0,0.8666666666666667,0.0,0.8666666666666667,0.0,0.9285714285714286,0.07692307692307687,0.8666666666666667,0.0,0.06666666666666665,0.0,0.0,,0.0,0.8666666666666667
1111,0.8571428571428572,0.8666666666666667,0.0,,0.06666666666666665,0.8,0.6666666666666667,0.6666666666666667,0.8571428571428572,0.8666666666666667,0.06666666666666665,,0.8571428571428572,0.8666666666666667,0.7333333333333334,0.8571428571428572,0.06666666666666665,0.06666666666666665,0.8666666666666667,0.8666666666666667,,0.8666666666666667,0.0714285714285714,0.6666666666666667,0.7142857142857143,0.0714285714285714,0.06666666666666665,,0.4,0.0714285714285714,0.8666666666666667,0.8666666666666667,0.8666666666666667,0.9285714285714286,0.8666666666666667,,0.0,0.8666666666666667,0.6666666666666667,0.8666666666666667,0.8666666666666667,0.7142857142857143,,,0.8,0.8666666666666667,0.8666666666666667,0.8571428571428572,0.6666666666666667,0.8666666666666667,,0.1333333333333333,0.6666666666666667,1.0,,0.8666666666666667,0.5,,1.0,1.0,0.6666666666666667,0.0,0.8571428571428572,0.8666666666666667,0.1333333333333333,0.8666666666666667,0.8666666666666667,0.0714285714285714,0.8,0.06666666666666665,0.8666666666666667,0.0714285714285714,1.0,0.06666666666666665,0.8666666666666667,0.4,0.8571428571428572,0.6666666666666667,0.2666666666666667,0.8666666666666667,0.0,0.8571428571428572,0.19999999999999996,0.8666666666666667,0.8571428571428572,0.8666666666666667,0.8666666666666667,0.8666666666666667,0.7333333333333334,0.6666666666666667,0.1333333333333333,0.8666666666666667,0.06666666666666665,0.8571428571428572,0.8666666666666667,0.0,0.8666666666666667,0.8666666666666667,0.8666666666666667,0.3571428571428571,0.5333333333333333,0.0714285714285714,0.0,0.6,0.8571428571428572,0.0714285714285714,0.0,0.0,,0.8666666666666667,0.19999999999999996,0.0,,0.06666666666666665,0.9285714285714286,1.0,0.6666666666666667,0.0,0.8571428571428572,,0.8666666666666667,0.0,0.8666666666666667,0.8666666666666667,,0.0,0.8666666666666667,0.8666666666666667,0.8666666666666667,0.8666666666666667,0.6,0.8571428571428572,0.06666666666666665,0.7333333333333334,0.8666666666666667,0.8666666666666667,0.8666666666666667,0.06666666666666665,1.0,0.06666666666666665,0.8666666666666667,0.0,0.9230769230769231,0.0,0.8571428571428572,0.8,0.8666666666666667,0.8666666666666667,,0.8666666666666667,0.0
1112,0.0,0.0,0.8571428571428572,,0.8571428571428572,0.0,0.1428571428571429,0.1428571428571429,0.0,0.0,0.8571428571428572,,0.0,0.0,0.1428571428571429,0.0,0.8571428571428572,0.8571428571428572,0.0,0.0,,0.0,0.7857142857142857,0.2857142857142857,0.1428571428571429,0.8571428571428572,0.8571428571428572,,0.8571428571428572,0.8571428571428572,0.0,0.0,0.0,0.0,0.0,,0.8571428571428572,0.0,0.1428571428571429,0.0,0.0,0.1428571428571429,,,0.4285714285714286,0.0,0.0,0.0,0.1428571428571429,0.0,,0.8571428571428572,0.1428571428571429,0.0,,0.0,,,0.0,0.0,0.2142857142857143,0.8571428571428572,0.0,0.0,0.7857142857142857,0.0,0.0,0.8461538461538461,0.0,0.8571428571428572,0.0,0.7857142857142857,0.0,0.8571428571428572,0.0,0.4285714285714286,0.0,0.1428571428571429,0.8571428571428572,0.0,0.8571428571428572,0.0,0.8571428571428572,0.0,0.0,0.0,0.0,0.0,0.2857142857142857,0.1428571428571429,0.8571428571428572,0.0,0.8571428571428572,0.0,0.0,0.8571428571428572,0.0,0.0,0.0,0.8461538461538461,0.3571428571428571,0.9230769230769231,0.8571428571428572,0.2857142857142857,0.0,0.7857142857142857,0.8571428571428572,0.8571428571428572,,0.0,0.7142857142857143,0.8571428571428572,,0.8571428571428572,0.0,0.0,0.1428571428571429,0.8571428571428572,0.0,,0.0,0.8571428571428572,0.0714285714285714,0.0,,0.9230769230769231,0.0,0.0,0.0,0.0,0.2142857142857143,0.0,0.8571428571428572,0.1428571428571429,0.0,0.0,0.0,0.8571428571428572,0.0,0.8571428571428572,0.0,0.9230769230769231,0.0,0.8571428571428572,0.0,0.0,0.0,0.0,,0.0,0.8571428571428572
1113,0.8571428571428572,0.8,0.19999999999999996,,0.1333333333333333,0.8666666666666667,0.7333333333333334,0.7333333333333334,0.8571428571428572,0.8666666666666667,0.1333333333333333,,0.8571428571428572,0.8666666666666667,0.7333333333333334,0.8571428571428572,0.1333333333333333,0.1333333333333333,0.8666666666666667,0.8666666666666667,,0.8666666666666667,0.2142857142857143,0.6,0.7142857142857143,0.2142857142857143,0.1333333333333333,,0.4666666666666667,0.2142857142857143,0.8666666666666667,0.8666666666666667,0.8666666666666667,0.9285714285714286,0.8666666666666667,,0.1428571428571429,0.8666666666666667,0.7333333333333334,0.8666666666666667,0.8666666666666667,0.7142857142857143,,,0.7333333333333334,0.8666666666666667,0.8666666666666667,0.8571428571428572,0.7333333333333334,0.8666666666666667,,0.19999999999999996,0.7333333333333334,1.0,,0.8666666666666667,0.5,,1.0,1.0,0.6666666666666667,0.1428571428571429,0.8571428571428572,0.8666666666666667,0.19999999999999996,0.8666666666666667,0.8666666666666667,0.2857142857142857,0.8666666666666667,0.1333333333333333,0.8666666666666667,0.2142857142857143,1.0,0.1333333333333333,0.8666666666666667,0.6,0.8571428571428572,0.7333333333333334,0.06666666666666665,0.8666666666666667,0.19999999999999996,0.8571428571428572,0.0,0.8666666666666667,0.8571428571428572,0.8666666666666667,0.8666666666666667,0.8666666666666667,0.7333333333333334,0.7333333333333334,0.06666666666666665,0.8666666666666667,0.1333333333333333,0.8571428571428572,0.8666666666666667,0.19999999999999996,0.8666666666666667,0.8666666666666667,0.8666666666666667,0.4285714285714286,0.6,0.1428571428571429,0.19999999999999996,0.6666666666666667,0.8571428571428572,0.2142857142857143,0.19999999999999996,0.19999999999999996,,0.8666666666666667,0.2666666666666667,0.19999999999999996,,0.1333333333333333,0.9285714285714286,1.0,0.7333333333333334,0.1428571428571429,0.8571428571428572,,0.8666666666666667,0.1428571428571429,0.8666666666666667,0.8666666666666667,,0.15384615384615385,0.8666666666666667,0.8666666666666667,0.8666666666666667,0.8666666666666667,0.6666666666666667,0.8571428571428572,0.1333333333333333,0.7333333333333334,0.8666666666666667,0.8666666666666667,0.8666666666666667,0.1333333333333333,1.0,0.1333333333333333,0.8666666666666667,0.2142857142857143,1.0,0.19999999999999996,0.8571428571428572,0.8666666666666667,0.8666666666666667,0.8666666666666667,,0.8666666666666667,0.19999999999999996
1114,0.0,0.06666666666666665,0.8666666666666667,,0.8666666666666667,0.06666666666666665,0.19999999999999996,0.19999999999999996,0.0,0.0,0.8666666666666667,,0.0,0.0,0.1333333333333333,0.0,0.8666666666666667,0.8666666666666667,0.0,0.0,,0.0,0.7857142857142857,0.33333333333333337,0.1428571428571429,0.8571428571428572,0.8666666666666667,,0.8666666666666667,0.8571428571428572,0.0,0.0,0.0,0.0,0.0,,0.8571428571428572,0.0,0.19999999999999996,0.0,0.0,0.1428571428571429,,,0.4666666666666667,0.0,0.0,0.0,0.19999999999999996,0.0,,0.8666666666666667,0.19999999999999996,0.0,,0.0,0.0,,0.0,0.0,0.19999999999999996,0.8571428571428572,0.0,0.0,0.8,0.0,0.0,0.8571428571428572,0.06666666666666665,0.8666666666666667,0.0,0.7857142857142857,0.0,0.8666666666666667,0.0,0.4666666666666667,0.0,0.19999999999999996,0.8666666666666667,0.0,0.8666666666666667,0.0,0.8666666666666667,0.0,0.0,0.0,0.0,0.0,0.33333333333333337,0.19999999999999996,0.8666666666666667,0.0,0.8666666666666667,0.0,0.0,0.8666666666666667,0.0,0.0,0.0,0.8571428571428572,0.4,0.9285714285714286,0.8666666666666667,0.33333333333333337,0.0,0.7857142857142857,0.8666666666666667,0.8666666666666667,,0.0,0.7333333333333334,0.8666666666666667,,0.8666666666666667,0.0,0.0,0.19999999999999996,0.8571428571428572,0.0,,0.0,0.8571428571428572,0.06666666666666665,0.0,,0.9230769230769231,0.0,0.0,0.0,0.0,0.2666666666666667,0.0,0.8666666666666667,0.1333333333333333,0.0,0.0,0.0,0.8666666666666667,0.0,0.8666666666666667,0.0,0.9285714285714286,0.07692307692307687,0.8666666666666667,0.0,0.06666666666666665,0.0,0.0,,0.0,0.8666666666666667
1115,0.0,0.0,0.8571428571428572,,0.8571428571428572,0.0,0.1428571428571429,0.1428571428571429,0.0,0.0,0.8571428571428572,,0.0,0.0,0.1428571428571429,0.0,0.8571428571428572,0.8571428571428572,0.0,0.0,,0.0,0.7857142857142857,0.2857142857142857,0.1428571428571429,0.8571428571428572,0.8571428571428572,,0.8571428571428572,0.8571428571428572,0.0,0.0,0.0,0.0,0.0,,0.8571428571428572,0.0,0.1428571428571429,0.0,0.0,0.1428571428571429,,,0.4285714285714286,0.0,0.0,0.0,0.1428571428571429,0.0,,0.8571428571428572,0.1428571428571429,0.0,,0.0,,,0.0,0.0,0.2142857142857143,0.8571428571428572,0.0,0.0,0.7857142857142857,0.0,0.0,0.8461538461538461,0.0,0.8571428571428572,0.0,0.7857142857142857,0.0,0.8571428571428572,0.0,0.4285714285714286,0.0,0.1428571428571429,0.8571428571428572,0.0,0.8571428571428572,0.0,0.8571428571428572,0.0,0.0,0.0,0.0,0.0,0.2857142857142857,0.1428571428571429,0.8571428571428572,0.0,0.8571428571428572,0.0,0.0,0.8571428571428572,0.0,0.0,0.0,0.8461538461538461,0.3571428571428571,0.9230769230769231,0.8571428571428572,0.2857142857142857,0.0,0.7857142857142857,0.8571428571428572,0.8571428571428572,,0.0,0.7142857142857143,0.8571428571428572,,0.8571428571428572,0.0,0.0,0.1428571428571429,0.8571428571428572,0.0,,0.0,0.8571428571428572,0.0714285714285714,0.0,,0.9230769230769231,0.0,0.0,0.0,0.0,0.2142857142857143,0.0,0.8571428571428572,0.1428571428571429,0.0,0.0,0.0,0.8571428571428572,0.0,0.8571428571428572,0.0,0.9230769230769231,0.0,0.8571428571428572,0.0,0.0,0.0,0.0,,0.0,0.8571428571428572
1116,0.0,0.06666666666666665,0.8666666666666667,,0.8666666666666667,0.06666666666666665,0.19999999999999996,0.19999999999999996,0.0,0.0,0.8666666666666667,,0.0,0.0,0.1333333333333333,0.0,0.8666666666666667,0.8666666666666667,0.0,0.0,,0.0,0.7857142857142857,0.33333333333333337,0.1428571428571429,0.8571428571428572,0.8666666666666667,,0.8666666666666667,0.8571428571428572,0.0,0.0,0.0,0.0,0.0,,0.8571428571428572,0.0,0.19999999999999996,0.0,0.0,0.1428571428571429,,,0.4666666666666667,0.0,0.0,0.0,0.19999999999999996,0.0,,0.8666666666666667,0.19999999999999996,0.0,,0.0,0.0,,0.0,0.0,0.19999999999999996,0.8571428571428572,0.0,0.0,0.8,0.0,0.0,0.8571428571428572,0.06666666666666665,0.8666666666666667,0.0,0.7857142857142857,0.0,0.8666666666666667,0.0,0.4666666666666667,0.0,0.19999999999999996,0.8666666666666667,0.0,0.8666666666666667,0.0,0.8666666666666667,0.0,0.0,0.0,0.0,0.0,0.33333333333333337,0.19999999999999996,0.8666666666666667,0.0,0.8666666666666667,0.0,0.0,0.8666666666666667,0.0,0.0,0.0,0.8571428571428572,0.4,0.9285714285714286,0.8666666666666667,0.33333333333333337,0.0,0.7857142857142857,0.8666666666666667,0.8666666666666667,,0.0,0.7333333333333334,0.8666666666666667,,0.8666666666666667,0.0,0.0,0.19999999999999996,0.8571428571428572,0.0,,0.0,0.8571428571428572,0.06666666666666665,0.0,,0.9230769230769231,0.0,0.0,0.0,0.0,0.2666666666666667,0.0,0.8666666666666667,0.1333333333333333,0.0,0.0,0.0,0.8666666666666667,0.0,0.8666666666666667,0.0,0.9285714285714286,0.07692307692307687,0.8666666666666667,0.0,0.06666666666666665,0.0,0.0,,0.0,0.8666666666666667
1117,0.0,0.06666666666666665,0.8666666666666667,,0.8666666666666667,0.06666666666666665,0.19999999999999996,0.19999999999999996,0.0,0.0,0.8666666666666667,,0.0,0.0,0.1333333333333333,0.0,0.8666666666666667,0.8666666666666667,0.0,0.0,,0.0,0.7857142857142857,0.33333333333333337,0.1428571428571429,0.8571428571428572,0.8666666666666667,,0.8666666666666667,0.8571428571428572,0.0,0.0,0.0,0.0,0.0,,0.8571428571428572,0.0,0.19999999999999996,0.0,0.0,0.1428571428571429,,,0.4666666666666667,0.0,0.0,0.0,0.19999999999999996,0.0,,0.8666666666666667,0.19999999999999996,0.0,,0.0,0.0,,0.0,0.0,0.19999999999999996,0.8571428571428572,0.0,0.0,0.8,0.0,0.0,0.8571428571428572,0.06666666666666665,0.8666666666666667,0.0,0.7857142857142857,0.0,0.8666666666666667,0.0,0.4666666666666667,0.0,0.19999999999999996,0.8666666666666667,0.0,0.8666666666666667,0.0,0.8666666666666667,0.0,0.0,0.0,0.0,0.0,0.33333333333333337,0.19999999999999996,0.8666666666666667,0.0,0.8666666666666667,0.0,0.0,0.8666666666666667,0.0,0.0,0.0,0.8571428571428572,0.4,0.9285714285714286,0.8666666666666667,0.33333333333333337,0.0,0.7857142857142857,0.8666666666666667,0.8666666666666667,,0.0,0.7333333333333334,0.8666666666666667,,0.8666666666666667,0.0,0.0,0.19999999999999996,0.8571428571428572,0.0,,0.0,0.8571428571428572,0.06666666666666665,0.0,,0.9230769230769231,0.0,0.0,0.0,0.0,0.2666666666666667,0.0,0.8666666666666667,0.1333333333333333,0.0,0.0,0.0,0.8666666666666667,0.0,0.8666666666666667,0.0,0.9285714285714286,0.07692307692307687,0.8666666666666667,0.0,0.06666666666666665,0.0,0.0,,0.0,0.8666666666666667
1118,0.0,0.06666666666666665,0.8666666666666667,,0.8666666666666667,0.06666666666666665,0.19999999999999996,0.19999999999999996,0.0,0.0,0.8666666666666667,,0.0,0.0,0.1333333333333333,0.0,0.8666666666666667,0.8666666666666667,0.0,0.0,,0.0,0.7857142857142857,0.33333333333333337,0.1428571428571429,0.8571428571428572,0.8666666666666667,,0.8666666666666667,0.8571428571428572,0.0,0.0,0.0,0.0,0.0,,0.8571428571428572,0.0,0.19999999999999996,0.0,0.0,0.1428571428571429,,,0.4666666666666667,0.0,0.0,0.0,0.19999999999999996,0.0,,0.8666666666666667,0.19999999999999996,0.0,,0.0,0.0,,0.0,0.0,0.19999999999999996,0.8571428571428572,0.0,0.0,0.8,0.0,0.0,0.8571428571428572,0.06666666666666665,0.8666666666666667,0.0,0.7857142857142857,0.0,0.8666666666666667,0.0,0.4666666666666667,0.0,0.19999999999999996,0.8666666666666667,0.0,0.8666666666666667,0.0,0.8666666666666667,0.0,0.0,0.0,0.0,0.0,0.33333333333333337,0.19999999999999996,0.8666666666666667,0.0,0.8666666666666667,0.0,0.0,0.8666666666666667,0.0,0.0,0.0,0.8571428571428572,0.4,0.9285714285714286,0.8666666666666667,0.33333333333333337,0.0,0.7857142857142857,0.8666666666666667,0.8666666666666667,,0.0,0.7333333333333334,0.8666666666666667,,0.8666666666666667,0.0,0.0,0.19999999999999996,0.8571428571428572,0.0,,0.0,0.8571428571428572,0.06666666666666665,0.0,,0.9230769230769231,0.0,0.0,0.0,0.0,0.2666666666666667,0.0,0.8666666666666667,0.1333333333333333,0.0,0.0,0.0,0.8666666666666667,0.0,0.8666666666666667,0.0,0.9285714285714286,0.07692307692307687,0.8666666666666667,0.0,0.06666666666666665,0.0,0.0,,0.0,0.8666666666666667
1119,0.2857142857142857,0.33333333333333337,0.7333333333333334,,0.8,0.2666666666666667,0.19999999999999996,0.19999999999999996,0.2857142857142857,0.33333333333333337,0.8,,0.2857142857142857,0.33333333333333337,0.2666666666666667,0.2857142857142857,0.8,0.8,0.33333333333333337,0.33333333333333337,,0.33333333333333337,0.7142857142857143,0.4,0.2142857142857143,0.7857142857142857,0.8,,0.6,0.7857142857142857,0.33333333333333337,0.33333333333333337,0.33333333333333337,0.3571428571428571,0.33333333333333337,,0.7857142857142857,0.33333333333333337,0.19999999999999996,0.33333333333333337,0.33333333333333337,0.2142857142857143,,,0.19999999999999996,0.33333333333333337,0.33333333333333337,0.2857142857142857,0.19999999999999996,0.33333333333333337,,0.8,0.19999999999999996,0.3846153846153846,,0.33333333333333337,0.5,,0.33333333333333337,0.33333333333333337,0.33333333333333337,0.7857142857142857,0.2857142857142857,0.33333333333333337,0.7333333333333334,0.33333333333333337,0.33333333333333337,0.7142857142857143,0.2666666666666667,0.8,0.33333333333333337,0.7142857142857143,0.3846153846153846,0.8,0.33333333333333337,0.4,0.2857142857142857,0.19999999999999996,0.7333333333333334,0.33333333333333337,0.7333333333333334,0.2857142857142857,0.7333333333333334,0.33333333333333337,0.2857142857142857,0.33333333333333337,0.33333333333333337,0.33333333333333337,0.0,0.19999999999999996,0.7333333333333334,0.33333333333333337,0.8,0.2857142857142857,0.33333333333333337,0.7333333333333334,0.33333333333333337,0.33333333333333337,0.33333333333333337,0.6428571428571428,0.4,0.8571428571428572,0.7333333333333334,0.33333333333333337,0.2857142857142857,0.7142857142857143,0.7333333333333334,0.7333333333333334,,0.33333333333333337,0.7333333333333334,0.7333333333333334,,0.8,0.3571428571428571,0.3846153846153846,0.19999999999999996,0.7857142857142857,0.2857142857142857,,0.33333333333333337,0.7857142857142857,0.33333333333333337,0.33333333333333337,,0.8461538461538461,0.33333333333333337,0.33333333333333337,0.33333333333333337,0.33333333333333337,0.2666666666666667,0.2857142857142857,0.8,0.4666666666666667,0.33333333333333337,0.33333333333333337,0.33333333333333337,0.8,0.3846153846153846,0.8,0.33333333333333337,0.7857142857142857,0.3076923076923077,0.7333333333333334,0.2857142857142857,0.2666666666666667,0.33333333333333337,0.33333333333333337,,0.33333333333333337,0.7333333333333334
1120,0.1428571428571429,0.19999999999999996,0.6666666666666667,,0.7333333333333334,0.1333333333333333,0.0,0.0,0.1428571428571429,0.19999999999999996,0.7333333333333334,,0.1428571428571429,0.19999999999999996,0.06666666666666665,0.1428571428571429,0.7333333333333334,0.7333333333333334,0.19999999999999996,0.19999999999999996,,0.19999999999999996,0.6428571428571428,0.19999999999999996,0.0,0.7142857142857143,0.7333333333333334,,0.6666666666666667,0.7142857142857143,0.19999999999999996,0.19999999999999996,0.19999999999999996,0.2142857142857143,0.19999999999999996,,0.7142857142857143,0.19999999999999996,0.0,0.19999999999999996,0.19999999999999996,0.0,,,0.4,0.19999999999999996,0.19999999999999996,0.1428571428571429,0.0,0.19999999999999996,,0.7333333333333334,0.0,0.23076923076923073,,0.19999999999999996,0.5,,0.16666666666666663,0.16666666666666663,0.1333333333333333,0.7142857142857143,0.1428571428571429,0.19999999999999996,0.6666666666666667,0.19999999999999996,0.19999999999999996,0.6428571428571428,0.1333333333333333,0.7333333333333334,0.19999999999999996,0.6428571428571428,0.23076923076923073,0.7333333333333334,0.19999999999999996,0.2666666666666667,0.1428571428571429,0.0,0.7333333333333334,0.19999999999999996,0.6666666666666667,0.1428571428571429,0.7333333333333334,0.19999999999999996,0.1428571428571429,0.19999999999999996,0.19999999999999996,0.19999999999999996,0.19999999999999996,0.0,0.7333333333333334,0.19999999999999996,0.7333333333333334,0.1428571428571429,0.19999999999999996,0.6666666666666667,0.19999999999999996,0.19999999999999996,0.19999999999999996,0.6428571428571428,0.19999999999999996,0.7857142857142857,0.6666666666666667,0.1333333333333333,0.1428571428571429,0.6428571428571428,0.6666666666666667,0.6666666666666667,,0.19999999999999996,0.6,0.6666666666666667,,0.7333333333333334,0.2142857142857143,0.23076923076923073,0.0,0.7142857142857143,0.1428571428571429,,0.19999999999999996,0.7142857142857143,0.19999999999999996,0.19999999999999996,,0.7692307692307692,0.19999999999999996,0.19999999999999996,0.19999999999999996,0.19999999999999996,0.06666666666666665,0.1428571428571429,0.7333333333333334,0.33333333333333337,0.19999999999999996,0.19999999999999996,0.19999999999999996,0.7333333333333334,0.23076923076923073,0.7333333333333334,0.19999999999999996,0.7142857142857143,0.15384615384615385,0.6666666666666667,0.1428571428571429,0.1333333333333333,0.19999999999999996,0.19999999999999996,,0.19999999999999996,0.6666666666666667
1121,0.8571428571428572,0.8,0.1333333333333333,,0.06666666666666665,0.8666666666666667,0.7333333333333334,0.7333333333333334,0.8571428571428572,0.8666666666666667,0.06666666666666665,,0.8571428571428572,0.8666666666666667,0.7333333333333334,0.8571428571428572,0.06666666666666665,0.06666666666666665,0.8666666666666667,0.8666666666666667,,0.8666666666666667,0.1428571428571429,0.6,0.7142857142857143,0.1428571428571429,0.06666666666666665,,0.4,0.1428571428571429,0.8666666666666667,0.8666666666666667,0.8666666666666667,0.9285714285714286,0.8666666666666667,,0.0714285714285714,0.8666666666666667,0.7333333333333334,0.8666666666666667,0.8666666666666667,0.7142857142857143,,,0.8,0.8666666666666667,0.8666666666666667,0.8571428571428572,0.7333333333333334,0.8666666666666667,,0.1333333333333333,0.7333333333333334,1.0,,0.8666666666666667,0.5,,1.0,1.0,0.6666666666666667,0.0714285714285714,0.8571428571428572,0.8666666666666667,0.1333333333333333,0.8666666666666667,0.8666666666666667,0.2142857142857143,0.8666666666666667,0.06666666666666665,0.8666666666666667,0.1428571428571429,1.0,0.06666666666666665,0.8666666666666667,0.5333333333333333,0.8571428571428572,0.7333333333333334,0.1333333333333333,0.8666666666666667,0.1333333333333333,0.8571428571428572,0.06666666666666665,0.8666666666666667,0.8571428571428572,0.8666666666666667,0.8666666666666667,0.8666666666666667,0.7333333333333334,0.7333333333333334,0.0,0.8666666666666667,0.06666666666666665,0.8571428571428572,0.8666666666666667,0.1333333333333333,0.8666666666666667,0.8666666666666667,0.8666666666666667,0.3571428571428571,0.6,0.0714285714285714,0.1333333333333333,0.6666666666666667,0.8571428571428572,0.1428571428571429,0.1333333333333333,0.1333333333333333,,0.8666666666666667,0.19999999999999996,0.1333333333333333,,0.06666666666666665,0.9285714285714286,1.0,0.7333333333333334,0.0714285714285714,0.8571428571428572,,0.8666666666666667,0.0714285714285714,0.8666666666666667,0.8666666666666667,,0.07692307692307687,0.8666666666666667,0.8666666666666667,0.8666666666666667,0.8666666666666667,0.6666666666666667,0.8571428571428572,0.06666666666666665,0.7333333333333334,0.8666666666666667,0.8666666666666667,0.8666666666666667,0.06666666666666665,1.0,0.06666666666666665,0.8666666666666667,0.1428571428571429,1.0,0.1333333333333333,0.8571428571428572,0.8666666666666667,0.8666666666666667,0.8666666666666667,,0.8666666666666667,0.1333333333333333
1122,0.0,0.06666666666666665,0.8666666666666667,,0.8666666666666667,0.06666666666666665,0.19999999999999996,0.19999999999999996,0.0,0.0,0.8666666666666667,,0.0,0.0,0.1333333333333333,0.0,0.8666666666666667,0.8666666666666667,0.0,0.0,,0.0,0.7857142857142857,0.33333333333333337,0.1428571428571429,0.8571428571428572,0.8666666666666667,,0.8666666666666667,0.8571428571428572,0.0,0.0,0.0,0.0,0.0,,0.8571428571428572,0.0,0.19999999999999996,0.0,0.0,0.1428571428571429,,,0.4666666666666667,0.0,0.0,0.0,0.19999999999999996,0.0,,0.8666666666666667,0.19999999999999996,0.0,,0.0,0.0,,0.0,0.0,0.19999999999999996,0.8571428571428572,0.0,0.0,0.8,0.0,0.0,0.8571428571428572,0.06666666666666665,0.8666666666666667,0.0,0.7857142857142857,0.0,0.8666666666666667,0.0,0.4666666666666667,0.0,0.19999999999999996,0.8666666666666667,0.0,0.8666666666666667,0.0,0.8666666666666667,0.0,0.0,0.0,0.0,0.0,0.33333333333333337,0.19999999999999996,0.8666666666666667,0.0,0.8666666666666667,0.0,0.0,0.8666666666666667,0.0,0.0,0.0,0.8571428571428572,0.4,0.9285714285714286,0.8666666666666667,0.33333333333333337,0.0,0.7857142857142857,0.8666666666666667,0.8666666666666667,,0.0,0.7333333333333334,0.8666666666666667,,0.8666666666666667,0.0,0.0,0.19999999999999996,0.8571428571428572,0.0,,0.0,0.8571428571428572,0.06666666666666665,0.0,,0.9230769230769231,0.0,0.0,0.0,0.0,0.2666666666666667,0.0,0.8666666666666667,0.1333333333333333,0.0,0.0,0.0,0.8666666666666667,0.0,0.8666666666666667,0.0,0.9285714285714286,0.07692307692307687,0.8666666666666667,0.0,0.06666666666666665,0.0,0.0,,0.0,0.8666666666666667
1123,0.8571428571428572,0.8,0.06666666666666665,,0.0,0.8666666666666667,0.7333333333333334,0.7333333333333334,0.8571428571428572,0.8666666666666667,0.0,,0.8571428571428572,0.8666666666666667,0.7333333333333334,0.8571428571428572,0.0,0.0,0.8666666666666667,0.8666666666666667,,0.8666666666666667,0.0714285714285714,0.6,0.7142857142857143,0.0714285714285714,0.0,,0.4666666666666667,0.0714285714285714,0.8666666666666667,0.8666666666666667,0.8666666666666667,0.9285714285714286,0.8666666666666667,,0.0,0.8666666666666667,0.7333333333333334,0.8666666666666667,0.8666666666666667,0.7142857142857143,,,0.8666666666666667,0.8666666666666667,0.8666666666666667,0.8571428571428572,0.7333333333333334,0.8666666666666667,,0.06666666666666665,0.7333333333333334,1.0,,0.8666666666666667,0.5,,1.0,1.0,0.6666666666666667,0.0,0.8571428571428572,0.8666666666666667,0.06666666666666665,0.8666666666666667,0.8666666666666667,0.1428571428571429,0.8666666666666667,0.0,0.8666666666666667,0.0714285714285714,1.0,0.0,0.8666666666666667,0.4666666666666667,0.8571428571428572,0.7333333333333334,0.19999999999999996,0.8666666666666667,0.06666666666666665,0.8571428571428572,0.1333333333333333,0.8666666666666667,0.8571428571428572,0.8666666666666667,0.8666666666666667,0.8666666666666667,0.8,0.7333333333333334,0.06666666666666665,0.8666666666666667,0.0,0.8571428571428572,0.8666666666666667,0.06666666666666665,0.8666666666666667,0.8666666666666667,0.8666666666666667,0.4285714285714286,0.6,0.0,0.06666666666666665,0.6666666666666667,0.8571428571428572,0.0714285714285714,0.06666666666666665,0.06666666666666665,,0.8666666666666667,0.1333333333333333,0.06666666666666665,,0.0,0.9285714285714286,1.0,0.7333333333333334,0.0,0.8571428571428572,,0.8666666666666667,0.0,0.8666666666666667,0.8666666666666667,,0.0,0.8666666666666667,0.8666666666666667,0.8666666666666667,0.8666666666666667,0.6666666666666667,0.8571428571428572,0.0,0.7333333333333334,0.8666666666666667,0.8666666666666667,0.8666666666666667,0.0,1.0,0.0,0.8666666666666667,0.0714285714285714,1.0,0.06666666666666665,0.8571428571428572,0.8666666666666667,0.8666666666666667,0.8666666666666667,,0.8666666666666667,0.06666666666666665
1124,0.0,0.0,0.8571428571428572,,0.8571428571428572,0.0,0.1428571428571429,0.1428571428571429,0.0,0.0,0.8571428571428572,,0.0,0.0,0.1428571428571429,0.0,0.8571428571428572,0.8571428571428572,0.0,0.0,,0.0,0.7857142857142857,0.2857142857142857,0.1428571428571429,0.8571428571428572,0.8571428571428572,,0.8571428571428572,0.8571428571428572,0.0,0.0,0.0,0.0,0.0,,0.8571428571428572,0.0,0.1428571428571429,0.0,0.0,0.1428571428571429,,,0.4285714285714286,0.0,0.0,0.0,0.1428571428571429,0.0,,0.8571428571428572,0.1428571428571429,0.0,,0.0,,,0.0,0.0,0.2142857142857143,0.8571428571428572,0.0,0.0,0.7857142857142857,0.0,0.0,0.8461538461538461,0.0,0.8571428571428572,0.0,0.7857142857142857,0.0,0.8571428571428572,0.0,0.4285714285714286,0.0,0.1428571428571429,0.8571428571428572,0.0,0.8571428571428572,0.0,0.8571428571428572,0.0,0.0,0.0,0.0,0.0,0.2857142857142857,0.1428571428571429,0.8571428571428572,0.0,0.8571428571428572,0.0,0.0,0.8571428571428572,0.0,0.0,0.0,0.8461538461538461,0.3571428571428571,0.9230769230769231,0.8571428571428572,0.2857142857142857,0.0,0.7857142857142857,0.8571428571428572,0.8571428571428572,,0.0,0.7142857142857143,0.8571428571428572,,0.8571428571428572,0.0,0.0,0.1428571428571429,0.8571428571428572,0.0,,0.0,0.8571428571428572,0.0714285714285714,0.0,,0.9230769230769231,0.0,0.0,0.0,0.0,0.2142857142857143,0.0,0.8571428571428572,0.1428571428571429,0.0,0.0,0.0,0.8571428571428572,0.0,0.8571428571428572,0.0,0.9230769230769231,0.0,0.8571428571428572,0.0,0.0,0.0,0.0,,0.0,0.8571428571428572
1125,0.0,0.06666666666666665,0.8666666666666667,,0.8666666666666667,0.06666666666666665,0.19999999999999996,0.19999999999999996,0.0,0.0,0.8666666666666667,,0.0,0.0,0.1333333333333333,0.0,0.8666666666666667,0.8666666666666667,0.0,0.0,,0.0,0.7857142857142857,0.33333333333333337,0.1428571428571429,0.8571428571428572,0.8666666666666667,,0.8666666666666667,0.8571428571428572,0.0,0.0,0.0,0.0,0.0,,0.8571428571428572,0.0,0.19999999999999996,0.0,0.0,0.1428571428571429,,,0.4666666666666667,0.0,0.0,0.0,0.19999999999999996,0.0,,0.8666666666666667,0.19999999999999996,0.0,,0.0,0.0,,0.0,0.0,0.19999999999999996,0.8571428571428572,0.0,0.0,0.8,0.0,0.0,0.8571428571428572,0.06666666666666665,0.8666666666666667,0.0,0.7857142857142857,0.0,0.8666666666666667,0.0,0.4666666666666667,0.0,0.19999999999999996,0.8666666666666667,0.0,0.8666666666666667,0.0,0.8666666666666667,0.0,0.0,0.0,0.0,0.0,0.33333333333333337,0.19999999999999996,0.8666666666666667,0.0,0.8666666666666667,0.0,0.0,0.8666666666666667,0.0,0.0,0.0,0.8571428571428572,0.4,0.9285714285714286,0.8666666666666667,0.33333333333333337,0.0,0.7857142857142857,0.8666666666666667,0.8666666666666667,,0.0,0.7333333333333334,0.8666666666666667,,0.8666666666666667,0.0,0.0,0.19999999999999996,0.8571428571428572,0.0,,0.0,0.8571428571428572,0.06666666666666665,0.0,,0.9230769230769231,0.0,0.0,0.0,0.0,0.2666666666666667,0.0,0.8666666666666667,0.1333333333333333,0.0,0.0,0.0,0.8666666666666667,0.0,0.8666666666666667,0.0,0.9285714285714286,0.07692307692307687,0.8666666666666667,0.0,0.06666666666666665,0.0,0.0,,0.0,0.8666666666666667
1126,0.8571428571428572,0.8666666666666667,0.0,,0.06666666666666665,0.8,0.6666666666666667,0.6666666666666667,0.8571428571428572,0.8666666666666667,0.06666666666666665,,0.8571428571428572,0.8666666666666667,0.7333333333333334,0.8571428571428572,0.06666666666666665,0.06666666666666665,0.8666666666666667,0.8666666666666667,,0.8666666666666667,0.0714285714285714,0.6666666666666667,0.7142857142857143,0.0714285714285714,0.06666666666666665,,0.4,0.0714285714285714,0.8666666666666667,0.8666666666666667,0.8666666666666667,0.9285714285714286,0.8666666666666667,,0.0,0.8666666666666667,0.6666666666666667,0.8666666666666667,0.8666666666666667,0.7142857142857143,,,0.8,0.8666666666666667,0.8666666666666667,0.8571428571428572,0.6666666666666667,0.8666666666666667,,0.1333333333333333,0.6666666666666667,1.0,,0.8666666666666667,0.5,,1.0,1.0,0.6666666666666667,0.0,0.8571428571428572,0.8666666666666667,0.1333333333333333,0.8666666666666667,0.8666666666666667,0.0714285714285714,0.8,0.06666666666666665,0.8666666666666667,0.0714285714285714,1.0,0.06666666666666665,0.8666666666666667,0.4,0.8571428571428572,0.6666666666666667,0.2666666666666667,0.8666666666666667,0.0,0.8571428571428572,0.19999999999999996,0.8666666666666667,0.8571428571428572,0.8666666666666667,0.8666666666666667,0.8666666666666667,0.7333333333333334,0.6666666666666667,0.1333333333333333,0.8666666666666667,0.06666666666666665,0.8571428571428572,0.8666666666666667,0.0,0.8666666666666667,0.8666666666666667,0.8666666666666667,0.3571428571428571,0.5333333333333333,0.0714285714285714,0.0,0.6,0.8571428571428572,0.0714285714285714,0.0,0.0,,0.8666666666666667,0.19999999999999996,0.0,,0.06666666666666665,0.9285714285714286,1.0,0.6666666666666667,0.0,0.8571428571428572,,0.8666666666666667,0.0,0.8666666666666667,0.8666666666666667,,0.0,0.8666666666666667,0.8666666666666667,0.8666666666666667,0.8666666666666667,0.6,0.8571428571428572,0.06666666666666665,0.7333333333333334,0.8666666666666667,0.8666666666666667,0.8666666666666667,0.06666666666666665,1.0,0.06666666666666665,0.8666666666666667,0.0,0.9230769230769231,0.0,0.8571428571428572,0.8,0.8666666666666667,0.8666666666666667,,0.8666666666666667,0.0
1127,0.0,0.06666666666666665,0.8666666666666667,,0.8666666666666667,0.06666666666666665,0.19999999999999996,0.19999999999999996,0.0,0.0,0.8666666666666667,,0.0,0.0,0.1333333333333333,0.0,0.8666666666666667,0.8666666666666667,0.0,0.0,,0.0,0.7857142857142857,0.33333333333333337,0.1428571428571429,0.8571428571428572,0.8666666666666667,,0.8666666666666667,0.8571428571428572,0.0,0.0,0.0,0.0,0.0,,0.8571428571428572,0.0,0.19999999999999996,0.0,0.0,0.1428571428571429,,,0.4666666666666667,0.0,0.0,0.0,0.19999999999999996,0.0,,0.8666666666666667,0.19999999999999996,0.0,,0.0,0.0,,0.0,0.0,0.19999999999999996,0.8571428571428572,0.0,0.0,0.8,0.0,0.0,0.8571428571428572,0.06666666666666665,0.8666666666666667,0.0,0.7857142857142857,0.0,0.8666666666666667,0.0,0.4666666666666667,0.0,0.19999999999999996,0.8666666666666667,0.0,0.8666666666666667,0.0,0.8666666666666667,0.0,0.0,0.0,0.0,0.0,0.33333333333333337,0.19999999999999996,0.8666666666666667,0.0,0.8666666666666667,0.0,0.0,0.8666666666666667,0.0,0.0,0.0,0.8571428571428572,0.4,0.9285714285714286,0.8666666666666667,0.33333333333333337,0.0,0.7857142857142857,0.8666666666666667,0.8666666666666667,,0.0,0.7333333333333334,0.8666666666666667,,0.8666666666666667,0.0,0.0,0.19999999999999996,0.8571428571428572,0.0,,0.0,0.8571428571428572,0.06666666666666665,0.0,,0.9230769230769231,0.0,0.0,0.0,0.0,0.2666666666666667,0.0,0.8666666666666667,0.1333333333333333,0.0,0.0,0.0,0.8666666666666667,0.0,0.8666666666666667,0.0,0.9285714285714286,0.07692307692307687,0.8666666666666667,0.0,0.06666666666666665,0.0,0.0,,0.0,0.8666666666666667
1128,0.0,0.06666666666666665,0.8666666666666667,,0.8666666666666667,0.06666666666666665,0.19999999999999996,0.19999999999999996,0.0,0.0,0.8666666666666667,,0.0,0.0,0.1333333333333333,0.0,0.8666666666666667,0.8666666666666667,0.0,0.0,,0.0,0.7857142857142857,0.33333333333333337,0.1428571428571429,0.8571428571428572,0.8666666666666667,,0.8666666666666667,0.8571428571428572,0.0,0.0,0.0,0.0,0.0,,0.8571428571428572,0.0,0.19999999999999996,0.0,0.0,0.1428571428571429,,,0.4666666666666667,0.0,0.0,0.0,0.19999999999999996,0.0,,0.8666666666666667,0.19999999999999996,0.0,,0.0,0.0,,0.0,0.0,0.19999999999999996,0.8571428571428572,0.0,0.0,0.8,0.0,0.0,0.8571428571428572,0.06666666666666665,0.8666666666666667,0.0,0.7857142857142857,0.0,0.8666666666666667,0.0,0.4666666666666667,0.0,0.19999999999999996,0.8666666666666667,0.0,0.8666666666666667,0.0,0.8666666666666667,0.0,0.0,0.0,0.0,0.0,0.33333333333333337,0.19999999999999996,0.8666666666666667,0.0,0.8666666666666667,0.0,0.0,0.8666666666666667,0.0,0.0,0.0,0.8571428571428572,0.4,0.9285714285714286,0.8666666666666667,0.33333333333333337,0.0,0.7857142857142857,0.8666666666666667,0.8666666666666667,,0.0,0.7333333333333334,0.8666666666666667,,0.8666666666666667,0.0,0.0,0.19999999999999996,0.8571428571428572,0.0,,0.0,0.8571428571428572,0.06666666666666665,0.0,,0.9230769230769231,0.0,0.0,0.0,0.0,0.2666666666666667,0.0,0.8666666666666667,0.1333333333333333,0.0,0.0,0.0,0.8666666666666667,0.0,0.8666666666666667,0.0,0.9285714285714286,0.07692307692307687,0.8666666666666667,0.0,0.06666666666666665,0.0,0.0,,0.0,0.8666666666666667
1129,0.0,0.06666666666666665,0.8666666666666667,,0.8666666666666667,0.06666666666666665,0.19999999999999996,0.19999999999999996,0.0,0.0,0.8666666666666667,,0.0,0.0,0.1333333333333333,0.0,0.8666666666666667,0.8666666666666667,0.0,0.0,,0.0,0.7857142857142857,0.33333333333333337,0.1428571428571429,0.8571428571428572,0.8666666666666667,,0.8666666666666667,0.8571428571428572,0.0,0.0,0.0,0.0,0.0,,0.8571428571428572,0.0,0.19999999999999996,0.0,0.0,0.1428571428571429,,,0.4666666666666667,0.0,0.0,0.0,0.19999999999999996,0.0,,0.8666666666666667,0.19999999999999996,0.0,,0.0,0.0,,0.0,0.0,0.19999999999999996,0.8571428571428572,0.0,0.0,0.8,0.0,0.0,0.8571428571428572,0.06666666666666665,0.8666666666666667,0.0,0.7857142857142857,0.0,0.8666666666666667,0.0,0.4666666666666667,0.0,0.19999999999999996,0.8666666666666667,0.0,0.8666666666666667,0.0,0.8666666666666667,0.0,0.0,0.0,0.0,0.0,0.33333333333333337,0.19999999999999996,0.8666666666666667,0.0,0.8666666666666667,0.0,0.0,0.8666666666666667,0.0,0.0,0.0,0.8571428571428572,0.4,0.9285714285714286,0.8666666666666667,0.33333333333333337,0.0,0.7857142857142857,0.8666666666666667,0.8666666666666667,,0.0,0.7333333333333334,0.8666666666666667,,0.8666666666666667,0.0,0.0,0.19999999999999996,0.8571428571428572,0.0,,0.0,0.8571428571428572,0.06666666666666665,0.0,,0.9230769230769231,0.0,0.0,0.0,0.0,0.2666666666666667,0.0,0.8666666666666667,0.1333333333333333,0.0,0.0,0.0,0.8666666666666667,0.0,0.8666666666666667,0.0,0.9285714285714286,0.07692307692307687,0.8666666666666667,0.0,0.06666666666666665,0.0,0.0,,0.0,0.8666666666666667
1131,0.8461538461538461,0.8571428571428572,0.3571428571428571,,0.4285714285714286,0.7857142857142857,0.6428571428571428,0.6428571428571428,0.8461538461538461,0.8571428571428572,0.4285714285714286,,0.8461538461538461,0.8571428571428572,0.7142857142857143,0.8461538461538461,0.4285714285714286,0.4285714285714286,0.8571428571428572,0.8571428571428572,,0.8571428571428572,0.3846153846153846,0.6428571428571428,0.6923076923076923,0.3076923076923077,0.4285714285714286,,0.1428571428571429,0.3076923076923077,0.8571428571428572,0.8571428571428572,0.8571428571428572,0.8571428571428572,0.8571428571428572,,0.3846153846153846,0.8571428571428572,0.6428571428571428,0.8571428571428572,0.8571428571428572,0.6923076923076923,,,0.7142857142857143,0.8571428571428572,0.8571428571428572,0.8461538461538461,0.6428571428571428,0.8571428571428572,,0.5,0.6428571428571428,0.9230769230769231,,0.8571428571428572,,,0.9166666666666666,0.9166666666666666,0.7142857142857143,0.3846153846153846,0.8461538461538461,0.8571428571428572,0.5,0.8571428571428572,0.8571428571428572,0.3571428571428571,0.7857142857142857,0.4285714285714286,0.8571428571428572,0.3846153846153846,0.9230769230769231,0.4285714285714286,0.8571428571428572,0.5,0.8461538461538461,0.6428571428571428,0.5,0.8571428571428572,0.3571428571428571,0.8461538461538461,0.4285714285714286,0.8571428571428572,0.8461538461538461,0.8571428571428572,0.8571428571428572,0.8571428571428572,0.6428571428571428,0.6428571428571428,0.3571428571428571,0.8571428571428572,0.4285714285714286,0.8461538461538461,0.8571428571428572,0.3571428571428571,0.8571428571428572,0.8571428571428572,0.8571428571428572,0.0,0.6428571428571428,0.4285714285714286,0.3571428571428571,0.5,0.8461538461538461,0.3076923076923077,0.3571428571428571,0.3571428571428571,,0.8571428571428572,0.5,0.3571428571428571,,0.4285714285714286,0.8571428571428572,0.9230769230769231,0.6428571428571428,0.3846153846153846,0.8461538461538461,,0.8571428571428572,0.3846153846153846,0.8571428571428572,0.8571428571428572,,0.3846153846153846,0.8571428571428572,0.8571428571428572,0.8571428571428572,0.8571428571428572,0.6428571428571428,0.8461538461538461,0.4285714285714286,0.9285714285714286,0.8571428571428572,0.8571428571428572,0.8571428571428572,0.4285714285714286,0.9230769230769231,0.4285714285714286,0.8571428571428572,0.3571428571428571,0.8461538461538461,0.3571428571428571,0.8461538461538461,0.7857142857142857,0.8571428571428572,0.8571428571428572,,0.8571428571428572,0.3571428571428571
1132,0.3571428571428571,0.4,0.5333333333333333,,0.6,0.33333333333333337,0.19999999999999996,0.19999999999999996,0.3571428571428571,0.4,0.6,,0.3571428571428571,0.4,0.2666666666666667,0.3571428571428571,0.6,0.6,0.4,0.4,,0.4,0.6428571428571428,0.19999999999999996,0.2142857142857143,0.6428571428571428,0.6,,0.6666666666666667,0.6428571428571428,0.4,0.4,0.4,0.4285714285714286,0.4,,0.5714285714285714,0.4,0.19999999999999996,0.4,0.4,0.2142857142857143,,,0.6,0.4,0.4,0.3571428571428571,0.19999999999999996,0.4,,0.6,0.19999999999999996,0.46153846153846156,,0.4,0.5,,0.41666666666666663,0.41666666666666663,0.19999999999999996,0.5714285714285714,0.3571428571428571,0.4,0.6,0.4,0.4,0.6428571428571428,0.33333333333333337,0.6,0.4,0.6428571428571428,0.46153846153846156,0.6,0.4,0.2666666666666667,0.3571428571428571,0.19999999999999996,0.6,0.4,0.5333333333333333,0.3571428571428571,0.6,0.4,0.3571428571428571,0.4,0.4,0.4,0.4,0.19999999999999996,0.6,0.4,0.6,0.3571428571428571,0.4,0.5333333333333333,0.4,0.4,0.4,0.6428571428571428,0.0,0.6428571428571428,0.5333333333333333,0.19999999999999996,0.3571428571428571,0.5,0.5333333333333333,0.5333333333333333,,0.4,0.4666666666666667,0.5333333333333333,,0.6,0.4285714285714286,0.46153846153846156,0.19999999999999996,0.5714285714285714,0.3571428571428571,,0.4,0.5714285714285714,0.4,0.4,,0.6153846153846154,0.4,0.4,0.4,0.4,0.1333333333333333,0.3571428571428571,0.6,0.4,0.4,0.4,0.4,0.6,0.46153846153846156,0.6,0.4,0.5714285714285714,0.3846153846153846,0.5333333333333333,0.3571428571428571,0.33333333333333337,0.4,0.4,,0.4,0.5333333333333333
1133,0.9230769230769231,0.8571428571428572,0.0714285714285714,,0.0,0.9285714285714286,0.7857142857142857,0.7857142857142857,0.9230769230769231,0.9285714285714286,0.0,,0.9230769230769231,0.9285714285714286,0.7857142857142857,0.9230769230769231,0.0,0.0,0.9285714285714286,0.9285714285714286,,0.9285714285714286,0.07692307692307687,0.6428571428571428,0.7692307692307692,0.07692307692307687,0.0,,0.5,0.07692307692307687,0.9285714285714286,0.9285714285714286,0.9285714285714286,0.9285714285714286,0.9285714285714286,,0.0,0.9285714285714286,0.7857142857142857,0.9285714285714286,0.9285714285714286,0.7692307692307692,,,0.9285714285714286,0.9285714285714286,0.9285714285714286,0.9230769230769231,0.7857142857142857,0.9285714285714286,,0.0714285714285714,0.7857142857142857,1.0,,0.9285714285714286,,,1.0,1.0,0.7142857142857143,0.0,0.9230769230769231,0.9285714285714286,0.0714285714285714,0.9285714285714286,0.9285714285714286,0.1428571428571429,0.9285714285714286,0.0,0.9285714285714286,0.07692307692307687,1.0,0.0,0.9285714285714286,0.5,0.9230769230769231,0.7857142857142857,0.2142857142857143,0.9285714285714286,0.0714285714285714,0.9230769230769231,0.1428571428571429,0.9285714285714286,0.9230769230769231,0.9285714285714286,0.9285714285714286,0.9285714285714286,0.8571428571428572,0.7857142857142857,0.0714285714285714,0.9285714285714286,0.0,0.9230769230769231,0.9285714285714286,0.0714285714285714,0.9285714285714286,0.9285714285714286,0.9285714285714286,0.4285714285714286,0.6428571428571428,0.0,0.0714285714285714,0.7142857142857143,0.9230769230769231,0.07692307692307687,0.0714285714285714,0.0714285714285714,,0.9285714285714286,0.1428571428571429,0.0714285714285714,,0.0,0.9285714285714286,1.0,0.7857142857142857,0.0,0.9230769230769231,,0.9285714285714286,0.0,0.9285714285714286,0.9285714285714286,,0.0,0.9285714285714286,0.9285714285714286,0.9285714285714286,0.9285714285714286,0.7142857142857143,0.9230769230769231,0.0,0.7857142857142857,0.9285714285714286,0.9285714285714286,0.9285714285714286,0.0,1.0,0.0,0.9285714285714286,0.0714285714285714,1.0,0.0714285714285714,0.9230769230769231,0.9285714285714286,0.9285714285714286,0.9285714285714286,,0.9285714285714286,0.0714285714285714
1135,0.8571428571428572,0.8666666666666667,0.0,,0.06666666666666665,0.8,0.6666666666666667,0.6666666666666667,0.8571428571428572,0.8666666666666667,0.06666666666666665,,0.8571428571428572,0.8666666666666667,0.7333333333333334,0.8571428571428572,0.06666666666666665,0.06666666666666665,0.8666666666666667,0.8666666666666667,,0.8666666666666667,0.0714285714285714,0.6666666666666667,0.7142857142857143,0.0714285714285714,0.06666666666666665,,0.4,0.0714285714285714,0.8666666666666667,0.8666666666666667,0.8666666666666667,0.9285714285714286,0.8666666666666667,,0.0,0.8666666666666667,0.6666666666666667,0.8666666666666667,0.8666666666666667,0.7142857142857143,,,0.8,0.8666666666666667,0.8666666666666667,0.8571428571428572,0.6666666666666667,0.8666666666666667,,0.1333333333333333,0.6666666666666667,1.0,,0.8666666666666667,0.5,,1.0,1.0,0.6666666666666667,0.0,0.8571428571428572,0.8666666666666667,0.1333333333333333,0.8666666666666667,0.8666666666666667,0.0714285714285714,0.8,0.06666666666666665,0.8666666666666667,0.0714285714285714,1.0,0.06666666666666665,0.8666666666666667,0.4,0.8571428571428572,0.6666666666666667,0.2666666666666667,0.8666666666666667,0.0,0.8571428571428572,0.19999999999999996,0.8666666666666667,0.8571428571428572,0.8666666666666667,0.8666666666666667,0.8666666666666667,0.7333333333333334,0.6666666666666667,0.1333333333333333,0.8666666666666667,0.06666666666666665,0.8571428571428572,0.8666666666666667,0.0,0.8666666666666667,0.8666666666666667,0.8666666666666667,0.3571428571428571,0.5333333333333333,0.0714285714285714,0.0,0.6,0.8571428571428572,0.0714285714285714,0.0,0.0,,0.8666666666666667,0.19999999999999996,0.0,,0.06666666666666665,0.9285714285714286,1.0,0.6666666666666667,0.0,0.8571428571428572,,0.8666666666666667,0.0,0.8666666666666667,0.8666666666666667,,0.0,0.8666666666666667,0.8666666666666667,0.8666666666666667,0.8666666666666667,0.6,0.8571428571428572,0.06666666666666665,0.7333333333333334,0.8666666666666667,0.8666666666666667,0.8666666666666667,0.06666666666666665,1.0,0.06666666666666665,0.8666666666666667,0.0,0.9230769230769231,0.0,0.8571428571428572,0.8,0.8666666666666667,0.8666666666666667,,0.8666666666666667,0.0
1136,0.2857142857142857,0.33333333333333337,0.6,,0.6666666666666667,0.2666666666666667,0.1333333333333333,0.1333333333333333,0.2857142857142857,0.33333333333333337,0.6666666666666667,,0.2857142857142857,0.33333333333333337,0.19999999999999996,0.2857142857142857,0.6666666666666667,0.6666666666666667,0.33333333333333337,0.33333333333333337,,0.33333333333333337,0.6428571428571428,0.2666666666666667,0.1428571428571429,0.6428571428571428,0.6666666666666667,,0.5333333333333333,0.6428571428571428,0.33333333333333337,0.33333333333333337,0.33333333333333337,0.3571428571428571,0.33333333333333337,,0.6428571428571428,0.33333333333333337,0.1333333333333333,0.33333333333333337,0.33333333333333337,0.1428571428571429,,,0.5333333333333333,0.33333333333333337,0.33333333333333337,0.2857142857142857,0.1333333333333333,0.33333333333333337,,0.6666666666666667,0.1333333333333333,0.3846153846153846,,0.33333333333333337,0.5,,0.33333333333333337,0.33333333333333337,0.2666666666666667,0.6428571428571428,0.2857142857142857,0.33333333333333337,0.7333333333333334,0.33333333333333337,0.33333333333333337,0.5714285714285714,0.2666666666666667,0.6666666666666667,0.33333333333333337,0.5714285714285714,0.3846153846153846,0.6666666666666667,0.33333333333333337,0.2666666666666667,0.2857142857142857,0.1333333333333333,0.6666666666666667,0.33333333333333337,0.6,0.2857142857142857,0.6666666666666667,0.33333333333333337,0.2857142857142857,0.33333333333333337,0.33333333333333337,0.33333333333333337,0.33333333333333337,0.1333333333333333,0.6666666666666667,0.33333333333333337,0.6666666666666667,0.2857142857142857,0.33333333333333337,0.6,0.33333333333333337,0.33333333333333337,0.33333333333333337,0.5,0.19999999999999996,0.7142857142857143,0.6,0.0,0.2857142857142857,0.5714285714285714,0.6,0.6,,0.33333333333333337,0.5333333333333333,0.6,,0.6666666666666667,0.3571428571428571,0.3846153846153846,0.1333333333333333,0.6428571428571428,0.2857142857142857,,0.33333333333333337,0.6428571428571428,0.33333333333333337,0.33333333333333337,,0.6923076923076923,0.33333333333333337,0.33333333333333337,0.33333333333333337,0.33333333333333337,0.1333333333333333,0.2857142857142857,0.6666666666666667,0.4666666666666667,0.33333333333333337,0.33333333333333337,0.33333333333333337,0.6666666666666667,0.3846153846153846,0.6666666666666667,0.33333333333333337,0.6428571428571428,0.3076923076923077,0.6,0.2857142857142857,0.2666666666666667,0.33333333333333337,0.33333333333333337,,0.33333333333333337,0.6
1137,0.0,0.0,0.8571428571428572,,0.8571428571428572,0.0,0.1428571428571429,0.1428571428571429,0.0,0.0,0.8571428571428572,,0.0,0.0,0.1428571428571429,0.0,0.8571428571428572,0.8571428571428572,0.0,0.0,,0.0,0.7857142857142857,0.2857142857142857,0.1428571428571429,0.8571428571428572,0.8571428571428572,,0.8571428571428572,0.8571428571428572,0.0,0.0,0.0,0.0,0.0,,0.8571428571428572,0.0,0.1428571428571429,0.0,0.0,0.1428571428571429,,,0.4285714285714286,0.0,0.0,0.0,0.1428571428571429,0.0,,0.8571428571428572,0.1428571428571429,0.0,,0.0,,,0.0,0.0,0.2142857142857143,0.8571428571428572,0.0,0.0,0.7857142857142857,0.0,0.0,0.8461538461538461,0.0,0.8571428571428572,0.0,0.7857142857142857,0.0,0.8571428571428572,0.0,0.4285714285714286,0.0,0.1428571428571429,0.8571428571428572,0.0,0.8571428571428572,0.0,0.8571428571428572,0.0,0.0,0.0,0.0,0.0,0.2857142857142857,0.1428571428571429,0.8571428571428572,0.0,0.8571428571428572,0.0,0.0,0.8571428571428572,0.0,0.0,0.0,0.8461538461538461,0.3571428571428571,0.9230769230769231,0.8571428571428572,0.2857142857142857,0.0,0.7857142857142857,0.8571428571428572,0.8571428571428572,,0.0,0.7142857142857143,0.8571428571428572,,0.8571428571428572,0.0,0.0,0.1428571428571429,0.8571428571428572,0.0,,0.0,0.8571428571428572,0.0714285714285714,0.0,,0.9230769230769231,0.0,0.0,0.0,0.0,0.2142857142857143,0.0,0.8571428571428572,0.1428571428571429,0.0,0.0,0.0,0.8571428571428572,0.0,0.8571428571428572,0.0,0.9230769230769231,0.0,0.8571428571428572,0.0,0.0,0.0,0.0,,0.0,0.8571428571428572
1138,0.7857142857142857,0.7857142857142857,0.0714285714285714,,0.0714285714285714,0.7857142857142857,0.6428571428571428,0.6428571428571428,0.7857142857142857,0.7857142857142857,0.0714285714285714,,0.7857142857142857,0.7857142857142857,0.6428571428571428,0.7857142857142857,0.0714285714285714,0.0714285714285714,0.7857142857142857,0.7857142857142857,,0.7857142857142857,0.1428571428571429,0.5714285714285714,0.6428571428571428,0.1428571428571429,0.0714285714285714,,0.4285714285714286,0.1428571428571429,0.7857142857142857,0.7857142857142857,0.7857142857142857,0.8461538461538461,0.7857142857142857,,0.0714285714285714,0.7857142857142857,0.6428571428571428,0.7857142857142857,0.7857142857142857,0.6428571428571428,,,0.7857142857142857,0.7857142857142857,0.7857142857142857,0.7857142857142857,0.6428571428571428,0.7857142857142857,,0.1428571428571429,0.6428571428571428,0.9166666666666666,,0.7857142857142857,,,0.9166666666666666,0.9166666666666666,0.5714285714285714,0.0714285714285714,0.7857142857142857,0.7857142857142857,0.1428571428571429,0.7857142857142857,0.7857142857142857,0.15384615384615385,0.7857142857142857,0.0714285714285714,0.7857142857142857,0.1428571428571429,0.9166666666666666,0.0714285714285714,0.7857142857142857,0.3571428571428571,0.7857142857142857,0.6428571428571428,0.2857142857142857,0.7857142857142857,0.0714285714285714,0.7857142857142857,0.2142857142857143,0.7857142857142857,0.7857142857142857,0.7857142857142857,0.7857142857142857,0.7857142857142857,0.7142857142857143,0.6428571428571428,0.1428571428571429,0.7857142857142857,0.0714285714285714,0.7857142857142857,0.7857142857142857,0.0714285714285714,0.7857142857142857,0.7857142857142857,0.7857142857142857,0.3076923076923077,0.5,0.07692307692307687,0.0714285714285714,0.5714285714285714,0.7857142857142857,0.0,0.0714285714285714,0.0714285714285714,,0.7857142857142857,0.2142857142857143,0.0714285714285714,,0.0714285714285714,0.8461538461538461,0.9166666666666666,0.6428571428571428,0.0714285714285714,0.7857142857142857,,0.7857142857142857,0.0714285714285714,0.7857142857142857,0.7857142857142857,,0.07692307692307687,0.7857142857142857,0.7857142857142857,0.7857142857142857,0.7857142857142857,0.5714285714285714,0.7857142857142857,0.0714285714285714,0.7857142857142857,0.7857142857142857,0.7857142857142857,0.7857142857142857,0.0714285714285714,0.9166666666666666,0.0714285714285714,0.7857142857142857,0.07692307692307687,0.9166666666666666,0.0714285714285714,0.7857142857142857,0.7857142857142857,0.7857142857142857,0.7857142857142857,,0.7857142857142857,0.0714285714285714
1139,0.8571428571428572,0.8666666666666667,0.0,,0.06666666666666665,0.8,0.6666666666666667,0.6666666666666667,0.8571428571428572,0.8666666666666667,0.06666666666666665,,0.8571428571428572,0.8666666666666667,0.7333333333333334,0.8571428571428572,0.06666666666666665,0.06666666666666665,0.8666666666666667,0.8666666666666667,,0.8666666666666667,0.0714285714285714,0.6666666666666667,0.7142857142857143,0.0714285714285714,0.06666666666666665,,0.4,0.0714285714285714,0.8666666666666667,0.8666666666666667,0.8666666666666667,0.9285714285714286,0.8666666666666667,,0.0,0.8666666666666667,0.6666666666666667,0.8666666666666667,0.8666666666666667,0.7142857142857143,,,0.8,0.8666666666666667,0.8666666666666667,0.8571428571428572,0.6666666666666667,0.8666666666666667,,0.1333333333333333,0.6666666666666667,1.0,,0.8666666666666667,0.5,,1.0,1.0,0.6666666666666667,0.0,0.8571428571428572,0.8666666666666667,0.1333333333333333,0.8666666666666667,0.8666666666666667,0.0714285714285714,0.8,0.06666666666666665,0.8666666666666667,0.0714285714285714,1.0,0.06666666666666665,0.8666666666666667,0.4,0.8571428571428572,0.6666666666666667,0.2666666666666667,0.8666666666666667,0.0,0.8571428571428572,0.19999999999999996,0.8666666666666667,0.8571428571428572,0.8666666666666667,0.8666666666666667,0.8666666666666667,0.7333333333333334,0.6666666666666667,0.1333333333333333,0.8666666666666667,0.06666666666666665,0.8571428571428572,0.8666666666666667,0.0,0.8666666666666667,0.8666666666666667,0.8666666666666667,0.3571428571428571,0.5333333333333333,0.0714285714285714,0.0,0.6,0.8571428571428572,0.0714285714285714,0.0,0.0,,0.8666666666666667,0.19999999999999996,0.0,,0.06666666666666665,0.9285714285714286,1.0,0.6666666666666667,0.0,0.8571428571428572,,0.8666666666666667,0.0,0.8666666666666667,0.8666666666666667,,0.0,0.8666666666666667,0.8666666666666667,0.8666666666666667,0.8666666666666667,0.6,0.8571428571428572,0.06666666666666665,0.7333333333333334,0.8666666666666667,0.8666666666666667,0.8666666666666667,0.06666666666666665,1.0,0.06666666666666665,0.8666666666666667,0.0,0.9230769230769231,0.0,0.8571428571428572,0.8,0.8666666666666667,0.8666666666666667,,0.8666666666666667,0.0
1140,0.8571428571428572,0.8666666666666667,0.0,,0.06666666666666665,0.8,0.6666666666666667,0.6666666666666667,0.8571428571428572,0.8666666666666667,0.06666666666666665,,0.8571428571428572,0.8666666666666667,0.7333333333333334,0.8571428571428572,0.06666666666666665,0.06666666666666665,0.8666666666666667,0.8666666666666667,,0.8666666666666667,0.0714285714285714,0.6666666666666667,0.7142857142857143,0.0714285714285714,0.06666666666666665,,0.4,0.0714285714285714,0.8666666666666667,0.8666666666666667,0.8666666666666667,0.9285714285714286,0.8666666666666667,,0.0,0.8666666666666667,0.6666666666666667,0.8666666666666667,0.8666666666666667,0.7142857142857143,,,0.8,0.8666666666666667,0.8666666666666667,0.8571428571428572,0.6666666666666667,0.8666666666666667,,0.1333333333333333,0.6666666666666667,1.0,,0.8666666666666667,0.5,,1.0,1.0,0.6666666666666667,0.0,0.8571428571428572,0.8666666666666667,0.1333333333333333,0.8666666666666667,0.8666666666666667,0.0714285714285714,0.8,0.06666666666666665,0.8666666666666667,0.0714285714285714,1.0,0.06666666666666665,0.8666666666666667,0.4,0.8571428571428572,0.6666666666666667,0.2666666666666667,0.8666666666666667,0.0,0.8571428571428572,0.19999999999999996,0.8666666666666667,0.8571428571428572,0.8666666666666667,0.8666666666666667,0.8666666666666667,0.7333333333333334,0.6666666666666667,0.1333333333333333,0.8666666666666667,0.06666666666666665,0.8571428571428572,0.8666666666666667,0.0,0.8666666666666667,0.8666666666666667,0.8666666666666667,0.3571428571428571,0.5333333333333333,0.0714285714285714,0.0,0.6,0.8571428571428572,0.0714285714285714,0.0,0.0,,0.8666666666666667,0.19999999999999996,0.0,,0.06666666666666665,0.9285714285714286,1.0,0.6666666666666667,0.0,0.8571428571428572,,0.8666666666666667,0.0,0.8666666666666667,0.8666666666666667,,0.0,0.8666666666666667,0.8666666666666667,0.8666666666666667,0.8666666666666667,0.6,0.8571428571428572,0.06666666666666665,0.7333333333333334,0.8666666666666667,0.8666666666666667,0.8666666666666667,0.06666666666666665,1.0,0.06666666666666665,0.8666666666666667,0.0,0.9230769230769231,0.0,0.8571428571428572,0.8,0.8666666666666667,0.8666666666666667,,0.8666666666666667,0.0
1141,,,,,,,,,,,,,,,,,,,,,,,,,,,,,,,,,,,,,,,,,,,,,,,,,,,,,,,,,,,,,,,,,,,,,,,,,,,,,,,,,,,,,,,,,,,,,,,,,,,,,,,,,,,,,0.0,,,,,,,,,,,,,,,,,,,,,,,,,,,,,,,,,,,,,,,,,,
1142,0.0,0.06666666666666665,0.8666666666666667,,0.8666666666666667,0.06666666666666665,0.19999999999999996,0.19999999999999996,0.0,0.0,0.8666666666666667,,0.0,0.0,0.1333333333333333,0.0,0.8666666666666667,0.8666666666666667,0.0,0.0,,0.0,0.7857142857142857,0.33333333333333337,0.1428571428571429,0.8571428571428572,0.8666666666666667,,0.8666666666666667,0.8571428571428572,0.0,0.0,0.0,0.0,0.0,,0.8571428571428572,0.0,0.19999999999999996,0.0,0.0,0.1428571428571429,,,0.4666666666666667,0.0,0.0,0.0,0.19999999999999996,0.0,,0.8666666666666667,0.19999999999999996,0.0,,0.0,0.0,,0.0,0.0,0.19999999999999996,0.8571428571428572,0.0,0.0,0.8,0.0,0.0,0.8571428571428572,0.06666666666666665,0.8666666666666667,0.0,0.7857142857142857,0.0,0.8666666666666667,0.0,0.4666666666666667,0.0,0.19999999999999996,0.8666666666666667,0.0,0.8666666666666667,0.0,0.8666666666666667,0.0,0.0,0.0,0.0,0.0,0.33333333333333337,0.19999999999999996,0.8666666666666667,0.0,0.8666666666666667,0.0,0.0,0.8666666666666667,0.0,0.0,0.0,0.8571428571428572,0.4,0.9285714285714286,0.8666666666666667,0.33333333333333337,0.0,0.7857142857142857,0.8666666666666667,0.8666666666666667,,0.0,0.7333333333333334,0.8666666666666667,,0.8666666666666667,0.0,0.0,0.19999999999999996,0.8571428571428572,0.0,,0.0,0.8571428571428572,0.06666666666666665,0.0,,0.9230769230769231,0.0,0.0,0.0,0.0,0.2666666666666667,0.0,0.8666666666666667,0.1333333333333333,0.0,0.0,0.0,0.8666666666666667,0.0,0.8666666666666667,0.0,0.9285714285714286,0.07692307692307687,0.8666666666666667,0.0,0.06666666666666665,0.0,0.0,,0.0,0.8666666666666667
1143,0.7142857142857143,0.6666666666666667,0.19999999999999996,,0.1333333333333333,0.7333333333333334,0.6,0.6,0.7142857142857143,0.7333333333333334,0.1333333333333333,,0.7142857142857143,0.7333333333333334,0.6,0.7142857142857143,0.1333333333333333,0.1333333333333333,0.7333333333333334,0.7333333333333334,,0.7333333333333334,0.2142857142857143,0.4666666666666667,0.5714285714285714,0.2142857142857143,0.1333333333333333,,0.4666666666666667,0.2142857142857143,0.7333333333333334,0.7333333333333334,0.7333333333333334,0.7857142857142857,0.7333333333333334,,0.1428571428571429,0.7333333333333334,0.6,0.7333333333333334,0.7333333333333334,0.5714285714285714,,,0.8,0.7333333333333334,0.7333333333333334,0.7142857142857143,0.6,0.7333333333333334,,0.19999999999999996,0.6,0.8461538461538461,,0.7333333333333334,0.5,,0.8333333333333334,0.8333333333333334,0.5333333333333333,0.1428571428571429,0.7142857142857143,0.7333333333333334,0.19999999999999996,0.7333333333333334,0.7333333333333334,0.2857142857142857,0.7333333333333334,0.1333333333333333,0.7333333333333334,0.2142857142857143,0.8461538461538461,0.1333333333333333,0.7333333333333334,0.33333333333333337,0.7142857142857143,0.6,0.33333333333333337,0.7333333333333334,0.19999999999999996,0.7142857142857143,0.2666666666666667,0.7333333333333334,0.7142857142857143,0.7333333333333334,0.7333333333333334,0.7333333333333334,0.7333333333333334,0.6,0.19999999999999996,0.7333333333333334,0.1333333333333333,0.7142857142857143,0.7333333333333334,0.19999999999999996,0.7333333333333334,0.7333333333333334,0.7333333333333334,0.5,0.4666666666666667,0.1428571428571429,0.19999999999999996,0.5333333333333333,0.7142857142857143,0.2142857142857143,0.19999999999999996,0.19999999999999996,,0.7333333333333334,0.0,0.19999999999999996,,0.1333333333333333,0.7857142857142857,0.8461538461538461,0.6,0.1428571428571429,0.7142857142857143,,0.7333333333333334,0.1428571428571429,0.7333333333333334,0.7333333333333334,,0.15384615384615385,0.7333333333333334,0.7333333333333334,0.7333333333333334,0.7333333333333334,0.5333333333333333,0.7142857142857143,0.1333333333333333,0.6,0.7333333333333334,0.7333333333333334,0.7333333333333334,0.1333333333333333,0.8461538461538461,0.1333333333333333,0.7333333333333334,0.2142857142857143,0.8461538461538461,0.19999999999999996,0.7142857142857143,0.7333333333333334,0.7333333333333334,0.7333333333333334,,0.7333333333333334,0.19999999999999996
1144,0.8571428571428572,0.8666666666666667,0.0,,0.06666666666666665,0.8,0.6666666666666667,0.6666666666666667,0.8571428571428572,0.8666666666666667,0.06666666666666665,,0.8571428571428572,0.8666666666666667,0.7333333333333334,0.8571428571428572,0.06666666666666665,0.06666666666666665,0.8666666666666667,0.8666666666666667,,0.8666666666666667,0.0714285714285714,0.6666666666666667,0.7142857142857143,0.0714285714285714,0.06666666666666665,,0.4,0.0714285714285714,0.8666666666666667,0.8666666666666667,0.8666666666666667,0.9285714285714286,0.8666666666666667,,0.0,0.8666666666666667,0.6666666666666667,0.8666666666666667,0.8666666666666667,0.7142857142857143,,,0.8,0.8666666666666667,0.8666666666666667,0.8571428571428572,0.6666666666666667,0.8666666666666667,,0.1333333333333333,0.6666666666666667,1.0,,0.8666666666666667,0.5,,1.0,1.0,0.6666666666666667,0.0,0.8571428571428572,0.8666666666666667,0.1333333333333333,0.8666666666666667,0.8666666666666667,0.0714285714285714,0.8,0.06666666666666665,0.8666666666666667,0.0714285714285714,1.0,0.06666666666666665,0.8666666666666667,0.4,0.8571428571428572,0.6666666666666667,0.2666666666666667,0.8666666666666667,0.0,0.8571428571428572,0.19999999999999996,0.8666666666666667,0.8571428571428572,0.8666666666666667,0.8666666666666667,0.8666666666666667,0.7333333333333334,0.6666666666666667,0.1333333333333333,0.8666666666666667,0.06666666666666665,0.8571428571428572,0.8666666666666667,0.0,0.8666666666666667,0.8666666666666667,0.8666666666666667,0.3571428571428571,0.5333333333333333,0.0714285714285714,0.0,0.6,0.8571428571428572,0.0714285714285714,0.0,0.0,,0.8666666666666667,0.19999999999999996,0.0,,0.06666666666666665,0.9285714285714286,1.0,0.6666666666666667,0.0,0.8571428571428572,,0.8666666666666667,0.0,0.8666666666666667,0.8666666666666667,,0.0,0.8666666666666667,0.8666666666666667,0.8666666666666667,0.8666666666666667,0.6,0.8571428571428572,0.06666666666666665,0.7333333333333334,0.8666666666666667,0.8666666666666667,0.8666666666666667,0.06666666666666665,1.0,0.06666666666666665,0.8666666666666667,0.0,0.9230769230769231,0.0,0.8571428571428572,0.8,0.8666666666666667,0.8666666666666667,,0.8666666666666667,0.0
1145,,,,,,,,,,,,,,,,,,,,,,,,,,,,,,,,,,,,,,,,,,,,,,,,,,,,,,,,,,,,,,,,,,,,,,,,,,,,,,,,,,,,,,,,,,,,,,,,,,,,,,,,,,,,,,,,,0.0,,,,,,,,,,,,,,,,,,,,,,,,,,,,,,,,,,,,,,
1146,0.8571428571428572,0.8,0.06666666666666665,,0.0,0.8666666666666667,0.7333333333333334,0.7333333333333334,0.8571428571428572,0.8666666666666667,0.0,,0.8571428571428572,0.8666666666666667,0.7333333333333334,0.8571428571428572,0.0,0.0,0.8666666666666667,0.8666666666666667,,0.8666666666666667,0.0714285714285714,0.6,0.7142857142857143,0.0714285714285714,0.0,,0.4666666666666667,0.0714285714285714,0.8666666666666667,0.8666666666666667,0.8666666666666667,0.9285714285714286,0.8666666666666667,,0.0,0.8666666666666667,0.7333333333333334,0.8666666666666667,0.8666666666666667,0.7142857142857143,,,0.8666666666666667,0.8666666666666667,0.8666666666666667,0.8571428571428572,0.7333333333333334,0.8666666666666667,,0.06666666666666665,0.7333333333333334,1.0,,0.8666666666666667,0.5,,1.0,1.0,0.6666666666666667,0.0,0.8571428571428572,0.8666666666666667,0.06666666666666665,0.8666666666666667,0.8666666666666667,0.1428571428571429,0.8666666666666667,0.0,0.8666666666666667,0.0714285714285714,1.0,0.0,0.8666666666666667,0.4666666666666667,0.8571428571428572,0.7333333333333334,0.19999999999999996,0.8666666666666667,0.06666666666666665,0.8571428571428572,0.1333333333333333,0.8666666666666667,0.8571428571428572,0.8666666666666667,0.8666666666666667,0.8666666666666667,0.8,0.7333333333333334,0.06666666666666665,0.8666666666666667,0.0,0.8571428571428572,0.8666666666666667,0.06666666666666665,0.8666666666666667,0.8666666666666667,0.8666666666666667,0.4285714285714286,0.6,0.0,0.06666666666666665,0.6666666666666667,0.8571428571428572,0.0714285714285714,0.06666666666666665,0.06666666666666665,,0.8666666666666667,0.1333333333333333,0.06666666666666665,,0.0,0.9285714285714286,1.0,0.7333333333333334,0.0,0.8571428571428572,,0.8666666666666667,0.0,0.8666666666666667,0.8666666666666667,,0.0,0.8666666666666667,0.8666666666666667,0.8666666666666667,0.8666666666666667,0.6666666666666667,0.8571428571428572,0.0,0.7333333333333334,0.8666666666666667,0.8666666666666667,0.8666666666666667,0.0,1.0,0.0,0.8666666666666667,0.0714285714285714,1.0,0.06666666666666665,0.8571428571428572,0.8666666666666667,0.8666666666666667,0.8666666666666667,,0.8666666666666667,0.06666666666666665
1147,0.0,0.0714285714285714,0.9285714285714286,,0.9285714285714286,0.0714285714285714,0.2142857142857143,0.2142857142857143,0.0,0.0,0.9285714285714286,,0.0,0.0,0.1428571428571429,0.0,0.9285714285714286,0.9285714285714286,0.0,0.0,,0.0,0.8461538461538461,0.3571428571428571,0.15384615384615385,0.9230769230769231,0.9285714285714286,,0.9285714285714286,0.9230769230769231,0.0,0.0,0.0,0.0,0.0,,0.9230769230769231,0.0,0.2142857142857143,0.0,0.0,0.15384615384615385,,,0.5,0.0,0.0,0.0,0.2142857142857143,0.0,,0.9285714285714286,0.2142857142857143,0.0,,0.0,,,0.0,0.0,0.2142857142857143,0.9230769230769231,0.0,0.0,0.8571428571428572,0.0,0.0,0.8571428571428572,0.0714285714285714,0.9285714285714286,0.0,0.8461538461538461,0.0,0.9285714285714286,0.0,0.5,0.0,0.2142857142857143,0.9285714285714286,0.0,0.9285714285714286,0.0,0.9285714285714286,0.0,0.0,0.0,0.0,0.0,0.3571428571428571,0.2142857142857143,0.9285714285714286,0.0,0.9285714285714286,0.0,0.0,0.9285714285714286,0.0,0.0,0.0,0.8571428571428572,0.4285714285714286,0.9285714285714286,0.9285714285714286,0.3571428571428571,0.0,0.8461538461538461,0.9285714285714286,0.9285714285714286,,0.0,0.7857142857142857,0.9285714285714286,,0.9285714285714286,0.0,0.0,0.2142857142857143,0.9230769230769231,0.0,,0.0,0.9230769230769231,0.0714285714285714,0.0,,0.9230769230769231,0.0,0.0,0.0,0.0,0.2857142857142857,0.0,0.9285714285714286,0.1428571428571429,0.0,0.0,0.0,0.9285714285714286,0.0,0.9285714285714286,0.0,0.9285714285714286,0.07692307692307687,0.9285714285714286,0.0,0.0714285714285714,0.0,0.0,,0.0,0.9285714285714286
1148,0.0,0.07692307692307687,1.0,,1.0,0.07692307692307687,0.23076923076923073,0.23076923076923073,0.0,0.0,1.0,,0.0,0.0,0.15384615384615385,0.0,1.0,1.0,0.0,0.0,,0.0,0.9166666666666666,0.3846153846153846,0.16666666666666663,1.0,1.0,,1.0,1.0,0.0,0.0,0.0,0.0,0.0,,1.0,0.0,0.23076923076923073,0.0,0.0,0.16666666666666663,,,0.5384615384615384,0.0,0.0,0.0,0.23076923076923073,0.0,,1.0,0.23076923076923073,0.0,,0.0,,,0.0,0.0,0.23076923076923073,1.0,0.0,0.0,0.9230769230769231,0.0,0.0,0.9230769230769231,0.07692307692307687,1.0,0.0,0.9166666666666666,0.0,1.0,0.0,0.5384615384615384,0.0,0.23076923076923073,1.0,0.0,1.0,0.0,1.0,0.0,0.0,0.0,0.0,0.0,0.3846153846153846,0.23076923076923073,1.0,0.0,1.0,0.0,0.0,1.0,0.0,0.0,0.0,0.9230769230769231,0.46153846153846156,1.0,1.0,0.3846153846153846,0.0,0.9166666666666666,1.0,1.0,,0.0,0.8461538461538461,1.0,,1.0,0.0,0.0,0.23076923076923073,1.0,0.0,,0.0,1.0,0.07692307692307687,0.0,,1.0,0.0,0.0,0.0,0.0,0.3076923076923077,0.0,1.0,0.15384615384615385,0.0,0.0,0.0,1.0,0.0,1.0,0.0,1.0,0.07692307692307687,1.0,0.0,0.07692307692307687,0.0,0.0,,0.0,1.0
1149,0.1428571428571429,0.19999999999999996,0.6666666666666667,,0.7333333333333334,0.1333333333333333,0.0,0.0,0.1428571428571429,0.19999999999999996,0.7333333333333334,,0.1428571428571429,0.19999999999999996,0.06666666666666665,0.1428571428571429,0.7333333333333334,0.7333333333333334,0.19999999999999996,0.19999999999999996,,0.19999999999999996,0.6428571428571428,0.19999999999999996,0.0,0.7142857142857143,0.7333333333333334,,0.6666666666666667,0.7142857142857143,0.19999999999999996,0.19999999999999996,0.19999999999999996,0.2142857142857143,0.19999999999999996,,0.7142857142857143,0.19999999999999996,0.0,0.19999999999999996,0.19999999999999996,0.0,,,0.4,0.19999999999999996,0.19999999999999996,0.1428571428571429,0.0,0.19999999999999996,,0.7333333333333334,0.0,0.23076923076923073,,0.19999999999999996,0.5,,0.16666666666666663,0.16666666666666663,0.1333333333333333,0.7142857142857143,0.1428571428571429,0.19999999999999996,0.6666666666666667,0.19999999999999996,0.19999999999999996,0.6428571428571428,0.1333333333333333,0.7333333333333334,0.19999999999999996,0.6428571428571428,0.23076923076923073,0.7333333333333334,0.19999999999999996,0.2666666666666667,0.1428571428571429,0.0,0.7333333333333334,0.19999999999999996,0.6666666666666667,0.1428571428571429,0.7333333333333334,0.19999999999999996,0.1428571428571429,0.19999999999999996,0.19999999999999996,0.19999999999999996,0.19999999999999996,0.0,0.7333333333333334,0.19999999999999996,0.7333333333333334,0.1428571428571429,0.19999999999999996,0.6666666666666667,0.19999999999999996,0.19999999999999996,0.19999999999999996,0.6428571428571428,0.19999999999999996,0.7857142857142857,0.6666666666666667,0.1333333333333333,0.1428571428571429,0.6428571428571428,0.6666666666666667,0.6666666666666667,,0.19999999999999996,0.6,0.6666666666666667,,0.7333333333333334,0.2142857142857143,0.23076923076923073,0.0,0.7142857142857143,0.1428571428571429,,0.19999999999999996,0.7142857142857143,0.19999999999999996,0.19999999999999996,,0.7692307692307692,0.19999999999999996,0.19999999999999996,0.19999999999999996,0.19999999999999996,0.06666666666666665,0.1428571428571429,0.7333333333333334,0.33333333333333337,0.19999999999999996,0.19999999999999996,0.19999999999999996,0.7333333333333334,0.23076923076923073,0.7333333333333334,0.19999999999999996,0.7142857142857143,0.15384615384615385,0.6666666666666667,0.1428571428571429,0.1333333333333333,0.19999999999999996,0.19999999999999996,,0.19999999999999996,0.6666666666666667
1150,0.8571428571428572,0.8571428571428572,0.0,,0.0,0.8571428571428572,0.7142857142857143,0.7142857142857143,0.8571428571428572,0.8571428571428572,0.0,,0.8571428571428572,0.8571428571428572,0.7142857142857143,0.8571428571428572,0.0,0.0,0.8571428571428572,0.8571428571428572,,0.8571428571428572,0.0714285714285714,0.6428571428571428,0.7142857142857143,0.0714285714285714,0.0,,0.4285714285714286,0.0714285714285714,0.8571428571428572,0.8571428571428572,0.8571428571428572,0.9230769230769231,0.8571428571428572,,0.0,0.8571428571428572,0.7142857142857143,0.8571428571428572,0.8571428571428572,0.7142857142857143,,,0.8571428571428572,0.8571428571428572,0.8571428571428572,0.8571428571428572,0.7142857142857143,0.8571428571428572,,0.0714285714285714,0.7142857142857143,1.0,,0.8571428571428572,,,1.0,1.0,0.6428571428571428,0.0,0.8571428571428572,0.8571428571428572,0.0714285714285714,0.8571428571428572,0.8571428571428572,0.07692307692307687,0.8571428571428572,0.0,0.8571428571428572,0.0714285714285714,1.0,0.0,0.8571428571428572,0.4285714285714286,0.8571428571428572,0.7142857142857143,0.2142857142857143,0.8571428571428572,0.0,0.8571428571428572,0.1428571428571429,0.8571428571428572,0.8571428571428572,0.8571428571428572,0.8571428571428572,0.8571428571428572,0.7857142857142857,0.7142857142857143,0.0714285714285714,0.8571428571428572,0.0,0.8571428571428572,0.8571428571428572,0.0,0.8571428571428572,0.8571428571428572,0.8571428571428572,0.3846153846153846,0.5714285714285714,0.0,0.0,0.6428571428571428,0.8571428571428572,0.0714285714285714,0.0,0.0,,0.8571428571428572,0.1428571428571429,0.0,,0.0,0.9230769230769231,1.0,0.7142857142857143,0.0,0.8571428571428572,,0.8571428571428572,0.0,0.8571428571428572,0.8571428571428572,,0.0,0.8571428571428572,0.8571428571428572,0.8571428571428572,0.8571428571428572,0.6428571428571428,0.8571428571428572,0.0,0.7142857142857143,0.8571428571428572,0.8571428571428572,0.8571428571428572,0.0,1.0,0.0,0.8571428571428572,0.0,1.0,0.0,0.8571428571428572,0.8571428571428572,0.8571428571428572,0.8571428571428572,,0.8571428571428572,0.0
1151,0.0,0.0,0.8571428571428572,,0.8571428571428572,0.0,0.1428571428571429,0.1428571428571429,0.0,0.0,0.8571428571428572,,0.0,0.0,0.1428571428571429,0.0,0.8571428571428572,0.8571428571428572,0.0,0.0,,0.0,0.7857142857142857,0.2857142857142857,0.1428571428571429,0.8571428571428572,0.8571428571428572,,0.8571428571428572,0.8571428571428572,0.0,0.0,0.0,0.0,0.0,,0.8571428571428572,0.0,0.1428571428571429,0.0,0.0,0.1428571428571429,,,0.4285714285714286,0.0,0.0,0.0,0.1428571428571429,0.0,,0.8571428571428572,0.1428571428571429,0.0,,0.0,,,0.0,0.0,0.2142857142857143,0.8571428571428572,0.0,0.0,0.7857142857142857,0.0,0.0,0.8461538461538461,0.0,0.8571428571428572,0.0,0.7857142857142857,0.0,0.8571428571428572,0.0,0.4285714285714286,0.0,0.1428571428571429,0.8571428571428572,0.0,0.8571428571428572,0.0,0.8571428571428572,0.0,0.0,0.0,0.0,0.0,0.2857142857142857,0.1428571428571429,0.8571428571428572,0.0,0.8571428571428572,0.0,0.0,0.8571428571428572,0.0,0.0,0.0,0.8461538461538461,0.3571428571428571,0.9230769230769231,0.8571428571428572,0.2857142857142857,0.0,0.7857142857142857,0.8571428571428572,0.8571428571428572,,0.0,0.7142857142857143,0.8571428571428572,,0.8571428571428572,0.0,0.0,0.1428571428571429,0.8571428571428572,0.0,,0.0,0.8571428571428572,0.0714285714285714,0.0,,0.9230769230769231,0.0,0.0,0.0,0.0,0.2142857142857143,0.0,0.8571428571428572,0.1428571428571429,0.0,0.0,0.0,0.8571428571428572,0.0,0.8571428571428572,0.0,0.9230769230769231,0.0,0.8571428571428572,0.0,0.0,0.0,0.0,,0.0,0.8571428571428572
1152,,,,,,,,,,,,,,,,,,,,,,,,,,,,,,,,,,,,,,,,,,,,,,,,,,,,,,,,,,,,,,,,,,,,,,,,,,,,,,,,,,,,,,,,,,,,,,,,,,,,,,,,,,,,,,,,,,,,,,,,0.0,,,,,,,,,,,,,,,,,,,,,,,,,,,,,,,
1153,0.0,0.06666666666666665,0.8666666666666667,,0.8666666666666667,0.06666666666666665,0.19999999999999996,0.19999999999999996,0.0,0.0,0.8666666666666667,,0.0,0.0,0.1333333333333333,0.0,0.8666666666666667,0.8666666666666667,0.0,0.0,,0.0,0.7857142857142857,0.33333333333333337,0.1428571428571429,0.8571428571428572,0.8666666666666667,,0.8666666666666667,0.8571428571428572,0.0,0.0,0.0,0.0,0.0,,0.8571428571428572,0.0,0.19999999999999996,0.0,0.0,0.1428571428571429,,,0.4666666666666667,0.0,0.0,0.0,0.19999999999999996,0.0,,0.8666666666666667,0.19999999999999996,0.0,,0.0,0.0,,0.0,0.0,0.19999999999999996,0.8571428571428572,0.0,0.0,0.8,0.0,0.0,0.8571428571428572,0.06666666666666665,0.8666666666666667,0.0,0.7857142857142857,0.0,0.8666666666666667,0.0,0.4666666666666667,0.0,0.19999999999999996,0.8666666666666667,0.0,0.8666666666666667,0.0,0.8666666666666667,0.0,0.0,0.0,0.0,0.0,0.33333333333333337,0.19999999999999996,0.8666666666666667,0.0,0.8666666666666667,0.0,0.0,0.8666666666666667,0.0,0.0,0.0,0.8571428571428572,0.4,0.9285714285714286,0.8666666666666667,0.33333333333333337,0.0,0.7857142857142857,0.8666666666666667,0.8666666666666667,,0.0,0.7333333333333334,0.8666666666666667,,0.8666666666666667,0.0,0.0,0.19999999999999996,0.8571428571428572,0.0,,0.0,0.8571428571428572,0.06666666666666665,0.0,,0.9230769230769231,0.0,0.0,0.0,0.0,0.2666666666666667,0.0,0.8666666666666667,0.1333333333333333,0.0,0.0,0.0,0.8666666666666667,0.0,0.8666666666666667,0.0,0.9285714285714286,0.07692307692307687,0.8666666666666667,0.0,0.06666666666666665,0.0,0.0,,0.0,0.8666666666666667
1154,0.8571428571428572,0.8571428571428572,0.0,,0.0,0.8571428571428572,0.7142857142857143,0.7142857142857143,0.8571428571428572,0.8571428571428572,0.0,,0.8571428571428572,0.8571428571428572,0.7142857142857143,0.8571428571428572,0.0,0.0,0.8571428571428572,0.8571428571428572,,0.8571428571428572,0.0714285714285714,0.6428571428571428,0.7142857142857143,0.0714285714285714,0.0,,0.4285714285714286,0.0714285714285714,0.8571428571428572,0.8571428571428572,0.8571428571428572,0.9230769230769231,0.8571428571428572,,0.0,0.8571428571428572,0.7142857142857143,0.8571428571428572,0.8571428571428572,0.7142857142857143,,,0.8571428571428572,0.8571428571428572,0.8571428571428572,0.8571428571428572,0.7142857142857143,0.8571428571428572,,0.0714285714285714,0.7142857142857143,1.0,,0.8571428571428572,,,1.0,1.0,0.6428571428571428,0.0,0.8571428571428572,0.8571428571428572,0.0714285714285714,0.8571428571428572,0.8571428571428572,0.07692307692307687,0.8571428571428572,0.0,0.8571428571428572,0.0714285714285714,1.0,0.0,0.8571428571428572,0.4285714285714286,0.8571428571428572,0.7142857142857143,0.2142857142857143,0.8571428571428572,0.0,0.8571428571428572,0.1428571428571429,0.8571428571428572,0.8571428571428572,0.8571428571428572,0.8571428571428572,0.8571428571428572,0.7857142857142857,0.7142857142857143,0.0714285714285714,0.8571428571428572,0.0,0.8571428571428572,0.8571428571428572,0.0,0.8571428571428572,0.8571428571428572,0.8571428571428572,0.3846153846153846,0.5714285714285714,0.0,0.0,0.6428571428571428,0.8571428571428572,0.0714285714285714,0.0,0.0,,0.8571428571428572,0.1428571428571429,0.0,,0.0,0.9230769230769231,1.0,0.7142857142857143,0.0,0.8571428571428572,,0.8571428571428572,0.0,0.8571428571428572,0.8571428571428572,,0.0,0.8571428571428572,0.8571428571428572,0.8571428571428572,0.8571428571428572,0.6428571428571428,0.8571428571428572,0.0,0.7142857142857143,0.8571428571428572,0.8571428571428572,0.8571428571428572,0.0,1.0,0.0,0.8571428571428572,0.0,1.0,0.0,0.8571428571428572,0.8571428571428572,0.8571428571428572,0.8571428571428572,,0.8571428571428572,0.0
1155,0.0714285714285714,0.1333333333333333,0.8666666666666667,,0.8666666666666667,0.1333333333333333,0.19999999999999996,0.19999999999999996,0.0714285714285714,0.06666666666666665,0.8666666666666667,,0.0714285714285714,0.06666666666666665,0.1333333333333333,0.0714285714285714,0.8666666666666667,0.8666666666666667,0.06666666666666665,0.06666666666666665,,0.06666666666666665,0.7857142857142857,0.33333333333333337,0.1428571428571429,0.8571428571428572,0.8666666666666667,,0.8666666666666667,0.8571428571428572,0.06666666666666665,0.06666666666666665,0.06666666666666665,0.0714285714285714,0.06666666666666665,,0.8571428571428572,0.06666666666666665,0.19999999999999996,0.06666666666666665,0.06666666666666665,0.1428571428571429,,,0.4,0.06666666666666665,0.06666666666666665,0.0714285714285714,0.19999999999999996,0.06666666666666665,,0.8666666666666667,0.19999999999999996,0.07692307692307687,,0.06666666666666665,0.0,,0.08333333333333337,0.08333333333333337,0.19999999999999996,0.8571428571428572,0.0714285714285714,0.06666666666666665,0.8,0.06666666666666665,0.06666666666666665,0.8571428571428572,0.1333333333333333,0.8666666666666667,0.06666666666666665,0.7857142857142857,0.07692307692307687,0.8666666666666667,0.06666666666666665,0.4666666666666667,0.0714285714285714,0.19999999999999996,0.8666666666666667,0.06666666666666665,0.8666666666666667,0.0714285714285714,0.8666666666666667,0.06666666666666665,0.0714285714285714,0.06666666666666665,0.06666666666666665,0.06666666666666665,0.33333333333333337,0.19999999999999996,0.8666666666666667,0.06666666666666665,0.8666666666666667,0.0714285714285714,0.06666666666666665,0.8666666666666667,0.06666666666666665,0.06666666666666665,0.06666666666666665,0.8571428571428572,0.4,0.9285714285714286,0.8666666666666667,0.33333333333333337,0.0714285714285714,0.7857142857142857,0.8666666666666667,0.8666666666666667,,0.06666666666666665,0.7333333333333334,0.8666666666666667,,0.8666666666666667,0.0714285714285714,0.07692307692307687,0.19999999999999996,0.8571428571428572,0.0714285714285714,,0.06666666666666665,0.8571428571428572,0.0,0.06666666666666665,,0.9230769230769231,0.06666666666666665,0.06666666666666665,0.06666666666666665,0.06666666666666665,0.2666666666666667,0.0714285714285714,0.8666666666666667,0.19999999999999996,0.06666666666666665,0.06666666666666665,0.06666666666666665,0.8666666666666667,0.07692307692307687,0.8666666666666667,0.06666666666666665,0.9285714285714286,0.15384615384615385,0.8666666666666667,0.0714285714285714,0.1333333333333333,0.06666666666666665,0.06666666666666665,,0.06666666666666665,0.8666666666666667
1156,0.0,0.06666666666666665,0.8666666666666667,,0.8666666666666667,0.06666666666666665,0.19999999999999996,0.19999999999999996,0.0,0.0,0.8666666666666667,,0.0,0.0,0.1333333333333333,0.0,0.8666666666666667,0.8666666666666667,0.0,0.0,,0.0,0.7857142857142857,0.33333333333333337,0.1428571428571429,0.8571428571428572,0.8666666666666667,,0.8666666666666667,0.8571428571428572,0.0,0.0,0.0,0.0,0.0,,0.8571428571428572,0.0,0.19999999999999996,0.0,0.0,0.1428571428571429,,,0.4666666666666667,0.0,0.0,0.0,0.19999999999999996,0.0,,0.8666666666666667,0.19999999999999996,0.0,,0.0,0.0,,0.0,0.0,0.19999999999999996,0.8571428571428572,0.0,0.0,0.8,0.0,0.0,0.8571428571428572,0.06666666666666665,0.8666666666666667,0.0,0.7857142857142857,0.0,0.8666666666666667,0.0,0.4666666666666667,0.0,0.19999999999999996,0.8666666666666667,0.0,0.8666666666666667,0.0,0.8666666666666667,0.0,0.0,0.0,0.0,0.0,0.33333333333333337,0.19999999999999996,0.8666666666666667,0.0,0.8666666666666667,0.0,0.0,0.8666666666666667,0.0,0.0,0.0,0.8571428571428572,0.4,0.9285714285714286,0.8666666666666667,0.33333333333333337,0.0,0.7857142857142857,0.8666666666666667,0.8666666666666667,,0.0,0.7333333333333334,0.8666666666666667,,0.8666666666666667,0.0,0.0,0.19999999999999996,0.8571428571428572,0.0,,0.0,0.8571428571428572,0.06666666666666665,0.0,,0.9230769230769231,0.0,0.0,0.0,0.0,0.2666666666666667,0.0,0.8666666666666667,0.1333333333333333,0.0,0.0,0.0,0.8666666666666667,0.0,0.8666666666666667,0.0,0.9285714285714286,0.07692307692307687,0.8666666666666667,0.0,0.06666666666666665,0.0,0.0,,0.0,0.8666666666666667
1157,,,,,,,,,,,,,,,,,,,,,,,,,,,,,,,,,,,,,,,,,,,,,,,,,,,,,,,,,,,,,,,,,,,,,,,,,,,,,,,,,,,,,,,,,,,,,,,,,,,,,,,,,,,,,,,,,,,,,,,,,,,,,0.0,,,,,,,,,,,,,,,,,,,,,,,,,,
1158,0.9230769230769231,0.9230769230769231,0.0,,0.0,0.9230769230769231,0.7692307692307692,0.7692307692307692,0.9230769230769231,0.9230769230769231,0.0,,0.9230769230769231,0.9230769230769231,0.7692307692307692,0.9230769230769231,0.0,0.0,0.9230769230769231,0.9230769230769231,,0.9230769230769231,0.07692307692307687,0.6923076923076923,0.7692307692307692,0.07692307692307687,0.0,,0.46153846153846156,0.07692307692307687,0.9230769230769231,0.9230769230769231,0.9230769230769231,0.9230769230769231,0.9230769230769231,,0.0,0.9230769230769231,0.7692307692307692,0.9230769230769231,0.9230769230769231,0.7692307692307692,,,0.9230769230769231,0.9230769230769231,0.9230769230769231,0.9230769230769231,0.7692307692307692,0.9230769230769231,,0.07692307692307687,0.7692307692307692,1.0,,0.9230769230769231,,,1.0,1.0,0.6923076923076923,0.0,0.9230769230769231,0.9230769230769231,0.07692307692307687,0.9230769230769231,0.9230769230769231,0.07692307692307687,0.9230769230769231,0.0,0.9230769230769231,0.07692307692307687,1.0,0.0,0.9230769230769231,0.46153846153846156,0.9230769230769231,0.7692307692307692,0.23076923076923073,0.9230769230769231,0.0,0.9230769230769231,0.15384615384615385,0.9230769230769231,0.9230769230769231,0.9230769230769231,0.9230769230769231,0.9230769230769231,0.8461538461538461,0.7692307692307692,0.07692307692307687,0.9230769230769231,0.0,0.9230769230769231,0.9230769230769231,0.0,0.9230769230769231,0.9230769230769231,0.9230769230769231,0.3846153846153846,0.6153846153846154,0.0,0.0,0.6923076923076923,0.9230769230769231,0.07692307692307687,0.0,0.0,,0.9230769230769231,0.15384615384615385,0.0,,0.0,0.9230769230769231,1.0,0.7692307692307692,0.0,0.9230769230769231,,0.9230769230769231,0.0,0.9230769230769231,0.9230769230769231,,0.0,0.9230769230769231,0.9230769230769231,0.9230769230769231,0.9230769230769231,0.6923076923076923,0.9230769230769231,0.0,0.7692307692307692,0.9230769230769231,0.9230769230769231,0.9230769230769231,0.0,1.0,0.0,0.9230769230769231,0.0,1.0,0.0,0.9230769230769231,0.9230769230769231,0.9230769230769231,0.9230769230769231,,0.9230769230769231,0.0
1159,0.0,0.06666666666666665,0.8666666666666667,,0.8666666666666667,0.06666666666666665,0.19999999999999996,0.19999999999999996,0.0,0.0,0.8666666666666667,,0.0,0.0,0.1333333333333333,0.0,0.8666666666666667,0.8666666666666667,0.0,0.0,,0.0,0.7857142857142857,0.33333333333333337,0.1428571428571429,0.8571428571428572,0.8666666666666667,,0.8666666666666667,0.8571428571428572,0.0,0.0,0.0,0.0,0.0,,0.8571428571428572,0.0,0.19999999999999996,0.0,0.0,0.1428571428571429,,,0.4666666666666667,0.0,0.0,0.0,0.19999999999999996,0.0,,0.8666666666666667,0.19999999999999996,0.0,,0.0,0.0,,0.0,0.0,0.19999999999999996,0.8571428571428572,0.0,0.0,0.8,0.0,0.0,0.8571428571428572,0.06666666666666665,0.8666666666666667,0.0,0.7857142857142857,0.0,0.8666666666666667,0.0,0.4666666666666667,0.0,0.19999999999999996,0.8666666666666667,0.0,0.8666666666666667,0.0,0.8666666666666667,0.0,0.0,0.0,0.0,0.0,0.33333333333333337,0.19999999999999996,0.8666666666666667,0.0,0.8666666666666667,0.0,0.0,0.8666666666666667,0.0,0.0,0.0,0.8571428571428572,0.4,0.9285714285714286,0.8666666666666667,0.33333333333333337,0.0,0.7857142857142857,0.8666666666666667,0.8666666666666667,,0.0,0.7333333333333334,0.8666666666666667,,0.8666666666666667,0.0,0.0,0.19999999999999996,0.8571428571428572,0.0,,0.0,0.8571428571428572,0.06666666666666665,0.0,,0.9230769230769231,0.0,0.0,0.0,0.0,0.2666666666666667,0.0,0.8666666666666667,0.1333333333333333,0.0,0.0,0.0,0.8666666666666667,0.0,0.8666666666666667,0.0,0.9285714285714286,0.07692307692307687,0.8666666666666667,0.0,0.06666666666666665,0.0,0.0,,0.0,0.8666666666666667
1160,0.0,0.06666666666666665,0.8666666666666667,,0.8666666666666667,0.06666666666666665,0.19999999999999996,0.19999999999999996,0.0,0.0,0.8666666666666667,,0.0,0.0,0.1333333333333333,0.0,0.8666666666666667,0.8666666666666667,0.0,0.0,,0.0,0.7857142857142857,0.33333333333333337,0.1428571428571429,0.8571428571428572,0.8666666666666667,,0.8666666666666667,0.8571428571428572,0.0,0.0,0.0,0.0,0.0,,0.8571428571428572,0.0,0.19999999999999996,0.0,0.0,0.1428571428571429,,,0.4666666666666667,0.0,0.0,0.0,0.19999999999999996,0.0,,0.8666666666666667,0.19999999999999996,0.0,,0.0,0.0,,0.0,0.0,0.19999999999999996,0.8571428571428572,0.0,0.0,0.8,0.0,0.0,0.8571428571428572,0.06666666666666665,0.8666666666666667,0.0,0.7857142857142857,0.0,0.8666666666666667,0.0,0.4666666666666667,0.0,0.19999999999999996,0.8666666666666667,0.0,0.8666666666666667,0.0,0.8666666666666667,0.0,0.0,0.0,0.0,0.0,0.33333333333333337,0.19999999999999996,0.8666666666666667,0.0,0.8666666666666667,0.0,0.0,0.8666666666666667,0.0,0.0,0.0,0.8571428571428572,0.4,0.9285714285714286,0.8666666666666667,0.33333333333333337,0.0,0.7857142857142857,0.8666666666666667,0.8666666666666667,,0.0,0.7333333333333334,0.8666666666666667,,0.8666666666666667,0.0,0.0,0.19999999999999996,0.8571428571428572,0.0,,0.0,0.8571428571428572,0.06666666666666665,0.0,,0.9230769230769231,0.0,0.0,0.0,0.0,0.2666666666666667,0.0,0.8666666666666667,0.1333333333333333,0.0,0.0,0.0,0.8666666666666667,0.0,0.8666666666666667,0.0,0.9285714285714286,0.07692307692307687,0.8666666666666667,0.0,0.06666666666666665,0.0,0.0,,0.0,0.8666666666666667
1161,0.0,0.06666666666666665,0.8666666666666667,,0.8666666666666667,0.06666666666666665,0.19999999999999996,0.19999999999999996,0.0,0.0,0.8666666666666667,,0.0,0.0,0.1333333333333333,0.0,0.8666666666666667,0.8666666666666667,0.0,0.0,,0.0,0.7857142857142857,0.33333333333333337,0.1428571428571429,0.8571428571428572,0.8666666666666667,,0.8666666666666667,0.8571428571428572,0.0,0.0,0.0,0.0,0.0,,0.8571428571428572,0.0,0.19999999999999996,0.0,0.0,0.1428571428571429,,,0.4666666666666667,0.0,0.0,0.0,0.19999999999999996,0.0,,0.8666666666666667,0.19999999999999996,0.0,,0.0,0.0,,0.0,0.0,0.19999999999999996,0.8571428571428572,0.0,0.0,0.8,0.0,0.0,0.8571428571428572,0.06666666666666665,0.8666666666666667,0.0,0.7857142857142857,0.0,0.8666666666666667,0.0,0.4666666666666667,0.0,0.19999999999999996,0.8666666666666667,0.0,0.8666666666666667,0.0,0.8666666666666667,0.0,0.0,0.0,0.0,0.0,0.33333333333333337,0.19999999999999996,0.8666666666666667,0.0,0.8666666666666667,0.0,0.0,0.8666666666666667,0.0,0.0,0.0,0.8571428571428572,0.4,0.9285714285714286,0.8666666666666667,0.33333333333333337,0.0,0.7857142857142857,0.8666666666666667,0.8666666666666667,,0.0,0.7333333333333334,0.8666666666666667,,0.8666666666666667,0.0,0.0,0.19999999999999996,0.8571428571428572,0.0,,0.0,0.8571428571428572,0.06666666666666665,0.0,,0.9230769230769231,0.0,0.0,0.0,0.0,0.2666666666666667,0.0,0.8666666666666667,0.1333333333333333,0.0,0.0,0.0,0.8666666666666667,0.0,0.8666666666666667,0.0,0.9285714285714286,0.07692307692307687,0.8666666666666667,0.0,0.06666666666666665,0.0,0.0,,0.0,0.8666666666666667
1162,0.0,0.06666666666666665,0.8666666666666667,,0.8666666666666667,0.06666666666666665,0.19999999999999996,0.19999999999999996,0.0,0.0,0.8666666666666667,,0.0,0.0,0.1333333333333333,0.0,0.8666666666666667,0.8666666666666667,0.0,0.0,,0.0,0.7857142857142857,0.33333333333333337,0.1428571428571429,0.8571428571428572,0.8666666666666667,,0.8666666666666667,0.8571428571428572,0.0,0.0,0.0,0.0,0.0,,0.8571428571428572,0.0,0.19999999999999996,0.0,0.0,0.1428571428571429,,,0.4666666666666667,0.0,0.0,0.0,0.19999999999999996,0.0,,0.8666666666666667,0.19999999999999996,0.0,,0.0,0.0,,0.0,0.0,0.19999999999999996,0.8571428571428572,0.0,0.0,0.8,0.0,0.0,0.8571428571428572,0.06666666666666665,0.8666666666666667,0.0,0.7857142857142857,0.0,0.8666666666666667,0.0,0.4666666666666667,0.0,0.19999999999999996,0.8666666666666667,0.0,0.8666666666666667,0.0,0.8666666666666667,0.0,0.0,0.0,0.0,0.0,0.33333333333333337,0.19999999999999996,0.8666666666666667,0.0,0.8666666666666667,0.0,0.0,0.8666666666666667,0.0,0.0,0.0,0.8571428571428572,0.4,0.9285714285714286,0.8666666666666667,0.33333333333333337,0.0,0.7857142857142857,0.8666666666666667,0.8666666666666667,,0.0,0.7333333333333334,0.8666666666666667,,0.8666666666666667,0.0,0.0,0.19999999999999996,0.8571428571428572,0.0,,0.0,0.8571428571428572,0.06666666666666665,0.0,,0.9230769230769231,0.0,0.0,0.0,0.0,0.2666666666666667,0.0,0.8666666666666667,0.1333333333333333,0.0,0.0,0.0,0.8666666666666667,0.0,0.8666666666666667,0.0,0.9285714285714286,0.07692307692307687,0.8666666666666667,0.0,0.06666666666666665,0.0,0.0,,0.0,0.8666666666666667
1163,0.2142857142857143,0.2666666666666667,0.6,,0.6666666666666667,0.19999999999999996,0.06666666666666665,0.06666666666666665,0.2142857142857143,0.2666666666666667,0.6666666666666667,,0.2142857142857143,0.2666666666666667,0.1333333333333333,0.2142857142857143,0.6666666666666667,0.6666666666666667,0.2666666666666667,0.2666666666666667,,0.2666666666666667,0.7142857142857143,0.1333333333333333,0.0714285714285714,0.6428571428571428,0.6666666666666667,,0.6666666666666667,0.6428571428571428,0.2666666666666667,0.2666666666666667,0.2666666666666667,0.2857142857142857,0.2666666666666667,,0.6428571428571428,0.2666666666666667,0.06666666666666665,0.2666666666666667,0.2666666666666667,0.0714285714285714,,,0.4666666666666667,0.2666666666666667,0.2666666666666667,0.2142857142857143,0.06666666666666665,0.2666666666666667,,0.6666666666666667,0.06666666666666665,0.3076923076923077,,0.2666666666666667,0.5,,0.25,0.25,0.19999999999999996,0.6428571428571428,0.2142857142857143,0.2666666666666667,0.6,0.2666666666666667,0.2666666666666667,0.5714285714285714,0.19999999999999996,0.6666666666666667,0.2666666666666667,0.5714285714285714,0.3076923076923077,0.6666666666666667,0.2666666666666667,0.33333333333333337,0.2142857142857143,0.06666666666666665,0.6666666666666667,0.2666666666666667,0.6,0.2142857142857143,0.6666666666666667,0.2666666666666667,0.2142857142857143,0.2666666666666667,0.2666666666666667,0.2666666666666667,0.2666666666666667,0.06666666666666665,0.6666666666666667,0.2666666666666667,0.6666666666666667,0.2142857142857143,0.2666666666666667,0.6,0.2666666666666667,0.2666666666666667,0.2666666666666667,0.6428571428571428,0.1333333333333333,0.7142857142857143,0.6,0.1333333333333333,0.2142857142857143,0.5714285714285714,0.6,0.6,,0.2666666666666667,0.5333333333333333,0.6,,0.6666666666666667,0.2857142857142857,0.3076923076923077,0.06666666666666665,0.6428571428571428,0.2142857142857143,,0.2666666666666667,0.6428571428571428,0.2666666666666667,0.2666666666666667,,0.6923076923076923,0.2666666666666667,0.2666666666666667,0.2666666666666667,0.2666666666666667,0.0,0.2142857142857143,0.6666666666666667,0.4,0.2666666666666667,0.2666666666666667,0.2666666666666667,0.6666666666666667,0.3076923076923077,0.6666666666666667,0.2666666666666667,0.6428571428571428,0.23076923076923073,0.6,0.2142857142857143,0.19999999999999996,0.2666666666666667,0.2666666666666667,,0.2666666666666667,0.6
1164,0.0,0.0,0.8571428571428572,,0.8571428571428572,0.0,0.1428571428571429,0.1428571428571429,0.0,0.0,0.8571428571428572,,0.0,0.0,0.1428571428571429,0.0,0.8571428571428572,0.8571428571428572,0.0,0.0,,0.0,0.7857142857142857,0.2857142857142857,0.1428571428571429,0.8571428571428572,0.8571428571428572,,0.8571428571428572,0.8571428571428572,0.0,0.0,0.0,0.0,0.0,,0.8571428571428572,0.0,0.1428571428571429,0.0,0.0,0.1428571428571429,,,0.4285714285714286,0.0,0.0,0.0,0.1428571428571429,0.0,,0.8571428571428572,0.1428571428571429,0.0,,0.0,,,0.0,0.0,0.2142857142857143,0.8571428571428572,0.0,0.0,0.7857142857142857,0.0,0.0,0.8461538461538461,0.0,0.8571428571428572,0.0,0.7857142857142857,0.0,0.8571428571428572,0.0,0.4285714285714286,0.0,0.1428571428571429,0.8571428571428572,0.0,0.8571428571428572,0.0,0.8571428571428572,0.0,0.0,0.0,0.0,0.0,0.2857142857142857,0.1428571428571429,0.8571428571428572,0.0,0.8571428571428572,0.0,0.0,0.8571428571428572,0.0,0.0,0.0,0.8461538461538461,0.3571428571428571,0.9230769230769231,0.8571428571428572,0.2857142857142857,0.0,0.7857142857142857,0.8571428571428572,0.8571428571428572,,0.0,0.7142857142857143,0.8571428571428572,,0.8571428571428572,0.0,0.0,0.1428571428571429,0.8571428571428572,0.0,,0.0,0.8571428571428572,0.0714285714285714,0.0,,0.9230769230769231,0.0,0.0,0.0,0.0,0.2142857142857143,0.0,0.8571428571428572,0.1428571428571429,0.0,0.0,0.0,0.8571428571428572,0.0,0.8571428571428572,0.0,0.9230769230769231,0.0,0.8571428571428572,0.0,0.0,0.0,0.0,,0.0,0.8571428571428572
1165,0.8571428571428572,0.8,0.06666666666666665,,0.0,0.8666666666666667,0.7333333333333334,0.7333333333333334,0.8571428571428572,0.8666666666666667,0.0,,0.8571428571428572,0.8666666666666667,0.7333333333333334,0.8571428571428572,0.0,0.0,0.8666666666666667,0.8666666666666667,,0.8666666666666667,0.0714285714285714,0.6,0.7142857142857143,0.0714285714285714,0.0,,0.4666666666666667,0.0714285714285714,0.8666666666666667,0.8666666666666667,0.8666666666666667,0.9285714285714286,0.8666666666666667,,0.0,0.8666666666666667,0.7333333333333334,0.8666666666666667,0.8666666666666667,0.7142857142857143,,,0.8666666666666667,0.8666666666666667,0.8666666666666667,0.8571428571428572,0.7333333333333334,0.8666666666666667,,0.06666666666666665,0.7333333333333334,1.0,,0.8666666666666667,0.5,,1.0,1.0,0.6666666666666667,0.0,0.8571428571428572,0.8666666666666667,0.06666666666666665,0.8666666666666667,0.8666666666666667,0.1428571428571429,0.8666666666666667,0.0,0.8666666666666667,0.0714285714285714,1.0,0.0,0.8666666666666667,0.4666666666666667,0.8571428571428572,0.7333333333333334,0.19999999999999996,0.8666666666666667,0.06666666666666665,0.8571428571428572,0.1333333333333333,0.8666666666666667,0.8571428571428572,0.8666666666666667,0.8666666666666667,0.8666666666666667,0.8,0.7333333333333334,0.06666666666666665,0.8666666666666667,0.0,0.8571428571428572,0.8666666666666667,0.06666666666666665,0.8666666666666667,0.8666666666666667,0.8666666666666667,0.4285714285714286,0.6,0.0,0.06666666666666665,0.6666666666666667,0.8571428571428572,0.0714285714285714,0.06666666666666665,0.06666666666666665,,0.8666666666666667,0.1333333333333333,0.06666666666666665,,0.0,0.9285714285714286,1.0,0.7333333333333334,0.0,0.8571428571428572,,0.8666666666666667,0.0,0.8666666666666667,0.8666666666666667,,0.0,0.8666666666666667,0.8666666666666667,0.8666666666666667,0.8666666666666667,0.6666666666666667,0.8571428571428572,0.0,0.7333333333333334,0.8666666666666667,0.8666666666666667,0.8666666666666667,0.0,1.0,0.0,0.8666666666666667,0.0714285714285714,1.0,0.06666666666666665,0.8571428571428572,0.8666666666666667,0.8666666666666667,0.8666666666666667,,0.8666666666666667,0.06666666666666665
1166,0.1428571428571429,0.19999999999999996,0.7333333333333334,,0.7333333333333334,0.19999999999999996,0.33333333333333337,0.33333333333333337,0.1428571428571429,0.1333333333333333,0.7333333333333334,,0.1428571428571429,0.1333333333333333,0.2666666666666667,0.1428571428571429,0.7333333333333334,0.7333333333333334,0.1333333333333333,0.1333333333333333,,0.1333333333333333,0.6428571428571428,0.4,0.2857142857142857,0.7857142857142857,0.7333333333333334,,0.8666666666666667,0.7857142857142857,0.1333333333333333,0.1333333333333333,0.1333333333333333,0.1428571428571429,0.1333333333333333,,0.7142857142857143,0.1333333333333333,0.33333333333333337,0.1333333333333333,0.1333333333333333,0.2857142857142857,,,0.6,0.1333333333333333,0.1333333333333333,0.1428571428571429,0.33333333333333337,0.1333333333333333,,0.7333333333333334,0.33333333333333337,0.15384615384615385,,0.1333333333333333,0.0,,0.16666666666666663,0.16666666666666663,0.19999999999999996,0.7142857142857143,0.1428571428571429,0.1333333333333333,0.6666666666666667,0.1333333333333333,0.1333333333333333,0.8571428571428572,0.19999999999999996,0.7333333333333334,0.1333333333333333,0.7857142857142857,0.15384615384615385,0.7333333333333334,0.1333333333333333,0.4666666666666667,0.1428571428571429,0.33333333333333337,0.7333333333333334,0.1333333333333333,0.7333333333333334,0.1428571428571429,0.7333333333333334,0.1333333333333333,0.1428571428571429,0.1333333333333333,0.1333333333333333,0.1333333333333333,0.4666666666666667,0.33333333333333337,0.7333333333333334,0.1333333333333333,0.7333333333333334,0.1428571428571429,0.1333333333333333,0.7333333333333334,0.1333333333333333,0.1333333333333333,0.1333333333333333,0.9285714285714286,0.4,0.7857142857142857,0.7333333333333334,0.4666666666666667,0.1428571428571429,0.7857142857142857,0.7333333333333334,0.7333333333333334,,0.1333333333333333,0.6,0.7333333333333334,,0.7333333333333334,0.1428571428571429,0.15384615384615385,0.33333333333333337,0.7142857142857143,0.1428571428571429,,0.1333333333333333,0.7142857142857143,0.19999999999999996,0.1333333333333333,,0.7692307692307692,0.1333333333333333,0.1333333333333333,0.1333333333333333,0.1333333333333333,0.4,0.1428571428571429,0.7333333333333334,0.0,0.1333333333333333,0.1333333333333333,0.1333333333333333,0.7333333333333334,0.15384615384615385,0.7333333333333334,0.1333333333333333,0.7857142857142857,0.23076923076923073,0.7333333333333334,0.1428571428571429,0.19999999999999996,0.1333333333333333,0.1333333333333333,,0.1333333333333333,0.7333333333333334
1167,0.0,0.06666666666666665,0.8666666666666667,,0.8666666666666667,0.06666666666666665,0.19999999999999996,0.19999999999999996,0.0,0.0,0.8666666666666667,,0.0,0.0,0.1333333333333333,0.0,0.8666666666666667,0.8666666666666667,0.0,0.0,,0.0,0.7857142857142857,0.33333333333333337,0.1428571428571429,0.8571428571428572,0.8666666666666667,,0.8666666666666667,0.8571428571428572,0.0,0.0,0.0,0.0,0.0,,0.8571428571428572,0.0,0.19999999999999996,0.0,0.0,0.1428571428571429,,,0.4666666666666667,0.0,0.0,0.0,0.19999999999999996,0.0,,0.8666666666666667,0.19999999999999996,0.0,,0.0,0.0,,0.0,0.0,0.19999999999999996,0.8571428571428572,0.0,0.0,0.8,0.0,0.0,0.8571428571428572,0.06666666666666665,0.8666666666666667,0.0,0.7857142857142857,0.0,0.8666666666666667,0.0,0.4666666666666667,0.0,0.19999999999999996,0.8666666666666667,0.0,0.8666666666666667,0.0,0.8666666666666667,0.0,0.0,0.0,0.0,0.0,0.33333333333333337,0.19999999999999996,0.8666666666666667,0.0,0.8666666666666667,0.0,0.0,0.8666666666666667,0.0,0.0,0.0,0.8571428571428572,0.4,0.9285714285714286,0.8666666666666667,0.33333333333333337,0.0,0.7857142857142857,0.8666666666666667,0.8666666666666667,,0.0,0.7333333333333334,0.8666666666666667,,0.8666666666666667,0.0,0.0,0.19999999999999996,0.8571428571428572,0.0,,0.0,0.8571428571428572,0.06666666666666665,0.0,,0.9230769230769231,0.0,0.0,0.0,0.0,0.2666666666666667,0.0,0.8666666666666667,0.1333333333333333,0.0,0.0,0.0,0.8666666666666667,0.0,0.8666666666666667,0.0,0.9285714285714286,0.07692307692307687,0.8666666666666667,0.0,0.06666666666666665,0.0,0.0,,0.0,0.8666666666666667
1168,0.0,0.06666666666666665,0.8666666666666667,,0.8666666666666667,0.06666666666666665,0.19999999999999996,0.19999999999999996,0.0,0.0,0.8666666666666667,,0.0,0.0,0.1333333333333333,0.0,0.8666666666666667,0.8666666666666667,0.0,0.0,,0.0,0.7857142857142857,0.33333333333333337,0.1428571428571429,0.8571428571428572,0.8666666666666667,,0.8666666666666667,0.8571428571428572,0.0,0.0,0.0,0.0,0.0,,0.8571428571428572,0.0,0.19999999999999996,0.0,0.0,0.1428571428571429,,,0.4666666666666667,0.0,0.0,0.0,0.19999999999999996,0.0,,0.8666666666666667,0.19999999999999996,0.0,,0.0,0.0,,0.0,0.0,0.19999999999999996,0.8571428571428572,0.0,0.0,0.8,0.0,0.0,0.8571428571428572,0.06666666666666665,0.8666666666666667,0.0,0.7857142857142857,0.0,0.8666666666666667,0.0,0.4666666666666667,0.0,0.19999999999999996,0.8666666666666667,0.0,0.8666666666666667,0.0,0.8666666666666667,0.0,0.0,0.0,0.0,0.0,0.33333333333333337,0.19999999999999996,0.8666666666666667,0.0,0.8666666666666667,0.0,0.0,0.8666666666666667,0.0,0.0,0.0,0.8571428571428572,0.4,0.9285714285714286,0.8666666666666667,0.33333333333333337,0.0,0.7857142857142857,0.8666666666666667,0.8666666666666667,,0.0,0.7333333333333334,0.8666666666666667,,0.8666666666666667,0.0,0.0,0.19999999999999996,0.8571428571428572,0.0,,0.0,0.8571428571428572,0.06666666666666665,0.0,,0.9230769230769231,0.0,0.0,0.0,0.0,0.2666666666666667,0.0,0.8666666666666667,0.1333333333333333,0.0,0.0,0.0,0.8666666666666667,0.0,0.8666666666666667,0.0,0.9285714285714286,0.07692307692307687,0.8666666666666667,0.0,0.06666666666666665,0.0,0.0,,0.0,0.8666666666666667
1169,0.0,0.06666666666666665,0.8666666666666667,,0.8666666666666667,0.06666666666666665,0.19999999999999996,0.19999999999999996,0.0,0.0,0.8666666666666667,,0.0,0.0,0.1333333333333333,0.0,0.8666666666666667,0.8666666666666667,0.0,0.0,,0.0,0.7857142857142857,0.33333333333333337,0.1428571428571429,0.8571428571428572,0.8666666666666667,,0.8666666666666667,0.8571428571428572,0.0,0.0,0.0,0.0,0.0,,0.8571428571428572,0.0,0.19999999999999996,0.0,0.0,0.1428571428571429,,,0.4666666666666667,0.0,0.0,0.0,0.19999999999999996,0.0,,0.8666666666666667,0.19999999999999996,0.0,,0.0,0.0,,0.0,0.0,0.19999999999999996,0.8571428571428572,0.0,0.0,0.8,0.0,0.0,0.8571428571428572,0.06666666666666665,0.8666666666666667,0.0,0.7857142857142857,0.0,0.8666666666666667,0.0,0.4666666666666667,0.0,0.19999999999999996,0.8666666666666667,0.0,0.8666666666666667,0.0,0.8666666666666667,0.0,0.0,0.0,0.0,0.0,0.33333333333333337,0.19999999999999996,0.8666666666666667,0.0,0.8666666666666667,0.0,0.0,0.8666666666666667,0.0,0.0,0.0,0.8571428571428572,0.4,0.9285714285714286,0.8666666666666667,0.33333333333333337,0.0,0.7857142857142857,0.8666666666666667,0.8666666666666667,,0.0,0.7333333333333334,0.8666666666666667,,0.8666666666666667,0.0,0.0,0.19999999999999996,0.8571428571428572,0.0,,0.0,0.8571428571428572,0.06666666666666665,0.0,,0.9230769230769231,0.0,0.0,0.0,0.0,0.2666666666666667,0.0,0.8666666666666667,0.1333333333333333,0.0,0.0,0.0,0.8666666666666667,0.0,0.8666666666666667,0.0,0.9285714285714286,0.07692307692307687,0.8666666666666667,0.0,0.06666666666666665,0.0,0.0,,0.0,0.8666666666666667
1170,0.8571428571428572,0.8,0.06666666666666665,,0.0,0.8666666666666667,0.7333333333333334,0.7333333333333334,0.8571428571428572,0.8666666666666667,0.0,,0.8571428571428572,0.8666666666666667,0.7333333333333334,0.8571428571428572,0.0,0.0,0.8666666666666667,0.8666666666666667,,0.8666666666666667,0.0714285714285714,0.6,0.7142857142857143,0.0714285714285714,0.0,,0.4666666666666667,0.0714285714285714,0.8666666666666667,0.8666666666666667,0.8666666666666667,0.9285714285714286,0.8666666666666667,,0.0,0.8666666666666667,0.7333333333333334,0.8666666666666667,0.8666666666666667,0.7142857142857143,,,0.8666666666666667,0.8666666666666667,0.8666666666666667,0.8571428571428572,0.7333333333333334,0.8666666666666667,,0.06666666666666665,0.7333333333333334,1.0,,0.8666666666666667,0.5,,1.0,1.0,0.6666666666666667,0.0,0.8571428571428572,0.8666666666666667,0.06666666666666665,0.8666666666666667,0.8666666666666667,0.1428571428571429,0.8666666666666667,0.0,0.8666666666666667,0.0714285714285714,1.0,0.0,0.8666666666666667,0.4666666666666667,0.8571428571428572,0.7333333333333334,0.19999999999999996,0.8666666666666667,0.06666666666666665,0.8571428571428572,0.1333333333333333,0.8666666666666667,0.8571428571428572,0.8666666666666667,0.8666666666666667,0.8666666666666667,0.8,0.7333333333333334,0.06666666666666665,0.8666666666666667,0.0,0.8571428571428572,0.8666666666666667,0.06666666666666665,0.8666666666666667,0.8666666666666667,0.8666666666666667,0.4285714285714286,0.6,0.0,0.06666666666666665,0.6666666666666667,0.8571428571428572,0.0714285714285714,0.06666666666666665,0.06666666666666665,,0.8666666666666667,0.1333333333333333,0.06666666666666665,,0.0,0.9285714285714286,1.0,0.7333333333333334,0.0,0.8571428571428572,,0.8666666666666667,0.0,0.8666666666666667,0.8666666666666667,,0.0,0.8666666666666667,0.8666666666666667,0.8666666666666667,0.8666666666666667,0.6666666666666667,0.8571428571428572,0.0,0.7333333333333334,0.8666666666666667,0.8666666666666667,0.8666666666666667,0.0,1.0,0.0,0.8666666666666667,0.0714285714285714,1.0,0.06666666666666665,0.8571428571428572,0.8666666666666667,0.8666666666666667,0.8666666666666667,,0.8666666666666667,0.06666666666666665
1171,0.0,0.07692307692307687,1.0,,1.0,0.07692307692307687,0.23076923076923073,0.23076923076923073,0.0,0.0,1.0,,0.0,0.0,0.15384615384615385,0.0,1.0,1.0,0.0,0.0,,0.0,0.9166666666666666,0.3846153846153846,0.16666666666666663,1.0,1.0,,1.0,1.0,0.0,0.0,0.0,0.0,0.0,,1.0,0.0,0.23076923076923073,0.0,0.0,0.16666666666666663,,,0.5384615384615384,0.0,0.0,0.0,0.23076923076923073,0.0,,1.0,0.23076923076923073,0.0,,0.0,,,0.0,0.0,0.23076923076923073,1.0,0.0,0.0,0.9230769230769231,0.0,0.0,0.9230769230769231,0.07692307692307687,1.0,0.0,0.9166666666666666,0.0,1.0,0.0,0.5384615384615384,0.0,0.23076923076923073,1.0,0.0,1.0,0.0,1.0,0.0,0.0,0.0,0.0,0.0,0.3846153846153846,0.23076923076923073,1.0,0.0,1.0,0.0,0.0,1.0,0.0,0.0,0.0,0.9230769230769231,0.46153846153846156,1.0,1.0,0.3846153846153846,0.0,0.9166666666666666,1.0,1.0,,0.0,0.8461538461538461,1.0,,1.0,0.0,0.0,0.23076923076923073,1.0,0.0,,0.0,1.0,0.07692307692307687,0.0,,1.0,0.0,0.0,0.0,0.0,0.3076923076923077,0.0,1.0,0.15384615384615385,0.0,0.0,0.0,1.0,0.0,1.0,0.0,1.0,0.07692307692307687,1.0,0.0,0.07692307692307687,0.0,0.0,,0.0,1.0
1172,0.8571428571428572,0.8,0.06666666666666665,,0.0,0.8666666666666667,0.7333333333333334,0.7333333333333334,0.8571428571428572,0.8666666666666667,0.0,,0.8571428571428572,0.8666666666666667,0.7333333333333334,0.8571428571428572,0.0,0.0,0.8666666666666667,0.8666666666666667,,0.8666666666666667,0.0714285714285714,0.6,0.7142857142857143,0.0714285714285714,0.0,,0.4666666666666667,0.0714285714285714,0.8666666666666667,0.8666666666666667,0.8666666666666667,0.9285714285714286,0.8666666666666667,,0.0,0.8666666666666667,0.7333333333333334,0.8666666666666667,0.8666666666666667,0.7142857142857143,,,0.8666666666666667,0.8666666666666667,0.8666666666666667,0.8571428571428572,0.7333333333333334,0.8666666666666667,,0.06666666666666665,0.7333333333333334,1.0,,0.8666666666666667,0.5,,1.0,1.0,0.6666666666666667,0.0,0.8571428571428572,0.8666666666666667,0.06666666666666665,0.8666666666666667,0.8666666666666667,0.1428571428571429,0.8666666666666667,0.0,0.8666666666666667,0.0714285714285714,1.0,0.0,0.8666666666666667,0.4666666666666667,0.8571428571428572,0.7333333333333334,0.19999999999999996,0.8666666666666667,0.06666666666666665,0.8571428571428572,0.1333333333333333,0.8666666666666667,0.8571428571428572,0.8666666666666667,0.8666666666666667,0.8666666666666667,0.8,0.7333333333333334,0.06666666666666665,0.8666666666666667,0.0,0.8571428571428572,0.8666666666666667,0.06666666666666665,0.8666666666666667,0.8666666666666667,0.8666666666666667,0.4285714285714286,0.6,0.0,0.06666666666666665,0.6666666666666667,0.8571428571428572,0.0714285714285714,0.06666666666666665,0.06666666666666665,,0.8666666666666667,0.1333333333333333,0.06666666666666665,,0.0,0.9285714285714286,1.0,0.7333333333333334,0.0,0.8571428571428572,,0.8666666666666667,0.0,0.8666666666666667,0.8666666666666667,,0.0,0.8666666666666667,0.8666666666666667,0.8666666666666667,0.8666666666666667,0.6666666666666667,0.8571428571428572,0.0,0.7333333333333334,0.8666666666666667,0.8666666666666667,0.8666666666666667,0.0,1.0,0.0,0.8666666666666667,0.0714285714285714,1.0,0.06666666666666665,0.8571428571428572,0.8666666666666667,0.8666666666666667,0.8666666666666667,,0.8666666666666667,0.06666666666666665
1173,0.0,0.06666666666666665,0.8666666666666667,,0.8666666666666667,0.06666666666666665,0.19999999999999996,0.19999999999999996,0.0,0.0,0.8666666666666667,,0.0,0.0,0.1333333333333333,0.0,0.8666666666666667,0.8666666666666667,0.0,0.0,,0.0,0.7857142857142857,0.33333333333333337,0.1428571428571429,0.8571428571428572,0.8666666666666667,,0.8666666666666667,0.8571428571428572,0.0,0.0,0.0,0.0,0.0,,0.8571428571428572,0.0,0.19999999999999996,0.0,0.0,0.1428571428571429,,,0.4666666666666667,0.0,0.0,0.0,0.19999999999999996,0.0,,0.8666666666666667,0.19999999999999996,0.0,,0.0,0.0,,0.0,0.0,0.19999999999999996,0.8571428571428572,0.0,0.0,0.8,0.0,0.0,0.8571428571428572,0.06666666666666665,0.8666666666666667,0.0,0.7857142857142857,0.0,0.8666666666666667,0.0,0.4666666666666667,0.0,0.19999999999999996,0.8666666666666667,0.0,0.8666666666666667,0.0,0.8666666666666667,0.0,0.0,0.0,0.0,0.0,0.33333333333333337,0.19999999999999996,0.8666666666666667,0.0,0.8666666666666667,0.0,0.0,0.8666666666666667,0.0,0.0,0.0,0.8571428571428572,0.4,0.9285714285714286,0.8666666666666667,0.33333333333333337,0.0,0.7857142857142857,0.8666666666666667,0.8666666666666667,,0.0,0.7333333333333334,0.8666666666666667,,0.8666666666666667,0.0,0.0,0.19999999999999996,0.8571428571428572,0.0,,0.0,0.8571428571428572,0.06666666666666665,0.0,,0.9230769230769231,0.0,0.0,0.0,0.0,0.2666666666666667,0.0,0.8666666666666667,0.1333333333333333,0.0,0.0,0.0,0.8666666666666667,0.0,0.8666666666666667,0.0,0.9285714285714286,0.07692307692307687,0.8666666666666667,0.0,0.06666666666666665,0.0,0.0,,0.0,0.8666666666666667
1174,0.9230769230769231,0.9285714285714286,0.0,,0.0714285714285714,0.8571428571428572,0.7142857142857143,0.7142857142857143,0.9230769230769231,0.9285714285714286,0.0714285714285714,,0.9230769230769231,0.9285714285714286,0.7857142857142857,0.9230769230769231,0.0714285714285714,0.0714285714285714,0.9285714285714286,0.9285714285714286,,0.9285714285714286,0.07692307692307687,0.7142857142857143,0.7692307692307692,0.07692307692307687,0.0714285714285714,,0.4285714285714286,0.07692307692307687,0.9285714285714286,0.9285714285714286,0.9285714285714286,0.9285714285714286,0.9285714285714286,,0.0,0.9285714285714286,0.7142857142857143,0.9285714285714286,0.9285714285714286,0.7692307692307692,,,0.8571428571428572,0.9285714285714286,0.9285714285714286,0.9230769230769231,0.7142857142857143,0.9285714285714286,,0.1428571428571429,0.7142857142857143,1.0,,0.9285714285714286,,,1.0,1.0,0.7142857142857143,0.0,0.9230769230769231,0.9285714285714286,0.1428571428571429,0.9285714285714286,0.9285714285714286,0.0714285714285714,0.8571428571428572,0.0714285714285714,0.9285714285714286,0.07692307692307687,1.0,0.0714285714285714,0.9285714285714286,0.4285714285714286,0.9230769230769231,0.7142857142857143,0.2857142857142857,0.9285714285714286,0.0,0.9230769230769231,0.2142857142857143,0.9285714285714286,0.9230769230769231,0.9285714285714286,0.9285714285714286,0.9285714285714286,0.7857142857142857,0.7142857142857143,0.1428571428571429,0.9285714285714286,0.0714285714285714,0.9230769230769231,0.9285714285714286,0.0,0.9285714285714286,0.9285714285714286,0.9285714285714286,0.3571428571428571,0.5714285714285714,0.0714285714285714,0.0,0.6428571428571428,0.9230769230769231,0.07692307692307687,0.0,0.0,,0.9285714285714286,0.2142857142857143,0.0,,0.0714285714285714,0.9285714285714286,1.0,0.7142857142857143,0.0,0.9230769230769231,,0.9285714285714286,0.0,0.9285714285714286,0.9285714285714286,,0.0,0.9285714285714286,0.9285714285714286,0.9285714285714286,0.9285714285714286,0.6428571428571428,0.9230769230769231,0.0714285714285714,0.7857142857142857,0.9285714285714286,0.9285714285714286,0.9285714285714286,0.0714285714285714,1.0,0.0714285714285714,0.9285714285714286,0.0,0.9230769230769231,0.0,0.9230769230769231,0.8571428571428572,0.9285714285714286,0.9285714285714286,,0.9285714285714286,0.0
1175,0.0,0.07692307692307687,0.9230769230769231,,1.0,0.0,0.15384615384615385,0.15384615384615385,0.0,0.07692307692307687,1.0,,0.0,0.07692307692307687,0.23076923076923073,0.0,1.0,1.0,0.07692307692307687,0.07692307692307687,,0.07692307692307687,0.9166666666666666,0.3846153846153846,0.16666666666666663,1.0,1.0,,0.9230769230769231,1.0,0.07692307692307687,0.07692307692307687,0.07692307692307687,0.07692307692307687,0.07692307692307687,,1.0,0.07692307692307687,0.15384615384615385,0.07692307692307687,0.07692307692307687,0.16666666666666663,,,0.46153846153846156,0.07692307692307687,0.07692307692307687,0.0,0.15384615384615385,0.07692307692307687,,1.0,0.15384615384615385,0.07692307692307687,,0.07692307692307687,,,0.0,0.0,0.3076923076923077,1.0,0.0,0.07692307692307687,0.9230769230769231,0.07692307692307687,0.07692307692307687,0.8461538461538461,0.0,1.0,0.07692307692307687,0.9166666666666666,0.07692307692307687,1.0,0.07692307692307687,0.46153846153846156,0.0,0.15384615384615385,1.0,0.07692307692307687,0.9230769230769231,0.0,1.0,0.07692307692307687,0.0,0.07692307692307687,0.07692307692307687,0.07692307692307687,0.3076923076923077,0.15384615384615385,1.0,0.07692307692307687,1.0,0.0,0.07692307692307687,0.9230769230769231,0.07692307692307687,0.07692307692307687,0.07692307692307687,0.8461538461538461,0.3846153846153846,1.0,0.9230769230769231,0.3076923076923077,0.0,0.9166666666666666,0.9230769230769231,0.9230769230769231,,0.07692307692307687,0.8461538461538461,0.9230769230769231,,1.0,0.07692307692307687,0.07692307692307687,0.15384615384615385,1.0,0.0,,0.07692307692307687,1.0,0.15384615384615385,0.07692307692307687,,1.0,0.07692307692307687,0.07692307692307687,0.07692307692307687,0.07692307692307687,0.23076923076923073,0.0,1.0,0.23076923076923073,0.07692307692307687,0.07692307692307687,0.07692307692307687,1.0,0.07692307692307687,1.0,0.07692307692307687,0.9230769230769231,0.0,0.9230769230769231,0.0,0.0,0.07692307692307687,0.07692307692307687,,0.07692307692307687,0.9230769230769231
1176,0.8571428571428572,0.8666666666666667,0.0,,0.06666666666666665,0.8,0.6666666666666667,0.6666666666666667,0.8571428571428572,0.8666666666666667,0.06666666666666665,,0.8571428571428572,0.8666666666666667,0.7333333333333334,0.8571428571428572,0.06666666666666665,0.06666666666666665,0.8666666666666667,0.8666666666666667,,0.8666666666666667,0.0714285714285714,0.6666666666666667,0.7142857142857143,0.0714285714285714,0.06666666666666665,,0.4,0.0714285714285714,0.8666666666666667,0.8666666666666667,0.8666666666666667,0.9285714285714286,0.8666666666666667,,0.0,0.8666666666666667,0.6666666666666667,0.8666666666666667,0.8666666666666667,0.7142857142857143,,,0.8,0.8666666666666667,0.8666666666666667,0.8571428571428572,0.6666666666666667,0.8666666666666667,,0.1333333333333333,0.6666666666666667,1.0,,0.8666666666666667,0.5,,1.0,1.0,0.6666666666666667,0.0,0.8571428571428572,0.8666666666666667,0.1333333333333333,0.8666666666666667,0.8666666666666667,0.0714285714285714,0.8,0.06666666666666665,0.8666666666666667,0.0714285714285714,1.0,0.06666666666666665,0.8666666666666667,0.4,0.8571428571428572,0.6666666666666667,0.2666666666666667,0.8666666666666667,0.0,0.8571428571428572,0.19999999999999996,0.8666666666666667,0.8571428571428572,0.8666666666666667,0.8666666666666667,0.8666666666666667,0.7333333333333334,0.6666666666666667,0.1333333333333333,0.8666666666666667,0.06666666666666665,0.8571428571428572,0.8666666666666667,0.0,0.8666666666666667,0.8666666666666667,0.8666666666666667,0.3571428571428571,0.5333333333333333,0.0714285714285714,0.0,0.6,0.8571428571428572,0.0714285714285714,0.0,0.0,,0.8666666666666667,0.19999999999999996,0.0,,0.06666666666666665,0.9285714285714286,1.0,0.6666666666666667,0.0,0.8571428571428572,,0.8666666666666667,0.0,0.8666666666666667,0.8666666666666667,,0.0,0.8666666666666667,0.8666666666666667,0.8666666666666667,0.8666666666666667,0.6,0.8571428571428572,0.06666666666666665,0.7333333333333334,0.8666666666666667,0.8666666666666667,0.8666666666666667,0.06666666666666665,1.0,0.06666666666666665,0.8666666666666667,0.0,0.9230769230769231,0.0,0.8571428571428572,0.8,0.8666666666666667,0.8666666666666667,,0.8666666666666667,0.0
1177,0.0,0.0,0.8571428571428572,,0.8571428571428572,0.0,0.1428571428571429,0.1428571428571429,0.0,0.0,0.8571428571428572,,0.0,0.0,0.1428571428571429,0.0,0.8571428571428572,0.8571428571428572,0.0,0.0,,0.0,0.7857142857142857,0.2857142857142857,0.1428571428571429,0.8571428571428572,0.8571428571428572,,0.8571428571428572,0.8571428571428572,0.0,0.0,0.0,0.0,0.0,,0.8571428571428572,0.0,0.1428571428571429,0.0,0.0,0.1428571428571429,,,0.4285714285714286,0.0,0.0,0.0,0.1428571428571429,0.0,,0.8571428571428572,0.1428571428571429,0.0,,0.0,,,0.0,0.0,0.2142857142857143,0.8571428571428572,0.0,0.0,0.7857142857142857,0.0,0.0,0.8461538461538461,0.0,0.8571428571428572,0.0,0.7857142857142857,0.0,0.8571428571428572,0.0,0.4285714285714286,0.0,0.1428571428571429,0.8571428571428572,0.0,0.8571428571428572,0.0,0.8571428571428572,0.0,0.0,0.0,0.0,0.0,0.2857142857142857,0.1428571428571429,0.8571428571428572,0.0,0.8571428571428572,0.0,0.0,0.8571428571428572,0.0,0.0,0.0,0.8461538461538461,0.3571428571428571,0.9230769230769231,0.8571428571428572,0.2857142857142857,0.0,0.7857142857142857,0.8571428571428572,0.8571428571428572,,0.0,0.7142857142857143,0.8571428571428572,,0.8571428571428572,0.0,0.0,0.1428571428571429,0.8571428571428572,0.0,,0.0,0.8571428571428572,0.0714285714285714,0.0,,0.9230769230769231,0.0,0.0,0.0,0.0,0.2142857142857143,0.0,0.8571428571428572,0.1428571428571429,0.0,0.0,0.0,0.8571428571428572,0.0,0.8571428571428572,0.0,0.9230769230769231,0.0,0.8571428571428572,0.0,0.0,0.0,0.0,,0.0,0.8571428571428572
1178,0.0,0.06666666666666665,0.8,,0.8666666666666667,0.0,0.1333333333333333,0.1333333333333333,0.0,0.06666666666666665,0.8666666666666667,,0.0,0.06666666666666665,0.19999999999999996,0.0,0.8666666666666667,0.8666666666666667,0.06666666666666665,0.06666666666666665,,0.06666666666666665,0.7857142857142857,0.33333333333333337,0.1428571428571429,0.8571428571428572,0.8666666666666667,,0.8,0.8571428571428572,0.06666666666666665,0.06666666666666665,0.06666666666666665,0.0714285714285714,0.06666666666666665,,0.8571428571428572,0.06666666666666665,0.1333333333333333,0.06666666666666665,0.06666666666666665,0.1428571428571429,,,0.4,0.06666666666666665,0.06666666666666665,0.0,0.1333333333333333,0.06666666666666665,,0.8666666666666667,0.1333333333333333,0.07692307692307687,,0.06666666666666665,0.5,,0.0,0.0,0.2666666666666667,0.8571428571428572,0.0,0.06666666666666665,0.8,0.06666666666666665,0.06666666666666665,0.7857142857142857,0.0,0.8666666666666667,0.06666666666666665,0.7857142857142857,0.07692307692307687,0.8666666666666667,0.06666666666666665,0.4,0.0,0.1333333333333333,0.8666666666666667,0.06666666666666665,0.8,0.0,0.8666666666666667,0.06666666666666665,0.0,0.06666666666666665,0.06666666666666665,0.06666666666666665,0.2666666666666667,0.1333333333333333,0.8666666666666667,0.06666666666666665,0.8666666666666667,0.0,0.06666666666666665,0.8,0.06666666666666665,0.06666666666666665,0.06666666666666665,0.7857142857142857,0.33333333333333337,0.9285714285714286,0.8,0.2666666666666667,0.0,0.7857142857142857,0.8,0.8,,0.06666666666666665,0.7333333333333334,0.8,,0.8666666666666667,0.0714285714285714,0.07692307692307687,0.1333333333333333,0.8571428571428572,0.0,,0.06666666666666665,0.8571428571428572,0.1333333333333333,0.06666666666666665,,0.9230769230769231,0.06666666666666665,0.06666666666666665,0.06666666666666665,0.06666666666666665,0.19999999999999996,0.0,0.8666666666666667,0.19999999999999996,0.06666666666666665,0.06666666666666665,0.06666666666666665,0.8666666666666667,0.07692307692307687,0.8666666666666667,0.06666666666666665,0.8571428571428572,0.0,0.8,0.0,0.0,0.06666666666666665,0.06666666666666665,,0.06666666666666665,0.8
1179,0.0,0.06666666666666665,0.8666666666666667,,0.8666666666666667,0.06666666666666665,0.19999999999999996,0.19999999999999996,0.0,0.0,0.8666666666666667,,0.0,0.0,0.1333333333333333,0.0,0.8666666666666667,0.8666666666666667,0.0,0.0,,0.0,0.7857142857142857,0.33333333333333337,0.1428571428571429,0.8571428571428572,0.8666666666666667,,0.8666666666666667,0.8571428571428572,0.0,0.0,0.0,0.0,0.0,,0.8571428571428572,0.0,0.19999999999999996,0.0,0.0,0.1428571428571429,,,0.4666666666666667,0.0,0.0,0.0,0.19999999999999996,0.0,,0.8666666666666667,0.19999999999999996,0.0,,0.0,0.0,,0.0,0.0,0.19999999999999996,0.8571428571428572,0.0,0.0,0.8,0.0,0.0,0.8571428571428572,0.06666666666666665,0.8666666666666667,0.0,0.7857142857142857,0.0,0.8666666666666667,0.0,0.4666666666666667,0.0,0.19999999999999996,0.8666666666666667,0.0,0.8666666666666667,0.0,0.8666666666666667,0.0,0.0,0.0,0.0,0.0,0.33333333333333337,0.19999999999999996,0.8666666666666667,0.0,0.8666666666666667,0.0,0.0,0.8666666666666667,0.0,0.0,0.0,0.8571428571428572,0.4,0.9285714285714286,0.8666666666666667,0.33333333333333337,0.0,0.7857142857142857,0.8666666666666667,0.8666666666666667,,0.0,0.7333333333333334,0.8666666666666667,,0.8666666666666667,0.0,0.0,0.19999999999999996,0.8571428571428572,0.0,,0.0,0.8571428571428572,0.06666666666666665,0.0,,0.9230769230769231,0.0,0.0,0.0,0.0,0.2666666666666667,0.0,0.8666666666666667,0.1333333333333333,0.0,0.0,0.0,0.8666666666666667,0.0,0.8666666666666667,0.0,0.9285714285714286,0.07692307692307687,0.8666666666666667,0.0,0.06666666666666665,0.0,0.0,,0.0,0.8666666666666667
1180,0.0,0.06666666666666665,0.8666666666666667,,0.8666666666666667,0.06666666666666665,0.19999999999999996,0.19999999999999996,0.0,0.0,0.8666666666666667,,0.0,0.0,0.1333333333333333,0.0,0.8666666666666667,0.8666666666666667,0.0,0.0,,0.0,0.7857142857142857,0.33333333333333337,0.1428571428571429,0.8571428571428572,0.8666666666666667,,0.8666666666666667,0.8571428571428572,0.0,0.0,0.0,0.0,0.0,,0.8571428571428572,0.0,0.19999999999999996,0.0,0.0,0.1428571428571429,,,0.4666666666666667,0.0,0.0,0.0,0.19999999999999996,0.0,,0.8666666666666667,0.19999999999999996,0.0,,0.0,0.0,,0.0,0.0,0.19999999999999996,0.8571428571428572,0.0,0.0,0.8,0.0,0.0,0.8571428571428572,0.06666666666666665,0.8666666666666667,0.0,0.7857142857142857,0.0,0.8666666666666667,0.0,0.4666666666666667,0.0,0.19999999999999996,0.8666666666666667,0.0,0.8666666666666667,0.0,0.8666666666666667,0.0,0.0,0.0,0.0,0.0,0.33333333333333337,0.19999999999999996,0.8666666666666667,0.0,0.8666666666666667,0.0,0.0,0.8666666666666667,0.0,0.0,0.0,0.8571428571428572,0.4,0.9285714285714286,0.8666666666666667,0.33333333333333337,0.0,0.7857142857142857,0.8666666666666667,0.8666666666666667,,0.0,0.7333333333333334,0.8666666666666667,,0.8666666666666667,0.0,0.0,0.19999999999999996,0.8571428571428572,0.0,,0.0,0.8571428571428572,0.06666666666666665,0.0,,0.9230769230769231,0.0,0.0,0.0,0.0,0.2666666666666667,0.0,0.8666666666666667,0.1333333333333333,0.0,0.0,0.0,0.8666666666666667,0.0,0.8666666666666667,0.0,0.9285714285714286,0.07692307692307687,0.8666666666666667,0.0,0.06666666666666665,0.0,0.0,,0.0,0.8666666666666667
1181,,,,,,,,,,,,,,,,,,,,,,,,,,,,,,,,,,,,,,,,,,,,,,,,,,,,,,,,,,,,,,,,,,,,,,,,,,,,,,,,,,,,,,,,,,,,,,,,,,,,,,,,,,,,,,,,,,,,,,,,,,,,,,,,,,,,,,,,,,,,,,,,,,,,,0.0,,
1182,0.0,0.06666666666666665,0.8666666666666667,,0.8666666666666667,0.06666666666666665,0.19999999999999996,0.19999999999999996,0.0,0.0,0.8666666666666667,,0.0,0.0,0.1333333333333333,0.0,0.8666666666666667,0.8666666666666667,0.0,0.0,,0.0,0.7857142857142857,0.33333333333333337,0.1428571428571429,0.8571428571428572,0.8666666666666667,,0.8666666666666667,0.8571428571428572,0.0,0.0,0.0,0.0,0.0,,0.8571428571428572,0.0,0.19999999999999996,0.0,0.0,0.1428571428571429,,,0.4666666666666667,0.0,0.0,0.0,0.19999999999999996,0.0,,0.8666666666666667,0.19999999999999996,0.0,,0.0,0.0,,0.0,0.0,0.19999999999999996,0.8571428571428572,0.0,0.0,0.8,0.0,0.0,0.8571428571428572,0.06666666666666665,0.8666666666666667,0.0,0.7857142857142857,0.0,0.8666666666666667,0.0,0.4666666666666667,0.0,0.19999999999999996,0.8666666666666667,0.0,0.8666666666666667,0.0,0.8666666666666667,0.0,0.0,0.0,0.0,0.0,0.33333333333333337,0.19999999999999996,0.8666666666666667,0.0,0.8666666666666667,0.0,0.0,0.8666666666666667,0.0,0.0,0.0,0.8571428571428572,0.4,0.9285714285714286,0.8666666666666667,0.33333333333333337,0.0,0.7857142857142857,0.8666666666666667,0.8666666666666667,,0.0,0.7333333333333334,0.8666666666666667,,0.8666666666666667,0.0,0.0,0.19999999999999996,0.8571428571428572,0.0,,0.0,0.8571428571428572,0.06666666666666665,0.0,,0.9230769230769231,0.0,0.0,0.0,0.0,0.2666666666666667,0.0,0.8666666666666667,0.1333333333333333,0.0,0.0,0.0,0.8666666666666667,0.0,0.8666666666666667,0.0,0.9285714285714286,0.07692307692307687,0.8666666666666667,0.0,0.06666666666666665,0.0,0.0,,0.0,0.8666666666666667
1183,0.8571428571428572,0.8666666666666667,0.0,,0.06666666666666665,0.8,0.6666666666666667,0.6666666666666667,0.8571428571428572,0.8666666666666667,0.06666666666666665,,0.8571428571428572,0.8666666666666667,0.7333333333333334,0.8571428571428572,0.06666666666666665,0.06666666666666665,0.8666666666666667,0.8666666666666667,,0.8666666666666667,0.0714285714285714,0.6666666666666667,0.7142857142857143,0.0714285714285714,0.06666666666666665,,0.4,0.0714285714285714,0.8666666666666667,0.8666666666666667,0.8666666666666667,0.9285714285714286,0.8666666666666667,,0.0,0.8666666666666667,0.6666666666666667,0.8666666666666667,0.8666666666666667,0.7142857142857143,,,0.8,0.8666666666666667,0.8666666666666667,0.8571428571428572,0.6666666666666667,0.8666666666666667,,0.1333333333333333,0.6666666666666667,1.0,,0.8666666666666667,0.5,,1.0,1.0,0.6666666666666667,0.0,0.8571428571428572,0.8666666666666667,0.1333333333333333,0.8666666666666667,0.8666666666666667,0.0714285714285714,0.8,0.06666666666666665,0.8666666666666667,0.0714285714285714,1.0,0.06666666666666665,0.8666666666666667,0.4,0.8571428571428572,0.6666666666666667,0.2666666666666667,0.8666666666666667,0.0,0.8571428571428572,0.19999999999999996,0.8666666666666667,0.8571428571428572,0.8666666666666667,0.8666666666666667,0.8666666666666667,0.7333333333333334,0.6666666666666667,0.1333333333333333,0.8666666666666667,0.06666666666666665,0.8571428571428572,0.8666666666666667,0.0,0.8666666666666667,0.8666666666666667,0.8666666666666667,0.3571428571428571,0.5333333333333333,0.0714285714285714,0.0,0.6,0.8571428571428572,0.0714285714285714,0.0,0.0,,0.8666666666666667,0.19999999999999996,0.0,,0.06666666666666665,0.9285714285714286,1.0,0.6666666666666667,0.0,0.8571428571428572,,0.8666666666666667,0.0,0.8666666666666667,0.8666666666666667,,0.0,0.8666666666666667,0.8666666666666667,0.8666666666666667,0.8666666666666667,0.6,0.8571428571428572,0.06666666666666665,0.7333333333333334,0.8666666666666667,0.8666666666666667,0.8666666666666667,0.06666666666666665,1.0,0.06666666666666665,0.8666666666666667,0.0,0.9230769230769231,0.0,0.8571428571428572,0.8,0.8666666666666667,0.8666666666666667,,0.8666666666666667,0.0
