diputado_id,diseno,escenario,PC1_base,PC1_alternativo_original,PC1_alternativo_alineado
803,universo_fijo,retiro_votacion:20629,1.9232940546422812,1.815683606817581,1.815683606817581
815,universo_fijo,retiro_votacion:20629,-4.625880042251671,-4.423359236774898,-4.423359236774898
917,universo_fijo,retiro_votacion:20629,-4.840979909801426,-4.647343614165119,-4.647343614165119
948,universo_fijo,retiro_votacion:20629,2.138393922192036,2.039667984207802,2.039667984207802
953,universo_fijo,retiro_votacion:20629,1.0515337236696587,0.9041473172181967,0.9041473172181967
971,universo_fijo,retiro_votacion:20629,1.0515337236696587,0.9041473172181967,0.9041473172181967
975,universo_fijo,retiro_votacion:20629,2.3534937897417905,2.263652361598023,2.263652361598023
976,universo_fijo,retiro_votacion:20629,-4.840979909801426,-4.647343614165119,-4.647343614165119
991,universo_fijo,retiro_votacion:20629,2.3534937897417905,2.263652361598023,2.263652361598023
999,universo_fijo,retiro_votacion:20629,1.2666335912194133,1.128131694608418,1.128131694608418
1003,universo_fijo,retiro_votacion:20629,-4.840979909801426,-4.647343614165119,-4.647343614165119
1009,universo_fijo,retiro_votacion:20629,-4.840979909801426,-4.647343614165119,-4.647343614165119
1012,universo_fijo,retiro_votacion:20629,2.3534937897417905,2.263652361598023,2.263652361598023
1013,universo_fijo,retiro_votacion:20629,2.3534937897417905,2.263652361598023,2.263652361598023
1016,universo_fijo,retiro_votacion:20629,2.3534937897417905,2.263652361598023,2.263652361598023
1019,universo_fijo,retiro_votacion:20629,-0.01682205644914018,0.3897345263573452,0.3897345263573452
1025,universo_fijo,retiro_votacion:20629,-4.840979909801426,-4.647343614165119,-4.647343614165119
1028,universo_fijo,retiro_votacion:20629,-2.9399358215577327,-2.963659952298719,-2.963659952298719
1034,universo_fijo,retiro_votacion:20629,2.3534937897417905,2.263652361598023,2.263652361598023
1035,universo_fijo,retiro_votacion:20629,2.3534937897417905,2.263652361598023,2.263652361598023
1036,universo_fijo,retiro_votacion:20629,2.3534937897417905,2.263652361598023,2.263652361598023
1037,universo_fijo,retiro_votacion:20629,2.3534937897417905,2.263652361598023,2.263652361598023
1038,universo_fijo,retiro_votacion:20629,2.3534937897417905,2.263652361598023,2.263652361598023
1044,universo_fijo,retiro_votacion:20629,2.3534937897417905,2.263652361598023,2.263652361598023
1046,universo_fijo,retiro_votacion:20629,1.0515337236696587,0.9041473172181967,0.9041473172181967
1048,universo_fijo,retiro_votacion:20629,2.3534937897417905,2.263652361598023,2.263652361598023
1049,universo_fijo,retiro_votacion:20629,2.3534937897417905,2.263652361598023,2.263652361598023
1054,universo_fijo,retiro_votacion:20629,0.465580325547265,0.29118191663580273,0.29118191663580273
1056,universo_fijo,retiro_votacion:20629,2.3534937897417905,2.263652361598023,2.263652361598023
1057,universo_fijo,retiro_votacion:20629,2.3534937897417905,2.263652361598023,2.263652361598023
1059,universo_fijo,retiro_votacion:20629,1.0515337236696587,0.9041473172181967,0.9041473172181967
1062,universo_fijo,retiro_votacion:20629,2.3534937897417905,2.263652361598023,2.263652361598023
1065,universo_fijo,retiro_votacion:20629,-4.556495778761317,-4.350254950935379,-4.350254950935379
1067,universo_fijo,retiro_votacion:20629,1.0515337236696587,0.9041473172181967,0.9041473172181967
1068,universo_fijo,retiro_votacion:20629,2.3534937897417905,2.263652361598023,2.263652361598023
1073,universo_fijo,retiro_votacion:20629,2.3534937897417905,2.263652361598023,2.263652361598023
1081,universo_fijo,retiro_votacion:20629,0.7092823082215971,0.5472748676671563,0.5472748676671563
1087,universo_fijo,retiro_votacion:20629,2.3534937897417905,2.263652361598023,2.263652361598023
1094,universo_fijo,retiro_votacion:20629,-4.266148143082215,-4.047444762433547,-4.047444762433547
1096,universo_fijo,retiro_votacion:20629,2.3534937897417905,2.263652361598023,2.263652361598023
1097,universo_fijo,retiro_votacion:20629,2.3534937897417905,2.263652361598023,2.263652361598023
1098,universo_fijo,retiro_votacion:20629,-4.068528759253856,-3.842502409833637,-3.842502409833637
1099,universo_fijo,retiro_votacion:20629,2.138393922192036,2.039667984207802,2.039667984207802
1100,universo_fijo,retiro_votacion:20629,-4.840979909801426,-4.647343614165119,-4.647343614165119
1101,universo_fijo,retiro_votacion:20629,2.3534937897417905,2.263652361598023,2.263652361598023
1103,universo_fijo,retiro_votacion:20629,2.3534937897417905,2.263652361598023,2.263652361598023
1104,universo_fijo,retiro_votacion:20629,-4.840979909801426,-4.647343614165119,-4.647343614165119
1105,universo_fijo,retiro_votacion:20629,2.3534937897417905,2.263652361598023,2.263652361598023
1106,universo_fijo,retiro_votacion:20629,-1.2067446678950722,-1.4550315802299982,-1.4550315802299982
1108,universo_fijo,retiro_votacion:20629,1.0515337236696587,0.9041473172181967,0.9041473172181967
1109,universo_fijo,retiro_votacion:20629,-3.9934481078374646,-3.761043341547698,-3.761043341547698
1110,universo_fijo,retiro_votacion:20629,2.3534937897417905,2.263652361598023,2.263652361598023
1111,universo_fijo,retiro_votacion:20629,-4.625880042251671,-4.423359236774898,-4.423359236774898
1113,universo_fijo,retiro_votacion:20629,-4.277932238877575,-4.0581320047774385,-4.0581320047774385
1114,universo_fijo,retiro_votacion:20629,2.3534937897417905,2.263652361598023,2.263652361598023
1116,universo_fijo,retiro_votacion:20629,2.3534937897417905,2.263652361598023,2.263652361598023
1117,universo_fijo,retiro_votacion:20629,2.3534937897417905,2.263652361598023,2.263652361598023
1118,universo_fijo,retiro_votacion:20629,2.3534937897417905,2.263652361598023,2.263652361598023
1119,universo_fijo,retiro_votacion:20629,0.7670164069249841,0.6064531468065432,0.6064531468065432
1120,universo_fijo,retiro_votacion:20629,1.0515337236696587,0.9041473172181967,0.9041473172181967
1121,universo_fijo,retiro_votacion:20629,-4.56515137778665,-4.358763338831886,-4.358763338831886
1122,universo_fijo,retiro_votacion:20629,2.3534937897417905,2.263652361598023,2.263652361598023
1123,universo_fijo,retiro_votacion:20629,-4.840979909801426,-4.647343614165119,-4.647343614165119
1125,universo_fijo,retiro_votacion:20629,2.3534937897417905,2.263652361598023,2.263652361598023
1126,universo_fijo,retiro_votacion:20629,-4.625880042251671,-4.423359236774898,-4.423359236774898
1127,universo_fijo,retiro_votacion:20629,2.3534937897417905,2.263652361598023,2.263652361598023
1128,universo_fijo,retiro_votacion:20629,2.3534937897417905,2.263652361598023,2.263652361598023
1129,universo_fijo,retiro_votacion:20629,2.3534937897417905,2.263652361598023,2.263652361598023
1131,universo_fijo,retiro_votacion:20629,-2.939606748724399,-2.9639597064707286,-2.9639597064707286
1132,universo_fijo,retiro_votacion:20629,-0.3678137137578991,0.02334106441114954,0.02334106441114954
1133,universo_fijo,retiro_votacion:20629,-4.840979909801426,-4.647343614165119,-4.647343614165119
1135,universo_fijo,retiro_votacion:20629,-4.625880042251671,-4.423359236774898,-4.423359236774898
1136,universo_fijo,retiro_votacion:20629,0.18941182141537924,0.30424846548662493,0.30424846548662493
1139,universo_fijo,retiro_votacion:20629,-4.625880042251671,-4.423359236774898,-4.423359236774898
1140,universo_fijo,retiro_votacion:20629,-4.625880042251671,-4.423359236774898,-4.423359236774898
1142,universo_fijo,retiro_votacion:20629,2.3534937897417905,2.263652361598023,2.263652361598023
1143,universo_fijo,retiro_votacion:20629,-3.7170416230169634,-3.4742138373960194,-3.4742138373960194
1144,universo_fijo,retiro_votacion:20629,-4.625880042251671,-4.423359236774898,-4.423359236774898
1146,universo_fijo,retiro_votacion:20629,-4.840979909801426,-4.647343614165119,-4.647343614165119
1147,universo_fijo,retiro_votacion:20629,2.3534937897417905,2.263652361598023,2.263652361598023
1148,universo_fijo,retiro_votacion:20629,2.3534937897417905,2.263652361598023,2.263652361598023
1149,universo_fijo,retiro_votacion:20629,1.0515337236696587,0.9041473172181967,0.9041473172181967
1153,universo_fijo,retiro_votacion:20629,2.3534937897417905,2.263652361598023,2.263652361598023
1155,universo_fijo,retiro_votacion:20629,2.083226601170324,1.9812035944845754,1.9812035944845754
1156,universo_fijo,retiro_votacion:20629,2.3534937897417905,2.263652361598023,2.263652361598023
1159,universo_fijo,retiro_votacion:20629,2.3534937897417905,2.263652361598023,2.263652361598023
1160,universo_fijo,retiro_votacion:20629,2.3534937897417905,2.263652361598023,2.263652361598023
1161,universo_fijo,retiro_votacion:20629,2.3534937897417905,2.263652361598023,2.263652361598023
1162,universo_fijo,retiro_votacion:20629,2.3534937897417905,2.263652361598023,2.263652361598023
1163,universo_fijo,retiro_votacion:20629,0.47695345259952254,0.9041473172181967,0.9041473172181967
1165,universo_fijo,retiro_votacion:20629,-4.840979909801426,-4.647343614165119,-4.647343614165119
1166,universo_fijo,retiro_votacion:20629,1.231780970238065,1.0945441200812303,1.0945441200812303
1167,universo_fijo,retiro_votacion:20629,2.3534937897417905,2.263652361598023,2.263652361598023
1168,universo_fijo,retiro_votacion:20629,2.3534937897417905,2.263652361598023,2.263652361598023
1169,universo_fijo,retiro_votacion:20629,2.3534937897417905,2.263652361598023,2.263652361598023
1170,universo_fijo,retiro_votacion:20629,-4.840979909801426,-4.647343614165119,-4.647343614165119
1171,universo_fijo,retiro_votacion:20629,2.3534937897417905,2.263652361598023,2.263652361598023
1172,universo_fijo,retiro_votacion:20629,-4.840979909801426,-4.647343614165119,-4.647343614165119
1173,universo_fijo,retiro_votacion:20629,2.3534937897417905,2.263652361598023,2.263652361598023
1174,universo_fijo,retiro_votacion:20629,-4.625880042251671,-4.423359236774898,-4.423359236774898
1175,universo_fijo,retiro_votacion:20629,2.138393922192036,2.039667984207802,2.039667984207802
1176,universo_fijo,retiro_votacion:20629,-4.625880042251671,-4.423359236774898,-4.423359236774898
1178,universo_fijo,retiro_votacion:20629,2.138393922192036,2.039667984207802,2.039667984207802
1179,universo_fijo,retiro_votacion:20629,2.3534937897417905,2.263652361598023,2.263652361598023
1180,universo_fijo,retiro_votacion:20629,2.3534937897417905,2.263652361598023,2.263652361598023
1182,universo_fijo,retiro_votacion:20629,2.3534937897417905,2.263652361598023,2.263652361598023
1183,universo_fijo,retiro_votacion:20629,-4.625880042251671,-4.423359236774898,-4.423359236774898
803,universo_fijo,retiro_votacion:20630,1.9232940546422812,1.8152171204403746,1.8152171204403746
815,universo_fijo,retiro_votacion:20630,-4.625880042251671,-4.422865437208043,-4.422865437208043
917,universo_fijo,retiro_votacion:20630,-4.840979909801426,-4.6472320430915115,-4.6472320430915115
948,universo_fijo,retiro_votacion:20630,2.138393922192036,2.0395837263238437,2.0395837263238437
953,universo_fijo,retiro_votacion:20630,1.0515337236696587,0.9051966410533677,0.9051966410533677
971,universo_fijo,retiro_votacion:20630,1.0515337236696587,0.9051966410533677,0.9051966410533677
975,universo_fijo,retiro_votacion:20630,2.3534937897417905,2.2639503322073127,2.2639503322073127
976,universo_fijo,retiro_votacion:20630,-4.840979909801426,-4.6472320430915115,-4.6472320430915115
991,universo_fijo,retiro_votacion:20630,2.3534937897417905,2.2639503322073127,2.2639503322073127
999,universo_fijo,retiro_votacion:20630,1.2666335912194133,1.1295632469368369,1.1295632469368369
1003,universo_fijo,retiro_votacion:20630,-4.840979909801426,-4.6472320430915115,-4.6472320430915115
1009,universo_fijo,retiro_votacion:20630,-4.840979909801426,-4.6472320430915115,-4.6472320430915115
1012,universo_fijo,retiro_votacion:20630,2.3534937897417905,2.2639503322073127,2.2639503322073127
1013,universo_fijo,retiro_votacion:20630,2.3534937897417905,2.2639503322073127,2.2639503322073127
1016,universo_fijo,retiro_votacion:20630,2.3534937897417905,2.2639503322073127,2.2639503322073127
1019,universo_fijo,retiro_votacion:20630,-0.01682205644914018,0.08379683888416586,0.08379683888416586
1025,universo_fijo,retiro_votacion:20630,-4.840979909801426,-4.6472320430915115,-4.6472320430915115
1028,universo_fijo,retiro_votacion:20630,-2.9399358215577327,-2.9591960889843167,-2.9591960889843167
1034,universo_fijo,retiro_votacion:20630,2.3534937897417905,2.2639503322073127,2.2639503322073127
1035,universo_fijo,retiro_votacion:20630,2.3534937897417905,2.2639503322073127,2.2639503322073127
1036,universo_fijo,retiro_votacion:20630,2.3534937897417905,2.2639503322073127,2.2639503322073127
1037,universo_fijo,retiro_votacion:20630,2.3534937897417905,2.2639503322073127,2.2639503322073127
1038,universo_fijo,retiro_votacion:20630,2.3534937897417905,2.2639503322073127,2.2639503322073127
1044,universo_fijo,retiro_votacion:20630,2.3534937897417905,2.2639503322073127,2.2639503322073127
1046,universo_fijo,retiro_votacion:20630,1.0515337236696587,0.9051966410533677,0.9051966410533677
1048,universo_fijo,retiro_votacion:20630,2.3534937897417905,2.2639503322073127,2.2639503322073127
1049,universo_fijo,retiro_votacion:20630,2.3534937897417905,2.2639503322073127,2.2639503322073127
1054,universo_fijo,retiro_votacion:20630,0.465580325547265,0.29590125597053224,0.29590125597053224
1056,universo_fijo,retiro_votacion:20630,2.3534937897417905,2.2639503322073127,2.2639503322073127
1057,universo_fijo,retiro_votacion:20630,2.3534937897417905,2.2639503322073127,2.2639503322073127
1059,universo_fijo,retiro_votacion:20630,1.0515337236696587,0.9051966410533677,0.9051966410533677
1062,universo_fijo,retiro_votacion:20630,2.3534937897417905,2.2639503322073127,2.2639503322073127
1065,universo_fijo,retiro_votacion:20630,-4.556495778761317,-4.350563413553836,-4.350563413553836
1067,universo_fijo,retiro_votacion:20630,1.0515337236696587,0.9051966410533677,0.9051966410533677
1068,universo_fijo,retiro_votacion:20630,2.3534937897417905,2.2639503322073127,2.2639503322073127
1073,universo_fijo,retiro_votacion:20630,2.3534937897417905,2.2639503322073127,2.2639503322073127
1081,universo_fijo,retiro_votacion:20630,0.7092823082215971,1.1295632469368369,1.1295632469368369
1087,universo_fijo,retiro_votacion:20630,2.3534937897417905,2.2639503322073127,2.2639503322073127
1094,universo_fijo,retiro_votacion:20630,-4.266148143082215,-4.049464790752278,-4.049464790752278
1096,universo_fijo,retiro_votacion:20630,2.3534937897417905,2.2639503322073127,2.2639503322073127
1097,universo_fijo,retiro_votacion:20630,2.3534937897417905,2.2639503322073127,2.2639503322073127
1098,universo_fijo,retiro_votacion:20630,-4.068528759253856,-4.422865437208043,-4.422865437208043
1099,universo_fijo,retiro_votacion:20630,2.138393922192036,2.0395837263238437,2.0395837263238437
1100,universo_fijo,retiro_votacion:20630,-4.840979909801426,-4.6472320430915115,-4.6472320430915115
1101,universo_fijo,retiro_votacion:20630,2.3534937897417905,2.2639503322073127,2.2639503322073127
1103,universo_fijo,retiro_votacion:20630,2.3534937897417905,2.2639503322073127,2.2639503322073127
1104,universo_fijo,retiro_votacion:20630,-4.840979909801426,-4.6472320430915115,-4.6472320430915115
1105,universo_fijo,retiro_votacion:20630,2.3534937897417905,2.2639503322073127,2.2639503322073127
1106,universo_fijo,retiro_votacion:20630,-1.2067446678950722,-0.864164074497597,-0.864164074497597
1108,universo_fijo,retiro_votacion:20630,1.0515337236696587,0.9051966410533677,0.9051966410533677
1109,universo_fijo,retiro_votacion:20630,-3.9934481078374646,-3.764766681947971,-3.764766681947971
1110,universo_fijo,retiro_votacion:20630,2.3534937897417905,2.2639503322073127,2.2639503322073127
1111,universo_fijo,retiro_votacion:20630,-4.625880042251671,-4.422865437208043,-4.422865437208043
1113,universo_fijo,retiro_votacion:20630,-4.277932238877575,-4.0614353114856465,-4.0614353114856465
1114,universo_fijo,retiro_votacion:20630,2.3534937897417905,2.2639503322073127,2.2639503322073127
1116,universo_fijo,retiro_votacion:20630,2.3534937897417905,2.2639503322073127,2.2639503322073127
1117,universo_fijo,retiro_votacion:20630,2.3534937897417905,2.2639503322073127,2.2639503322073127
1118,universo_fijo,retiro_votacion:20630,2.3534937897417905,2.2639503322073127,2.2639503322073127
1119,universo_fijo,retiro_votacion:20630,0.7670164069249841,0.6092862282139758,0.6092862282139758
1120,universo_fijo,retiro_votacion:20630,1.0515337236696587,0.9051966410533677,0.9051966410533677
1121,universo_fijo,retiro_votacion:20630,-4.56515137778665,-4.360323262793946,-4.360323262793946
1122,universo_fijo,retiro_votacion:20630,2.3534937897417905,2.2639503322073127,2.2639503322073127
1123,universo_fijo,retiro_votacion:20630,-4.840979909801426,-4.6472320430915115,-4.6472320430915115
1125,universo_fijo,retiro_votacion:20630,2.3534937897417905,2.2639503322073127,2.2639503322073127
1126,universo_fijo,retiro_votacion:20630,-4.625880042251671,-4.422865437208043,-4.422865437208043
1127,universo_fijo,retiro_votacion:20630,2.3534937897417905,2.2639503322073127,2.2639503322073127
1128,universo_fijo,retiro_votacion:20630,2.3534937897417905,2.2639503322073127,2.2639503322073127
1129,universo_fijo,retiro_votacion:20630,2.3534937897417905,2.2639503322073127,2.2639503322073127
1131,universo_fijo,retiro_votacion:20630,-2.939606748724399,-2.960761565275679,-2.960761565275679
1132,universo_fijo,retiro_votacion:20630,-0.3678137137578991,0.009279818598018224,0.009279818598018224
1133,universo_fijo,retiro_votacion:20630,-4.840979909801426,-4.6472320430915115,-4.6472320430915115
1135,universo_fijo,retiro_votacion:20630,-4.625880042251671,-4.422865437208043,-4.422865437208043
1136,universo_fijo,retiro_votacion:20630,0.18941182141537924,0.008912790571267853,0.008912790571267853
1139,universo_fijo,retiro_votacion:20630,-4.625880042251671,-4.422865437208043,-4.422865437208043
1140,universo_fijo,retiro_votacion:20630,-4.625880042251671,-4.422865437208043,-4.422865437208043
1142,universo_fijo,retiro_votacion:20630,2.3534937897417905,2.2639503322073127,2.2639503322073127
1143,universo_fijo,retiro_votacion:20630,-3.7170416230169634,-3.4756602840912647,-3.4756602840912647
1144,universo_fijo,retiro_votacion:20630,-4.625880042251671,-4.422865437208043,-4.422865437208043
1146,universo_fijo,retiro_votacion:20630,-4.840979909801426,-4.6472320430915115,-4.6472320430915115
1147,universo_fijo,retiro_votacion:20630,2.3534937897417905,2.2639503322073127,2.2639503322073127
1148,universo_fijo,retiro_votacion:20630,2.3534937897417905,2.2639503322073127,2.2639503322073127
1149,universo_fijo,retiro_votacion:20630,1.0515337236696587,0.9051966410533677,0.9051966410533677
1153,universo_fijo,retiro_votacion:20630,2.3534937897417905,2.2639503322073127,2.2639503322073127
1155,universo_fijo,retiro_votacion:20630,2.083226601170324,1.981778723604781,1.981778723604781
1156,universo_fijo,retiro_votacion:20630,2.3534937897417905,2.2639503322073127,2.2639503322073127
1159,universo_fijo,retiro_votacion:20630,2.3534937897417905,2.2639503322073127,2.2639503322073127
1160,universo_fijo,retiro_votacion:20630,2.3534937897417905,2.2639503322073127,2.2639503322073127
1161,universo_fijo,retiro_votacion:20630,2.3534937897417905,2.2639503322073127,2.2639503322073127
1162,universo_fijo,retiro_votacion:20630,2.3534937897417905,2.2639503322073127,2.2639503322073127
1163,universo_fijo,retiro_votacion:20630,0.47695345259952254,0.3081634447676349,0.3081634447676349
1165,universo_fijo,retiro_votacion:20630,-4.840979909801426,-4.6472320430915115,-4.6472320430915115
1166,universo_fijo,retiro_votacion:20630,1.231780970238065,1.6790341516409728,1.6790341516409728
1167,universo_fijo,retiro_votacion:20630,2.3534937897417905,2.2639503322073127,2.2639503322073127
1168,universo_fijo,retiro_votacion:20630,2.3534937897417905,2.2639503322073127,2.2639503322073127
1169,universo_fijo,retiro_votacion:20630,2.3534937897417905,2.2639503322073127,2.2639503322073127
1170,universo_fijo,retiro_votacion:20630,-4.840979909801426,-4.6472320430915115,-4.6472320430915115
1171,universo_fijo,retiro_votacion:20630,2.3534937897417905,2.2639503322073127,2.2639503322073127
1172,universo_fijo,retiro_votacion:20630,-4.840979909801426,-4.6472320430915115,-4.6472320430915115
1173,universo_fijo,retiro_votacion:20630,2.3534937897417905,2.2639503322073127,2.2639503322073127
1174,universo_fijo,retiro_votacion:20630,-4.625880042251671,-4.422865437208043,-4.422865437208043
1175,universo_fijo,retiro_votacion:20630,2.138393922192036,2.0395837263238437,2.0395837263238437
1176,universo_fijo,retiro_votacion:20630,-4.625880042251671,-4.422865437208043,-4.422865437208043
1178,universo_fijo,retiro_votacion:20630,2.138393922192036,2.0395837263238437,2.0395837263238437
1179,universo_fijo,retiro_votacion:20630,2.3534937897417905,2.2639503322073127,2.2639503322073127
1180,universo_fijo,retiro_votacion:20630,2.3534937897417905,2.2639503322073127,2.2639503322073127
1182,universo_fijo,retiro_votacion:20630,2.3534937897417905,2.2639503322073127,2.2639503322073127
1183,universo_fijo,retiro_votacion:20630,-4.625880042251671,-4.422865437208043,-4.422865437208043
803,universo_fijo,retiro_votacion:20631,1.9232940546422812,1.8189899909052074,1.8189899909052074
815,universo_fijo,retiro_votacion:20631,-4.625880042251671,-4.4161778661042055,-4.4161778661042055
917,universo_fijo,retiro_votacion:20631,-4.840979909801426,-4.641769273889019,-4.641769273889019
948,universo_fijo,retiro_votacion:20631,2.138393922192036,2.044581398690021,2.044581398690021
953,universo_fijo,retiro_votacion:20631,1.0515337236696587,0.9057640955038637,0.9057640955038637
971,universo_fijo,retiro_votacion:20631,1.0515337236696587,0.9057640955038637,0.9057640955038637
975,universo_fijo,retiro_votacion:20631,2.3534937897417905,2.270172806474834,2.270172806474834
976,universo_fijo,retiro_votacion:20631,-4.840979909801426,-4.641769273889019,-4.641769273889019
991,universo_fijo,retiro_votacion:20631,2.3534937897417905,2.270172806474834,2.270172806474834
999,universo_fijo,retiro_votacion:20631,1.2666335912194133,1.131355503288677,1.131355503288677
1003,universo_fijo,retiro_votacion:20631,-4.840979909801426,-4.641769273889019,-4.641769273889019
1009,universo_fijo,retiro_votacion:20631,-4.840979909801426,-4.641769273889019,-4.641769273889019
1012,universo_fijo,retiro_votacion:20631,2.3534937897417905,2.270172806474834,2.270172806474834
1013,universo_fijo,retiro_votacion:20631,2.3534937897417905,2.270172806474834,2.270172806474834
1016,universo_fijo,retiro_votacion:20631,2.3534937897417905,2.270172806474834,2.270172806474834
1019,universo_fijo,retiro_votacion:20631,-0.01682205644914018,-0.2101280908048942,-0.2101280908048942
1025,universo_fijo,retiro_votacion:20631,-4.840979909801426,-4.641769273889019,-4.641769273889019
1028,universo_fijo,retiro_votacion:20631,-2.9399358215577327,-2.656713627885435,-2.656713627885435
1034,universo_fijo,retiro_votacion:20631,2.3534937897417905,2.270172806474834,2.270172806474834
1035,universo_fijo,retiro_votacion:20631,2.3534937897417905,2.270172806474834,2.270172806474834
1036,universo_fijo,retiro_votacion:20631,2.3534937897417905,2.270172806474834,2.270172806474834
1037,universo_fijo,retiro_votacion:20631,2.3534937897417905,2.270172806474834,2.270172806474834
1038,universo_fijo,retiro_votacion:20631,2.3534937897417905,2.270172806474834,2.270172806474834
1044,universo_fijo,retiro_votacion:20631,2.3534937897417905,2.270172806474834,2.270172806474834
1046,universo_fijo,retiro_votacion:20631,1.0515337236696587,0.9057640955038637,0.9057640955038637
1048,universo_fijo,retiro_votacion:20631,2.3534937897417905,2.270172806474834,2.270172806474834
1049,universo_fijo,retiro_votacion:20631,2.3534937897417905,2.270172806474834,2.270172806474834
1054,universo_fijo,retiro_votacion:20631,0.465580325547265,0.29778553059443147,0.29778553059443147
1056,universo_fijo,retiro_votacion:20631,2.3534937897417905,2.270172806474834,2.270172806474834
1057,universo_fijo,retiro_votacion:20631,2.3534937897417905,2.270172806474834,2.270172806474834
1059,universo_fijo,retiro_votacion:20631,1.0515337236696587,0.9057640955038637,0.9057640955038637
1062,universo_fijo,retiro_votacion:20631,2.3534937897417905,2.270172806474834,2.270172806474834
1065,universo_fijo,retiro_votacion:20631,-4.556495778761317,-4.345097960033834,-4.345097960033834
1067,universo_fijo,retiro_votacion:20631,1.0515337236696587,0.9057640955038637,0.9057640955038637
1068,universo_fijo,retiro_votacion:20631,2.3534937897417905,2.270172806474834,2.270172806474834
1073,universo_fijo,retiro_votacion:20631,2.3534937897417905,2.270172806474834,2.270172806474834
1081,universo_fijo,retiro_votacion:20631,0.7092823082215971,0.5500119157118686,0.5500119157118686
1087,universo_fijo,retiro_votacion:20631,2.3534937897417905,2.270172806474834,2.270172806474834
1094,universo_fijo,retiro_votacion:20631,-4.266148143082215,-4.641769273889019,-4.641769273889019
1096,universo_fijo,retiro_votacion:20631,2.3534937897417905,2.270172806474834,2.270172806474834
1097,universo_fijo,retiro_votacion:20631,2.3534937897417905,2.270172806474834,2.270172806474834
1098,universo_fijo,retiro_votacion:20631,-4.068528759253856,-3.834834278527397,-3.834834278527397
1099,universo_fijo,retiro_votacion:20631,2.138393922192036,2.044581398690021,2.044581398690021
1100,universo_fijo,retiro_votacion:20631,-4.840979909801426,-4.641769273889019,-4.641769273889019
1101,universo_fijo,retiro_votacion:20631,2.3534937897417905,2.270172806474834,2.270172806474834
1103,universo_fijo,retiro_votacion:20631,2.3534937897417905,2.270172806474834,2.270172806474834
1104,universo_fijo,retiro_votacion:20631,-4.840979909801426,-4.641769273889019,-4.641769273889019
1105,universo_fijo,retiro_votacion:20631,2.3534937897417905,2.270172806474834,2.270172806474834
1106,universo_fijo,retiro_votacion:20631,-1.2067446678950722,-0.8483141227304218,-0.8483141227304218
1108,universo_fijo,retiro_votacion:20631,1.0515337236696587,0.9057640955038637,0.9057640955038637
1109,universo_fijo,retiro_votacion:20631,-3.9934481078374646,-3.7587306447050945,-3.7587306447050945
1110,universo_fijo,retiro_votacion:20631,2.3534937897417905,2.270172806474834,2.270172806474834
1111,universo_fijo,retiro_votacion:20631,-4.625880042251671,-4.4161778661042055,-4.4161778661042055
1113,universo_fijo,retiro_votacion:20631,-4.277932238877575,-4.055401958560281,-4.055401958560281
1114,universo_fijo,retiro_votacion:20631,2.3534937897417905,2.270172806474834,2.270172806474834
1116,universo_fijo,retiro_votacion:20631,2.3534937897417905,2.270172806474834,2.270172806474834
1117,universo_fijo,retiro_votacion:20631,2.3534937897417905,2.270172806474834,2.270172806474834
1118,universo_fijo,retiro_votacion:20631,2.3534937897417905,2.270172806474834,2.270172806474834
1119,universo_fijo,retiro_votacion:20631,0.7670164069249841,0.6100580107163167,0.6100580107163167
1120,universo_fijo,retiro_votacion:20631,1.0515337236696587,0.9057640955038637,0.9057640955038637
1121,universo_fijo,retiro_votacion:20631,-4.56515137778665,-4.354270862398249,-4.354270862398249
1122,universo_fijo,retiro_votacion:20631,2.3534937897417905,2.270172806474834,2.270172806474834
1123,universo_fijo,retiro_votacion:20631,-4.840979909801426,-4.641769273889019,-4.641769273889019
1125,universo_fijo,retiro_votacion:20631,2.3534937897417905,2.270172806474834,2.270172806474834
1126,universo_fijo,retiro_votacion:20631,-4.625880042251671,-4.4161778661042055,-4.4161778661042055
1127,universo_fijo,retiro_votacion:20631,2.3534937897417905,2.270172806474834,2.270172806474834
1128,universo_fijo,retiro_votacion:20631,2.3534937897417905,2.270172806474834,2.270172806474834
1129,universo_fijo,retiro_votacion:20631,2.3534937897417905,2.270172806474834,2.270172806474834
1131,universo_fijo,retiro_votacion:20631,-2.939606748724399,-2.6563453765246132,-2.6563453765246132
1132,universo_fijo,retiro_votacion:20631,-0.3678137137578991,-0.27520847680848526,-0.27520847680848526
1133,universo_fijo,retiro_votacion:20631,-4.840979909801426,-4.641769273889019,-4.641769273889019
1135,universo_fijo,retiro_votacion:20631,-4.625880042251671,-4.4161778661042055,-4.4161778661042055
1136,universo_fijo,retiro_votacion:20631,0.18941182141537924,0.6059496031360939,0.6059496031360939
1139,universo_fijo,retiro_votacion:20631,-4.625880042251671,-4.4161778661042055,-4.4161778661042055
1140,universo_fijo,retiro_votacion:20631,-4.625880042251671,-4.4161778661042055,-4.4161778661042055
1142,universo_fijo,retiro_votacion:20631,2.3534937897417905,2.270172806474834,2.270172806474834
1143,universo_fijo,retiro_votacion:20631,-3.7170416230169634,-3.468243870104185,-3.468243870104185
1144,universo_fijo,retiro_votacion:20631,-4.625880042251671,-4.4161778661042055,-4.4161778661042055
1146,universo_fijo,retiro_votacion:20631,-4.840979909801426,-4.641769273889019,-4.641769273889019
1147,universo_fijo,retiro_votacion:20631,2.3534937897417905,2.270172806474834,2.270172806474834
1148,universo_fijo,retiro_votacion:20631,2.3534937897417905,2.270172806474834,2.270172806474834
1149,universo_fijo,retiro_votacion:20631,1.0515337236696587,0.9057640955038637,0.9057640955038637
1153,universo_fijo,retiro_votacion:20631,2.3534937897417905,2.270172806474834,2.270172806474834
1155,universo_fijo,retiro_votacion:20631,2.083226601170324,1.986905068903565,1.986905068903565
1156,universo_fijo,retiro_votacion:20631,2.3534937897417905,2.270172806474834,2.270172806474834
1159,universo_fijo,retiro_votacion:20631,2.3534937897417905,2.270172806474834,2.270172806474834
1160,universo_fijo,retiro_votacion:20631,2.3534937897417905,2.270172806474834,2.270172806474834
1161,universo_fijo,retiro_votacion:20631,2.3534937897417905,2.270172806474834,2.270172806474834
1162,universo_fijo,retiro_votacion:20631,2.3534937897417905,2.270172806474834,2.270172806474834
1163,universo_fijo,retiro_votacion:20631,0.47695345259952254,0.3061351107683237,0.3061351107683237
1165,universo_fijo,retiro_votacion:20631,-4.840979909801426,-4.641769273889019,-4.641769273889019
1166,universo_fijo,retiro_votacion:20631,1.231780970238065,1.0993955415392076,1.0993955415392076
1167,universo_fijo,retiro_votacion:20631,2.3534937897417905,2.270172806474834,2.270172806474834
1168,universo_fijo,retiro_votacion:20631,2.3534937897417905,2.270172806474834,2.270172806474834
1169,universo_fijo,retiro_votacion:20631,2.3534937897417905,2.270172806474834,2.270172806474834
1170,universo_fijo,retiro_votacion:20631,-4.840979909801426,-4.641769273889019,-4.641769273889019
1171,universo_fijo,retiro_votacion:20631,2.3534937897417905,2.270172806474834,2.270172806474834
1172,universo_fijo,retiro_votacion:20631,-4.840979909801426,-4.641769273889019,-4.641769273889019
1173,universo_fijo,retiro_votacion:20631,2.3534937897417905,2.270172806474834,2.270172806474834
1174,universo_fijo,retiro_votacion:20631,-4.625880042251671,-4.4161778661042055,-4.4161778661042055
1175,universo_fijo,retiro_votacion:20631,2.138393922192036,2.044581398690021,2.044581398690021
1176,universo_fijo,retiro_votacion:20631,-4.625880042251671,-4.4161778661042055,-4.4161778661042055
1178,universo_fijo,retiro_votacion:20631,2.138393922192036,2.044581398690021,2.044581398690021
1179,universo_fijo,retiro_votacion:20631,2.3534937897417905,2.270172806474834,2.270172806474834
1180,universo_fijo,retiro_votacion:20631,2.3534937897417905,2.270172806474834,2.270172806474834
1182,universo_fijo,retiro_votacion:20631,2.3534937897417905,2.270172806474834,2.270172806474834
1183,universo_fijo,retiro_votacion:20631,-4.625880042251671,-4.4161778661042055,-4.4161778661042055
803,universo_fijo,retiro_votacion:20632,1.9232940546422812,1.8280339708208586,1.8280339708208586
815,universo_fijo,retiro_votacion:20632,-4.625880042251671,-4.405917584163405,-4.405917584163405
917,universo_fijo,retiro_votacion:20632,-4.840979909801426,-4.632241494483918,-4.632241494483918
948,universo_fijo,retiro_votacion:20632,2.138393922192036,2.0543578811413714,2.0543578811413714
953,universo_fijo,retiro_votacion:20632,1.0515337236696587,0.9051732861539177,0.9051732861539177
971,universo_fijo,retiro_votacion:20632,1.0515337236696587,0.9051732861539177,0.9051732861539177
975,universo_fijo,retiro_votacion:20632,2.3534937897417905,2.2806817914618844,2.2806817914618844
976,universo_fijo,retiro_votacion:20632,-4.840979909801426,-4.632241494483918,-4.632241494483918
991,universo_fijo,retiro_votacion:20632,2.3534937897417905,2.2806817914618844,2.2806817914618844
999,universo_fijo,retiro_votacion:20632,1.2666335912194133,1.1314971964744307,1.1314971964744307
1003,universo_fijo,retiro_votacion:20632,-4.840979909801426,-4.632241494483918,-4.632241494483918
1009,universo_fijo,retiro_votacion:20632,-4.840979909801426,-4.632241494483918,-4.632241494483918
1012,universo_fijo,retiro_votacion:20632,2.3534937897417905,2.2806817914618844,2.2806817914618844
1013,universo_fijo,retiro_votacion:20632,2.3534937897417905,2.2806817914618844,2.2806817914618844
1016,universo_fijo,retiro_votacion:20632,2.3534937897417905,2.2806817914618844,2.2806817914618844
1019,universo_fijo,retiro_votacion:20632,-0.01682205644914018,-0.2140865157620687,-0.2140865157620687
1025,universo_fijo,retiro_votacion:20632,-4.840979909801426,-4.632241494483918,-4.632241494483918
1028,universo_fijo,retiro_votacion:20632,-2.9399358215577327,-2.646019549787726,-2.646019549787726
1034,universo_fijo,retiro_votacion:20632,2.3534937897417905,2.2806817914618844,2.2806817914618844
1035,universo_fijo,retiro_votacion:20632,2.3534937897417905,2.2806817914618844,2.2806817914618844
1036,universo_fijo,retiro_votacion:20632,2.3534937897417905,2.2806817914618844,2.2806817914618844
1037,universo_fijo,retiro_votacion:20632,2.3534937897417905,2.2806817914618844,2.2806817914618844
1038,universo_fijo,retiro_votacion:20632,2.3534937897417905,2.2806817914618844,2.2806817914618844
1044,universo_fijo,retiro_votacion:20632,2.3534937897417905,2.2806817914618844,2.2806817914618844
1046,universo_fijo,retiro_votacion:20632,1.0515337236696587,0.9051732861539177,0.9051732861539177
1048,universo_fijo,retiro_votacion:20632,2.3534937897417905,2.2806817914618844,2.2806817914618844
1049,universo_fijo,retiro_votacion:20632,2.3534937897417905,2.2806817914618844,2.2806817914618844
1054,universo_fijo,retiro_votacion:20632,0.465580325547265,0.30255140245151113,0.30255140245151113
1056,universo_fijo,retiro_votacion:20632,2.3534937897417905,2.2806817914618844,2.2806817914618844
1057,universo_fijo,retiro_votacion:20632,2.3534937897417905,2.2806817914618844,2.2806817914618844
1059,universo_fijo,retiro_votacion:20632,1.0515337236696587,0.9051732861539177,0.9051732861539177
1062,universo_fijo,retiro_votacion:20632,2.3534937897417905,2.2806817914618844,2.2806817914618844
1065,universo_fijo,retiro_votacion:20632,-4.556495778761317,-4.33628683842386,-4.33628683842386
1067,universo_fijo,retiro_votacion:20632,1.0515337236696587,0.9051732861539177,0.9051732861539177
1068,universo_fijo,retiro_votacion:20632,2.3534937897417905,2.2806817914618844,2.2806817914618844
1073,universo_fijo,retiro_votacion:20632,2.3534937897417905,2.2806817914618844,2.2806817914618844
1081,universo_fijo,retiro_votacion:20632,0.7092823082215971,0.5475396296958841,0.5475396296958841
1087,universo_fijo,retiro_votacion:20632,2.3534937897417905,2.2806817914618844,2.2806817914618844
1094,universo_fijo,retiro_votacion:20632,-4.266148143082215,-4.031878329135864,-4.031878329135864
1096,universo_fijo,retiro_votacion:20632,2.3534937897417905,2.2806817914618844,2.2806817914618844
1097,universo_fijo,retiro_votacion:20632,2.3534937897417905,2.2806817914618844,2.2806817914618844
1098,universo_fijo,retiro_votacion:20632,-4.068528759253856,-3.821960017384859,-3.821960017384859
1099,universo_fijo,retiro_votacion:20632,2.138393922192036,2.0543578811413714,2.0543578811413714
1100,universo_fijo,retiro_votacion:20632,-4.840979909801426,-4.632241494483918,-4.632241494483918
1101,universo_fijo,retiro_votacion:20632,2.3534937897417905,2.2806817914618844,2.2806817914618844
1103,universo_fijo,retiro_votacion:20632,2.3534937897417905,2.2806817914618844,2.2806817914618844
1104,universo_fijo,retiro_votacion:20632,-4.840979909801426,-4.632241494483918,-4.632241494483918
1105,universo_fijo,retiro_votacion:20632,2.3534937897417905,2.2806817914618844,2.2806817914618844
1106,universo_fijo,retiro_votacion:20632,-1.2067446678950722,-1.454416408397032,-1.454416408397032
1108,universo_fijo,retiro_votacion:20632,1.0515337236696587,0.9051732861539177,0.9051732861539177
1109,universo_fijo,retiro_votacion:20632,-3.9934481078374646,-3.7486523572116854,-3.7486523572116854
1110,universo_fijo,retiro_votacion:20632,2.3534937897417905,2.2806817914618844,2.2806817914618844
1111,universo_fijo,retiro_votacion:20632,-4.625880042251671,-4.405917584163405,-4.405917584163405
1113,universo_fijo,retiro_votacion:20632,-4.277932238877575,-4.044607013271743,-4.044607013271743
1114,universo_fijo,retiro_votacion:20632,2.3534937897417905,2.2806817914618844,2.2806817914618844
1116,universo_fijo,retiro_votacion:20632,2.3534937897417905,2.2806817914618844,2.2806817914618844
1117,universo_fijo,retiro_votacion:20632,2.3534937897417905,2.2806817914618844,2.2806817914618844
1118,universo_fijo,retiro_votacion:20632,2.3534937897417905,2.2806817914618844,2.2806817914618844
1119,universo_fijo,retiro_votacion:20632,0.7670164069249841,0.6121695623045462,0.6121695623045462
1120,universo_fijo,retiro_votacion:20632,1.0515337236696587,0.9051732861539177,0.9051732861539177
1121,universo_fijo,retiro_votacion:20632,-4.56515137778665,-4.344118175320641,-4.344118175320641
1122,universo_fijo,retiro_votacion:20632,2.3534937897417905,2.2806817914618844,2.2806817914618844
1123,universo_fijo,retiro_votacion:20632,-4.840979909801426,-4.632241494483918,-4.632241494483918
1125,universo_fijo,retiro_votacion:20632,2.3534937897417905,2.2806817914618844,2.2806817914618844
1126,universo_fijo,retiro_votacion:20632,-4.625880042251671,-4.405917584163405,-4.405917584163405
1127,universo_fijo,retiro_votacion:20632,2.3534937897417905,2.2806817914618844,2.2806817914618844
1128,universo_fijo,retiro_votacion:20632,2.3534937897417905,2.2806817914618844,2.2806817914618844
1129,universo_fijo,retiro_votacion:20632,2.3534937897417905,2.2806817914618844,2.2806817914618844
1131,universo_fijo,retiro_votacion:20632,-2.939606748724399,-2.64565383912525,-2.64565383912525
1132,universo_fijo,retiro_votacion:20632,-0.3678137137578991,-0.5799229715048557,-0.5799229715048557
1133,universo_fijo,retiro_votacion:20632,-4.840979909801426,-4.632241494483918,-4.632241494483918
1135,universo_fijo,retiro_votacion:20632,-4.625880042251671,-4.405917584163405,-4.405917584163405
1136,universo_fijo,retiro_votacion:20632,0.18941182141537924,0.004331566702763957,0.004331566702763957
1139,universo_fijo,retiro_votacion:20632,-4.625880042251671,-4.405917584163405,-4.405917584163405
1140,universo_fijo,retiro_votacion:20632,-4.625880042251671,-4.405917584163405,-4.405917584163405
1142,universo_fijo,retiro_votacion:20632,2.3534937897417905,2.2806817914618844,2.2806817914618844
1143,universo_fijo,retiro_votacion:20632,-3.7170416230169634,-3.4615882482166143,-3.4615882482166143
1144,universo_fijo,retiro_votacion:20632,-4.625880042251671,-4.405917584163405,-4.405917584163405
1146,universo_fijo,retiro_votacion:20632,-4.840979909801426,-4.632241494483918,-4.632241494483918
1147,universo_fijo,retiro_votacion:20632,2.3534937897417905,2.2806817914618844,2.2806817914618844
1148,universo_fijo,retiro_votacion:20632,2.3534937897417905,2.2806817914618844,2.2806817914618844
1149,universo_fijo,retiro_votacion:20632,1.0515337236696587,0.9051732861539177,0.9051732861539177
1153,universo_fijo,retiro_votacion:20632,2.3534937897417905,2.2806817914618844,2.2806817914618844
1155,universo_fijo,retiro_votacion:20632,2.083226601170324,1.9948341332059647,1.9948341332059647
1156,universo_fijo,retiro_votacion:20632,2.3534937897417905,2.2806817914618844,2.2806817914618844
1159,universo_fijo,retiro_votacion:20632,2.3534937897417905,2.2806817914618844,2.2806817914618844
1160,universo_fijo,retiro_votacion:20632,2.3534937897417905,2.2806817914618844,2.2806817914618844
1161,universo_fijo,retiro_votacion:20632,2.3534937897417905,2.2806817914618844,2.2806817914618844
1162,universo_fijo,retiro_votacion:20632,2.3534937897417905,2.2806817914618844,2.2806817914618844
1163,universo_fijo,retiro_votacion:20632,0.47695345259952254,0.30421617794771744,0.30421617794771744
1165,universo_fijo,retiro_votacion:20632,-4.840979909801426,-4.632241494483918,-4.632241494483918
1166,universo_fijo,retiro_votacion:20632,1.231780970238065,1.1087427155105851,1.1087427155105851
1167,universo_fijo,retiro_votacion:20632,2.3534937897417905,2.2806817914618844,2.2806817914618844
1168,universo_fijo,retiro_votacion:20632,2.3534937897417905,2.2806817914618844,2.2806817914618844
1169,universo_fijo,retiro_votacion:20632,2.3534937897417905,2.2806817914618844,2.2806817914618844
1170,universo_fijo,retiro_votacion:20632,-4.840979909801426,-4.632241494483918,-4.632241494483918
1171,universo_fijo,retiro_votacion:20632,2.3534937897417905,2.2806817914618844,2.2806817914618844
1172,universo_fijo,retiro_votacion:20632,-4.840979909801426,-4.632241494483918,-4.632241494483918
1173,universo_fijo,retiro_votacion:20632,2.3534937897417905,2.2806817914618844,2.2806817914618844
1174,universo_fijo,retiro_votacion:20632,-4.625880042251671,-4.405917584163405,-4.405917584163405
1175,universo_fijo,retiro_votacion:20632,2.138393922192036,2.0543578811413714,2.0543578811413714
1176,universo_fijo,retiro_votacion:20632,-4.625880042251671,-4.405917584163405,-4.405917584163405
1178,universo_fijo,retiro_votacion:20632,2.138393922192036,2.0543578811413714,2.0543578811413714
1179,universo_fijo,retiro_votacion:20632,2.3534937897417905,2.2806817914618844,2.2806817914618844
1180,universo_fijo,retiro_votacion:20632,2.3534937897417905,2.2806817914618844,2.2806817914618844
1182,universo_fijo,retiro_votacion:20632,2.3534937897417905,2.2806817914618844,2.2806817914618844
1183,universo_fijo,retiro_votacion:20632,-4.625880042251671,-4.405917584163405,-4.405917584163405
803,universo_fijo,retiro_votacion:20633,1.9232940546422812,1.8396251407349171,1.8396251407349171
815,universo_fijo,retiro_votacion:20633,-4.625880042251671,-4.396220663408392,-4.396220663408392
917,universo_fijo,retiro_votacion:20633,-4.840979909801426,-4.621611298154789,-4.621611298154789
948,universo_fijo,retiro_votacion:20633,2.138393922192036,2.0650157754813145,2.0650157754813145
953,universo_fijo,retiro_votacion:20633,1.0515337236696587,0.9205162109895205,0.9205162109895205
971,universo_fijo,retiro_votacion:20633,1.0515337236696587,0.9205162109895205,0.9205162109895205
975,universo_fijo,retiro_votacion:20633,2.3534937897417905,2.2904064102277117,2.2904064102277117
976,universo_fijo,retiro_votacion:20633,-4.840979909801426,-4.621611298154789,-4.621611298154789
991,universo_fijo,retiro_votacion:20633,2.3534937897417905,2.2904064102277117,2.2904064102277117
999,universo_fijo,retiro_votacion:20633,1.2666335912194133,1.1459068457359176,1.1459068457359176
1003,universo_fijo,retiro_votacion:20633,-4.840979909801426,-4.621611298154789,-4.621611298154789
1009,universo_fijo,retiro_votacion:20633,-4.840979909801426,-4.621611298154789,-4.621611298154789
1012,universo_fijo,retiro_votacion:20633,2.3534937897417905,2.2904064102277117,2.2904064102277117
1013,universo_fijo,retiro_votacion:20633,2.3534937897417905,2.2904064102277117,2.2904064102277117
1016,universo_fijo,retiro_votacion:20633,2.3534937897417905,2.2904064102277117,2.2904064102277117
1019,universo_fijo,retiro_votacion:20633,-0.01682205644914018,-0.1934906582484305,-0.1934906582484305
1025,universo_fijo,retiro_votacion:20633,-4.840979909801426,-4.621611298154789,-4.621611298154789
1028,universo_fijo,retiro_votacion:20633,-2.9399358215577327,-2.9359805789021434,-2.9359805789021434
1034,universo_fijo,retiro_votacion:20633,2.3534937897417905,2.2904064102277117,2.2904064102277117
1035,universo_fijo,retiro_votacion:20633,2.3534937897417905,2.2904064102277117,2.2904064102277117
1036,universo_fijo,retiro_votacion:20633,2.3534937897417905,2.2904064102277117,2.2904064102277117
1037,universo_fijo,retiro_votacion:20633,2.3534937897417905,2.2904064102277117,2.2904064102277117
1038,universo_fijo,retiro_votacion:20633,2.3534937897417905,2.2904064102277117,2.2904064102277117
1044,universo_fijo,retiro_votacion:20633,2.3534937897417905,2.2904064102277117,2.2904064102277117
1046,universo_fijo,retiro_votacion:20633,1.0515337236696587,0.9205162109895205,0.9205162109895205
1048,universo_fijo,retiro_votacion:20633,2.3534937897417905,2.2904064102277117,2.2904064102277117
1049,universo_fijo,retiro_votacion:20633,2.3534937897417905,2.2904064102277117,2.2904064102277117
1054,universo_fijo,retiro_votacion:20633,0.465580325547265,0.32037718319748365,0.32037718319748365
1056,universo_fijo,retiro_votacion:20633,2.3534937897417905,2.2904064102277117,2.2904064102277117
1057,universo_fijo,retiro_votacion:20633,2.3534937897417905,2.2904064102277117,2.2904064102277117
1059,universo_fijo,retiro_votacion:20633,1.0515337236696587,0.9205162109895205,0.9205162109895205
1062,universo_fijo,retiro_votacion:20633,2.3534937897417905,2.2904064102277117,2.2904064102277117
1065,universo_fijo,retiro_votacion:20633,-4.556495778761317,-4.32628090314294,-4.32628090314294
1067,universo_fijo,retiro_votacion:20633,1.0515337236696587,0.9205162109895205,0.9205162109895205
1068,universo_fijo,retiro_votacion:20633,2.3534937897417905,2.2904064102277117,2.2904064102277117
1073,universo_fijo,retiro_votacion:20633,2.3534937897417905,2.2904064102277117,2.2904064102277117
1081,universo_fijo,retiro_votacion:20633,0.7092823082215971,0.5647670102101964,0.5647670102101964
1087,universo_fijo,retiro_votacion:20633,2.3534937897417905,2.2904064102277117,2.2904064102277117
1094,universo_fijo,retiro_votacion:20633,-4.266148143082215,-4.022762345972472,-4.022762345972472
1096,universo_fijo,retiro_votacion:20633,2.3534937897417905,2.2904064102277117,2.2904064102277117
1097,universo_fijo,retiro_votacion:20633,2.3534937897417905,2.2904064102277117,2.2904064102277117
1098,universo_fijo,retiro_votacion:20633,-4.068528759253856,-3.815080827882671,-3.815080827882671
1099,universo_fijo,retiro_votacion:20633,2.138393922192036,2.0650157754813145,2.0650157754813145
1100,universo_fijo,retiro_votacion:20633,-4.840979909801426,-4.621611298154789,-4.621611298154789
1101,universo_fijo,retiro_votacion:20633,2.3534937897417905,2.2904064102277117,2.2904064102277117
1103,universo_fijo,retiro_votacion:20633,2.3534937897417905,2.2904064102277117,2.2904064102277117
1104,universo_fijo,retiro_votacion:20633,-4.840979909801426,-4.621611298154789,-4.621611298154789
1105,universo_fijo,retiro_votacion:20633,2.3534937897417905,2.2904064102277117,2.2904064102277117
1106,universo_fijo,retiro_votacion:20633,-1.2067446678950722,-1.4308092214493289,-1.4308092214493289
1108,universo_fijo,retiro_votacion:20633,1.0515337236696587,0.9205162109895205,0.9205162109895205
1109,universo_fijo,retiro_votacion:20633,-3.9934481078374646,-3.740612580777534,-3.740612580777534
1110,universo_fijo,retiro_votacion:20633,2.3534937897417905,2.2904064102277117,2.2904064102277117
1111,universo_fijo,retiro_votacion:20633,-4.625880042251671,-4.396220663408392,-4.396220663408392
1113,universo_fijo,retiro_votacion:20633,-4.277932238877575,-4.035942975789385,-4.035942975789385
1114,universo_fijo,retiro_votacion:20633,2.3534937897417905,2.2904064102277117,2.2904064102277117
1116,universo_fijo,retiro_votacion:20633,2.3534937897417905,2.2904064102277117,2.2904064102277117
1117,universo_fijo,retiro_votacion:20633,2.3534937897417905,2.2904064102277117,2.2904064102277117
1118,universo_fijo,retiro_votacion:20633,2.3534937897417905,2.2904064102277117,2.2904064102277117
1119,universo_fijo,retiro_votacion:20633,0.7670164069249841,0.6298373675440577,0.6298373675440577
1120,universo_fijo,retiro_votacion:20633,1.0515337236696587,0.9205162109895205,0.9205162109895205
1121,universo_fijo,retiro_votacion:20633,-4.56515137778665,-4.334745860685933,-4.334745860685933
1122,universo_fijo,retiro_votacion:20633,2.3534937897417905,2.2904064102277117,2.2904064102277117
1123,universo_fijo,retiro_votacion:20633,-4.840979909801426,-4.621611298154789,-4.621611298154789
1125,universo_fijo,retiro_votacion:20633,2.3534937897417905,2.2904064102277117,2.2904064102277117
1126,universo_fijo,retiro_votacion:20633,-4.625880042251671,-4.396220663408392,-4.396220663408392
1127,universo_fijo,retiro_votacion:20633,2.3534937897417905,2.2904064102277117,2.2904064102277117
1128,universo_fijo,retiro_votacion:20633,2.3534937897417905,2.2904064102277117,2.2904064102277117
1129,universo_fijo,retiro_votacion:20633,2.3534937897417905,2.2904064102277117,2.2904064102277117
1131,universo_fijo,retiro_votacion:20633,-2.939606748724399,-2.934979193313316,-2.934979193313316
1132,universo_fijo,retiro_votacion:20633,-0.3678137137578991,-0.5580944173560525,-0.5580944173560525
1133,universo_fijo,retiro_votacion:20633,-4.840979909801426,-4.621611298154789,-4.621611298154789
1135,universo_fijo,retiro_votacion:20633,-4.625880042251671,-4.396220663408392,-4.396220663408392
1136,universo_fijo,retiro_votacion:20633,0.18941182141537924,0.022644100442856474,0.022644100442856474
1139,universo_fijo,retiro_votacion:20633,-4.625880042251671,-4.396220663408392,-4.396220663408392
1140,universo_fijo,retiro_votacion:20633,-4.625880042251671,-4.396220663408392,-4.396220663408392
1142,universo_fijo,retiro_votacion:20633,2.3534937897417905,2.2904064102277117,2.2904064102277117
1143,universo_fijo,retiro_votacion:20633,-3.7170416230169634,-4.038831112833433,-4.038831112833433
1144,universo_fijo,retiro_votacion:20633,-4.625880042251671,-4.396220663408392,-4.396220663408392
1146,universo_fijo,retiro_votacion:20633,-4.840979909801426,-4.621611298154789,-4.621611298154789
1147,universo_fijo,retiro_votacion:20633,2.3534937897417905,2.2904064102277117,2.2904064102277117
1148,universo_fijo,retiro_votacion:20633,2.3534937897417905,2.2904064102277117,2.2904064102277117
1149,universo_fijo,retiro_votacion:20633,1.0515337236696587,0.9205162109895205,0.9205162109895205
1153,universo_fijo,retiro_votacion:20633,2.3534937897417905,2.2904064102277117,2.2904064102277117
1155,universo_fijo,retiro_votacion:20633,2.083226601170324,2.005733314665888,2.005733314665888
1156,universo_fijo,retiro_votacion:20633,2.3534937897417905,2.2904064102277117,2.2904064102277117
1159,universo_fijo,retiro_votacion:20633,2.3534937897417905,2.2904064102277117,2.2904064102277117
1160,universo_fijo,retiro_votacion:20633,2.3534937897417905,2.2904064102277117,2.2904064102277117
1161,universo_fijo,retiro_votacion:20633,2.3534937897417905,2.2904064102277117,2.2904064102277117
1162,universo_fijo,retiro_votacion:20633,2.3534937897417905,2.2904064102277117,2.2904064102277117
1163,universo_fijo,retiro_votacion:20633,0.47695345259952254,0.32246989426082723,0.32246989426082723
1165,universo_fijo,retiro_votacion:20633,-4.840979909801426,-4.621611298154789,-4.621611298154789
1166,universo_fijo,retiro_votacion:20633,1.231780970238065,1.1244836182029785,1.1244836182029785
1167,universo_fijo,retiro_votacion:20633,2.3534937897417905,2.2904064102277117,2.2904064102277117
1168,universo_fijo,retiro_votacion:20633,2.3534937897417905,2.2904064102277117,2.2904064102277117
1169,universo_fijo,retiro_votacion:20633,2.3534937897417905,2.2904064102277117,2.2904064102277117
1170,universo_fijo,retiro_votacion:20633,-4.840979909801426,-4.621611298154789,-4.621611298154789
1171,universo_fijo,retiro_votacion:20633,2.3534937897417905,2.2904064102277117,2.2904064102277117
1172,universo_fijo,retiro_votacion:20633,-4.840979909801426,-4.621611298154789,-4.621611298154789
1173,universo_fijo,retiro_votacion:20633,2.3534937897417905,2.2904064102277117,2.2904064102277117
1174,universo_fijo,retiro_votacion:20633,-4.625880042251671,-4.396220663408392,-4.396220663408392
1175,universo_fijo,retiro_votacion:20633,2.138393922192036,2.0650157754813145,2.0650157754813145
1176,universo_fijo,retiro_votacion:20633,-4.625880042251671,-4.396220663408392,-4.396220663408392
1178,universo_fijo,retiro_votacion:20633,2.138393922192036,2.0650157754813145,2.0650157754813145
1179,universo_fijo,retiro_votacion:20633,2.3534937897417905,2.2904064102277117,2.2904064102277117
1180,universo_fijo,retiro_votacion:20633,2.3534937897417905,2.2904064102277117,2.2904064102277117
1182,universo_fijo,retiro_votacion:20633,2.3534937897417905,2.2904064102277117,2.2904064102277117
1183,universo_fijo,retiro_votacion:20633,-4.625880042251671,-4.396220663408392,-4.396220663408392
803,universo_fijo,retiro_votacion:20634,1.9232940546422812,1.8318882617739067,1.8318882617739067
815,universo_fijo,retiro_votacion:20634,-4.625880042251671,-4.404087587418903,-4.404087587418903
917,universo_fijo,retiro_votacion:20634,-4.840979909801426,-4.6294117269745225,-4.6294117269745225
948,universo_fijo,retiro_votacion:20634,2.138393922192036,2.0572124013295263,2.0572124013295263
953,universo_fijo,retiro_votacion:20634,1.0515337236696587,0.9104477792511491,0.9104477792511491
971,universo_fijo,retiro_votacion:20634,1.0515337236696587,0.9104477792511491,0.9104477792511491
975,universo_fijo,retiro_votacion:20634,2.3534937897417905,2.2825365408851463,2.2825365408851463
976,universo_fijo,retiro_votacion:20634,-4.840979909801426,-4.6294117269745225,-4.6294117269745225
991,universo_fijo,retiro_votacion:20634,2.3534937897417905,2.2825365408851463,2.2825365408851463
999,universo_fijo,retiro_votacion:20634,1.2666335912194133,1.1357719188067688,1.1357719188067688
1003,universo_fijo,retiro_votacion:20634,-4.840979909801426,-4.6294117269745225,-4.6294117269745225
1009,universo_fijo,retiro_votacion:20634,-4.840979909801426,-4.6294117269745225,-4.6294117269745225
1012,universo_fijo,retiro_votacion:20634,2.3534937897417905,2.2825365408851463,2.2825365408851463
1013,universo_fijo,retiro_votacion:20634,2.3534937897417905,2.2825365408851463,2.2825365408851463
1016,universo_fijo,retiro_votacion:20634,2.3534937897417905,2.2825365408851463,2.2825365408851463
1019,universo_fijo,retiro_votacion:20634,-0.01682205644914018,-0.20203193987046067,-0.20203193987046067
1025,universo_fijo,retiro_votacion:20634,-4.840979909801426,-4.6294117269745225,-4.6294117269745225
1028,universo_fijo,retiro_votacion:20634,-2.9399358215577327,-2.9459116726767722,-2.9459116726767722
1034,universo_fijo,retiro_votacion:20634,2.3534937897417905,2.2825365408851463,2.2825365408851463
1035,universo_fijo,retiro_votacion:20634,2.3534937897417905,2.2825365408851463,2.2825365408851463
1036,universo_fijo,retiro_votacion:20634,2.3534937897417905,2.2825365408851463,2.2825365408851463
1037,universo_fijo,retiro_votacion:20634,2.3534937897417905,2.2825365408851463,2.2825365408851463
1038,universo_fijo,retiro_votacion:20634,2.3534937897417905,2.2825365408851463,2.2825365408851463
1044,universo_fijo,retiro_votacion:20634,2.3534937897417905,2.2825365408851463,2.2825365408851463
1046,universo_fijo,retiro_votacion:20634,1.0515337236696587,0.9104477792511491,0.9104477792511491
1048,universo_fijo,retiro_votacion:20634,2.3534937897417905,2.2825365408851463,2.2825365408851463
1049,universo_fijo,retiro_votacion:20634,2.3534937897417905,2.2825365408851463,2.2825365408851463
1054,universo_fijo,retiro_votacion:20634,0.465580325547265,0.30958380736598073,0.30958380736598073
1056,universo_fijo,retiro_votacion:20634,2.3534937897417905,2.2825365408851463,2.2825365408851463
1057,universo_fijo,retiro_votacion:20634,2.3534937897417905,2.2825365408851463,2.2825365408851463
1059,universo_fijo,retiro_votacion:20634,1.0515337236696587,0.9104477792511491,0.9104477792511491
1062,universo_fijo,retiro_votacion:20634,2.3534937897417905,2.2825365408851463,2.2825365408851463
1065,universo_fijo,retiro_votacion:20634,-4.556495778761317,-4.33385989360292,-4.33385989360292
1067,universo_fijo,retiro_votacion:20634,1.0515337236696587,0.9104477792511491,0.9104477792511491
1068,universo_fijo,retiro_votacion:20634,2.3534937897417905,2.2825365408851463,2.2825365408851463
1073,universo_fijo,retiro_votacion:20634,2.3534937897417905,2.2825365408851463,2.2825365408851463
1081,universo_fijo,retiro_votacion:20634,0.7092823082215971,0.5573648663749295,0.5573648663749295
1087,universo_fijo,retiro_votacion:20634,2.3534937897417905,2.2825365408851463,2.2825365408851463
1094,universo_fijo,retiro_votacion:20634,-4.266148143082215,-4.030035394571116,-4.030035394571116
1096,universo_fijo,retiro_votacion:20634,2.3534937897417905,2.2825365408851463,2.2825365408851463
1097,universo_fijo,retiro_votacion:20634,2.3534937897417905,2.2825365408851463,2.2825365408851463
1098,universo_fijo,retiro_votacion:20634,-4.068528759253856,-3.8256805349870637,-3.8256805349870637
1099,universo_fijo,retiro_votacion:20634,2.138393922192036,2.0572124013295263,2.0572124013295263
1100,universo_fijo,retiro_votacion:20634,-4.840979909801426,-4.6294117269745225,-4.6294117269745225
1101,universo_fijo,retiro_votacion:20634,2.3534937897417905,2.2825365408851463,2.2825365408851463
1103,universo_fijo,retiro_votacion:20634,2.3534937897417905,2.2825365408851463,2.2825365408851463
1104,universo_fijo,retiro_votacion:20634,-4.840979909801426,-4.6294117269745225,-4.6294117269745225
1105,universo_fijo,retiro_votacion:20634,2.3534937897417905,2.2825365408851463,2.2825365408851463
1106,universo_fijo,retiro_votacion:20634,-1.2067446678950722,-1.438933696798532,-1.438933696798532
1108,universo_fijo,retiro_votacion:20634,1.0515337236696587,0.9104477792511491,0.9104477792511491
1109,universo_fijo,retiro_votacion:20634,-3.9934481078374646,-3.7480608479957023,-3.7480608479957023
1110,universo_fijo,retiro_votacion:20634,2.3534937897417905,2.2825365408851463,2.2825365408851463
1111,universo_fijo,retiro_votacion:20634,-4.625880042251671,-4.404087587418903,-4.404087587418903
1113,universo_fijo,retiro_votacion:20634,-4.277932238877575,-4.043612681367304,-4.043612681367304
1114,universo_fijo,retiro_votacion:20634,2.3534937897417905,2.2825365408851463,2.2825365408851463
1116,universo_fijo,retiro_votacion:20634,2.3534937897417905,2.2825365408851463,2.2825365408851463
1117,universo_fijo,retiro_votacion:20634,2.3534937897417905,2.2825365408851463,2.2825365408851463
1118,universo_fijo,retiro_votacion:20634,2.3534937897417905,2.2825365408851463,2.2825365408851463
1119,universo_fijo,retiro_votacion:20634,0.7670164069249841,0.6189327592351914,0.6189327592351914
1120,universo_fijo,retiro_votacion:20634,1.0515337236696587,0.9104477792511491,0.9104477792511491
1121,universo_fijo,retiro_votacion:20634,-4.56515137778665,-4.342658353807273,-4.342658353807273
1122,universo_fijo,retiro_votacion:20634,2.3534937897417905,2.2825365408851463,2.2825365408851463
1123,universo_fijo,retiro_votacion:20634,-4.840979909801426,-4.6294117269745225,-4.6294117269745225
1125,universo_fijo,retiro_votacion:20634,2.3534937897417905,2.2825365408851463,2.2825365408851463
1126,universo_fijo,retiro_votacion:20634,-4.625880042251671,-4.404087587418903,-4.404087587418903
1127,universo_fijo,retiro_votacion:20634,2.3534937897417905,2.2825365408851463,2.2825365408851463
1128,universo_fijo,retiro_votacion:20634,2.3534937897417905,2.2825365408851463,2.2825365408851463
1129,universo_fijo,retiro_votacion:20634,2.3534937897417905,2.2825365408851463,2.2825365408851463
1131,universo_fijo,retiro_votacion:20634,-2.939606748724399,-3.23880707662231,-3.23880707662231
1132,universo_fijo,retiro_votacion:20634,-0.3678137137578991,-0.5655994927324639,-0.5655994927324639
1133,universo_fijo,retiro_votacion:20634,-4.840979909801426,-4.6294117269745225,-4.6294117269745225
1135,universo_fijo,retiro_votacion:20634,-4.625880042251671,-4.404087587418903,-4.404087587418903
1136,universo_fijo,retiro_votacion:20634,0.18941182141537924,0.012095420172707358,0.012095420172707358
1139,universo_fijo,retiro_votacion:20634,-4.625880042251671,-4.404087587418903,-4.404087587418903
1140,universo_fijo,retiro_votacion:20634,-4.625880042251671,-4.404087587418903,-4.404087587418903
1142,universo_fijo,retiro_votacion:20634,2.3534937897417905,2.2825365408851463,2.2825365408851463
1143,universo_fijo,retiro_votacion:20634,-3.7170416230169634,-3.4629257496066703,-3.4629257496066703
1144,universo_fijo,retiro_votacion:20634,-4.625880042251671,-4.404087587418903,-4.404087587418903
1146,universo_fijo,retiro_votacion:20634,-4.840979909801426,-4.6294117269745225,-4.6294117269745225
1147,universo_fijo,retiro_votacion:20634,2.3534937897417905,2.2825365408851463,2.2825365408851463
1148,universo_fijo,retiro_votacion:20634,2.3534937897417905,2.2825365408851463,2.2825365408851463
1149,universo_fijo,retiro_votacion:20634,1.0515337236696587,0.9104477792511491,0.9104477792511491
1153,universo_fijo,retiro_votacion:20634,2.3534937897417905,2.2825365408851463,2.2825365408851463
1155,universo_fijo,retiro_votacion:20634,2.083226601170324,1.9972879869427862,1.9972879869427862
1156,universo_fijo,retiro_votacion:20634,2.3534937897417905,2.2825365408851463,2.2825365408851463
1159,universo_fijo,retiro_votacion:20634,2.3534937897417905,2.2825365408851463,2.2825365408851463
1160,universo_fijo,retiro_votacion:20634,2.3534937897417905,2.2825365408851463,2.2825365408851463
1161,universo_fijo,retiro_votacion:20634,2.3534937897417905,2.2825365408851463,2.2825365408851463
1162,universo_fijo,retiro_votacion:20634,2.3534937897417905,2.2825365408851463,2.2825365408851463
1163,universo_fijo,retiro_votacion:20634,0.47695345259952254,0.31249572590107866,0.31249572590107866
1165,universo_fijo,retiro_votacion:20634,-4.840979909801426,-4.6294117269745225,-4.6294117269745225
1166,universo_fijo,retiro_votacion:20634,1.231780970238065,1.704129488453307,1.704129488453307
1167,universo_fijo,retiro_votacion:20634,2.3534937897417905,2.2825365408851463,2.2825365408851463
1168,universo_fijo,retiro_votacion:20634,2.3534937897417905,2.2825365408851463,2.2825365408851463
1169,universo_fijo,retiro_votacion:20634,2.3534937897417905,2.2825365408851463,2.2825365408851463
1170,universo_fijo,retiro_votacion:20634,-4.840979909801426,-4.6294117269745225,-4.6294117269745225
1171,universo_fijo,retiro_votacion:20634,2.3534937897417905,2.2825365408851463,2.2825365408851463
1172,universo_fijo,retiro_votacion:20634,-4.840979909801426,-4.6294117269745225,-4.6294117269745225
1173,universo_fijo,retiro_votacion:20634,2.3534937897417905,2.2825365408851463,2.2825365408851463
1174,universo_fijo,retiro_votacion:20634,-4.625880042251671,-4.404087587418903,-4.404087587418903
1175,universo_fijo,retiro_votacion:20634,2.138393922192036,2.0572124013295263,2.0572124013295263
1176,universo_fijo,retiro_votacion:20634,-4.625880042251671,-4.404087587418903,-4.404087587418903
1178,universo_fijo,retiro_votacion:20634,2.138393922192036,2.0572124013295263,2.0572124013295263
1179,universo_fijo,retiro_votacion:20634,2.3534937897417905,2.2825365408851463,2.2825365408851463
1180,universo_fijo,retiro_votacion:20634,2.3534937897417905,2.2825365408851463,2.2825365408851463
1182,universo_fijo,retiro_votacion:20634,2.3534937897417905,2.2825365408851463,2.2825365408851463
1183,universo_fijo,retiro_votacion:20634,-4.625880042251671,-4.404087587418903,-4.404087587418903
803,universo_fijo,retiro_votacion:20635,1.9232940546422812,1.831505585680826,1.831505585680826
815,universo_fijo,retiro_votacion:20635,-4.625880042251671,-4.4044513935768,-4.4044513935768
917,universo_fijo,retiro_votacion:20635,-4.840979909801426,-4.629755678312313,-4.629755678312313
948,universo_fijo,retiro_votacion:20635,2.138393922192036,2.0568098704163393,2.0568098704163393
953,universo_fijo,retiro_votacion:20635,1.0515337236696587,0.9135312464795206,0.9135312464795206
971,universo_fijo,retiro_votacion:20635,1.0515337236696587,0.9135312464795206,0.9135312464795206
975,universo_fijo,retiro_votacion:20635,2.3534937897417905,2.2821141551518522,2.2821141551518522
976,universo_fijo,retiro_votacion:20635,-4.840979909801426,-4.629755678312313,-4.629755678312313
991,universo_fijo,retiro_votacion:20635,2.3534937897417905,2.2821141551518522,2.2821141551518522
999,universo_fijo,retiro_votacion:20635,1.2666335912194133,1.1388355312150338,1.1388355312150338
1003,universo_fijo,retiro_votacion:20635,-4.840979909801426,-4.629755678312313,-4.629755678312313
1009,universo_fijo,retiro_votacion:20635,-4.840979909801426,-4.629755678312313,-4.629755678312313
1012,universo_fijo,retiro_votacion:20635,2.3534937897417905,2.2821141551518522,2.2821141551518522
1013,universo_fijo,retiro_votacion:20635,2.3534937897417905,2.2821141551518522,2.2821141551518522
1016,universo_fijo,retiro_votacion:20635,2.3534937897417905,2.2821141551518522,2.2821141551518522
1019,universo_fijo,retiro_votacion:20635,-0.01682205644914018,-0.20221206910639317,-0.20221206910639317
1025,universo_fijo,retiro_votacion:20635,-4.840979909801426,-4.629755678312313,-4.629755678312313
1028,universo_fijo,retiro_votacion:20635,-2.9399358215577327,-2.9439150481236016,-2.9439150481236016
1034,universo_fijo,retiro_votacion:20635,2.3534937897417905,2.2821141551518522,2.2821141551518522
1035,universo_fijo,retiro_votacion:20635,2.3534937897417905,2.2821141551518522,2.2821141551518522
1036,universo_fijo,retiro_votacion:20635,2.3534937897417905,2.2821141551518522,2.2821141551518522
1037,universo_fijo,retiro_votacion:20635,2.3534937897417905,2.2821141551518522,2.2821141551518522
1038,universo_fijo,retiro_votacion:20635,2.3534937897417905,2.2821141551518522,2.2821141551518522
1044,universo_fijo,retiro_votacion:20635,2.3534937897417905,2.2821141551518522,2.2821141551518522
1046,universo_fijo,retiro_votacion:20635,1.0515337236696587,0.9135312464795206,0.9135312464795206
1048,universo_fijo,retiro_votacion:20635,2.3534937897417905,2.2821141551518522,2.2821141551518522
1049,universo_fijo,retiro_votacion:20635,2.3534937897417905,2.2821141551518522,2.2821141551518522
1054,universo_fijo,retiro_votacion:20635,0.465580325547265,0.6044595912097269,0.6044595912097269
1056,universo_fijo,retiro_votacion:20635,2.3534937897417905,2.2821141551518522,2.2821141551518522
1057,universo_fijo,retiro_votacion:20635,2.3534937897417905,2.2821141551518522,2.2821141551518522
1059,universo_fijo,retiro_votacion:20635,1.0515337236696587,0.9135312464795206,0.9135312464795206
1062,universo_fijo,retiro_votacion:20635,2.3534937897417905,2.2821141551518522,2.2821141551518522
1065,universo_fijo,retiro_votacion:20635,-4.556495778761317,-4.334525801666874,-4.334525801666874
1067,universo_fijo,retiro_votacion:20635,1.0515337236696587,0.9135312464795206,0.9135312464795206
1068,universo_fijo,retiro_votacion:20635,2.3534937897417905,2.2821141551518522,2.2821141551518522
1073,universo_fijo,retiro_votacion:20635,2.3534937897417905,2.2821141551518522,2.2821141551518522
1081,universo_fijo,retiro_votacion:20635,0.7092823082215971,0.5564792138384846,0.5564792138384846
1087,universo_fijo,retiro_votacion:20635,2.3534937897417905,2.2821141551518522,2.2821141551518522
1094,universo_fijo,retiro_votacion:20635,-4.266148143082215,-4.030375771115277,-4.030375771115277
1096,universo_fijo,retiro_votacion:20635,2.3534937897417905,2.2821141551518522,2.2821141551518522
1097,universo_fijo,retiro_votacion:20635,2.3534937897417905,2.2821141551518522,2.2821141551518522
1098,universo_fijo,retiro_votacion:20635,-4.068528759253856,-3.822095076200251,-3.822095076200251
1099,universo_fijo,retiro_votacion:20635,2.138393922192036,2.0568098704163393,2.0568098704163393
1100,universo_fijo,retiro_votacion:20635,-4.840979909801426,-4.629755678312313,-4.629755678312313
1101,universo_fijo,retiro_votacion:20635,2.3534937897417905,2.2821141551518522,2.2821141551518522
1103,universo_fijo,retiro_votacion:20635,2.3534937897417905,2.2821141551518522,2.2821141551518522
1104,universo_fijo,retiro_votacion:20635,-4.840979909801426,-4.629755678312313,-4.629755678312313
1105,universo_fijo,retiro_votacion:20635,2.3534937897417905,2.2821141551518522,2.2821141551518522
1106,universo_fijo,retiro_votacion:20635,-1.2067446678950722,-1.439167159279592,-1.439167159279592
1108,universo_fijo,retiro_votacion:20635,1.0515337236696587,0.9135312464795206,0.9135312464795206
1109,universo_fijo,retiro_votacion:20635,-3.9934481078374646,-3.7490447110741107,-3.7490447110741107
1110,universo_fijo,retiro_votacion:20635,2.3534937897417905,2.2821141551518522,2.2821141551518522
1111,universo_fijo,retiro_votacion:20635,-4.625880042251671,-4.4044513935768,-4.4044513935768
1113,universo_fijo,retiro_votacion:20635,-4.277932238877575,-4.04427458771955,-4.04427458771955
1114,universo_fijo,retiro_votacion:20635,2.3534937897417905,2.2821141551518522,2.2821141551518522
1116,universo_fijo,retiro_votacion:20635,2.3534937897417905,2.2821141551518522,2.2821141551518522
1117,universo_fijo,retiro_votacion:20635,2.3534937897417905,2.2821141551518522,2.2821141551518522
1118,universo_fijo,retiro_votacion:20635,2.3534937897417905,2.2821141551518522,2.2821141551518522
1119,universo_fijo,retiro_votacion:20635,0.7670164069249841,0.9141997035092065,0.9141997035092065
1120,universo_fijo,retiro_votacion:20635,1.0515337236696587,0.9135312464795206,0.9135312464795206
1121,universo_fijo,retiro_votacion:20635,-4.56515137778665,-4.342998757859181,-4.342998757859181
1122,universo_fijo,retiro_votacion:20635,2.3534937897417905,2.2821141551518522,2.2821141551518522
1123,universo_fijo,retiro_votacion:20635,-4.840979909801426,-4.629755678312313,-4.629755678312313
1125,universo_fijo,retiro_votacion:20635,2.3534937897417905,2.2821141551518522,2.2821141551518522
1126,universo_fijo,retiro_votacion:20635,-4.625880042251671,-4.4044513935768,-4.4044513935768
1127,universo_fijo,retiro_votacion:20635,2.3534937897417905,2.2821141551518522,2.2821141551518522
1128,universo_fijo,retiro_votacion:20635,2.3534937897417905,2.2821141551518522,2.2821141551518522
1129,universo_fijo,retiro_votacion:20635,2.3534937897417905,2.2821141551518522,2.2821141551518522
1131,universo_fijo,retiro_votacion:20635,-2.939606748724399,-2.650652171772065,-2.650652171772065
1132,universo_fijo,retiro_votacion:20635,-0.3678137137578991,-0.5677758966576729,-0.5677758966576729
1133,universo_fijo,retiro_votacion:20635,-4.840979909801426,-4.629755678312313,-4.629755678312313
1135,universo_fijo,retiro_votacion:20635,-4.625880042251671,-4.4044513935768,-4.4044513935768
1136,universo_fijo,retiro_votacion:20635,0.18941182141537924,0.01452090320142073,0.01452090320142073
1139,universo_fijo,retiro_votacion:20635,-4.625880042251671,-4.4044513935768,-4.4044513935768
1140,universo_fijo,retiro_votacion:20635,-4.625880042251671,-4.4044513935768,-4.4044513935768
1142,universo_fijo,retiro_votacion:20635,2.3534937897417905,2.2821141551518522,2.2821141551518522
1143,universo_fijo,retiro_votacion:20635,-3.7170416230169634,-4.0503397705539275,-4.0503397705539275
1144,universo_fijo,retiro_votacion:20635,-4.625880042251671,-4.4044513935768,-4.4044513935768
1146,universo_fijo,retiro_votacion:20635,-4.840979909801426,-4.629755678312313,-4.629755678312313
1147,universo_fijo,retiro_votacion:20635,2.3534937897417905,2.2821141551518522,2.2821141551518522
1148,universo_fijo,retiro_votacion:20635,2.3534937897417905,2.2821141551518522,2.2821141551518522
1149,universo_fijo,retiro_votacion:20635,1.0515337236696587,0.9135312464795206,0.9135312464795206
1153,universo_fijo,retiro_votacion:20635,2.3534937897417905,2.2821141551518522,2.2821141551518522
1155,universo_fijo,retiro_votacion:20635,2.083226601170324,1.9979002206662613,1.9979002206662613
1156,universo_fijo,retiro_votacion:20635,2.3534937897417905,2.2821141551518522,2.2821141551518522
1159,universo_fijo,retiro_votacion:20635,2.3534937897417905,2.2821141551518522,2.2821141551518522
1160,universo_fijo,retiro_votacion:20635,2.3534937897417905,2.2821141551518522,2.2821141551518522
1161,universo_fijo,retiro_votacion:20635,2.3534937897417905,2.2821141551518522,2.2821141551518522
1162,universo_fijo,retiro_votacion:20635,2.3534937897417905,2.2821141551518522,2.2821141551518522
1163,universo_fijo,retiro_votacion:20635,0.47695345259952254,0.31427037431739463,0.31427037431739463
1165,universo_fijo,retiro_votacion:20635,-4.840979909801426,-4.629755678312313,-4.629755678312313
1166,universo_fijo,retiro_votacion:20635,1.231780970238065,1.1132320850722306,1.1132320850722306
1167,universo_fijo,retiro_votacion:20635,2.3534937897417905,2.2821141551518522,2.2821141551518522
1168,universo_fijo,retiro_votacion:20635,2.3534937897417905,2.2821141551518522,2.2821141551518522
1169,universo_fijo,retiro_votacion:20635,2.3534937897417905,2.2821141551518522,2.2821141551518522
1170,universo_fijo,retiro_votacion:20635,-4.840979909801426,-4.629755678312313,-4.629755678312313
1171,universo_fijo,retiro_votacion:20635,2.3534937897417905,2.2821141551518522,2.2821141551518522
1172,universo_fijo,retiro_votacion:20635,-4.840979909801426,-4.629755678312313,-4.629755678312313
1173,universo_fijo,retiro_votacion:20635,2.3534937897417905,2.2821141551518522,2.2821141551518522
1174,universo_fijo,retiro_votacion:20635,-4.625880042251671,-4.4044513935768,-4.4044513935768
1175,universo_fijo,retiro_votacion:20635,2.138393922192036,2.0568098704163393,2.0568098704163393
1176,universo_fijo,retiro_votacion:20635,-4.625880042251671,-4.4044513935768,-4.4044513935768
1178,universo_fijo,retiro_votacion:20635,2.138393922192036,2.0568098704163393,2.0568098704163393
1179,universo_fijo,retiro_votacion:20635,2.3534937897417905,2.2821141551518522,2.2821141551518522
1180,universo_fijo,retiro_votacion:20635,2.3534937897417905,2.2821141551518522,2.2821141551518522
1182,universo_fijo,retiro_votacion:20635,2.3534937897417905,2.2821141551518522,2.2821141551518522
1183,universo_fijo,retiro_votacion:20635,-4.625880042251671,-4.4044513935768,-4.4044513935768
803,universo_fijo,retiro_votacion:20636,1.9232940546422812,1.8310111023800204,1.8310111023800204
815,universo_fijo,retiro_votacion:20636,-4.625880042251671,-4.40400719420863,-4.40400719420863
917,universo_fijo,retiro_votacion:20636,-4.840979909801426,-4.629726457265075,-4.629726457265075
948,universo_fijo,retiro_votacion:20636,2.138393922192036,2.056730365436466,2.056730365436466
953,universo_fijo,retiro_votacion:20636,1.0515337236696587,0.9119552841739534,0.9119552841739534
971,universo_fijo,retiro_votacion:20636,1.0515337236696587,0.9119552841739534,0.9119552841739534
975,universo_fijo,retiro_votacion:20636,2.3534937897417905,2.282449628492911,2.282449628492911
976,universo_fijo,retiro_votacion:20636,-4.840979909801426,-4.629726457265075,-4.629726457265075
991,universo_fijo,retiro_votacion:20636,2.3534937897417905,2.282449628492911,2.282449628492911
999,universo_fijo,retiro_votacion:20636,1.2666335912194133,1.1376745472303988,1.1376745472303988
1003,universo_fijo,retiro_votacion:20636,-4.840979909801426,-4.629726457265075,-4.629726457265075
1009,universo_fijo,retiro_votacion:20636,-4.840979909801426,-4.629726457265075,-4.629726457265075
1012,universo_fijo,retiro_votacion:20636,2.3534937897417905,2.282449628492911,2.282449628492911
1013,universo_fijo,retiro_votacion:20636,2.3534937897417905,2.282449628492911,2.282449628492911
1016,universo_fijo,retiro_votacion:20636,2.3534937897417905,2.282449628492911,2.282449628492911
1019,universo_fijo,retiro_votacion:20636,-0.01682205644914018,-0.2048006397215078,-0.2048006397215078
1025,universo_fijo,retiro_votacion:20636,-4.840979909801426,-4.629726457265075,-4.629726457265075
1028,universo_fijo,retiro_votacion:20636,-2.9399358215577327,-2.6485140760286763,-2.6485140760286763
1034,universo_fijo,retiro_votacion:20636,2.3534937897417905,2.282449628492911,2.282449628492911
1035,universo_fijo,retiro_votacion:20636,2.3534937897417905,2.282449628492911,2.282449628492911
1036,universo_fijo,retiro_votacion:20636,2.3534937897417905,2.282449628492911,2.282449628492911
1037,universo_fijo,retiro_votacion:20636,2.3534937897417905,2.282449628492911,2.282449628492911
1038,universo_fijo,retiro_votacion:20636,2.3534937897417905,2.282449628492911,2.282449628492911
1044,universo_fijo,retiro_votacion:20636,2.3534937897417905,2.282449628492911,2.282449628492911
1046,universo_fijo,retiro_votacion:20636,1.0515337236696587,0.9119552841739534,0.9119552841739534
1048,universo_fijo,retiro_votacion:20636,2.3534937897417905,2.282449628492911,2.282449628492911
1049,universo_fijo,retiro_votacion:20636,2.3534937897417905,2.282449628492911,2.282449628492911
1054,universo_fijo,retiro_votacion:20636,0.465580325547265,0.6064192198096198,0.6064192198096198
1056,universo_fijo,retiro_votacion:20636,2.3534937897417905,2.282449628492911,2.282449628492911
1057,universo_fijo,retiro_votacion:20636,2.3534937897417905,2.282449628492911,2.282449628492911
1059,universo_fijo,retiro_votacion:20636,1.0515337236696587,0.9119552841739534,0.9119552841739534
1062,universo_fijo,retiro_votacion:20636,2.3534937897417905,2.282449628492911,2.282449628492911
1065,universo_fijo,retiro_votacion:20636,-4.556495778761317,-4.629726457265075,-4.629726457265075
1067,universo_fijo,retiro_votacion:20636,1.0515337236696587,0.9119552841739534,0.9119552841739534
1068,universo_fijo,retiro_votacion:20636,2.3534937897417905,2.282449628492911,2.282449628492911
1073,universo_fijo,retiro_votacion:20636,2.3534937897417905,2.282449628492911,2.282449628492911
1081,universo_fijo,retiro_votacion:20636,0.7092823082215971,0.5549400913193202,0.5549400913193202
1087,universo_fijo,retiro_votacion:20636,2.3534937897417905,2.282449628492911,2.282449628492911
1094,universo_fijo,retiro_votacion:20636,-4.266148143082215,-4.0306148152557775,-4.0306148152557775
1096,universo_fijo,retiro_votacion:20636,2.3534937897417905,2.282449628492911,2.282449628492911
1097,universo_fijo,retiro_votacion:20636,2.3534937897417905,2.282449628492911,2.282449628492911
1098,universo_fijo,retiro_votacion:20636,-4.068528759253856,-3.8212727382975515,-3.8212727382975515
1099,universo_fijo,retiro_votacion:20636,2.138393922192036,2.056730365436466,2.056730365436466
1100,universo_fijo,retiro_votacion:20636,-4.840979909801426,-4.629726457265075,-4.629726457265075
1101,universo_fijo,retiro_votacion:20636,2.3534937897417905,2.282449628492911,2.282449628492911
1103,universo_fijo,retiro_votacion:20636,2.3534937897417905,2.282449628492911,2.282449628492911
1104,universo_fijo,retiro_votacion:20636,-4.840979909801426,-4.629726457265075,-4.629726457265075
1105,universo_fijo,retiro_votacion:20636,2.3534937897417905,2.282449628492911,2.282449628492911
1106,universo_fijo,retiro_votacion:20636,-1.2067446678950722,-1.440240612127405,-1.440240612127405
1108,universo_fijo,retiro_votacion:20636,1.0515337236696587,0.9119552841739534,0.9119552841739534
1109,universo_fijo,retiro_votacion:20636,-3.9934481078374646,-4.044551558074583,-4.044551558074583
1110,universo_fijo,retiro_votacion:20636,2.3534937897417905,2.282449628492911,2.282449628492911
1111,universo_fijo,retiro_votacion:20636,-4.625880042251671,-4.40400719420863,-4.40400719420863
1113,universo_fijo,retiro_votacion:20636,-4.277932238877575,-4.044551558074583,-4.044551558074583
1114,universo_fijo,retiro_votacion:20636,2.3534937897417905,2.282449628492911,2.282449628492911
1116,universo_fijo,retiro_votacion:20636,2.3534937897417905,2.282449628492911,2.282449628492911
1117,universo_fijo,retiro_votacion:20636,2.3534937897417905,2.282449628492911,2.282449628492911
1118,universo_fijo,retiro_votacion:20636,2.3534937897417905,2.282449628492911,2.282449628492911
1119,universo_fijo,retiro_votacion:20636,0.7670164069249841,0.6199254744955635,0.6199254744955635
1120,universo_fijo,retiro_votacion:20636,1.0515337236696587,0.9119552841739534,0.9119552841739534
1121,universo_fijo,retiro_votacion:20636,-4.56515137778665,-4.342805709319564,-4.342805709319564
1122,universo_fijo,retiro_votacion:20636,2.3534937897417905,2.282449628492911,2.282449628492911
1123,universo_fijo,retiro_votacion:20636,-4.840979909801426,-4.629726457265075,-4.629726457265075
1125,universo_fijo,retiro_votacion:20636,2.3534937897417905,2.282449628492911,2.282449628492911
1126,universo_fijo,retiro_votacion:20636,-4.625880042251671,-4.40400719420863,-4.40400719420863
1127,universo_fijo,retiro_votacion:20636,2.3534937897417905,2.282449628492911,2.282449628492911
1128,universo_fijo,retiro_votacion:20636,2.3534937897417905,2.282449628492911,2.282449628492911
1129,universo_fijo,retiro_votacion:20636,2.3534937897417905,2.282449628492911,2.282449628492911
1131,universo_fijo,retiro_votacion:20636,-2.939606748724399,-2.6478194347360327,-2.6478194347360327
1132,universo_fijo,retiro_votacion:20636,-0.3678137137578991,-0.5700044256252503,-0.5700044256252503
1133,universo_fijo,retiro_votacion:20636,-4.840979909801426,-4.629726457265075,-4.629726457265075
1135,universo_fijo,retiro_votacion:20636,-4.625880042251671,-4.40400719420863,-4.40400719420863
1136,universo_fijo,retiro_votacion:20636,0.18941182141537924,0.013008925722917156,0.013008925722917156
1139,universo_fijo,retiro_votacion:20636,-4.625880042251671,-4.40400719420863,-4.40400719420863
1140,universo_fijo,retiro_votacion:20636,-4.625880042251671,-4.40400719420863,-4.40400719420863
1142,universo_fijo,retiro_votacion:20636,2.3534937897417905,2.282449628492911,2.282449628492911
1143,universo_fijo,retiro_votacion:20636,-3.7170416230169634,-3.46187229978623,-3.46187229978623
1144,universo_fijo,retiro_votacion:20636,-4.625880042251671,-4.40400719420863,-4.40400719420863
1146,universo_fijo,retiro_votacion:20636,-4.840979909801426,-4.629726457265075,-4.629726457265075
1147,universo_fijo,retiro_votacion:20636,2.3534937897417905,2.282449628492911,2.282449628492911
1148,universo_fijo,retiro_votacion:20636,2.3534937897417905,2.282449628492911,2.282449628492911
1149,universo_fijo,retiro_votacion:20636,1.0515337236696587,0.9119552841739534,0.9119552841739534
1153,universo_fijo,retiro_votacion:20636,2.3534937897417905,2.282449628492911,2.282449628492911
1155,universo_fijo,retiro_votacion:20636,2.083226601170324,1.9977017319338746,1.9977017319338746
1156,universo_fijo,retiro_votacion:20636,2.3534937897417905,2.282449628492911,2.282449628492911
1159,universo_fijo,retiro_votacion:20636,2.3534937897417905,2.282449628492911,2.282449628492911
1160,universo_fijo,retiro_votacion:20636,2.3534937897417905,2.282449628492911,2.282449628492911
1161,universo_fijo,retiro_votacion:20636,2.3534937897417905,2.282449628492911,2.282449628492911
1162,universo_fijo,retiro_votacion:20636,2.3534937897417905,2.282449628492911,2.282449628492911
1163,universo_fijo,retiro_votacion:20636,0.47695345259952254,0.3122858512904765,0.3122858512904765
1165,universo_fijo,retiro_votacion:20636,-4.840979909801426,-4.629726457265075,-4.629726457265075
1166,universo_fijo,retiro_votacion:20636,1.231780970238065,1.112828478386348,1.112828478386348
1167,universo_fijo,retiro_votacion:20636,2.3534937897417905,2.282449628492911,2.282449628492911
1168,universo_fijo,retiro_votacion:20636,2.3534937897417905,2.282449628492911,2.282449628492911
1169,universo_fijo,retiro_votacion:20636,2.3534937897417905,2.282449628492911,2.282449628492911
1170,universo_fijo,retiro_votacion:20636,-4.840979909801426,-4.629726457265075,-4.629726457265075
1171,universo_fijo,retiro_votacion:20636,2.3534937897417905,2.282449628492911,2.282449628492911
1172,universo_fijo,retiro_votacion:20636,-4.840979909801426,-4.629726457265075,-4.629726457265075
1173,universo_fijo,retiro_votacion:20636,2.3534937897417905,2.282449628492911,2.282449628492911
1174,universo_fijo,retiro_votacion:20636,-4.625880042251671,-4.40400719420863,-4.40400719420863
1175,universo_fijo,retiro_votacion:20636,2.138393922192036,2.056730365436466,2.056730365436466
1176,universo_fijo,retiro_votacion:20636,-4.625880042251671,-4.40400719420863,-4.40400719420863
1178,universo_fijo,retiro_votacion:20636,2.138393922192036,2.056730365436466,2.056730365436466
1179,universo_fijo,retiro_votacion:20636,2.3534937897417905,2.282449628492911,2.282449628492911
1180,universo_fijo,retiro_votacion:20636,2.3534937897417905,2.282449628492911,2.282449628492911
1182,universo_fijo,retiro_votacion:20636,2.3534937897417905,2.282449628492911,2.282449628492911
1183,universo_fijo,retiro_votacion:20636,-4.625880042251671,-4.40400719420863,-4.40400719420863
803,universo_fijo,retiro_votacion:20637,1.9232940546422812,1.8249335631456192,1.8249335631456192
815,universo_fijo,retiro_votacion:20637,-4.625880042251671,-4.409544399948637,-4.409544399948637
917,universo_fijo,retiro_votacion:20637,-4.840979909801426,-4.635437910202219,-4.635437910202219
948,universo_fijo,retiro_votacion:20637,2.138393922192036,2.0508270733992013,2.0508270733992013
953,universo_fijo,retiro_votacion:20637,1.0515337236696587,0.9070885062524331,0.9070885062524331
971,universo_fijo,retiro_votacion:20637,1.0515337236696587,0.9070885062524331,0.9070885062524331
975,universo_fijo,retiro_votacion:20637,2.3534937897417905,2.276720583652783,2.276720583652783
976,universo_fijo,retiro_votacion:20637,-4.840979909801426,-4.635437910202219,-4.635437910202219
991,universo_fijo,retiro_votacion:20637,2.3534937897417905,2.276720583652783,2.276720583652783
999,universo_fijo,retiro_votacion:20637,1.2666335912194133,1.1329820165060152,1.1329820165060152
1003,universo_fijo,retiro_votacion:20637,-4.840979909801426,-4.635437910202219,-4.635437910202219
1009,universo_fijo,retiro_votacion:20637,-4.840979909801426,-4.635437910202219,-4.635437910202219
1012,universo_fijo,retiro_votacion:20637,2.3534937897417905,2.276720583652783,2.276720583652783
1013,universo_fijo,retiro_votacion:20637,2.3534937897417905,2.276720583652783,2.276720583652783
1016,universo_fijo,retiro_votacion:20637,2.3534937897417905,2.276720583652783,2.276720583652783
1019,universo_fijo,retiro_votacion:20637,-0.01682205644914018,-0.21133633757549877,-0.21133633757549877
1025,universo_fijo,retiro_votacion:20637,-4.840979909801426,-4.635437910202219,-4.635437910202219
1028,universo_fijo,retiro_votacion:20637,-2.9399358215577327,-2.651608760257754,-2.651608760257754
1034,universo_fijo,retiro_votacion:20637,2.3534937897417905,2.276720583652783,2.276720583652783
1035,universo_fijo,retiro_votacion:20637,2.3534937897417905,2.276720583652783,2.276720583652783
1036,universo_fijo,retiro_votacion:20637,2.3534937897417905,2.276720583652783,2.276720583652783
1037,universo_fijo,retiro_votacion:20637,2.3534937897417905,2.276720583652783,2.276720583652783
1038,universo_fijo,retiro_votacion:20637,2.3534937897417905,2.276720583652783,2.276720583652783
1044,universo_fijo,retiro_votacion:20637,2.3534937897417905,2.276720583652783,2.276720583652783
1046,universo_fijo,retiro_votacion:20637,1.0515337236696587,0.9070885062524331,0.9070885062524331
1048,universo_fijo,retiro_votacion:20637,2.3534937897417905,2.276720583652783,2.276720583652783
1049,universo_fijo,retiro_votacion:20637,2.3534937897417905,2.276720583652783,2.276720583652783
1054,universo_fijo,retiro_votacion:20637,0.465580325547265,0.6035373079192641,0.6035373079192641
1056,universo_fijo,retiro_votacion:20637,2.3534937897417905,2.276720583652783,2.276720583652783
1057,universo_fijo,retiro_votacion:20637,2.3534937897417905,2.276720583652783,2.276720583652783
1059,universo_fijo,retiro_votacion:20637,1.0515337236696587,0.9070885062524331,0.9070885062524331
1062,universo_fijo,retiro_votacion:20637,2.3534937897417905,2.276720583652783,2.276720583652783
1065,universo_fijo,retiro_votacion:20637,-4.556495778761317,-4.339800060938834,-4.339800060938834
1067,universo_fijo,retiro_votacion:20637,1.0515337236696587,0.9070885062524331,0.9070885062524331
1068,universo_fijo,retiro_votacion:20637,2.3534937897417905,2.276720583652783,2.276720583652783
1073,universo_fijo,retiro_votacion:20637,2.3534937897417905,2.276720583652783,2.276720583652783
1081,universo_fijo,retiro_votacion:20637,0.7092823082215971,0.5510497872972384,0.5510497872972384
1087,universo_fijo,retiro_votacion:20637,2.3534937897417905,2.276720583652783,2.276720583652783
1094,universo_fijo,retiro_votacion:20637,-4.266148143082215,-4.03713959685855,-4.03713959685855
1096,universo_fijo,retiro_votacion:20637,2.3534937897417905,2.276720583652783,2.276720583652783
1097,universo_fijo,retiro_votacion:20637,2.3534937897417905,2.276720583652783,2.276720583652783
1098,universo_fijo,retiro_votacion:20637,-4.068528759253856,-3.8276121707398603,-3.8276121707398603
1099,universo_fijo,retiro_votacion:20637,2.138393922192036,2.0508270733992013,2.0508270733992013
1100,universo_fijo,retiro_votacion:20637,-4.840979909801426,-4.635437910202219,-4.635437910202219
1101,universo_fijo,retiro_votacion:20637,2.3534937897417905,2.276720583652783,2.276720583652783
1103,universo_fijo,retiro_votacion:20637,2.3534937897417905,2.276720583652783,2.276720583652783
1104,universo_fijo,retiro_votacion:20637,-4.840979909801426,-4.635437910202219,-4.635437910202219
1105,universo_fijo,retiro_votacion:20637,2.3534937897417905,2.276720583652783,2.276720583652783
1106,universo_fijo,retiro_votacion:20637,-1.2067446678950722,-0.8454172762113499,-0.8454172762113499
1108,universo_fijo,retiro_votacion:20637,1.0515337236696587,0.9070885062524331,0.9070885062524331
1109,universo_fijo,retiro_votacion:20637,-3.9934481078374646,-4.053662440983165,-4.053662440983165
1110,universo_fijo,retiro_votacion:20637,2.3534937897417905,2.276720583652783,2.276720583652783
1111,universo_fijo,retiro_votacion:20637,-4.625880042251671,-4.409544399948637,-4.409544399948637
1113,universo_fijo,retiro_votacion:20637,-4.277932238877575,-4.349300290246551,-4.349300290246551
1114,universo_fijo,retiro_votacion:20637,2.3534937897417905,2.276720583652783,2.276720583652783
1116,universo_fijo,retiro_votacion:20637,2.3534937897417905,2.276720583652783,2.276720583652783
1117,universo_fijo,retiro_votacion:20637,2.3534937897417905,2.276720583652783,2.276720583652783
1118,universo_fijo,retiro_votacion:20637,2.3534937897417905,2.276720583652783,2.276720583652783
1119,universo_fijo,retiro_votacion:20637,0.7670164069249841,0.6146829017366149,0.6146829017366149
1120,universo_fijo,retiro_votacion:20637,1.0515337236696587,0.9070885062524331,0.9070885062524331
1121,universo_fijo,retiro_votacion:20637,-4.56515137778665,-4.349300290246551,-4.349300290246551
1122,universo_fijo,retiro_votacion:20637,2.3534937897417905,2.276720583652783,2.276720583652783
1123,universo_fijo,retiro_votacion:20637,-4.840979909801426,-4.635437910202219,-4.635437910202219
1125,universo_fijo,retiro_votacion:20637,2.3534937897417905,2.276720583652783,2.276720583652783
1126,universo_fijo,retiro_votacion:20637,-4.625880042251671,-4.409544399948637,-4.409544399948637
1127,universo_fijo,retiro_votacion:20637,2.3534937897417905,2.276720583652783,2.276720583652783
1128,universo_fijo,retiro_votacion:20637,2.3534937897417905,2.276720583652783,2.276720583652783
1129,universo_fijo,retiro_votacion:20637,2.3534937897417905,2.276720583652783,2.276720583652783
1131,universo_fijo,retiro_votacion:20637,-2.939606748724399,-2.650909108531012,-2.650909108531012
1132,universo_fijo,retiro_votacion:20637,-0.3678137137578991,-0.5755580985981397,-0.5755580985981397
1133,universo_fijo,retiro_votacion:20637,-4.840979909801426,-4.635437910202219,-4.635437910202219
1135,universo_fijo,retiro_votacion:20637,-4.625880042251671,-4.409544399948637,-4.409544399948637
1136,universo_fijo,retiro_votacion:20637,0.18941182141537924,0.008007583423782973,0.008007583423782973
1139,universo_fijo,retiro_votacion:20637,-4.625880042251671,-4.409544399948637,-4.409544399948637
1140,universo_fijo,retiro_votacion:20637,-4.625880042251671,-4.409544399948637,-4.409544399948637
1142,universo_fijo,retiro_votacion:20637,2.3534937897417905,2.276720583652783,2.276720583652783
1143,universo_fijo,retiro_votacion:20637,-3.7170416230169634,-3.46402864773901,-3.46402864773901
1144,universo_fijo,retiro_votacion:20637,-4.625880042251671,-4.409544399948637,-4.409544399948637
1146,universo_fijo,retiro_votacion:20637,-4.840979909801426,-4.635437910202219,-4.635437910202219
1147,universo_fijo,retiro_votacion:20637,2.3534937897417905,2.276720583652783,2.276720583652783
1148,universo_fijo,retiro_votacion:20637,2.3534937897417905,2.276720583652783,2.276720583652783
1149,universo_fijo,retiro_votacion:20637,1.0515337236696587,0.9070885062524331,0.9070885062524331
1153,universo_fijo,retiro_votacion:20637,2.3534937897417905,2.276720583652783,2.276720583652783
1155,universo_fijo,retiro_votacion:20637,2.083226601170324,1.9922283282067483,1.9922283282067483
1156,universo_fijo,retiro_votacion:20637,2.3534937897417905,2.276720583652783,2.276720583652783
1159,universo_fijo,retiro_votacion:20637,2.3534937897417905,2.276720583652783,2.276720583652783
1160,universo_fijo,retiro_votacion:20637,2.3534937897417905,2.276720583652783,2.276720583652783
1161,universo_fijo,retiro_votacion:20637,2.3534937897417905,2.276720583652783,2.276720583652783
1162,universo_fijo,retiro_votacion:20637,2.3534937897417905,2.276720583652783,2.276720583652783
1163,universo_fijo,retiro_votacion:20637,0.47695345259952254,0.3055232872824715,0.3055232872824715
1165,universo_fijo,retiro_votacion:20637,-4.840979909801426,-4.635437910202219,-4.635437910202219
1166,universo_fijo,retiro_votacion:20637,1.231780970238065,1.1060990256155252,1.1060990256155252
1167,universo_fijo,retiro_votacion:20637,2.3534937897417905,2.276720583652783,2.276720583652783
1168,universo_fijo,retiro_votacion:20637,2.3534937897417905,2.276720583652783,2.276720583652783
1169,universo_fijo,retiro_votacion:20637,2.3534937897417905,2.276720583652783,2.276720583652783
1170,universo_fijo,retiro_votacion:20637,-4.840979909801426,-4.635437910202219,-4.635437910202219
1171,universo_fijo,retiro_votacion:20637,2.3534937897417905,2.276720583652783,2.276720583652783
1172,universo_fijo,retiro_votacion:20637,-4.840979909801426,-4.635437910202219,-4.635437910202219
1173,universo_fijo,retiro_votacion:20637,2.3534937897417905,2.276720583652783,2.276720583652783
1174,universo_fijo,retiro_votacion:20637,-4.625880042251671,-4.409544399948637,-4.409544399948637
1175,universo_fijo,retiro_votacion:20637,2.138393922192036,2.0508270733992013,2.0508270733992013
1176,universo_fijo,retiro_votacion:20637,-4.625880042251671,-4.409544399948637,-4.409544399948637
1178,universo_fijo,retiro_votacion:20637,2.138393922192036,2.0508270733992013,2.0508270733992013
1179,universo_fijo,retiro_votacion:20637,2.3534937897417905,2.276720583652783,2.276720583652783
1180,universo_fijo,retiro_votacion:20637,2.3534937897417905,2.276720583652783,2.276720583652783
1182,universo_fijo,retiro_votacion:20637,2.3534937897417905,2.276720583652783,2.276720583652783
1183,universo_fijo,retiro_votacion:20637,-4.625880042251671,-4.409544399948637,-4.409544399948637
803,universo_fijo,retiro_votacion:21217,1.9232940546422812,1.83155612709394,1.83155612709394
815,universo_fijo,retiro_votacion:21217,-4.625880042251671,-4.405819448214479,-4.405819448214479
917,universo_fijo,retiro_votacion:21217,-4.840979909801426,-4.630603762824371,-4.630603762824371
948,universo_fijo,retiro_votacion:21217,2.138393922192036,2.056340441703832,2.056340441703832
953,universo_fijo,retiro_votacion:21217,1.0515337236696587,0.9175480542934171,0.9175480542934171
971,universo_fijo,retiro_votacion:21217,1.0515337236696587,0.9175480542934171,0.9175480542934171
975,universo_fijo,retiro_votacion:21217,2.3534937897417905,2.2811247563137234,2.2811247563137234
976,universo_fijo,retiro_votacion:21217,-4.840979909801426,-4.630603762824371,-4.630603762824371
991,universo_fijo,retiro_votacion:21217,2.3534937897417905,2.2811247563137234,2.2811247563137234
999,universo_fijo,retiro_votacion:21217,1.2666335912194133,1.142332368903309,1.142332368903309
1003,universo_fijo,retiro_votacion:21217,-4.840979909801426,-4.630603762824371,-4.630603762824371
1009,universo_fijo,retiro_votacion:21217,-4.840979909801426,-4.630603762824371,-4.630603762824371
1012,universo_fijo,retiro_votacion:21217,2.3534937897417905,2.2811247563137234,2.2811247563137234
1013,universo_fijo,retiro_votacion:21217,2.3534937897417905,2.2811247563137234,2.2811247563137234
1016,universo_fijo,retiro_votacion:21217,2.3534937897417905,2.2811247563137234,2.2811247563137234
1019,universo_fijo,retiro_votacion:21217,-0.01682205644914018,-0.1960982693239512,-0.1960982693239512
1025,universo_fijo,retiro_votacion:21217,-4.840979909801426,-4.630603762824371,-4.630603762824371
1028,universo_fijo,retiro_votacion:21217,-2.9399358215577327,-2.9400610446072712,-2.9400610446072712
1034,universo_fijo,retiro_votacion:21217,2.3534937897417905,2.2811247563137234,2.2811247563137234
1035,universo_fijo,retiro_votacion:21217,2.3534937897417905,2.2811247563137234,2.2811247563137234
1036,universo_fijo,retiro_votacion:21217,2.3534937897417905,2.2811247563137234,2.2811247563137234
1037,universo_fijo,retiro_votacion:21217,2.3534937897417905,2.2811247563137234,2.2811247563137234
1038,universo_fijo,retiro_votacion:21217,2.3534937897417905,2.2811247563137234,2.2811247563137234
1044,universo_fijo,retiro_votacion:21217,2.3534937897417905,2.2811247563137234,2.2811247563137234
1046,universo_fijo,retiro_votacion:21217,1.0515337236696587,0.9175480542934171,0.9175480542934171
1048,universo_fijo,retiro_votacion:21217,2.3534937897417905,2.2811247563137234,2.2811247563137234
1049,universo_fijo,retiro_votacion:21217,2.3534937897417905,2.2811247563137234,2.2811247563137234
1054,universo_fijo,retiro_votacion:21217,0.465580325547265,0.6021543916620601,0.6021543916620601
1056,universo_fijo,retiro_votacion:21217,2.3534937897417905,2.2811247563137234,2.2811247563137234
1057,universo_fijo,retiro_votacion:21217,2.3534937897417905,2.2811247563137234,2.2811247563137234
1059,universo_fijo,retiro_votacion:21217,1.0515337236696587,0.9175480542934171,0.9175480542934171
1062,universo_fijo,retiro_votacion:21217,2.3534937897417905,2.2811247563137234,2.2811247563137234
1065,universo_fijo,retiro_votacion:21217,-4.556495778761317,-4.335418889188245,-4.335418889188245
1067,universo_fijo,retiro_votacion:21217,1.0515337236696587,0.9175480542934171,0.9175480542934171
1068,universo_fijo,retiro_votacion:21217,2.3534937897417905,2.2811247563137234,2.2811247563137234
1073,universo_fijo,retiro_votacion:21217,2.3534937897417905,2.2811247563137234,2.2811247563137234
1081,universo_fijo,retiro_votacion:21217,0.7092823082215971,0.562711028204855,0.562711028204855
1087,universo_fijo,retiro_votacion:21217,2.3534937897417905,2.2811247563137234,2.2811247563137234
1094,universo_fijo,retiro_votacion:21217,-4.266148143082215,-4.0333452570242985,-4.0333452570242985
1096,universo_fijo,retiro_votacion:21217,2.3534937897417905,2.2811247563137234,2.2811247563137234
1097,universo_fijo,retiro_votacion:21217,2.3534937897417905,2.2811247563137234,2.2811247563137234
1098,universo_fijo,retiro_votacion:21217,-4.068528759253856,-3.8261981075160247,-3.8261981075160247
1099,universo_fijo,retiro_votacion:21217,2.138393922192036,2.056340441703832,2.056340441703832
1100,universo_fijo,retiro_votacion:21217,-4.840979909801426,-4.630603762824371,-4.630603762824371
1101,universo_fijo,retiro_votacion:21217,2.3534937897417905,2.2811247563137234,2.2811247563137234
1103,universo_fijo,retiro_votacion:21217,2.3534937897417905,2.2811247563137234,2.2811247563137234
1104,universo_fijo,retiro_votacion:21217,-4.840979909801426,-4.630603762824371,-4.630603762824371
1105,universo_fijo,retiro_votacion:21217,2.3534937897417905,2.2811247563137234,2.2811247563137234
1106,universo_fijo,retiro_votacion:21217,-1.2067446678950722,-0.8534571333300082,-0.8534571333300082
1108,universo_fijo,retiro_votacion:21217,1.0515337236696587,0.9175480542934171,0.9175480542934171
1109,universo_fijo,retiro_votacion:21217,-3.9934481078374646,-4.038356218625794,-4.038356218625794
1110,universo_fijo,retiro_votacion:21217,2.3534937897417905,2.2811247563137234,2.2811247563137234
1111,universo_fijo,retiro_votacion:21217,-4.625880042251671,-4.405819448214479,-4.405819448214479
1113,universo_fijo,retiro_votacion:21217,-4.277932238877575,-4.333541092261921,-4.333541092261921
1114,universo_fijo,retiro_votacion:21217,2.3534937897417905,2.2811247563137234,2.2811247563137234
1116,universo_fijo,retiro_votacion:21217,2.3534937897417905,2.2811247563137234,2.2811247563137234
1117,universo_fijo,retiro_votacion:21217,2.3534937897417905,2.2811247563137234,2.2811247563137234
1118,universo_fijo,retiro_votacion:21217,2.3534937897417905,2.2811247563137234,2.2811247563137234
1119,universo_fijo,retiro_votacion:21217,0.7670164069249841,0.9113023735753827,0.9113023735753827
1120,universo_fijo,retiro_votacion:21217,1.0515337236696587,0.9175480542934171,0.9175480542934171
1121,universo_fijo,retiro_votacion:21217,-4.56515137778665,-4.630603762824371,-4.630603762824371
1122,universo_fijo,retiro_votacion:21217,2.3534937897417905,2.2811247563137234,2.2811247563137234
1123,universo_fijo,retiro_votacion:21217,-4.840979909801426,-4.630603762824371,-4.630603762824371
1125,universo_fijo,retiro_votacion:21217,2.3534937897417905,2.2811247563137234,2.2811247563137234
1126,universo_fijo,retiro_votacion:21217,-4.625880042251671,-4.405819448214479,-4.405819448214479
1127,universo_fijo,retiro_votacion:21217,2.3534937897417905,2.2811247563137234,2.2811247563137234
1128,universo_fijo,retiro_votacion:21217,2.3534937897417905,2.2811247563137234,2.2811247563137234
1129,universo_fijo,retiro_votacion:21217,2.3534937897417905,2.2811247563137234,2.2811247563137234
1131,universo_fijo,retiro_votacion:21217,-2.939606748724399,-2.9396986154764364,-2.9396986154764364
1132,universo_fijo,retiro_votacion:21217,-0.3678137137578991,-0.5597538779633231,-0.5597538779633231
1133,universo_fijo,retiro_votacion:21217,-4.840979909801426,-4.630603762824371,-4.630603762824371
1135,universo_fijo,retiro_votacion:21217,-4.625880042251671,-4.405819448214479,-4.405819448214479
1136,universo_fijo,retiro_votacion:21217,0.18941182141537924,0.020763879164219907,0.020763879164219907
1139,universo_fijo,retiro_votacion:21217,-4.625880042251671,-4.405819448214479,-4.405819448214479
1140,universo_fijo,retiro_votacion:21217,-4.625880042251671,-4.405819448214479,-4.405819448214479
1142,universo_fijo,retiro_votacion:21217,2.3534937897417905,2.2811247563137234,2.2811247563137234
1143,universo_fijo,retiro_votacion:21217,-3.7170416230169634,-3.4635691175043064,-3.4635691175043064
1144,universo_fijo,retiro_votacion:21217,-4.625880042251671,-4.405819448214479,-4.405819448214479
1146,universo_fijo,retiro_votacion:21217,-4.840979909801426,-4.630603762824371,-4.630603762824371
1147,universo_fijo,retiro_votacion:21217,2.3534937897417905,2.2811247563137234,2.2811247563137234
1148,universo_fijo,retiro_votacion:21217,2.3534937897417905,2.2811247563137234,2.2811247563137234
1149,universo_fijo,retiro_votacion:21217,1.0515337236696587,0.9175480542934171,0.9175480542934171
1153,universo_fijo,retiro_votacion:21217,2.3534937897417905,2.2811247563137234,2.2811247563137234
1155,universo_fijo,retiro_votacion:21217,2.083226601170324,1.9980251940284701,1.9980251940284701
1156,universo_fijo,retiro_votacion:21217,2.3534937897417905,2.2811247563137234,2.2811247563137234
1159,universo_fijo,retiro_votacion:21217,2.3534937897417905,2.2811247563137234,2.2811247563137234
1160,universo_fijo,retiro_votacion:21217,2.3534937897417905,2.2811247563137234,2.2811247563137234
1161,universo_fijo,retiro_votacion:21217,2.3534937897417905,2.2811247563137234,2.2811247563137234
1162,universo_fijo,retiro_votacion:21217,2.3534937897417905,2.2811247563137234,2.2811247563137234
1163,universo_fijo,retiro_votacion:21217,0.47695345259952254,0.3184967156351674,0.3184967156351674
1165,universo_fijo,retiro_votacion:21217,-4.840979909801426,-4.630603762824371,-4.630603762824371
1166,universo_fijo,retiro_votacion:21217,1.231780970238065,1.115693933077622,1.115693933077622
1167,universo_fijo,retiro_votacion:21217,2.3534937897417905,2.2811247563137234,2.2811247563137234
1168,universo_fijo,retiro_votacion:21217,2.3534937897417905,2.2811247563137234,2.2811247563137234
1169,universo_fijo,retiro_votacion:21217,2.3534937897417905,2.2811247563137234,2.2811247563137234
1170,universo_fijo,retiro_votacion:21217,-4.840979909801426,-4.630603762824371,-4.630603762824371
1171,universo_fijo,retiro_votacion:21217,2.3534937897417905,2.2811247563137234,2.2811247563137234
1172,universo_fijo,retiro_votacion:21217,-4.840979909801426,-4.630603762824371,-4.630603762824371
1173,universo_fijo,retiro_votacion:21217,2.3534937897417905,2.2811247563137234,2.2811247563137234
1174,universo_fijo,retiro_votacion:21217,-4.625880042251671,-4.405819448214479,-4.405819448214479
1175,universo_fijo,retiro_votacion:21217,2.138393922192036,2.056340441703832,2.056340441703832
1176,universo_fijo,retiro_votacion:21217,-4.625880042251671,-4.405819448214479,-4.405819448214479
1178,universo_fijo,retiro_votacion:21217,2.138393922192036,2.056340441703832,2.056340441703832
1179,universo_fijo,retiro_votacion:21217,2.3534937897417905,2.2811247563137234,2.2811247563137234
1180,universo_fijo,retiro_votacion:21217,2.3534937897417905,2.2811247563137234,2.2811247563137234
1182,universo_fijo,retiro_votacion:21217,2.3534937897417905,2.2811247563137234,2.2811247563137234
1183,universo_fijo,retiro_votacion:21217,-4.625880042251671,-4.405819448214479,-4.405819448214479
803,universo_fijo,retiro_votacion:21218,1.9232940546422812,1.7432581350904812,1.7432581350904812
815,universo_fijo,retiro_votacion:21218,-4.625880042251671,-4.505488251266495,-4.505488251266495
917,universo_fijo,retiro_votacion:21218,-4.840979909801426,-4.725259068923562,-4.725259068923562
948,universo_fijo,retiro_votacion:21218,2.138393922192036,1.963028952747548,1.963028952747548
953,universo_fijo,retiro_votacion:21218,1.0515337236696587,1.4169656586191592,1.4169656586191592
971,universo_fijo,retiro_votacion:21218,1.0515337236696587,1.4169656586191592,1.4169656586191592
975,universo_fijo,retiro_votacion:21218,2.3534937897417905,2.182799770404615,2.182799770404615
976,universo_fijo,retiro_votacion:21218,-4.840979909801426,-4.725259068923562,-4.725259068923562
991,universo_fijo,retiro_votacion:21218,2.3534937897417905,2.182799770404615,2.182799770404615
999,universo_fijo,retiro_votacion:21218,1.2666335912194133,1.6367364762762262,1.6367364762762262
1003,universo_fijo,retiro_votacion:21218,-4.840979909801426,-4.725259068923562,-4.725259068923562
1009,universo_fijo,retiro_votacion:21218,-4.840979909801426,-4.725259068923562,-4.725259068923562
1012,universo_fijo,retiro_votacion:21218,2.3534937897417905,2.182799770404615,2.182799770404615
1013,universo_fijo,retiro_votacion:21218,2.3534937897417905,2.182799770404615,2.182799770404615
1016,universo_fijo,retiro_votacion:21218,2.3534937897417905,2.182799770404615,2.182799770404615
1019,universo_fijo,retiro_votacion:21218,-0.01682205644914018,0.3115842621170919,0.3115842621170919
1025,universo_fijo,retiro_votacion:21218,-4.840979909801426,-4.725259068923562,-4.725259068923562
1028,universo_fijo,retiro_votacion:21218,-2.9399358215577327,-2.747024407453433,-2.747024407453433
1034,universo_fijo,retiro_votacion:21218,2.3534937897417905,2.182799770404615,2.182799770404615
1035,universo_fijo,retiro_votacion:21218,2.3534937897417905,2.182799770404615,2.182799770404615
1036,universo_fijo,retiro_votacion:21218,2.3534937897417905,2.182799770404615,2.182799770404615
1037,universo_fijo,retiro_votacion:21218,2.3534937897417905,2.182799770404615,2.182799770404615
1038,universo_fijo,retiro_votacion:21218,2.3534937897417905,2.182799770404615,2.182799770404615
1044,universo_fijo,retiro_votacion:21218,2.3534937897417905,2.182799770404615,2.182799770404615
1046,universo_fijo,retiro_votacion:21218,1.0515337236696587,1.4169656586191592,1.4169656586191592
1048,universo_fijo,retiro_votacion:21218,2.3534937897417905,2.182799770404615,2.182799770404615
1049,universo_fijo,retiro_votacion:21218,2.3534937897417905,2.182799770404615,2.182799770404615
1054,universo_fijo,retiro_votacion:21218,0.465580325547265,0.5110069743794338,0.5110069743794338
1056,universo_fijo,retiro_votacion:21218,2.3534937897417905,2.182799770404615,2.182799770404615
1057,universo_fijo,retiro_votacion:21218,2.3534937897417905,2.182799770404615,2.182799770404615
1059,universo_fijo,retiro_votacion:21218,1.0515337236696587,1.4169656586191592,1.4169656586191592
1062,universo_fijo,retiro_votacion:21218,2.3534937897417905,2.182799770404615,2.182799770404615
1065,universo_fijo,retiro_votacion:21218,-4.556495778761317,-4.427941518401571,-4.427941518401571
1067,universo_fijo,retiro_votacion:21218,1.0515337236696587,1.4169656586191592,1.4169656586191592
1068,universo_fijo,retiro_votacion:21218,2.3534937897417905,2.182799770404615,2.182799770404615
1073,universo_fijo,retiro_votacion:21218,2.3534937897417905,2.182799770404615,2.182799770404615
1081,universo_fijo,retiro_votacion:21218,0.7092823082215971,1.057472619695907,1.057472619695907
1087,universo_fijo,retiro_votacion:21218,2.3534937897417905,2.182799770404615,2.182799770404615
1094,universo_fijo,retiro_votacion:21218,-4.266148143082215,-4.1275459745782115,-4.1275459745782115
1096,universo_fijo,retiro_votacion:21218,2.3534937897417905,2.182799770404615,2.182799770404615
1097,universo_fijo,retiro_votacion:21218,2.3534937897417905,2.182799770404615,2.182799770404615
1098,universo_fijo,retiro_votacion:21218,-4.068528759253856,-3.926224394686176,-3.926224394686176
1099,universo_fijo,retiro_votacion:21218,2.138393922192036,1.963028952747548,1.963028952747548
1100,universo_fijo,retiro_votacion:21218,-4.840979909801426,-4.725259068923562,-4.725259068923562
1101,universo_fijo,retiro_votacion:21218,2.3534937897417905,2.182799770404615,2.182799770404615
1103,universo_fijo,retiro_votacion:21218,2.3534937897417905,2.182799770404615,2.182799770404615
1104,universo_fijo,retiro_votacion:21218,-4.840979909801426,-4.725259068923562,-4.725259068923562
1105,universo_fijo,retiro_votacion:21218,2.3534937897417905,2.182799770404615,2.182799770404615
1106,universo_fijo,retiro_votacion:21218,-1.2067446678950722,-0.934594098001887,-0.934594098001887
1108,universo_fijo,retiro_votacion:21218,1.0515337236696587,1.4169656586191592,1.4169656586191592
1109,universo_fijo,retiro_votacion:21218,-3.9934481078374646,-3.840650115553883,-3.840650115553883
1110,universo_fijo,retiro_votacion:21218,2.3534937897417905,2.182799770404615,2.182799770404615
1111,universo_fijo,retiro_votacion:21218,-4.625880042251671,-4.505488251266495,-4.505488251266495
1113,universo_fijo,retiro_votacion:21218,-4.277932238877575,-4.137967666075874,-4.137967666075874
1114,universo_fijo,retiro_votacion:21218,2.3534937897417905,2.182799770404615,2.182799770404615
1116,universo_fijo,retiro_votacion:21218,2.3534937897417905,2.182799770404615,2.182799770404615
1117,universo_fijo,retiro_votacion:21218,2.3534937897417905,2.182799770404615,2.182799770404615
1118,universo_fijo,retiro_votacion:21218,2.3534937897417905,2.182799770404615,2.182799770404615
1119,universo_fijo,retiro_votacion:21218,0.7670164069249841,1.1080016145681209,1.1080016145681209
1120,universo_fijo,retiro_votacion:21218,1.0515337236696587,1.4169656586191592,1.4169656586191592
1121,universo_fijo,retiro_votacion:21218,-4.56515137778665,-4.4376447557425704,-4.4376447557425704
1122,universo_fijo,retiro_votacion:21218,2.3534937897417905,2.182799770404615,2.182799770404615
1123,universo_fijo,retiro_votacion:21218,-4.840979909801426,-4.725259068923562,-4.725259068923562
1125,universo_fijo,retiro_votacion:21218,2.3534937897417905,2.182799770404615,2.182799770404615
1126,universo_fijo,retiro_votacion:21218,-4.625880042251671,-4.505488251266495,-4.505488251266495
1127,universo_fijo,retiro_votacion:21218,2.3534937897417905,2.182799770404615,2.182799770404615
1128,universo_fijo,retiro_votacion:21218,2.3534937897417905,2.182799770404615,2.182799770404615
1129,universo_fijo,retiro_votacion:21218,2.3534937897417905,2.182799770404615,2.182799770404615
1131,universo_fijo,retiro_votacion:21218,-2.939606748724399,-2.7457090024010293,-2.7457090024010293
1132,universo_fijo,retiro_votacion:21218,-0.3678137137578991,-0.05713339568867645,-0.05713339568867645
1133,universo_fijo,retiro_votacion:21218,-4.840979909801426,-4.725259068923562,-4.725259068923562
1135,universo_fijo,retiro_votacion:21218,-4.625880042251671,-4.505488251266495,-4.505488251266495
1136,universo_fijo,retiro_votacion:21218,0.18941182141537924,0.521263238996388,0.521263238996388
1139,universo_fijo,retiro_votacion:21218,-4.625880042251671,-4.505488251266495,-4.505488251266495
1140,universo_fijo,retiro_votacion:21218,-4.625880042251671,-4.505488251266495,-4.505488251266495
1142,universo_fijo,retiro_votacion:21218,2.3534937897417905,2.182799770404615,2.182799770404615
1143,universo_fijo,retiro_votacion:21218,-3.7170416230169634,-3.5501960807678707,-3.5501960807678707
1144,universo_fijo,retiro_votacion:21218,-4.625880042251671,-4.505488251266495,-4.505488251266495
1146,universo_fijo,retiro_votacion:21218,-4.840979909801426,-4.725259068923562,-4.725259068923562
1147,universo_fijo,retiro_votacion:21218,2.3534937897417905,2.182799770404615,2.182799770404615
1148,universo_fijo,retiro_votacion:21218,2.3534937897417905,2.182799770404615,2.182799770404615
1149,universo_fijo,retiro_votacion:21218,1.0515337236696587,1.4169656586191592,1.4169656586191592
1153,universo_fijo,retiro_votacion:21218,2.3534937897417905,2.182799770404615,2.182799770404615
1155,universo_fijo,retiro_votacion:21218,2.083226601170324,2.182799770404615,2.182799770404615
1156,universo_fijo,retiro_votacion:21218,2.3534937897417905,2.182799770404615,2.182799770404615
1159,universo_fijo,retiro_votacion:21218,2.3534937897417905,2.182799770404615,2.182799770404615
1160,universo_fijo,retiro_votacion:21218,2.3534937897417905,2.182799770404615,2.182799770404615
1161,universo_fijo,retiro_votacion:21218,2.3534937897417905,2.182799770404615,2.182799770404615
1162,universo_fijo,retiro_votacion:21218,2.3534937897417905,2.182799770404615,2.182799770404615
1163,universo_fijo,retiro_votacion:21218,0.47695345259952254,0.8209870080643183,0.8209870080643183
1165,universo_fijo,retiro_votacion:21218,-4.840979909801426,-4.725259068923562,-4.725259068923562
1166,universo_fijo,retiro_votacion:21218,1.231780970238065,1.0121423478510077,1.0121423478510077
1167,universo_fijo,retiro_votacion:21218,2.3534937897417905,2.182799770404615,2.182799770404615
1168,universo_fijo,retiro_votacion:21218,2.3534937897417905,2.182799770404615,2.182799770404615
1169,universo_fijo,retiro_votacion:21218,2.3534937897417905,2.182799770404615,2.182799770404615
1170,universo_fijo,retiro_votacion:21218,-4.840979909801426,-4.725259068923562,-4.725259068923562
1171,universo_fijo,retiro_votacion:21218,2.3534937897417905,2.182799770404615,2.182799770404615
1172,universo_fijo,retiro_votacion:21218,-4.840979909801426,-4.725259068923562,-4.725259068923562
1173,universo_fijo,retiro_votacion:21218,2.3534937897417905,2.182799770404615,2.182799770404615
1174,universo_fijo,retiro_votacion:21218,-4.625880042251671,-4.505488251266495,-4.505488251266495
1175,universo_fijo,retiro_votacion:21218,2.138393922192036,1.963028952747548,1.963028952747548
1176,universo_fijo,retiro_votacion:21218,-4.625880042251671,-4.505488251266495,-4.505488251266495
1178,universo_fijo,retiro_votacion:21218,2.138393922192036,1.963028952747548,1.963028952747548
1179,universo_fijo,retiro_votacion:21218,2.3534937897417905,2.182799770404615,2.182799770404615
1180,universo_fijo,retiro_votacion:21218,2.3534937897417905,2.182799770404615,2.182799770404615
1182,universo_fijo,retiro_votacion:21218,2.3534937897417905,2.182799770404615,2.182799770404615
1183,universo_fijo,retiro_votacion:21218,-4.625880042251671,-4.505488251266495,-4.505488251266495
803,universo_fijo,retiro_votacion:21219,1.9232940546422812,1.7468666098326686,1.7468666098326686
815,universo_fijo,retiro_votacion:21219,-4.625880042251671,-4.500800214769502,-4.500800214769502
917,universo_fijo,retiro_votacion:21219,-4.840979909801426,-4.720818697661158,-4.720818697661158
948,universo_fijo,retiro_votacion:21219,2.138393922192036,1.9668850927243249,1.9668850927243249
953,universo_fijo,retiro_votacion:21219,1.0515337236696587,1.4266010740834971,1.4266010740834971
971,universo_fijo,retiro_votacion:21219,1.0515337236696587,1.4266010740834971,1.4266010740834971
975,universo_fijo,retiro_votacion:21219,2.3534937897417905,2.186903575615981,2.186903575615981
976,universo_fijo,retiro_votacion:21219,-4.840979909801426,-4.720818697661158,-4.720818697661158
991,universo_fijo,retiro_votacion:21219,2.3534937897417905,2.186903575615981,2.186903575615981
999,universo_fijo,retiro_votacion:21219,1.2666335912194133,1.6466195569751532,1.6466195569751532
1003,universo_fijo,retiro_votacion:21219,-4.840979909801426,-4.720818697661158,-4.720818697661158
1009,universo_fijo,retiro_votacion:21219,-4.840979909801426,-4.720818697661158,-4.720818697661158
1012,universo_fijo,retiro_votacion:21219,2.3534937897417905,2.186903575615981,2.186903575615981
1013,universo_fijo,retiro_votacion:21219,2.3534937897417905,2.186903575615981,2.186903575615981
1016,universo_fijo,retiro_votacion:21219,2.3534937897417905,2.186903575615981,2.186903575615981
1019,universo_fijo,retiro_votacion:21219,-0.01682205644914018,0.3205443268158946,0.3205443268158946
1025,universo_fijo,retiro_votacion:21219,-4.840979909801426,-4.720818697661158,-4.720818697661158
1028,universo_fijo,retiro_votacion:21219,-2.9399358215577327,-2.7406460188832242,-2.7406460188832242
1034,universo_fijo,retiro_votacion:21219,2.3534937897417905,2.186903575615981,2.186903575615981
1035,universo_fijo,retiro_votacion:21219,2.3534937897417905,2.186903575615981,2.186903575615981
1036,universo_fijo,retiro_votacion:21219,2.3534937897417905,2.186903575615981,2.186903575615981
1037,universo_fijo,retiro_votacion:21219,2.3534937897417905,2.186903575615981,2.186903575615981
1038,universo_fijo,retiro_votacion:21219,2.3534937897417905,2.186903575615981,2.186903575615981
1044,universo_fijo,retiro_votacion:21219,2.3534937897417905,2.186903575615981,2.186903575615981
1046,universo_fijo,retiro_votacion:21219,1.0515337236696587,1.4266010740834971,1.4266010740834971
1048,universo_fijo,retiro_votacion:21219,2.3534937897417905,2.186903575615981,2.186903575615981
1049,universo_fijo,retiro_votacion:21219,2.3534937897417905,2.186903575615981,2.186903575615981
1054,universo_fijo,retiro_votacion:21219,0.465580325547265,0.5163754128363408,0.5163754128363408
1056,universo_fijo,retiro_votacion:21219,2.3534937897417905,2.186903575615981,2.186903575615981
1057,universo_fijo,retiro_votacion:21219,2.3534937897417905,2.186903575615981,2.186903575615981
1059,universo_fijo,retiro_votacion:21219,1.0515337236696587,1.4266010740834971,1.4266010740834971
1062,universo_fijo,retiro_votacion:21219,2.3534937897417905,2.186903575615981,2.186903575615981
1065,universo_fijo,retiro_votacion:21219,-4.556495778761317,-4.423295745892208,-4.423295745892208
1067,universo_fijo,retiro_votacion:21219,1.0515337236696587,1.4266010740834971,1.4266010740834971
1068,universo_fijo,retiro_votacion:21219,2.3534937897417905,2.186903575615981,2.186903575615981
1073,universo_fijo,retiro_votacion:21219,2.3534937897417905,2.186903575615981,2.186903575615981
1081,universo_fijo,retiro_votacion:21219,0.7092823082215971,1.0670828483124624,1.0670828483124624
1087,universo_fijo,retiro_votacion:21219,2.3534937897417905,2.186903575615981,2.186903575615981
1094,universo_fijo,retiro_votacion:21219,-4.266148143082215,-4.122771651992625,-4.122771651992625
1096,universo_fijo,retiro_votacion:21219,2.3534937897417905,2.186903575615981,2.186903575615981
1097,universo_fijo,retiro_votacion:21219,2.3534937897417905,2.186903575615981,2.186903575615981
1098,universo_fijo,retiro_votacion:21219,-4.068528759253856,-3.921263506106811,-3.921263506106811
1099,universo_fijo,retiro_votacion:21219,2.138393922192036,1.9668850927243249,1.9668850927243249
1100,universo_fijo,retiro_votacion:21219,-4.840979909801426,-4.720818697661158,-4.720818697661158
1101,universo_fijo,retiro_votacion:21219,2.3534937897417905,2.186903575615981,2.186903575615981
1103,universo_fijo,retiro_votacion:21219,2.3534937897417905,2.186903575615981,2.186903575615981
1104,universo_fijo,retiro_votacion:21219,-4.840979909801426,-4.720818697661158,-4.720818697661158
1105,universo_fijo,retiro_votacion:21219,2.3534937897417905,2.186903575615981,2.186903575615981
1106,universo_fijo,retiro_votacion:21219,-1.2067446678950722,-0.9269123824998652,-0.9269123824998652
1108,universo_fijo,retiro_votacion:21219,1.0515337236696587,1.4266010740834971,1.4266010740834971
1109,universo_fijo,retiro_votacion:21219,-3.9934481078374646,-3.8353308947661375,-3.8353308947661375
1110,universo_fijo,retiro_votacion:21219,2.3534937897417905,2.186903575615981,2.186903575615981
1111,universo_fijo,retiro_votacion:21219,-4.625880042251671,-4.500800214769502,-4.500800214769502
1113,universo_fijo,retiro_votacion:21219,-4.277932238877575,-4.132853846535086,-4.132853846535086
1114,universo_fijo,retiro_votacion:21219,2.3534937897417905,2.186903575615981,2.186903575615981
1116,universo_fijo,retiro_votacion:21219,2.3534937897417905,2.186903575615981,2.186903575615981
1117,universo_fijo,retiro_votacion:21219,2.3534937897417905,2.186903575615981,2.186903575615981
1118,universo_fijo,retiro_votacion:21219,2.3534937897417905,2.186903575615981,2.186903575615981
1119,universo_fijo,retiro_votacion:21219,0.7670164069249841,0.8436267824500736,0.8436267824500736
1120,universo_fijo,retiro_votacion:21219,1.0515337236696587,1.4266010740834971,1.4266010740834971
1121,universo_fijo,retiro_votacion:21219,-4.56515137778665,-4.432724273700285,-4.432724273700285
1122,universo_fijo,retiro_votacion:21219,2.3534937897417905,2.186903575615981,2.186903575615981
1123,universo_fijo,retiro_votacion:21219,-4.840979909801426,-4.720818697661158,-4.720818697661158
1125,universo_fijo,retiro_votacion:21219,2.3534937897417905,2.186903575615981,2.186903575615981
1126,universo_fijo,retiro_votacion:21219,-4.625880042251671,-4.500800214769502,-4.500800214769502
1127,universo_fijo,retiro_votacion:21219,2.3534937897417905,2.186903575615981,2.186903575615981
1128,universo_fijo,retiro_votacion:21219,2.3534937897417905,2.186903575615981,2.186903575615981
1129,universo_fijo,retiro_votacion:21219,2.3534937897417905,2.186903575615981,2.186903575615981
1131,universo_fijo,retiro_votacion:21219,-2.939606748724399,-2.7396187986605933,-2.7396187986605933
1132,universo_fijo,retiro_votacion:21219,-0.3678137137578991,-0.04822906745806038,-0.04822906745806038
1133,universo_fijo,retiro_votacion:21219,-4.840979909801426,-4.720818697661158,-4.720818697661158
1135,universo_fijo,retiro_votacion:21219,-4.625880042251671,-4.500800214769502,-4.500800214769502
1136,universo_fijo,retiro_votacion:21219,0.18941182141537924,0.5304190733926646,0.5304190733926646
1139,universo_fijo,retiro_votacion:21219,-4.625880042251671,-4.500800214769502,-4.500800214769502
1140,universo_fijo,retiro_votacion:21219,-4.625880042251671,-4.500800214769502,-4.500800214769502
1142,universo_fijo,retiro_votacion:21219,2.3534937897417905,2.186903575615981,2.186903575615981
1143,universo_fijo,retiro_votacion:21219,-3.7170416230169634,-3.544319948308005,-3.544319948308005
1144,universo_fijo,retiro_votacion:21219,-4.625880042251671,-4.500800214769502,-4.500800214769502
1146,universo_fijo,retiro_votacion:21219,-4.840979909801426,-4.720818697661158,-4.720818697661158
1147,universo_fijo,retiro_votacion:21219,2.3534937897417905,2.186903575615981,2.186903575615981
1148,universo_fijo,retiro_votacion:21219,2.3534937897417905,2.186903575615981,2.186903575615981
1149,universo_fijo,retiro_votacion:21219,1.0515337236696587,1.4266010740834971,1.4266010740834971
1153,universo_fijo,retiro_votacion:21219,2.3534937897417905,2.186903575615981,2.186903575615981
1155,universo_fijo,retiro_votacion:21219,2.083226601170324,1.916761566295567,1.916761566295567
1156,universo_fijo,retiro_votacion:21219,2.3534937897417905,2.186903575615981,2.186903575615981
1159,universo_fijo,retiro_votacion:21219,2.3534937897417905,2.186903575615981,2.186903575615981
1160,universo_fijo,retiro_votacion:21219,2.3534937897417905,2.186903575615981,2.186903575615981
1161,universo_fijo,retiro_votacion:21219,2.3534937897417905,2.186903575615981,2.186903575615981
1162,universo_fijo,retiro_votacion:21219,2.3534937897417905,2.186903575615981,2.186903575615981
1163,universo_fijo,retiro_votacion:21219,0.47695345259952254,0.8303311640388962,0.8303311640388962
1165,universo_fijo,retiro_votacion:21219,-4.840979909801426,-4.720818697661158,-4.720818697661158
1166,universo_fijo,retiro_votacion:21219,1.231780970238065,1.0155526911629251,1.0155526911629251
1167,universo_fijo,retiro_votacion:21219,2.3534937897417905,2.186903575615981,2.186903575615981
1168,universo_fijo,retiro_votacion:21219,2.3534937897417905,2.186903575615981,2.186903575615981
1169,universo_fijo,retiro_votacion:21219,2.3534937897417905,2.186903575615981,2.186903575615981
1170,universo_fijo,retiro_votacion:21219,-4.840979909801426,-4.720818697661158,-4.720818697661158
1171,universo_fijo,retiro_votacion:21219,2.3534937897417905,2.186903575615981,2.186903575615981
1172,universo_fijo,retiro_votacion:21219,-4.840979909801426,-4.720818697661158,-4.720818697661158
1173,universo_fijo,retiro_votacion:21219,2.3534937897417905,2.186903575615981,2.186903575615981
1174,universo_fijo,retiro_votacion:21219,-4.625880042251671,-4.500800214769502,-4.500800214769502
1175,universo_fijo,retiro_votacion:21219,2.138393922192036,1.9668850927243249,1.9668850927243249
1176,universo_fijo,retiro_votacion:21219,-4.625880042251671,-4.500800214769502,-4.500800214769502
1178,universo_fijo,retiro_votacion:21219,2.138393922192036,1.9668850927243249,1.9668850927243249
1179,universo_fijo,retiro_votacion:21219,2.3534937897417905,2.186903575615981,2.186903575615981
1180,universo_fijo,retiro_votacion:21219,2.3534937897417905,2.186903575615981,2.186903575615981
1182,universo_fijo,retiro_votacion:21219,2.3534937897417905,2.186903575615981,2.186903575615981
1183,universo_fijo,retiro_votacion:21219,-4.625880042251671,-4.500800214769502,-4.500800214769502
803,universo_fijo,retiro_votacion:42724,1.9232940546422812,2.25786298458014,2.25786298458014
815,universo_fijo,retiro_votacion:42724,-4.625880042251671,-4.668056084026905,-4.668056084026905
917,universo_fijo,retiro_votacion:42724,-4.840979909801426,-4.668056084026905,-4.668056084026905
948,universo_fijo,retiro_votacion:42724,2.138393922192036,2.25786298458014,2.25786298458014
953,universo_fijo,retiro_votacion:42724,1.0515337236696587,1.1552003450616357,1.1552003450616357
971,universo_fijo,retiro_votacion:42724,1.0515337236696587,1.1552003450616357,1.1552003450616357
975,universo_fijo,retiro_votacion:42724,2.3534937897417905,2.25786298458014,2.25786298458014
976,universo_fijo,retiro_votacion:42724,-4.840979909801426,-4.668056084026905,-4.668056084026905
991,universo_fijo,retiro_votacion:42724,2.3534937897417905,2.25786298458014,2.25786298458014
999,universo_fijo,retiro_votacion:42724,1.2666335912194133,1.1552003450616357,1.1552003450616357
1003,universo_fijo,retiro_votacion:42724,-4.840979909801426,-4.668056084026905,-4.668056084026905
1009,universo_fijo,retiro_votacion:42724,-4.840979909801426,-4.668056084026905,-4.668056084026905
1012,universo_fijo,retiro_votacion:42724,2.3534937897417905,2.25786298458014,2.25786298458014
1013,universo_fijo,retiro_votacion:42724,2.3534937897417905,2.25786298458014,2.25786298458014
1016,universo_fijo,retiro_votacion:42724,2.3534937897417905,2.25786298458014,2.25786298458014
1019,universo_fijo,retiro_votacion:42724,-0.01682205644914018,0.2824219554525142,0.2824219554525142
1025,universo_fijo,retiro_votacion:42724,-4.840979909801426,-4.668056084026905,-4.668056084026905
1028,universo_fijo,retiro_votacion:42724,-2.9399358215577327,-2.9394914738503446,-2.9394914738503446
1034,universo_fijo,retiro_votacion:42724,2.3534937897417905,2.25786298458014,2.25786298458014
1035,universo_fijo,retiro_votacion:42724,2.3534937897417905,2.25786298458014,2.25786298458014
1036,universo_fijo,retiro_votacion:42724,2.3534937897417905,2.25786298458014,2.25786298458014
1037,universo_fijo,retiro_votacion:42724,2.3534937897417905,2.25786298458014,2.25786298458014
1038,universo_fijo,retiro_votacion:42724,2.3534937897417905,2.25786298458014,2.25786298458014
1044,universo_fijo,retiro_votacion:42724,2.3534937897417905,2.25786298458014,2.25786298458014
1046,universo_fijo,retiro_votacion:42724,1.0515337236696587,1.1552003450616357,1.1552003450616357
1048,universo_fijo,retiro_votacion:42724,2.3534937897417905,2.25786298458014,2.25786298458014
1049,universo_fijo,retiro_votacion:42724,2.3534937897417905,2.25786298458014,2.25786298458014
1054,universo_fijo,retiro_votacion:42724,0.465580325547265,0.5474467328441163,0.5474467328441163
1056,universo_fijo,retiro_votacion:42724,2.3534937897417905,2.25786298458014,2.25786298458014
1057,universo_fijo,retiro_votacion:42724,2.3534937897417905,2.25786298458014,2.25786298458014
1059,universo_fijo,retiro_votacion:42724,1.0515337236696587,1.1552003450616357,1.1552003450616357
1062,universo_fijo,retiro_votacion:42724,2.3534937897417905,2.25786298458014,2.25786298458014
1065,universo_fijo,retiro_votacion:42724,-4.556495778761317,-4.376007162032584,-4.376007162032584
1067,universo_fijo,retiro_votacion:42724,1.0515337236696587,1.1552003450616357,1.1552003450616357
1068,universo_fijo,retiro_votacion:42724,2.3534937897417905,2.25786298458014,2.25786298458014
1073,universo_fijo,retiro_votacion:42724,2.3534937897417905,2.25786298458014,2.25786298458014
1081,universo_fijo,retiro_votacion:42724,0.7092823082215971,0.5840808891602199,0.5840808891602199
1087,universo_fijo,retiro_votacion:42724,2.3534937897417905,2.25786298458014,2.25786298458014
1094,universo_fijo,retiro_votacion:42724,-4.266148143082215,-4.078335807725832,-4.078335807725832
1096,universo_fijo,retiro_votacion:42724,2.3534937897417905,2.25786298458014,2.25786298458014
1097,universo_fijo,retiro_votacion:42724,2.3534937897417905,2.25786298458014,2.25786298458014
1098,universo_fijo,retiro_votacion:42724,-4.068528759253856,-4.09693662812549,-4.09693662812549
1099,universo_fijo,retiro_votacion:42724,2.138393922192036,2.25786298458014,2.25786298458014
1100,universo_fijo,retiro_votacion:42724,-4.840979909801426,-4.668056084026905,-4.668056084026905
1101,universo_fijo,retiro_votacion:42724,2.3534937897417905,2.25786298458014,2.25786298458014
1103,universo_fijo,retiro_votacion:42724,2.3534937897417905,2.25786298458014,2.25786298458014
1104,universo_fijo,retiro_votacion:42724,-4.840979909801426,-4.668056084026905,-4.668056084026905
1105,universo_fijo,retiro_votacion:42724,2.3534937897417905,2.25786298458014,2.25786298458014
1106,universo_fijo,retiro_votacion:42724,-1.2067446678950722,-1.1612626695191077,-1.1612626695191077
1108,universo_fijo,retiro_votacion:42724,1.0515337236696587,1.1552003450616357,1.1552003450616357
1109,universo_fijo,retiro_votacion:42724,-3.9934481078374646,-3.798195520843457,-3.798195520843457
1110,universo_fijo,retiro_votacion:42724,2.3534937897417905,2.25786298458014,2.25786298458014
1111,universo_fijo,retiro_votacion:42724,-4.625880042251671,-4.668056084026905,-4.668056084026905
1113,universo_fijo,retiro_votacion:42724,-4.277932238877575,-4.090244442837779,-4.090244442837779
1114,universo_fijo,retiro_votacion:42724,2.3534937897417905,2.25786298458014,2.25786298458014
1116,universo_fijo,retiro_votacion:42724,2.3534937897417905,2.25786298458014,2.25786298458014
1117,universo_fijo,retiro_votacion:42724,2.3534937897417905,2.25786298458014,2.25786298458014
1118,universo_fijo,retiro_votacion:42724,2.3534937897417905,2.25786298458014,2.25786298458014
1119,universo_fijo,retiro_votacion:42724,0.7670164069249841,0.860167664394696,0.860167664394696
1120,universo_fijo,retiro_votacion:42724,1.0515337236696587,1.1552003450616357,1.1552003450616357
1121,universo_fijo,retiro_votacion:42724,-4.56515137778665,-4.385068962430488,-4.385068962430488
1122,universo_fijo,retiro_votacion:42724,2.3534937897417905,2.25786298458014,2.25786298458014
1123,universo_fijo,retiro_votacion:42724,-4.840979909801426,-4.668056084026905,-4.668056084026905
1125,universo_fijo,retiro_votacion:42724,2.3534937897417905,2.25786298458014,2.25786298458014
1126,universo_fijo,retiro_votacion:42724,-4.625880042251671,-4.668056084026905,-4.668056084026905
1127,universo_fijo,retiro_votacion:42724,2.3534937897417905,2.25786298458014,2.25786298458014
1128,universo_fijo,retiro_votacion:42724,2.3534937897417905,2.25786298458014,2.25786298458014
1129,universo_fijo,retiro_votacion:42724,2.3534937897417905,2.25786298458014,2.25786298458014
1131,universo_fijo,retiro_votacion:42724,-2.939606748724399,-2.9391263990608913,-2.9391263990608913
1132,universo_fijo,retiro_votacion:42724,-0.3678137137578991,-0.29799791064873055,-0.29799791064873055
1133,universo_fijo,retiro_votacion:42724,-4.840979909801426,-4.668056084026905,-4.668056084026905
1135,universo_fijo,retiro_votacion:42724,-4.625880042251671,-4.668056084026905,-4.668056084026905
1136,universo_fijo,retiro_votacion:42724,0.18941182141537924,0.27187073793135513,0.27187073793135513
1139,universo_fijo,retiro_votacion:42724,-4.625880042251671,-4.668056084026905,-4.668056084026905
1140,universo_fijo,retiro_votacion:42724,-4.625880042251671,-4.668056084026905,-4.668056084026905
1142,universo_fijo,retiro_votacion:42724,2.3534937897417905,2.25786298458014,2.25786298458014
1143,universo_fijo,retiro_votacion:42724,-3.7170416230169634,-3.5144181115920023,-3.5144181115920023
1144,universo_fijo,retiro_votacion:42724,-4.625880042251671,-4.668056084026905,-4.668056084026905
1146,universo_fijo,retiro_votacion:42724,-4.840979909801426,-4.668056084026905,-4.668056084026905
1147,universo_fijo,retiro_votacion:42724,2.3534937897417905,2.25786298458014,2.25786298458014
1148,universo_fijo,retiro_votacion:42724,2.3534937897417905,2.25786298458014,2.25786298458014
1149,universo_fijo,retiro_votacion:42724,1.0515337236696587,1.1552003450616357,1.1552003450616357
1153,universo_fijo,retiro_votacion:42724,2.3534937897417905,2.25786298458014,2.25786298458014
1155,universo_fijo,retiro_votacion:42724,2.083226601170324,1.983710474543689,1.983710474543689
1156,universo_fijo,retiro_votacion:42724,2.3534937897417905,2.25786298458014,2.25786298458014
1159,universo_fijo,retiro_votacion:42724,2.3534937897417905,2.25786298458014,2.25786298458014
1160,universo_fijo,retiro_votacion:42724,2.3534937897417905,2.25786298458014,2.25786298458014
1161,universo_fijo,retiro_votacion:42724,2.3534937897417905,2.25786298458014,2.25786298458014
1162,universo_fijo,retiro_votacion:42724,2.3534937897417905,2.25786298458014,2.25786298458014
1163,universo_fijo,retiro_votacion:42724,0.47695345259952254,0.5679816834032222,0.5679816834032222
1165,universo_fijo,retiro_votacion:42724,-4.840979909801426,-4.668056084026905,-4.668056084026905
1166,universo_fijo,retiro_votacion:42724,1.231780970238065,1.1075646415131712,1.1075646415131712
1167,universo_fijo,retiro_votacion:42724,2.3534937897417905,2.25786298458014,2.25786298458014
1168,universo_fijo,retiro_votacion:42724,2.3534937897417905,2.25786298458014,2.25786298458014
1169,universo_fijo,retiro_votacion:42724,2.3534937897417905,2.25786298458014,2.25786298458014
1170,universo_fijo,retiro_votacion:42724,-4.840979909801426,-4.668056084026905,-4.668056084026905
1171,universo_fijo,retiro_votacion:42724,2.3534937897417905,2.25786298458014,2.25786298458014
1172,universo_fijo,retiro_votacion:42724,-4.840979909801426,-4.668056084026905,-4.668056084026905
1173,universo_fijo,retiro_votacion:42724,2.3534937897417905,2.25786298458014,2.25786298458014
1174,universo_fijo,retiro_votacion:42724,-4.625880042251671,-4.668056084026905,-4.668056084026905
1175,universo_fijo,retiro_votacion:42724,2.138393922192036,2.25786298458014,2.25786298458014
1176,universo_fijo,retiro_votacion:42724,-4.625880042251671,-4.668056084026905,-4.668056084026905
1178,universo_fijo,retiro_votacion:42724,2.138393922192036,2.25786298458014,2.25786298458014
1179,universo_fijo,retiro_votacion:42724,2.3534937897417905,2.25786298458014,2.25786298458014
1180,universo_fijo,retiro_votacion:42724,2.3534937897417905,2.25786298458014,2.25786298458014
1182,universo_fijo,retiro_votacion:42724,2.3534937897417905,2.25786298458014,2.25786298458014
1183,universo_fijo,retiro_votacion:42724,-4.625880042251671,-4.668056084026905,-4.668056084026905
803,universo_fijo,retiro_bloque:articulos_206xx,1.9232940546422812,0.7441953765427608,0.7441953765427608
815,universo_fijo,retiro_bloque:articulos_206xx,-4.625880042251671,-1.9859064502282002,-1.9859064502282002
917,universo_fijo,retiro_bloque:articulos_206xx,-4.840979909801426,-2.3954333645092674,-2.3954333645092674
948,universo_fijo,retiro_bloque:articulos_206xx,2.138393922192036,1.153722290823828,1.153722290823828
953,universo_fijo,retiro_bloque:articulos_206xx,1.0515337236696587,-1.1094509850402747,-1.1094509850402747
971,universo_fijo,retiro_bloque:articulos_206xx,1.0515337236696587,-1.1094509850402747,-1.1094509850402747
975,universo_fijo,retiro_bloque:articulos_206xx,2.3534937897417905,1.5632492051048952,1.5632492051048952
976,universo_fijo,retiro_bloque:articulos_206xx,-4.840979909801426,-2.3954333645092674,-2.3954333645092674
991,universo_fijo,retiro_bloque:articulos_206xx,2.3534937897417905,1.5632492051048952,1.5632492051048952
999,universo_fijo,retiro_bloque:articulos_206xx,1.2666335912194133,-0.6999240707592076,-0.6999240707592076
1003,universo_fijo,retiro_bloque:articulos_206xx,-4.840979909801426,-2.3954333645092674,-2.3954333645092674
1009,universo_fijo,retiro_bloque:articulos_206xx,-4.840979909801426,-2.3954333645092674,-2.3954333645092674
1012,universo_fijo,retiro_bloque:articulos_206xx,2.3534937897417905,1.5632492051048952,1.5632492051048952
1013,universo_fijo,retiro_bloque:articulos_206xx,2.3534937897417905,1.5632492051048952,1.5632492051048952
1016,universo_fijo,retiro_bloque:articulos_206xx,2.3534937897417905,1.5632492051048952,1.5632492051048952
1019,universo_fijo,retiro_bloque:articulos_206xx,-0.01682205644914018,-1.5189778993213419,-1.5189778993213419
1025,universo_fijo,retiro_bloque:articulos_206xx,-4.840979909801426,-2.3954333645092674,-2.3954333645092674
1028,universo_fijo,retiro_bloque:articulos_206xx,-2.9399358215577327,-1.5476787176342375,-1.5476787176342375
1034,universo_fijo,retiro_bloque:articulos_206xx,2.3534937897417905,1.5632492051048952,1.5632492051048952
1035,universo_fijo,retiro_bloque:articulos_206xx,2.3534937897417905,1.5632492051048952,1.5632492051048952
1036,universo_fijo,retiro_bloque:articulos_206xx,2.3534937897417905,1.5632492051048952,1.5632492051048952
1037,universo_fijo,retiro_bloque:articulos_206xx,2.3534937897417905,1.5632492051048952,1.5632492051048952
1038,universo_fijo,retiro_bloque:articulos_206xx,2.3534937897417905,1.5632492051048952,1.5632492051048952
1044,universo_fijo,retiro_bloque:articulos_206xx,2.3534937897417905,1.5632492051048952,1.5632492051048952
1046,universo_fijo,retiro_bloque:articulos_206xx,1.0515337236696587,-1.1094509850402747,-1.1094509850402747
1048,universo_fijo,retiro_bloque:articulos_206xx,2.3534937897417905,1.5632492051048952,1.5632492051048952
1049,universo_fijo,retiro_bloque:articulos_206xx,2.3534937897417905,1.5632492051048952,1.5632492051048952
1054,universo_fijo,retiro_bloque:articulos_206xx,0.465580325547265,-0.41609207970218615,-0.41609207970218615
1056,universo_fijo,retiro_bloque:articulos_206xx,2.3534937897417905,1.5632492051048952,1.5632492051048952
1057,universo_fijo,retiro_bloque:articulos_206xx,2.3534937897417905,1.5632492051048952,1.5632492051048952
1059,universo_fijo,retiro_bloque:articulos_206xx,1.0515337236696587,-1.1094509850402747,-1.1094509850402747
1062,universo_fijo,retiro_bloque:articulos_206xx,2.3534937897417905,1.5632492051048952,1.5632492051048952
1065,universo_fijo,retiro_bloque:articulos_206xx,-4.556495778761317,-2.3954333645092674,-2.3954333645092674
1067,universo_fijo,retiro_bloque:articulos_206xx,1.0515337236696587,-1.1094509850402747,-1.1094509850402747
1068,universo_fijo,retiro_bloque:articulos_206xx,2.3534937897417905,1.5632492051048952,1.5632492051048952
1073,universo_fijo,retiro_bloque:articulos_206xx,2.3534937897417905,1.5632492051048952,1.5632492051048952
1081,universo_fijo,retiro_bloque:articulos_206xx,0.7092823082215971,-0.6999240707592076,-0.6999240707592076
1087,universo_fijo,retiro_bloque:articulos_206xx,2.3534937897417905,1.5632492051048952,1.5632492051048952
1094,universo_fijo,retiro_bloque:articulos_206xx,-4.266148143082215,-2.3954333645092674,-2.3954333645092674
1096,universo_fijo,retiro_bloque:articulos_206xx,2.3534937897417905,1.5632492051048952,1.5632492051048952
1097,universo_fijo,retiro_bloque:articulos_206xx,2.3534937897417905,1.5632492051048952,1.5632492051048952
1098,universo_fijo,retiro_bloque:articulos_206xx,-4.068528759253856,-1.9859064502282002,-1.9859064502282002
1099,universo_fijo,retiro_bloque:articulos_206xx,2.138393922192036,1.153722290823828,1.153722290823828
1100,universo_fijo,retiro_bloque:articulos_206xx,-4.840979909801426,-2.3954333645092674,-2.3954333645092674
1101,universo_fijo,retiro_bloque:articulos_206xx,2.3534937897417905,1.5632492051048952,1.5632492051048952
1103,universo_fijo,retiro_bloque:articulos_206xx,2.3534937897417905,1.5632492051048952,1.5632492051048952
1104,universo_fijo,retiro_bloque:articulos_206xx,-4.840979909801426,-2.3954333645092674,-2.3954333645092674
1105,universo_fijo,retiro_bloque:articulos_206xx,2.3534937897417905,1.5632492051048952,1.5632492051048952
1106,universo_fijo,retiro_bloque:articulos_206xx,-1.2067446678950722,-1.9859064502282002,-1.9859064502282002
1108,universo_fijo,retiro_bloque:articulos_206xx,1.0515337236696587,-1.1094509850402747,-1.1094509850402747
1109,universo_fijo,retiro_bloque:articulos_206xx,-3.9934481078374646,-1.9572056319153046,-1.9572056319153046
1110,universo_fijo,retiro_bloque:articulos_206xx,2.3534937897417905,1.5632492051048952,1.5632492051048952
1111,universo_fijo,retiro_bloque:articulos_206xx,-4.625880042251671,-1.9859064502282002,-1.9859064502282002
1113,universo_fijo,retiro_bloque:articulos_206xx,-4.277932238877575,-1.9572056319153046,-1.9572056319153046
1114,universo_fijo,retiro_bloque:articulos_206xx,2.3534937897417905,1.5632492051048952,1.5632492051048952
1116,universo_fijo,retiro_bloque:articulos_206xx,2.3534937897417905,1.5632492051048952,1.5632492051048952
1117,universo_fijo,retiro_bloque:articulos_206xx,2.3534937897417905,1.5632492051048952,1.5632492051048952
1118,universo_fijo,retiro_bloque:articulos_206xx,2.3534937897417905,1.5632492051048952,1.5632492051048952
1119,universo_fijo,retiro_bloque:articulos_206xx,0.7670164069249841,-0.9818599841068347,-0.9818599841068347
1120,universo_fijo,retiro_bloque:articulos_206xx,1.0515337236696587,-1.1094509850402747,-1.1094509850402747
1121,universo_fijo,retiro_bloque:articulos_206xx,-4.56515137778665,-1.9572056319153046,-1.9572056319153046
1122,universo_fijo,retiro_bloque:articulos_206xx,2.3534937897417905,1.5632492051048952,1.5632492051048952
1123,universo_fijo,retiro_bloque:articulos_206xx,-4.840979909801426,-2.3954333645092674,-2.3954333645092674
1125,universo_fijo,retiro_bloque:articulos_206xx,2.3534937897417905,1.5632492051048952,1.5632492051048952
1126,universo_fijo,retiro_bloque:articulos_206xx,-4.625880042251671,-1.9859064502282002,-1.9859064502282002
1127,universo_fijo,retiro_bloque:articulos_206xx,2.3534937897417905,1.5632492051048952,1.5632492051048952
1128,universo_fijo,retiro_bloque:articulos_206xx,2.3534937897417905,1.5632492051048952,1.5632492051048952
1129,universo_fijo,retiro_bloque:articulos_206xx,2.3534937897417905,1.5632492051048952,1.5632492051048952
1131,universo_fijo,retiro_bloque:articulos_206xx,-2.939606748724399,-1.5476787176342375,-1.5476787176342375
1132,universo_fijo,retiro_bloque:articulos_206xx,-0.3678137137578991,-1.1094509850402747,-1.1094509850402747
1133,universo_fijo,retiro_bloque:articulos_206xx,-4.840979909801426,-2.3954333645092674,-2.3954333645092674
1135,universo_fijo,retiro_bloque:articulos_206xx,-4.625880042251671,-1.9859064502282002,-1.9859064502282002
1136,universo_fijo,retiro_bloque:articulos_206xx,0.18941182141537924,-1.1094509850402747,-1.1094509850402747
1139,universo_fijo,retiro_bloque:articulos_206xx,-4.625880042251671,-1.9859064502282002,-1.9859064502282002
1140,universo_fijo,retiro_bloque:articulos_206xx,-4.625880042251671,-1.9859064502282002,-1.9859064502282002
1142,universo_fijo,retiro_bloque:articulos_206xx,2.3534937897417905,1.5632492051048952,1.5632492051048952
1143,universo_fijo,retiro_bloque:articulos_206xx,-3.7170416230169634,-2.3954333645092674,-2.3954333645092674
1144,universo_fijo,retiro_bloque:articulos_206xx,-4.625880042251671,-1.9859064502282002,-1.9859064502282002
1146,universo_fijo,retiro_bloque:articulos_206xx,-4.840979909801426,-2.3954333645092674,-2.3954333645092674
1147,universo_fijo,retiro_bloque:articulos_206xx,2.3534937897417905,1.5632492051048952,1.5632492051048952
1148,universo_fijo,retiro_bloque:articulos_206xx,2.3534937897417905,1.5632492051048952,1.5632492051048952
1149,universo_fijo,retiro_bloque:articulos_206xx,1.0515337236696587,-1.1094509850402747,-1.1094509850402747
1153,universo_fijo,retiro_bloque:articulos_206xx,2.3534937897417905,1.5632492051048952,1.5632492051048952
1155,universo_fijo,retiro_bloque:articulos_206xx,2.083226601170324,0.9974813007002467,0.9974813007002467
1156,universo_fijo,retiro_bloque:articulos_206xx,2.3534937897417905,1.5632492051048952,1.5632492051048952
1159,universo_fijo,retiro_bloque:articulos_206xx,2.3534937897417905,1.5632492051048952,1.5632492051048952
1160,universo_fijo,retiro_bloque:articulos_206xx,2.3534937897417905,1.5632492051048952,1.5632492051048952
1161,universo_fijo,retiro_bloque:articulos_206xx,2.3534937897417905,1.5632492051048952,1.5632492051048952
1162,universo_fijo,retiro_bloque:articulos_206xx,2.3534937897417905,1.5632492051048952,1.5632492051048952
1163,universo_fijo,retiro_bloque:articulos_206xx,0.47695345259952254,-1.1094509850402747,-1.1094509850402747
1165,universo_fijo,retiro_bloque:articulos_206xx,-4.840979909801426,-2.3954333645092674,-2.3954333645092674
1166,universo_fijo,retiro_bloque:articulos_206xx,1.231780970238065,1.5632492051048952,1.5632492051048952
1167,universo_fijo,retiro_bloque:articulos_206xx,2.3534937897417905,1.5632492051048952,1.5632492051048952
1168,universo_fijo,retiro_bloque:articulos_206xx,2.3534937897417905,1.5632492051048952,1.5632492051048952
1169,universo_fijo,retiro_bloque:articulos_206xx,2.3534937897417905,1.5632492051048952,1.5632492051048952
1170,universo_fijo,retiro_bloque:articulos_206xx,-4.840979909801426,-2.3954333645092674,-2.3954333645092674
1171,universo_fijo,retiro_bloque:articulos_206xx,2.3534937897417905,1.5632492051048952,1.5632492051048952
1172,universo_fijo,retiro_bloque:articulos_206xx,-4.840979909801426,-2.3954333645092674,-2.3954333645092674
1173,universo_fijo,retiro_bloque:articulos_206xx,2.3534937897417905,1.5632492051048952,1.5632492051048952
1174,universo_fijo,retiro_bloque:articulos_206xx,-4.625880042251671,-1.9859064502282002,-1.9859064502282002
1175,universo_fijo,retiro_bloque:articulos_206xx,2.138393922192036,1.153722290823828,1.153722290823828
1176,universo_fijo,retiro_bloque:articulos_206xx,-4.625880042251671,-1.9859064502282002,-1.9859064502282002
1178,universo_fijo,retiro_bloque:articulos_206xx,2.138393922192036,1.153722290823828,1.153722290823828
1179,universo_fijo,retiro_bloque:articulos_206xx,2.3534937897417905,1.5632492051048952,1.5632492051048952
1180,universo_fijo,retiro_bloque:articulos_206xx,2.3534937897417905,1.5632492051048952,1.5632492051048952
1182,universo_fijo,retiro_bloque:articulos_206xx,2.3534937897417905,1.5632492051048952,1.5632492051048952
1183,universo_fijo,retiro_bloque:articulos_206xx,-4.625880042251671,-1.9859064502282002,-1.9859064502282002
803,seleccion_recalculada,retiro_votacion:20629,1.9232940546422812,1.815683606817581,1.815683606817581
815,seleccion_recalculada,retiro_votacion:20629,-4.625880042251671,-4.423359236774898,-4.423359236774898
917,seleccion_recalculada,retiro_votacion:20629,-4.840979909801426,-4.647343614165119,-4.647343614165119
948,seleccion_recalculada,retiro_votacion:20629,2.138393922192036,2.039667984207802,2.039667984207802
953,seleccion_recalculada,retiro_votacion:20629,1.0515337236696587,0.9041473172181967,0.9041473172181967
971,seleccion_recalculada,retiro_votacion:20629,1.0515337236696587,0.9041473172181967,0.9041473172181967
975,seleccion_recalculada,retiro_votacion:20629,2.3534937897417905,2.263652361598023,2.263652361598023
976,seleccion_recalculada,retiro_votacion:20629,-4.840979909801426,-4.647343614165119,-4.647343614165119
991,seleccion_recalculada,retiro_votacion:20629,2.3534937897417905,2.263652361598023,2.263652361598023
999,seleccion_recalculada,retiro_votacion:20629,1.2666335912194133,1.128131694608418,1.128131694608418
1003,seleccion_recalculada,retiro_votacion:20629,-4.840979909801426,-4.647343614165119,-4.647343614165119
1009,seleccion_recalculada,retiro_votacion:20629,-4.840979909801426,-4.647343614165119,-4.647343614165119
1012,seleccion_recalculada,retiro_votacion:20629,2.3534937897417905,2.263652361598023,2.263652361598023
1013,seleccion_recalculada,retiro_votacion:20629,2.3534937897417905,2.263652361598023,2.263652361598023
1016,seleccion_recalculada,retiro_votacion:20629,2.3534937897417905,2.263652361598023,2.263652361598023
1019,seleccion_recalculada,retiro_votacion:20629,-0.01682205644914018,0.3897345263573452,0.3897345263573452
1025,seleccion_recalculada,retiro_votacion:20629,-4.840979909801426,-4.647343614165119,-4.647343614165119
1028,seleccion_recalculada,retiro_votacion:20629,-2.9399358215577327,-2.963659952298719,-2.963659952298719
1034,seleccion_recalculada,retiro_votacion:20629,2.3534937897417905,2.263652361598023,2.263652361598023
1035,seleccion_recalculada,retiro_votacion:20629,2.3534937897417905,2.263652361598023,2.263652361598023
1036,seleccion_recalculada,retiro_votacion:20629,2.3534937897417905,2.263652361598023,2.263652361598023
1037,seleccion_recalculada,retiro_votacion:20629,2.3534937897417905,2.263652361598023,2.263652361598023
1038,seleccion_recalculada,retiro_votacion:20629,2.3534937897417905,2.263652361598023,2.263652361598023
1044,seleccion_recalculada,retiro_votacion:20629,2.3534937897417905,2.263652361598023,2.263652361598023
1046,seleccion_recalculada,retiro_votacion:20629,1.0515337236696587,0.9041473172181967,0.9041473172181967
1048,seleccion_recalculada,retiro_votacion:20629,2.3534937897417905,2.263652361598023,2.263652361598023
1049,seleccion_recalculada,retiro_votacion:20629,2.3534937897417905,2.263652361598023,2.263652361598023
1054,seleccion_recalculada,retiro_votacion:20629,0.465580325547265,0.29118191663580273,0.29118191663580273
1056,seleccion_recalculada,retiro_votacion:20629,2.3534937897417905,2.263652361598023,2.263652361598023
1057,seleccion_recalculada,retiro_votacion:20629,2.3534937897417905,2.263652361598023,2.263652361598023
1059,seleccion_recalculada,retiro_votacion:20629,1.0515337236696587,0.9041473172181967,0.9041473172181967
1062,seleccion_recalculada,retiro_votacion:20629,2.3534937897417905,2.263652361598023,2.263652361598023
1065,seleccion_recalculada,retiro_votacion:20629,-4.556495778761317,-4.350254950935379,-4.350254950935379
1067,seleccion_recalculada,retiro_votacion:20629,1.0515337236696587,0.9041473172181967,0.9041473172181967
1068,seleccion_recalculada,retiro_votacion:20629,2.3534937897417905,2.263652361598023,2.263652361598023
1073,seleccion_recalculada,retiro_votacion:20629,2.3534937897417905,2.263652361598023,2.263652361598023
1081,seleccion_recalculada,retiro_votacion:20629,0.7092823082215971,0.5472748676671563,0.5472748676671563
1087,seleccion_recalculada,retiro_votacion:20629,2.3534937897417905,2.263652361598023,2.263652361598023
1094,seleccion_recalculada,retiro_votacion:20629,-4.266148143082215,-4.047444762433547,-4.047444762433547
1096,seleccion_recalculada,retiro_votacion:20629,2.3534937897417905,2.263652361598023,2.263652361598023
1097,seleccion_recalculada,retiro_votacion:20629,2.3534937897417905,2.263652361598023,2.263652361598023
1098,seleccion_recalculada,retiro_votacion:20629,-4.068528759253856,-3.842502409833637,-3.842502409833637
1099,seleccion_recalculada,retiro_votacion:20629,2.138393922192036,2.039667984207802,2.039667984207802
1100,seleccion_recalculada,retiro_votacion:20629,-4.840979909801426,-4.647343614165119,-4.647343614165119
1101,seleccion_recalculada,retiro_votacion:20629,2.3534937897417905,2.263652361598023,2.263652361598023
1103,seleccion_recalculada,retiro_votacion:20629,2.3534937897417905,2.263652361598023,2.263652361598023
1104,seleccion_recalculada,retiro_votacion:20629,-4.840979909801426,-4.647343614165119,-4.647343614165119
1105,seleccion_recalculada,retiro_votacion:20629,2.3534937897417905,2.263652361598023,2.263652361598023
1106,seleccion_recalculada,retiro_votacion:20629,-1.2067446678950722,-1.4550315802299982,-1.4550315802299982
1108,seleccion_recalculada,retiro_votacion:20629,1.0515337236696587,0.9041473172181967,0.9041473172181967
1109,seleccion_recalculada,retiro_votacion:20629,-3.9934481078374646,-3.761043341547698,-3.761043341547698
1110,seleccion_recalculada,retiro_votacion:20629,2.3534937897417905,2.263652361598023,2.263652361598023
1111,seleccion_recalculada,retiro_votacion:20629,-4.625880042251671,-4.423359236774898,-4.423359236774898
1113,seleccion_recalculada,retiro_votacion:20629,-4.277932238877575,-4.0581320047774385,-4.0581320047774385
1114,seleccion_recalculada,retiro_votacion:20629,2.3534937897417905,2.263652361598023,2.263652361598023
1116,seleccion_recalculada,retiro_votacion:20629,2.3534937897417905,2.263652361598023,2.263652361598023
1117,seleccion_recalculada,retiro_votacion:20629,2.3534937897417905,2.263652361598023,2.263652361598023
1118,seleccion_recalculada,retiro_votacion:20629,2.3534937897417905,2.263652361598023,2.263652361598023
1119,seleccion_recalculada,retiro_votacion:20629,0.7670164069249841,0.6064531468065432,0.6064531468065432
1120,seleccion_recalculada,retiro_votacion:20629,1.0515337236696587,0.9041473172181967,0.9041473172181967
1121,seleccion_recalculada,retiro_votacion:20629,-4.56515137778665,-4.358763338831886,-4.358763338831886
1122,seleccion_recalculada,retiro_votacion:20629,2.3534937897417905,2.263652361598023,2.263652361598023
1123,seleccion_recalculada,retiro_votacion:20629,-4.840979909801426,-4.647343614165119,-4.647343614165119
1125,seleccion_recalculada,retiro_votacion:20629,2.3534937897417905,2.263652361598023,2.263652361598023
1126,seleccion_recalculada,retiro_votacion:20629,-4.625880042251671,-4.423359236774898,-4.423359236774898
1127,seleccion_recalculada,retiro_votacion:20629,2.3534937897417905,2.263652361598023,2.263652361598023
1128,seleccion_recalculada,retiro_votacion:20629,2.3534937897417905,2.263652361598023,2.263652361598023
1129,seleccion_recalculada,retiro_votacion:20629,2.3534937897417905,2.263652361598023,2.263652361598023
1131,seleccion_recalculada,retiro_votacion:20629,-2.939606748724399,-2.9639597064707286,-2.9639597064707286
1132,seleccion_recalculada,retiro_votacion:20629,-0.3678137137578991,0.02334106441114954,0.02334106441114954
1133,seleccion_recalculada,retiro_votacion:20629,-4.840979909801426,-4.647343614165119,-4.647343614165119
1135,seleccion_recalculada,retiro_votacion:20629,-4.625880042251671,-4.423359236774898,-4.423359236774898
1136,seleccion_recalculada,retiro_votacion:20629,0.18941182141537924,0.30424846548662493,0.30424846548662493
1139,seleccion_recalculada,retiro_votacion:20629,-4.625880042251671,-4.423359236774898,-4.423359236774898
1140,seleccion_recalculada,retiro_votacion:20629,-4.625880042251671,-4.423359236774898,-4.423359236774898
1142,seleccion_recalculada,retiro_votacion:20629,2.3534937897417905,2.263652361598023,2.263652361598023
1143,seleccion_recalculada,retiro_votacion:20629,-3.7170416230169634,-3.4742138373960194,-3.4742138373960194
1144,seleccion_recalculada,retiro_votacion:20629,-4.625880042251671,-4.423359236774898,-4.423359236774898
1146,seleccion_recalculada,retiro_votacion:20629,-4.840979909801426,-4.647343614165119,-4.647343614165119
1147,seleccion_recalculada,retiro_votacion:20629,2.3534937897417905,2.263652361598023,2.263652361598023
1148,seleccion_recalculada,retiro_votacion:20629,2.3534937897417905,2.263652361598023,2.263652361598023
1149,seleccion_recalculada,retiro_votacion:20629,1.0515337236696587,0.9041473172181967,0.9041473172181967
1153,seleccion_recalculada,retiro_votacion:20629,2.3534937897417905,2.263652361598023,2.263652361598023
1155,seleccion_recalculada,retiro_votacion:20629,2.083226601170324,1.9812035944845754,1.9812035944845754
1156,seleccion_recalculada,retiro_votacion:20629,2.3534937897417905,2.263652361598023,2.263652361598023
1159,seleccion_recalculada,retiro_votacion:20629,2.3534937897417905,2.263652361598023,2.263652361598023
1160,seleccion_recalculada,retiro_votacion:20629,2.3534937897417905,2.263652361598023,2.263652361598023
1161,seleccion_recalculada,retiro_votacion:20629,2.3534937897417905,2.263652361598023,2.263652361598023
1162,seleccion_recalculada,retiro_votacion:20629,2.3534937897417905,2.263652361598023,2.263652361598023
1163,seleccion_recalculada,retiro_votacion:20629,0.47695345259952254,0.9041473172181967,0.9041473172181967
1165,seleccion_recalculada,retiro_votacion:20629,-4.840979909801426,-4.647343614165119,-4.647343614165119
1166,seleccion_recalculada,retiro_votacion:20629,1.231780970238065,1.0945441200812303,1.0945441200812303
1167,seleccion_recalculada,retiro_votacion:20629,2.3534937897417905,2.263652361598023,2.263652361598023
1168,seleccion_recalculada,retiro_votacion:20629,2.3534937897417905,2.263652361598023,2.263652361598023
1169,seleccion_recalculada,retiro_votacion:20629,2.3534937897417905,2.263652361598023,2.263652361598023
1170,seleccion_recalculada,retiro_votacion:20629,-4.840979909801426,-4.647343614165119,-4.647343614165119
1171,seleccion_recalculada,retiro_votacion:20629,2.3534937897417905,2.263652361598023,2.263652361598023
1172,seleccion_recalculada,retiro_votacion:20629,-4.840979909801426,-4.647343614165119,-4.647343614165119
1173,seleccion_recalculada,retiro_votacion:20629,2.3534937897417905,2.263652361598023,2.263652361598023
1174,seleccion_recalculada,retiro_votacion:20629,-4.625880042251671,-4.423359236774898,-4.423359236774898
1175,seleccion_recalculada,retiro_votacion:20629,2.138393922192036,2.039667984207802,2.039667984207802
1176,seleccion_recalculada,retiro_votacion:20629,-4.625880042251671,-4.423359236774898,-4.423359236774898
1178,seleccion_recalculada,retiro_votacion:20629,2.138393922192036,2.039667984207802,2.039667984207802
1179,seleccion_recalculada,retiro_votacion:20629,2.3534937897417905,2.263652361598023,2.263652361598023
1180,seleccion_recalculada,retiro_votacion:20629,2.3534937897417905,2.263652361598023,2.263652361598023
1182,seleccion_recalculada,retiro_votacion:20629,2.3534937897417905,2.263652361598023,2.263652361598023
1183,seleccion_recalculada,retiro_votacion:20629,-4.625880042251671,-4.423359236774898,-4.423359236774898
803,seleccion_recalculada,retiro_votacion:20630,1.9232940546422812,1.8152171204403746,1.8152171204403746
815,seleccion_recalculada,retiro_votacion:20630,-4.625880042251671,-4.422865437208043,-4.422865437208043
917,seleccion_recalculada,retiro_votacion:20630,-4.840979909801426,-4.6472320430915115,-4.6472320430915115
948,seleccion_recalculada,retiro_votacion:20630,2.138393922192036,2.0395837263238437,2.0395837263238437
953,seleccion_recalculada,retiro_votacion:20630,1.0515337236696587,0.9051966410533677,0.9051966410533677
971,seleccion_recalculada,retiro_votacion:20630,1.0515337236696587,0.9051966410533677,0.9051966410533677
975,seleccion_recalculada,retiro_votacion:20630,2.3534937897417905,2.2639503322073127,2.2639503322073127
976,seleccion_recalculada,retiro_votacion:20630,-4.840979909801426,-4.6472320430915115,-4.6472320430915115
991,seleccion_recalculada,retiro_votacion:20630,2.3534937897417905,2.2639503322073127,2.2639503322073127
999,seleccion_recalculada,retiro_votacion:20630,1.2666335912194133,1.1295632469368369,1.1295632469368369
1003,seleccion_recalculada,retiro_votacion:20630,-4.840979909801426,-4.6472320430915115,-4.6472320430915115
1009,seleccion_recalculada,retiro_votacion:20630,-4.840979909801426,-4.6472320430915115,-4.6472320430915115
1012,seleccion_recalculada,retiro_votacion:20630,2.3534937897417905,2.2639503322073127,2.2639503322073127
1013,seleccion_recalculada,retiro_votacion:20630,2.3534937897417905,2.2639503322073127,2.2639503322073127
1016,seleccion_recalculada,retiro_votacion:20630,2.3534937897417905,2.2639503322073127,2.2639503322073127
1019,seleccion_recalculada,retiro_votacion:20630,-0.01682205644914018,0.08379683888416586,0.08379683888416586
1025,seleccion_recalculada,retiro_votacion:20630,-4.840979909801426,-4.6472320430915115,-4.6472320430915115
1028,seleccion_recalculada,retiro_votacion:20630,-2.9399358215577327,-2.9591960889843167,-2.9591960889843167
1034,seleccion_recalculada,retiro_votacion:20630,2.3534937897417905,2.2639503322073127,2.2639503322073127
1035,seleccion_recalculada,retiro_votacion:20630,2.3534937897417905,2.2639503322073127,2.2639503322073127
1036,seleccion_recalculada,retiro_votacion:20630,2.3534937897417905,2.2639503322073127,2.2639503322073127
1037,seleccion_recalculada,retiro_votacion:20630,2.3534937897417905,2.2639503322073127,2.2639503322073127
1038,seleccion_recalculada,retiro_votacion:20630,2.3534937897417905,2.2639503322073127,2.2639503322073127
1044,seleccion_recalculada,retiro_votacion:20630,2.3534937897417905,2.2639503322073127,2.2639503322073127
1046,seleccion_recalculada,retiro_votacion:20630,1.0515337236696587,0.9051966410533677,0.9051966410533677
1048,seleccion_recalculada,retiro_votacion:20630,2.3534937897417905,2.2639503322073127,2.2639503322073127
1049,seleccion_recalculada,retiro_votacion:20630,2.3534937897417905,2.2639503322073127,2.2639503322073127
1054,seleccion_recalculada,retiro_votacion:20630,0.465580325547265,0.29590125597053224,0.29590125597053224
1056,seleccion_recalculada,retiro_votacion:20630,2.3534937897417905,2.2639503322073127,2.2639503322073127
1057,seleccion_recalculada,retiro_votacion:20630,2.3534937897417905,2.2639503322073127,2.2639503322073127
1059,seleccion_recalculada,retiro_votacion:20630,1.0515337236696587,0.9051966410533677,0.9051966410533677
1062,seleccion_recalculada,retiro_votacion:20630,2.3534937897417905,2.2639503322073127,2.2639503322073127
1065,seleccion_recalculada,retiro_votacion:20630,-4.556495778761317,-4.350563413553836,-4.350563413553836
1067,seleccion_recalculada,retiro_votacion:20630,1.0515337236696587,0.9051966410533677,0.9051966410533677
1068,seleccion_recalculada,retiro_votacion:20630,2.3534937897417905,2.2639503322073127,2.2639503322073127
1073,seleccion_recalculada,retiro_votacion:20630,2.3534937897417905,2.2639503322073127,2.2639503322073127
1081,seleccion_recalculada,retiro_votacion:20630,0.7092823082215971,1.1295632469368369,1.1295632469368369
1087,seleccion_recalculada,retiro_votacion:20630,2.3534937897417905,2.2639503322073127,2.2639503322073127
1094,seleccion_recalculada,retiro_votacion:20630,-4.266148143082215,-4.049464790752278,-4.049464790752278
1096,seleccion_recalculada,retiro_votacion:20630,2.3534937897417905,2.2639503322073127,2.2639503322073127
1097,seleccion_recalculada,retiro_votacion:20630,2.3534937897417905,2.2639503322073127,2.2639503322073127
1098,seleccion_recalculada,retiro_votacion:20630,-4.068528759253856,-4.422865437208043,-4.422865437208043
1099,seleccion_recalculada,retiro_votacion:20630,2.138393922192036,2.0395837263238437,2.0395837263238437
1100,seleccion_recalculada,retiro_votacion:20630,-4.840979909801426,-4.6472320430915115,-4.6472320430915115
1101,seleccion_recalculada,retiro_votacion:20630,2.3534937897417905,2.2639503322073127,2.2639503322073127
1103,seleccion_recalculada,retiro_votacion:20630,2.3534937897417905,2.2639503322073127,2.2639503322073127
1104,seleccion_recalculada,retiro_votacion:20630,-4.840979909801426,-4.6472320430915115,-4.6472320430915115
1105,seleccion_recalculada,retiro_votacion:20630,2.3534937897417905,2.2639503322073127,2.2639503322073127
1106,seleccion_recalculada,retiro_votacion:20630,-1.2067446678950722,-0.864164074497597,-0.864164074497597
1108,seleccion_recalculada,retiro_votacion:20630,1.0515337236696587,0.9051966410533677,0.9051966410533677
1109,seleccion_recalculada,retiro_votacion:20630,-3.9934481078374646,-3.764766681947971,-3.764766681947971
1110,seleccion_recalculada,retiro_votacion:20630,2.3534937897417905,2.2639503322073127,2.2639503322073127
1111,seleccion_recalculada,retiro_votacion:20630,-4.625880042251671,-4.422865437208043,-4.422865437208043
1113,seleccion_recalculada,retiro_votacion:20630,-4.277932238877575,-4.0614353114856465,-4.0614353114856465
1114,seleccion_recalculada,retiro_votacion:20630,2.3534937897417905,2.2639503322073127,2.2639503322073127
1116,seleccion_recalculada,retiro_votacion:20630,2.3534937897417905,2.2639503322073127,2.2639503322073127
1117,seleccion_recalculada,retiro_votacion:20630,2.3534937897417905,2.2639503322073127,2.2639503322073127
1118,seleccion_recalculada,retiro_votacion:20630,2.3534937897417905,2.2639503322073127,2.2639503322073127
1119,seleccion_recalculada,retiro_votacion:20630,0.7670164069249841,0.6092862282139758,0.6092862282139758
1120,seleccion_recalculada,retiro_votacion:20630,1.0515337236696587,0.9051966410533677,0.9051966410533677
1121,seleccion_recalculada,retiro_votacion:20630,-4.56515137778665,-4.360323262793946,-4.360323262793946
1122,seleccion_recalculada,retiro_votacion:20630,2.3534937897417905,2.2639503322073127,2.2639503322073127
1123,seleccion_recalculada,retiro_votacion:20630,-4.840979909801426,-4.6472320430915115,-4.6472320430915115
1125,seleccion_recalculada,retiro_votacion:20630,2.3534937897417905,2.2639503322073127,2.2639503322073127
1126,seleccion_recalculada,retiro_votacion:20630,-4.625880042251671,-4.422865437208043,-4.422865437208043
1127,seleccion_recalculada,retiro_votacion:20630,2.3534937897417905,2.2639503322073127,2.2639503322073127
1128,seleccion_recalculada,retiro_votacion:20630,2.3534937897417905,2.2639503322073127,2.2639503322073127
1129,seleccion_recalculada,retiro_votacion:20630,2.3534937897417905,2.2639503322073127,2.2639503322073127
1131,seleccion_recalculada,retiro_votacion:20630,-2.939606748724399,-2.960761565275679,-2.960761565275679
1132,seleccion_recalculada,retiro_votacion:20630,-0.3678137137578991,0.009279818598018224,0.009279818598018224
1133,seleccion_recalculada,retiro_votacion:20630,-4.840979909801426,-4.6472320430915115,-4.6472320430915115
1135,seleccion_recalculada,retiro_votacion:20630,-4.625880042251671,-4.422865437208043,-4.422865437208043
1136,seleccion_recalculada,retiro_votacion:20630,0.18941182141537924,0.008912790571267853,0.008912790571267853
1139,seleccion_recalculada,retiro_votacion:20630,-4.625880042251671,-4.422865437208043,-4.422865437208043
1140,seleccion_recalculada,retiro_votacion:20630,-4.625880042251671,-4.422865437208043,-4.422865437208043
1142,seleccion_recalculada,retiro_votacion:20630,2.3534937897417905,2.2639503322073127,2.2639503322073127
1143,seleccion_recalculada,retiro_votacion:20630,-3.7170416230169634,-3.4756602840912647,-3.4756602840912647
1144,seleccion_recalculada,retiro_votacion:20630,-4.625880042251671,-4.422865437208043,-4.422865437208043
1146,seleccion_recalculada,retiro_votacion:20630,-4.840979909801426,-4.6472320430915115,-4.6472320430915115
1147,seleccion_recalculada,retiro_votacion:20630,2.3534937897417905,2.2639503322073127,2.2639503322073127
1148,seleccion_recalculada,retiro_votacion:20630,2.3534937897417905,2.2639503322073127,2.2639503322073127
1149,seleccion_recalculada,retiro_votacion:20630,1.0515337236696587,0.9051966410533677,0.9051966410533677
1153,seleccion_recalculada,retiro_votacion:20630,2.3534937897417905,2.2639503322073127,2.2639503322073127
1155,seleccion_recalculada,retiro_votacion:20630,2.083226601170324,1.981778723604781,1.981778723604781
1156,seleccion_recalculada,retiro_votacion:20630,2.3534937897417905,2.2639503322073127,2.2639503322073127
1159,seleccion_recalculada,retiro_votacion:20630,2.3534937897417905,2.2639503322073127,2.2639503322073127
1160,seleccion_recalculada,retiro_votacion:20630,2.3534937897417905,2.2639503322073127,2.2639503322073127
1161,seleccion_recalculada,retiro_votacion:20630,2.3534937897417905,2.2639503322073127,2.2639503322073127
1162,seleccion_recalculada,retiro_votacion:20630,2.3534937897417905,2.2639503322073127,2.2639503322073127
1163,seleccion_recalculada,retiro_votacion:20630,0.47695345259952254,0.3081634447676349,0.3081634447676349
1165,seleccion_recalculada,retiro_votacion:20630,-4.840979909801426,-4.6472320430915115,-4.6472320430915115
1166,seleccion_recalculada,retiro_votacion:20630,1.231780970238065,1.6790341516409728,1.6790341516409728
1167,seleccion_recalculada,retiro_votacion:20630,2.3534937897417905,2.2639503322073127,2.2639503322073127
1168,seleccion_recalculada,retiro_votacion:20630,2.3534937897417905,2.2639503322073127,2.2639503322073127
1169,seleccion_recalculada,retiro_votacion:20630,2.3534937897417905,2.2639503322073127,2.2639503322073127
1170,seleccion_recalculada,retiro_votacion:20630,-4.840979909801426,-4.6472320430915115,-4.6472320430915115
1171,seleccion_recalculada,retiro_votacion:20630,2.3534937897417905,2.2639503322073127,2.2639503322073127
1172,seleccion_recalculada,retiro_votacion:20630,-4.840979909801426,-4.6472320430915115,-4.6472320430915115
1173,seleccion_recalculada,retiro_votacion:20630,2.3534937897417905,2.2639503322073127,2.2639503322073127
1174,seleccion_recalculada,retiro_votacion:20630,-4.625880042251671,-4.422865437208043,-4.422865437208043
1175,seleccion_recalculada,retiro_votacion:20630,2.138393922192036,2.0395837263238437,2.0395837263238437
1176,seleccion_recalculada,retiro_votacion:20630,-4.625880042251671,-4.422865437208043,-4.422865437208043
1178,seleccion_recalculada,retiro_votacion:20630,2.138393922192036,2.0395837263238437,2.0395837263238437
1179,seleccion_recalculada,retiro_votacion:20630,2.3534937897417905,2.2639503322073127,2.2639503322073127
1180,seleccion_recalculada,retiro_votacion:20630,2.3534937897417905,2.2639503322073127,2.2639503322073127
1182,seleccion_recalculada,retiro_votacion:20630,2.3534937897417905,2.2639503322073127,2.2639503322073127
1183,seleccion_recalculada,retiro_votacion:20630,-4.625880042251671,-4.422865437208043,-4.422865437208043
803,seleccion_recalculada,retiro_votacion:20631,1.9232940546422812,1.8189899909052074,1.8189899909052074
815,seleccion_recalculada,retiro_votacion:20631,-4.625880042251671,-4.4161778661042055,-4.4161778661042055
917,seleccion_recalculada,retiro_votacion:20631,-4.840979909801426,-4.641769273889019,-4.641769273889019
948,seleccion_recalculada,retiro_votacion:20631,2.138393922192036,2.044581398690021,2.044581398690021
953,seleccion_recalculada,retiro_votacion:20631,1.0515337236696587,0.9057640955038637,0.9057640955038637
971,seleccion_recalculada,retiro_votacion:20631,1.0515337236696587,0.9057640955038637,0.9057640955038637
975,seleccion_recalculada,retiro_votacion:20631,2.3534937897417905,2.270172806474834,2.270172806474834
976,seleccion_recalculada,retiro_votacion:20631,-4.840979909801426,-4.641769273889019,-4.641769273889019
991,seleccion_recalculada,retiro_votacion:20631,2.3534937897417905,2.270172806474834,2.270172806474834
999,seleccion_recalculada,retiro_votacion:20631,1.2666335912194133,1.131355503288677,1.131355503288677
1003,seleccion_recalculada,retiro_votacion:20631,-4.840979909801426,-4.641769273889019,-4.641769273889019
1009,seleccion_recalculada,retiro_votacion:20631,-4.840979909801426,-4.641769273889019,-4.641769273889019
1012,seleccion_recalculada,retiro_votacion:20631,2.3534937897417905,2.270172806474834,2.270172806474834
1013,seleccion_recalculada,retiro_votacion:20631,2.3534937897417905,2.270172806474834,2.270172806474834
1016,seleccion_recalculada,retiro_votacion:20631,2.3534937897417905,2.270172806474834,2.270172806474834
1019,seleccion_recalculada,retiro_votacion:20631,-0.01682205644914018,-0.2101280908048942,-0.2101280908048942
1025,seleccion_recalculada,retiro_votacion:20631,-4.840979909801426,-4.641769273889019,-4.641769273889019
1028,seleccion_recalculada,retiro_votacion:20631,-2.9399358215577327,-2.656713627885435,-2.656713627885435
1034,seleccion_recalculada,retiro_votacion:20631,2.3534937897417905,2.270172806474834,2.270172806474834
1035,seleccion_recalculada,retiro_votacion:20631,2.3534937897417905,2.270172806474834,2.270172806474834
1036,seleccion_recalculada,retiro_votacion:20631,2.3534937897417905,2.270172806474834,2.270172806474834
1037,seleccion_recalculada,retiro_votacion:20631,2.3534937897417905,2.270172806474834,2.270172806474834
1038,seleccion_recalculada,retiro_votacion:20631,2.3534937897417905,2.270172806474834,2.270172806474834
1044,seleccion_recalculada,retiro_votacion:20631,2.3534937897417905,2.270172806474834,2.270172806474834
1046,seleccion_recalculada,retiro_votacion:20631,1.0515337236696587,0.9057640955038637,0.9057640955038637
1048,seleccion_recalculada,retiro_votacion:20631,2.3534937897417905,2.270172806474834,2.270172806474834
1049,seleccion_recalculada,retiro_votacion:20631,2.3534937897417905,2.270172806474834,2.270172806474834
1054,seleccion_recalculada,retiro_votacion:20631,0.465580325547265,0.29778553059443147,0.29778553059443147
1056,seleccion_recalculada,retiro_votacion:20631,2.3534937897417905,2.270172806474834,2.270172806474834
1057,seleccion_recalculada,retiro_votacion:20631,2.3534937897417905,2.270172806474834,2.270172806474834
1059,seleccion_recalculada,retiro_votacion:20631,1.0515337236696587,0.9057640955038637,0.9057640955038637
1062,seleccion_recalculada,retiro_votacion:20631,2.3534937897417905,2.270172806474834,2.270172806474834
1065,seleccion_recalculada,retiro_votacion:20631,-4.556495778761317,-4.345097960033834,-4.345097960033834
1067,seleccion_recalculada,retiro_votacion:20631,1.0515337236696587,0.9057640955038637,0.9057640955038637
1068,seleccion_recalculada,retiro_votacion:20631,2.3534937897417905,2.270172806474834,2.270172806474834
1073,seleccion_recalculada,retiro_votacion:20631,2.3534937897417905,2.270172806474834,2.270172806474834
1081,seleccion_recalculada,retiro_votacion:20631,0.7092823082215971,0.5500119157118686,0.5500119157118686
1087,seleccion_recalculada,retiro_votacion:20631,2.3534937897417905,2.270172806474834,2.270172806474834
1094,seleccion_recalculada,retiro_votacion:20631,-4.266148143082215,-4.641769273889019,-4.641769273889019
1096,seleccion_recalculada,retiro_votacion:20631,2.3534937897417905,2.270172806474834,2.270172806474834
1097,seleccion_recalculada,retiro_votacion:20631,2.3534937897417905,2.270172806474834,2.270172806474834
1098,seleccion_recalculada,retiro_votacion:20631,-4.068528759253856,-3.834834278527397,-3.834834278527397
1099,seleccion_recalculada,retiro_votacion:20631,2.138393922192036,2.044581398690021,2.044581398690021
1100,seleccion_recalculada,retiro_votacion:20631,-4.840979909801426,-4.641769273889019,-4.641769273889019
1101,seleccion_recalculada,retiro_votacion:20631,2.3534937897417905,2.270172806474834,2.270172806474834
1103,seleccion_recalculada,retiro_votacion:20631,2.3534937897417905,2.270172806474834,2.270172806474834
1104,seleccion_recalculada,retiro_votacion:20631,-4.840979909801426,-4.641769273889019,-4.641769273889019
1105,seleccion_recalculada,retiro_votacion:20631,2.3534937897417905,2.270172806474834,2.270172806474834
1106,seleccion_recalculada,retiro_votacion:20631,-1.2067446678950722,-0.8483141227304218,-0.8483141227304218
1108,seleccion_recalculada,retiro_votacion:20631,1.0515337236696587,0.9057640955038637,0.9057640955038637
1109,seleccion_recalculada,retiro_votacion:20631,-3.9934481078374646,-3.7587306447050945,-3.7587306447050945
1110,seleccion_recalculada,retiro_votacion:20631,2.3534937897417905,2.270172806474834,2.270172806474834
1111,seleccion_recalculada,retiro_votacion:20631,-4.625880042251671,-4.4161778661042055,-4.4161778661042055
1113,seleccion_recalculada,retiro_votacion:20631,-4.277932238877575,-4.055401958560281,-4.055401958560281
1114,seleccion_recalculada,retiro_votacion:20631,2.3534937897417905,2.270172806474834,2.270172806474834
1116,seleccion_recalculada,retiro_votacion:20631,2.3534937897417905,2.270172806474834,2.270172806474834
1117,seleccion_recalculada,retiro_votacion:20631,2.3534937897417905,2.270172806474834,2.270172806474834
1118,seleccion_recalculada,retiro_votacion:20631,2.3534937897417905,2.270172806474834,2.270172806474834
1119,seleccion_recalculada,retiro_votacion:20631,0.7670164069249841,0.6100580107163167,0.6100580107163167
1120,seleccion_recalculada,retiro_votacion:20631,1.0515337236696587,0.9057640955038637,0.9057640955038637
1121,seleccion_recalculada,retiro_votacion:20631,-4.56515137778665,-4.354270862398249,-4.354270862398249
1122,seleccion_recalculada,retiro_votacion:20631,2.3534937897417905,2.270172806474834,2.270172806474834
1123,seleccion_recalculada,retiro_votacion:20631,-4.840979909801426,-4.641769273889019,-4.641769273889019
1125,seleccion_recalculada,retiro_votacion:20631,2.3534937897417905,2.270172806474834,2.270172806474834
1126,seleccion_recalculada,retiro_votacion:20631,-4.625880042251671,-4.4161778661042055,-4.4161778661042055
1127,seleccion_recalculada,retiro_votacion:20631,2.3534937897417905,2.270172806474834,2.270172806474834
1128,seleccion_recalculada,retiro_votacion:20631,2.3534937897417905,2.270172806474834,2.270172806474834
1129,seleccion_recalculada,retiro_votacion:20631,2.3534937897417905,2.270172806474834,2.270172806474834
1131,seleccion_recalculada,retiro_votacion:20631,-2.939606748724399,-2.6563453765246132,-2.6563453765246132
1132,seleccion_recalculada,retiro_votacion:20631,-0.3678137137578991,-0.27520847680848526,-0.27520847680848526
1133,seleccion_recalculada,retiro_votacion:20631,-4.840979909801426,-4.641769273889019,-4.641769273889019
1135,seleccion_recalculada,retiro_votacion:20631,-4.625880042251671,-4.4161778661042055,-4.4161778661042055
1136,seleccion_recalculada,retiro_votacion:20631,0.18941182141537924,0.6059496031360939,0.6059496031360939
1139,seleccion_recalculada,retiro_votacion:20631,-4.625880042251671,-4.4161778661042055,-4.4161778661042055
1140,seleccion_recalculada,retiro_votacion:20631,-4.625880042251671,-4.4161778661042055,-4.4161778661042055
1142,seleccion_recalculada,retiro_votacion:20631,2.3534937897417905,2.270172806474834,2.270172806474834
1143,seleccion_recalculada,retiro_votacion:20631,-3.7170416230169634,-3.468243870104185,-3.468243870104185
1144,seleccion_recalculada,retiro_votacion:20631,-4.625880042251671,-4.4161778661042055,-4.4161778661042055
1146,seleccion_recalculada,retiro_votacion:20631,-4.840979909801426,-4.641769273889019,-4.641769273889019
1147,seleccion_recalculada,retiro_votacion:20631,2.3534937897417905,2.270172806474834,2.270172806474834
1148,seleccion_recalculada,retiro_votacion:20631,2.3534937897417905,2.270172806474834,2.270172806474834
1149,seleccion_recalculada,retiro_votacion:20631,1.0515337236696587,0.9057640955038637,0.9057640955038637
1153,seleccion_recalculada,retiro_votacion:20631,2.3534937897417905,2.270172806474834,2.270172806474834
1155,seleccion_recalculada,retiro_votacion:20631,2.083226601170324,1.986905068903565,1.986905068903565
1156,seleccion_recalculada,retiro_votacion:20631,2.3534937897417905,2.270172806474834,2.270172806474834
1159,seleccion_recalculada,retiro_votacion:20631,2.3534937897417905,2.270172806474834,2.270172806474834
1160,seleccion_recalculada,retiro_votacion:20631,2.3534937897417905,2.270172806474834,2.270172806474834
1161,seleccion_recalculada,retiro_votacion:20631,2.3534937897417905,2.270172806474834,2.270172806474834
1162,seleccion_recalculada,retiro_votacion:20631,2.3534937897417905,2.270172806474834,2.270172806474834
1163,seleccion_recalculada,retiro_votacion:20631,0.47695345259952254,0.3061351107683237,0.3061351107683237
1165,seleccion_recalculada,retiro_votacion:20631,-4.840979909801426,-4.641769273889019,-4.641769273889019
1166,seleccion_recalculada,retiro_votacion:20631,1.231780970238065,1.0993955415392076,1.0993955415392076
1167,seleccion_recalculada,retiro_votacion:20631,2.3534937897417905,2.270172806474834,2.270172806474834
1168,seleccion_recalculada,retiro_votacion:20631,2.3534937897417905,2.270172806474834,2.270172806474834
1169,seleccion_recalculada,retiro_votacion:20631,2.3534937897417905,2.270172806474834,2.270172806474834
1170,seleccion_recalculada,retiro_votacion:20631,-4.840979909801426,-4.641769273889019,-4.641769273889019
1171,seleccion_recalculada,retiro_votacion:20631,2.3534937897417905,2.270172806474834,2.270172806474834
1172,seleccion_recalculada,retiro_votacion:20631,-4.840979909801426,-4.641769273889019,-4.641769273889019
1173,seleccion_recalculada,retiro_votacion:20631,2.3534937897417905,2.270172806474834,2.270172806474834
1174,seleccion_recalculada,retiro_votacion:20631,-4.625880042251671,-4.4161778661042055,-4.4161778661042055
1175,seleccion_recalculada,retiro_votacion:20631,2.138393922192036,2.044581398690021,2.044581398690021
1176,seleccion_recalculada,retiro_votacion:20631,-4.625880042251671,-4.4161778661042055,-4.4161778661042055
1178,seleccion_recalculada,retiro_votacion:20631,2.138393922192036,2.044581398690021,2.044581398690021
1179,seleccion_recalculada,retiro_votacion:20631,2.3534937897417905,2.270172806474834,2.270172806474834
1180,seleccion_recalculada,retiro_votacion:20631,2.3534937897417905,2.270172806474834,2.270172806474834
1182,seleccion_recalculada,retiro_votacion:20631,2.3534937897417905,2.270172806474834,2.270172806474834
1183,seleccion_recalculada,retiro_votacion:20631,-4.625880042251671,-4.4161778661042055,-4.4161778661042055
803,seleccion_recalculada,retiro_votacion:20632,1.9232940546422812,1.8280339708208586,1.8280339708208586
815,seleccion_recalculada,retiro_votacion:20632,-4.625880042251671,-4.405917584163405,-4.405917584163405
917,seleccion_recalculada,retiro_votacion:20632,-4.840979909801426,-4.632241494483918,-4.632241494483918
948,seleccion_recalculada,retiro_votacion:20632,2.138393922192036,2.0543578811413714,2.0543578811413714
953,seleccion_recalculada,retiro_votacion:20632,1.0515337236696587,0.9051732861539177,0.9051732861539177
971,seleccion_recalculada,retiro_votacion:20632,1.0515337236696587,0.9051732861539177,0.9051732861539177
975,seleccion_recalculada,retiro_votacion:20632,2.3534937897417905,2.2806817914618844,2.2806817914618844
976,seleccion_recalculada,retiro_votacion:20632,-4.840979909801426,-4.632241494483918,-4.632241494483918
991,seleccion_recalculada,retiro_votacion:20632,2.3534937897417905,2.2806817914618844,2.2806817914618844
999,seleccion_recalculada,retiro_votacion:20632,1.2666335912194133,1.1314971964744307,1.1314971964744307
1003,seleccion_recalculada,retiro_votacion:20632,-4.840979909801426,-4.632241494483918,-4.632241494483918
1009,seleccion_recalculada,retiro_votacion:20632,-4.840979909801426,-4.632241494483918,-4.632241494483918
1012,seleccion_recalculada,retiro_votacion:20632,2.3534937897417905,2.2806817914618844,2.2806817914618844
1013,seleccion_recalculada,retiro_votacion:20632,2.3534937897417905,2.2806817914618844,2.2806817914618844
1016,seleccion_recalculada,retiro_votacion:20632,2.3534937897417905,2.2806817914618844,2.2806817914618844
1019,seleccion_recalculada,retiro_votacion:20632,-0.01682205644914018,-0.2140865157620687,-0.2140865157620687
1025,seleccion_recalculada,retiro_votacion:20632,-4.840979909801426,-4.632241494483918,-4.632241494483918
1028,seleccion_recalculada,retiro_votacion:20632,-2.9399358215577327,-2.646019549787726,-2.646019549787726
1034,seleccion_recalculada,retiro_votacion:20632,2.3534937897417905,2.2806817914618844,2.2806817914618844
1035,seleccion_recalculada,retiro_votacion:20632,2.3534937897417905,2.2806817914618844,2.2806817914618844
1036,seleccion_recalculada,retiro_votacion:20632,2.3534937897417905,2.2806817914618844,2.2806817914618844
1037,seleccion_recalculada,retiro_votacion:20632,2.3534937897417905,2.2806817914618844,2.2806817914618844
1038,seleccion_recalculada,retiro_votacion:20632,2.3534937897417905,2.2806817914618844,2.2806817914618844
1044,seleccion_recalculada,retiro_votacion:20632,2.3534937897417905,2.2806817914618844,2.2806817914618844
1046,seleccion_recalculada,retiro_votacion:20632,1.0515337236696587,0.9051732861539177,0.9051732861539177
1048,seleccion_recalculada,retiro_votacion:20632,2.3534937897417905,2.2806817914618844,2.2806817914618844
1049,seleccion_recalculada,retiro_votacion:20632,2.3534937897417905,2.2806817914618844,2.2806817914618844
1054,seleccion_recalculada,retiro_votacion:20632,0.465580325547265,0.30255140245151113,0.30255140245151113
1056,seleccion_recalculada,retiro_votacion:20632,2.3534937897417905,2.2806817914618844,2.2806817914618844
1057,seleccion_recalculada,retiro_votacion:20632,2.3534937897417905,2.2806817914618844,2.2806817914618844
1059,seleccion_recalculada,retiro_votacion:20632,1.0515337236696587,0.9051732861539177,0.9051732861539177
1062,seleccion_recalculada,retiro_votacion:20632,2.3534937897417905,2.2806817914618844,2.2806817914618844
1065,seleccion_recalculada,retiro_votacion:20632,-4.556495778761317,-4.33628683842386,-4.33628683842386
1067,seleccion_recalculada,retiro_votacion:20632,1.0515337236696587,0.9051732861539177,0.9051732861539177
1068,seleccion_recalculada,retiro_votacion:20632,2.3534937897417905,2.2806817914618844,2.2806817914618844
1073,seleccion_recalculada,retiro_votacion:20632,2.3534937897417905,2.2806817914618844,2.2806817914618844
1081,seleccion_recalculada,retiro_votacion:20632,0.7092823082215971,0.5475396296958841,0.5475396296958841
1087,seleccion_recalculada,retiro_votacion:20632,2.3534937897417905,2.2806817914618844,2.2806817914618844
1094,seleccion_recalculada,retiro_votacion:20632,-4.266148143082215,-4.031878329135864,-4.031878329135864
1096,seleccion_recalculada,retiro_votacion:20632,2.3534937897417905,2.2806817914618844,2.2806817914618844
1097,seleccion_recalculada,retiro_votacion:20632,2.3534937897417905,2.2806817914618844,2.2806817914618844
1098,seleccion_recalculada,retiro_votacion:20632,-4.068528759253856,-3.821960017384859,-3.821960017384859
1099,seleccion_recalculada,retiro_votacion:20632,2.138393922192036,2.0543578811413714,2.0543578811413714
1100,seleccion_recalculada,retiro_votacion:20632,-4.840979909801426,-4.632241494483918,-4.632241494483918
1101,seleccion_recalculada,retiro_votacion:20632,2.3534937897417905,2.2806817914618844,2.2806817914618844
1103,seleccion_recalculada,retiro_votacion:20632,2.3534937897417905,2.2806817914618844,2.2806817914618844
1104,seleccion_recalculada,retiro_votacion:20632,-4.840979909801426,-4.632241494483918,-4.632241494483918
1105,seleccion_recalculada,retiro_votacion:20632,2.3534937897417905,2.2806817914618844,2.2806817914618844
1106,seleccion_recalculada,retiro_votacion:20632,-1.2067446678950722,-1.454416408397032,-1.454416408397032
1108,seleccion_recalculada,retiro_votacion:20632,1.0515337236696587,0.9051732861539177,0.9051732861539177
1109,seleccion_recalculada,retiro_votacion:20632,-3.9934481078374646,-3.7486523572116854,-3.7486523572116854
1110,seleccion_recalculada,retiro_votacion:20632,2.3534937897417905,2.2806817914618844,2.2806817914618844
1111,seleccion_recalculada,retiro_votacion:20632,-4.625880042251671,-4.405917584163405,-4.405917584163405
1113,seleccion_recalculada,retiro_votacion:20632,-4.277932238877575,-4.044607013271743,-4.044607013271743
1114,seleccion_recalculada,retiro_votacion:20632,2.3534937897417905,2.2806817914618844,2.2806817914618844
1116,seleccion_recalculada,retiro_votacion:20632,2.3534937897417905,2.2806817914618844,2.2806817914618844
1117,seleccion_recalculada,retiro_votacion:20632,2.3534937897417905,2.2806817914618844,2.2806817914618844
1118,seleccion_recalculada,retiro_votacion:20632,2.3534937897417905,2.2806817914618844,2.2806817914618844
1119,seleccion_recalculada,retiro_votacion:20632,0.7670164069249841,0.6121695623045462,0.6121695623045462
1120,seleccion_recalculada,retiro_votacion:20632,1.0515337236696587,0.9051732861539177,0.9051732861539177
1121,seleccion_recalculada,retiro_votacion:20632,-4.56515137778665,-4.344118175320641,-4.344118175320641
1122,seleccion_recalculada,retiro_votacion:20632,2.3534937897417905,2.2806817914618844,2.2806817914618844
1123,seleccion_recalculada,retiro_votacion:20632,-4.840979909801426,-4.632241494483918,-4.632241494483918
1125,seleccion_recalculada,retiro_votacion:20632,2.3534937897417905,2.2806817914618844,2.2806817914618844
1126,seleccion_recalculada,retiro_votacion:20632,-4.625880042251671,-4.405917584163405,-4.405917584163405
1127,seleccion_recalculada,retiro_votacion:20632,2.3534937897417905,2.2806817914618844,2.2806817914618844
1128,seleccion_recalculada,retiro_votacion:20632,2.3534937897417905,2.2806817914618844,2.2806817914618844
1129,seleccion_recalculada,retiro_votacion:20632,2.3534937897417905,2.2806817914618844,2.2806817914618844
1131,seleccion_recalculada,retiro_votacion:20632,-2.939606748724399,-2.64565383912525,-2.64565383912525
1132,seleccion_recalculada,retiro_votacion:20632,-0.3678137137578991,-0.5799229715048557,-0.5799229715048557
1133,seleccion_recalculada,retiro_votacion:20632,-4.840979909801426,-4.632241494483918,-4.632241494483918
1135,seleccion_recalculada,retiro_votacion:20632,-4.625880042251671,-4.405917584163405,-4.405917584163405
1136,seleccion_recalculada,retiro_votacion:20632,0.18941182141537924,0.004331566702763957,0.004331566702763957
1139,seleccion_recalculada,retiro_votacion:20632,-4.625880042251671,-4.405917584163405,-4.405917584163405
1140,seleccion_recalculada,retiro_votacion:20632,-4.625880042251671,-4.405917584163405,-4.405917584163405
1142,seleccion_recalculada,retiro_votacion:20632,2.3534937897417905,2.2806817914618844,2.2806817914618844
1143,seleccion_recalculada,retiro_votacion:20632,-3.7170416230169634,-3.4615882482166143,-3.4615882482166143
1144,seleccion_recalculada,retiro_votacion:20632,-4.625880042251671,-4.405917584163405,-4.405917584163405
1146,seleccion_recalculada,retiro_votacion:20632,-4.840979909801426,-4.632241494483918,-4.632241494483918
1147,seleccion_recalculada,retiro_votacion:20632,2.3534937897417905,2.2806817914618844,2.2806817914618844
1148,seleccion_recalculada,retiro_votacion:20632,2.3534937897417905,2.2806817914618844,2.2806817914618844
1149,seleccion_recalculada,retiro_votacion:20632,1.0515337236696587,0.9051732861539177,0.9051732861539177
1153,seleccion_recalculada,retiro_votacion:20632,2.3534937897417905,2.2806817914618844,2.2806817914618844
1155,seleccion_recalculada,retiro_votacion:20632,2.083226601170324,1.9948341332059647,1.9948341332059647
1156,seleccion_recalculada,retiro_votacion:20632,2.3534937897417905,2.2806817914618844,2.2806817914618844
1159,seleccion_recalculada,retiro_votacion:20632,2.3534937897417905,2.2806817914618844,2.2806817914618844
1160,seleccion_recalculada,retiro_votacion:20632,2.3534937897417905,2.2806817914618844,2.2806817914618844
1161,seleccion_recalculada,retiro_votacion:20632,2.3534937897417905,2.2806817914618844,2.2806817914618844
1162,seleccion_recalculada,retiro_votacion:20632,2.3534937897417905,2.2806817914618844,2.2806817914618844
1163,seleccion_recalculada,retiro_votacion:20632,0.47695345259952254,0.30421617794771744,0.30421617794771744
1165,seleccion_recalculada,retiro_votacion:20632,-4.840979909801426,-4.632241494483918,-4.632241494483918
1166,seleccion_recalculada,retiro_votacion:20632,1.231780970238065,1.1087427155105851,1.1087427155105851
1167,seleccion_recalculada,retiro_votacion:20632,2.3534937897417905,2.2806817914618844,2.2806817914618844
1168,seleccion_recalculada,retiro_votacion:20632,2.3534937897417905,2.2806817914618844,2.2806817914618844
1169,seleccion_recalculada,retiro_votacion:20632,2.3534937897417905,2.2806817914618844,2.2806817914618844
1170,seleccion_recalculada,retiro_votacion:20632,-4.840979909801426,-4.632241494483918,-4.632241494483918
1171,seleccion_recalculada,retiro_votacion:20632,2.3534937897417905,2.2806817914618844,2.2806817914618844
1172,seleccion_recalculada,retiro_votacion:20632,-4.840979909801426,-4.632241494483918,-4.632241494483918
1173,seleccion_recalculada,retiro_votacion:20632,2.3534937897417905,2.2806817914618844,2.2806817914618844
1174,seleccion_recalculada,retiro_votacion:20632,-4.625880042251671,-4.405917584163405,-4.405917584163405
1175,seleccion_recalculada,retiro_votacion:20632,2.138393922192036,2.0543578811413714,2.0543578811413714
1176,seleccion_recalculada,retiro_votacion:20632,-4.625880042251671,-4.405917584163405,-4.405917584163405
1178,seleccion_recalculada,retiro_votacion:20632,2.138393922192036,2.0543578811413714,2.0543578811413714
1179,seleccion_recalculada,retiro_votacion:20632,2.3534937897417905,2.2806817914618844,2.2806817914618844
1180,seleccion_recalculada,retiro_votacion:20632,2.3534937897417905,2.2806817914618844,2.2806817914618844
1182,seleccion_recalculada,retiro_votacion:20632,2.3534937897417905,2.2806817914618844,2.2806817914618844
1183,seleccion_recalculada,retiro_votacion:20632,-4.625880042251671,-4.405917584163405,-4.405917584163405
803,seleccion_recalculada,retiro_votacion:20633,1.9232940546422812,1.8396251407349171,1.8396251407349171
815,seleccion_recalculada,retiro_votacion:20633,-4.625880042251671,-4.396220663408392,-4.396220663408392
917,seleccion_recalculada,retiro_votacion:20633,-4.840979909801426,-4.621611298154789,-4.621611298154789
948,seleccion_recalculada,retiro_votacion:20633,2.138393922192036,2.0650157754813145,2.0650157754813145
953,seleccion_recalculada,retiro_votacion:20633,1.0515337236696587,0.9205162109895205,0.9205162109895205
971,seleccion_recalculada,retiro_votacion:20633,1.0515337236696587,0.9205162109895205,0.9205162109895205
975,seleccion_recalculada,retiro_votacion:20633,2.3534937897417905,2.2904064102277117,2.2904064102277117
976,seleccion_recalculada,retiro_votacion:20633,-4.840979909801426,-4.621611298154789,-4.621611298154789
991,seleccion_recalculada,retiro_votacion:20633,2.3534937897417905,2.2904064102277117,2.2904064102277117
999,seleccion_recalculada,retiro_votacion:20633,1.2666335912194133,1.1459068457359176,1.1459068457359176
1003,seleccion_recalculada,retiro_votacion:20633,-4.840979909801426,-4.621611298154789,-4.621611298154789
1009,seleccion_recalculada,retiro_votacion:20633,-4.840979909801426,-4.621611298154789,-4.621611298154789
1012,seleccion_recalculada,retiro_votacion:20633,2.3534937897417905,2.2904064102277117,2.2904064102277117
1013,seleccion_recalculada,retiro_votacion:20633,2.3534937897417905,2.2904064102277117,2.2904064102277117
1016,seleccion_recalculada,retiro_votacion:20633,2.3534937897417905,2.2904064102277117,2.2904064102277117
1019,seleccion_recalculada,retiro_votacion:20633,-0.01682205644914018,-0.1934906582484305,-0.1934906582484305
1025,seleccion_recalculada,retiro_votacion:20633,-4.840979909801426,-4.621611298154789,-4.621611298154789
1028,seleccion_recalculada,retiro_votacion:20633,-2.9399358215577327,-2.9359805789021434,-2.9359805789021434
1034,seleccion_recalculada,retiro_votacion:20633,2.3534937897417905,2.2904064102277117,2.2904064102277117
1035,seleccion_recalculada,retiro_votacion:20633,2.3534937897417905,2.2904064102277117,2.2904064102277117
1036,seleccion_recalculada,retiro_votacion:20633,2.3534937897417905,2.2904064102277117,2.2904064102277117
1037,seleccion_recalculada,retiro_votacion:20633,2.3534937897417905,2.2904064102277117,2.2904064102277117
1038,seleccion_recalculada,retiro_votacion:20633,2.3534937897417905,2.2904064102277117,2.2904064102277117
1044,seleccion_recalculada,retiro_votacion:20633,2.3534937897417905,2.2904064102277117,2.2904064102277117
1046,seleccion_recalculada,retiro_votacion:20633,1.0515337236696587,0.9205162109895205,0.9205162109895205
1048,seleccion_recalculada,retiro_votacion:20633,2.3534937897417905,2.2904064102277117,2.2904064102277117
1049,seleccion_recalculada,retiro_votacion:20633,2.3534937897417905,2.2904064102277117,2.2904064102277117
1054,seleccion_recalculada,retiro_votacion:20633,0.465580325547265,0.32037718319748365,0.32037718319748365
1056,seleccion_recalculada,retiro_votacion:20633,2.3534937897417905,2.2904064102277117,2.2904064102277117
1057,seleccion_recalculada,retiro_votacion:20633,2.3534937897417905,2.2904064102277117,2.2904064102277117
1059,seleccion_recalculada,retiro_votacion:20633,1.0515337236696587,0.9205162109895205,0.9205162109895205
1062,seleccion_recalculada,retiro_votacion:20633,2.3534937897417905,2.2904064102277117,2.2904064102277117
1065,seleccion_recalculada,retiro_votacion:20633,-4.556495778761317,-4.32628090314294,-4.32628090314294
1067,seleccion_recalculada,retiro_votacion:20633,1.0515337236696587,0.9205162109895205,0.9205162109895205
1068,seleccion_recalculada,retiro_votacion:20633,2.3534937897417905,2.2904064102277117,2.2904064102277117
1073,seleccion_recalculada,retiro_votacion:20633,2.3534937897417905,2.2904064102277117,2.2904064102277117
1081,seleccion_recalculada,retiro_votacion:20633,0.7092823082215971,0.5647670102101964,0.5647670102101964
1087,seleccion_recalculada,retiro_votacion:20633,2.3534937897417905,2.2904064102277117,2.2904064102277117
1094,seleccion_recalculada,retiro_votacion:20633,-4.266148143082215,-4.022762345972472,-4.022762345972472
1096,seleccion_recalculada,retiro_votacion:20633,2.3534937897417905,2.2904064102277117,2.2904064102277117
1097,seleccion_recalculada,retiro_votacion:20633,2.3534937897417905,2.2904064102277117,2.2904064102277117
1098,seleccion_recalculada,retiro_votacion:20633,-4.068528759253856,-3.815080827882671,-3.815080827882671
1099,seleccion_recalculada,retiro_votacion:20633,2.138393922192036,2.0650157754813145,2.0650157754813145
1100,seleccion_recalculada,retiro_votacion:20633,-4.840979909801426,-4.621611298154789,-4.621611298154789
1101,seleccion_recalculada,retiro_votacion:20633,2.3534937897417905,2.2904064102277117,2.2904064102277117
1103,seleccion_recalculada,retiro_votacion:20633,2.3534937897417905,2.2904064102277117,2.2904064102277117
1104,seleccion_recalculada,retiro_votacion:20633,-4.840979909801426,-4.621611298154789,-4.621611298154789
1105,seleccion_recalculada,retiro_votacion:20633,2.3534937897417905,2.2904064102277117,2.2904064102277117
1106,seleccion_recalculada,retiro_votacion:20633,-1.2067446678950722,-1.4308092214493289,-1.4308092214493289
1108,seleccion_recalculada,retiro_votacion:20633,1.0515337236696587,0.9205162109895205,0.9205162109895205
1109,seleccion_recalculada,retiro_votacion:20633,-3.9934481078374646,-3.740612580777534,-3.740612580777534
1110,seleccion_recalculada,retiro_votacion:20633,2.3534937897417905,2.2904064102277117,2.2904064102277117
1111,seleccion_recalculada,retiro_votacion:20633,-4.625880042251671,-4.396220663408392,-4.396220663408392
1113,seleccion_recalculada,retiro_votacion:20633,-4.277932238877575,-4.035942975789385,-4.035942975789385
1114,seleccion_recalculada,retiro_votacion:20633,2.3534937897417905,2.2904064102277117,2.2904064102277117
1116,seleccion_recalculada,retiro_votacion:20633,2.3534937897417905,2.2904064102277117,2.2904064102277117
1117,seleccion_recalculada,retiro_votacion:20633,2.3534937897417905,2.2904064102277117,2.2904064102277117
1118,seleccion_recalculada,retiro_votacion:20633,2.3534937897417905,2.2904064102277117,2.2904064102277117
1119,seleccion_recalculada,retiro_votacion:20633,0.7670164069249841,0.6298373675440577,0.6298373675440577
1120,seleccion_recalculada,retiro_votacion:20633,1.0515337236696587,0.9205162109895205,0.9205162109895205
1121,seleccion_recalculada,retiro_votacion:20633,-4.56515137778665,-4.334745860685933,-4.334745860685933
1122,seleccion_recalculada,retiro_votacion:20633,2.3534937897417905,2.2904064102277117,2.2904064102277117
1123,seleccion_recalculada,retiro_votacion:20633,-4.840979909801426,-4.621611298154789,-4.621611298154789
1125,seleccion_recalculada,retiro_votacion:20633,2.3534937897417905,2.2904064102277117,2.2904064102277117
1126,seleccion_recalculada,retiro_votacion:20633,-4.625880042251671,-4.396220663408392,-4.396220663408392
1127,seleccion_recalculada,retiro_votacion:20633,2.3534937897417905,2.2904064102277117,2.2904064102277117
1128,seleccion_recalculada,retiro_votacion:20633,2.3534937897417905,2.2904064102277117,2.2904064102277117
1129,seleccion_recalculada,retiro_votacion:20633,2.3534937897417905,2.2904064102277117,2.2904064102277117
1131,seleccion_recalculada,retiro_votacion:20633,-2.939606748724399,-2.934979193313316,-2.934979193313316
1132,seleccion_recalculada,retiro_votacion:20633,-0.3678137137578991,-0.5580944173560525,-0.5580944173560525
1133,seleccion_recalculada,retiro_votacion:20633,-4.840979909801426,-4.621611298154789,-4.621611298154789
1135,seleccion_recalculada,retiro_votacion:20633,-4.625880042251671,-4.396220663408392,-4.396220663408392
1136,seleccion_recalculada,retiro_votacion:20633,0.18941182141537924,0.022644100442856474,0.022644100442856474
1139,seleccion_recalculada,retiro_votacion:20633,-4.625880042251671,-4.396220663408392,-4.396220663408392
1140,seleccion_recalculada,retiro_votacion:20633,-4.625880042251671,-4.396220663408392,-4.396220663408392
1142,seleccion_recalculada,retiro_votacion:20633,2.3534937897417905,2.2904064102277117,2.2904064102277117
1143,seleccion_recalculada,retiro_votacion:20633,-3.7170416230169634,-4.038831112833433,-4.038831112833433
1144,seleccion_recalculada,retiro_votacion:20633,-4.625880042251671,-4.396220663408392,-4.396220663408392
1146,seleccion_recalculada,retiro_votacion:20633,-4.840979909801426,-4.621611298154789,-4.621611298154789
1147,seleccion_recalculada,retiro_votacion:20633,2.3534937897417905,2.2904064102277117,2.2904064102277117
1148,seleccion_recalculada,retiro_votacion:20633,2.3534937897417905,2.2904064102277117,2.2904064102277117
1149,seleccion_recalculada,retiro_votacion:20633,1.0515337236696587,0.9205162109895205,0.9205162109895205
1153,seleccion_recalculada,retiro_votacion:20633,2.3534937897417905,2.2904064102277117,2.2904064102277117
1155,seleccion_recalculada,retiro_votacion:20633,2.083226601170324,2.005733314665888,2.005733314665888
1156,seleccion_recalculada,retiro_votacion:20633,2.3534937897417905,2.2904064102277117,2.2904064102277117
1159,seleccion_recalculada,retiro_votacion:20633,2.3534937897417905,2.2904064102277117,2.2904064102277117
1160,seleccion_recalculada,retiro_votacion:20633,2.3534937897417905,2.2904064102277117,2.2904064102277117
1161,seleccion_recalculada,retiro_votacion:20633,2.3534937897417905,2.2904064102277117,2.2904064102277117
1162,seleccion_recalculada,retiro_votacion:20633,2.3534937897417905,2.2904064102277117,2.2904064102277117
1163,seleccion_recalculada,retiro_votacion:20633,0.47695345259952254,0.32246989426082723,0.32246989426082723
1165,seleccion_recalculada,retiro_votacion:20633,-4.840979909801426,-4.621611298154789,-4.621611298154789
1166,seleccion_recalculada,retiro_votacion:20633,1.231780970238065,1.1244836182029785,1.1244836182029785
1167,seleccion_recalculada,retiro_votacion:20633,2.3534937897417905,2.2904064102277117,2.2904064102277117
1168,seleccion_recalculada,retiro_votacion:20633,2.3534937897417905,2.2904064102277117,2.2904064102277117
1169,seleccion_recalculada,retiro_votacion:20633,2.3534937897417905,2.2904064102277117,2.2904064102277117
1170,seleccion_recalculada,retiro_votacion:20633,-4.840979909801426,-4.621611298154789,-4.621611298154789
1171,seleccion_recalculada,retiro_votacion:20633,2.3534937897417905,2.2904064102277117,2.2904064102277117
1172,seleccion_recalculada,retiro_votacion:20633,-4.840979909801426,-4.621611298154789,-4.621611298154789
1173,seleccion_recalculada,retiro_votacion:20633,2.3534937897417905,2.2904064102277117,2.2904064102277117
1174,seleccion_recalculada,retiro_votacion:20633,-4.625880042251671,-4.396220663408392,-4.396220663408392
1175,seleccion_recalculada,retiro_votacion:20633,2.138393922192036,2.0650157754813145,2.0650157754813145
1176,seleccion_recalculada,retiro_votacion:20633,-4.625880042251671,-4.396220663408392,-4.396220663408392
1178,seleccion_recalculada,retiro_votacion:20633,2.138393922192036,2.0650157754813145,2.0650157754813145
1179,seleccion_recalculada,retiro_votacion:20633,2.3534937897417905,2.2904064102277117,2.2904064102277117
1180,seleccion_recalculada,retiro_votacion:20633,2.3534937897417905,2.2904064102277117,2.2904064102277117
1182,seleccion_recalculada,retiro_votacion:20633,2.3534937897417905,2.2904064102277117,2.2904064102277117
1183,seleccion_recalculada,retiro_votacion:20633,-4.625880042251671,-4.396220663408392,-4.396220663408392
803,seleccion_recalculada,retiro_votacion:20634,1.9232940546422812,1.8318882617739067,1.8318882617739067
815,seleccion_recalculada,retiro_votacion:20634,-4.625880042251671,-4.404087587418903,-4.404087587418903
917,seleccion_recalculada,retiro_votacion:20634,-4.840979909801426,-4.6294117269745225,-4.6294117269745225
948,seleccion_recalculada,retiro_votacion:20634,2.138393922192036,2.0572124013295263,2.0572124013295263
953,seleccion_recalculada,retiro_votacion:20634,1.0515337236696587,0.9104477792511491,0.9104477792511491
971,seleccion_recalculada,retiro_votacion:20634,1.0515337236696587,0.9104477792511491,0.9104477792511491
975,seleccion_recalculada,retiro_votacion:20634,2.3534937897417905,2.2825365408851463,2.2825365408851463
976,seleccion_recalculada,retiro_votacion:20634,-4.840979909801426,-4.6294117269745225,-4.6294117269745225
991,seleccion_recalculada,retiro_votacion:20634,2.3534937897417905,2.2825365408851463,2.2825365408851463
999,seleccion_recalculada,retiro_votacion:20634,1.2666335912194133,1.1357719188067688,1.1357719188067688
1003,seleccion_recalculada,retiro_votacion:20634,-4.840979909801426,-4.6294117269745225,-4.6294117269745225
1009,seleccion_recalculada,retiro_votacion:20634,-4.840979909801426,-4.6294117269745225,-4.6294117269745225
1012,seleccion_recalculada,retiro_votacion:20634,2.3534937897417905,2.2825365408851463,2.2825365408851463
1013,seleccion_recalculada,retiro_votacion:20634,2.3534937897417905,2.2825365408851463,2.2825365408851463
1016,seleccion_recalculada,retiro_votacion:20634,2.3534937897417905,2.2825365408851463,2.2825365408851463
1019,seleccion_recalculada,retiro_votacion:20634,-0.01682205644914018,-0.20203193987046067,-0.20203193987046067
1025,seleccion_recalculada,retiro_votacion:20634,-4.840979909801426,-4.6294117269745225,-4.6294117269745225
1028,seleccion_recalculada,retiro_votacion:20634,-2.9399358215577327,-2.9459116726767722,-2.9459116726767722
1034,seleccion_recalculada,retiro_votacion:20634,2.3534937897417905,2.2825365408851463,2.2825365408851463
1035,seleccion_recalculada,retiro_votacion:20634,2.3534937897417905,2.2825365408851463,2.2825365408851463
1036,seleccion_recalculada,retiro_votacion:20634,2.3534937897417905,2.2825365408851463,2.2825365408851463
1037,seleccion_recalculada,retiro_votacion:20634,2.3534937897417905,2.2825365408851463,2.2825365408851463
1038,seleccion_recalculada,retiro_votacion:20634,2.3534937897417905,2.2825365408851463,2.2825365408851463
1044,seleccion_recalculada,retiro_votacion:20634,2.3534937897417905,2.2825365408851463,2.2825365408851463
1046,seleccion_recalculada,retiro_votacion:20634,1.0515337236696587,0.9104477792511491,0.9104477792511491
1048,seleccion_recalculada,retiro_votacion:20634,2.3534937897417905,2.2825365408851463,2.2825365408851463
1049,seleccion_recalculada,retiro_votacion:20634,2.3534937897417905,2.2825365408851463,2.2825365408851463
1054,seleccion_recalculada,retiro_votacion:20634,0.465580325547265,0.30958380736598073,0.30958380736598073
1056,seleccion_recalculada,retiro_votacion:20634,2.3534937897417905,2.2825365408851463,2.2825365408851463
1057,seleccion_recalculada,retiro_votacion:20634,2.3534937897417905,2.2825365408851463,2.2825365408851463
1059,seleccion_recalculada,retiro_votacion:20634,1.0515337236696587,0.9104477792511491,0.9104477792511491
1062,seleccion_recalculada,retiro_votacion:20634,2.3534937897417905,2.2825365408851463,2.2825365408851463
1065,seleccion_recalculada,retiro_votacion:20634,-4.556495778761317,-4.33385989360292,-4.33385989360292
1067,seleccion_recalculada,retiro_votacion:20634,1.0515337236696587,0.9104477792511491,0.9104477792511491
1068,seleccion_recalculada,retiro_votacion:20634,2.3534937897417905,2.2825365408851463,2.2825365408851463
1073,seleccion_recalculada,retiro_votacion:20634,2.3534937897417905,2.2825365408851463,2.2825365408851463
1081,seleccion_recalculada,retiro_votacion:20634,0.7092823082215971,0.5573648663749295,0.5573648663749295
1087,seleccion_recalculada,retiro_votacion:20634,2.3534937897417905,2.2825365408851463,2.2825365408851463
1094,seleccion_recalculada,retiro_votacion:20634,-4.266148143082215,-4.030035394571116,-4.030035394571116
1096,seleccion_recalculada,retiro_votacion:20634,2.3534937897417905,2.2825365408851463,2.2825365408851463
1097,seleccion_recalculada,retiro_votacion:20634,2.3534937897417905,2.2825365408851463,2.2825365408851463
1098,seleccion_recalculada,retiro_votacion:20634,-4.068528759253856,-3.8256805349870637,-3.8256805349870637
1099,seleccion_recalculada,retiro_votacion:20634,2.138393922192036,2.0572124013295263,2.0572124013295263
1100,seleccion_recalculada,retiro_votacion:20634,-4.840979909801426,-4.6294117269745225,-4.6294117269745225
1101,seleccion_recalculada,retiro_votacion:20634,2.3534937897417905,2.2825365408851463,2.2825365408851463
1103,seleccion_recalculada,retiro_votacion:20634,2.3534937897417905,2.2825365408851463,2.2825365408851463
1104,seleccion_recalculada,retiro_votacion:20634,-4.840979909801426,-4.6294117269745225,-4.6294117269745225
1105,seleccion_recalculada,retiro_votacion:20634,2.3534937897417905,2.2825365408851463,2.2825365408851463
1106,seleccion_recalculada,retiro_votacion:20634,-1.2067446678950722,-1.438933696798532,-1.438933696798532
1108,seleccion_recalculada,retiro_votacion:20634,1.0515337236696587,0.9104477792511491,0.9104477792511491
1109,seleccion_recalculada,retiro_votacion:20634,-3.9934481078374646,-3.7480608479957023,-3.7480608479957023
1110,seleccion_recalculada,retiro_votacion:20634,2.3534937897417905,2.2825365408851463,2.2825365408851463
1111,seleccion_recalculada,retiro_votacion:20634,-4.625880042251671,-4.404087587418903,-4.404087587418903
1113,seleccion_recalculada,retiro_votacion:20634,-4.277932238877575,-4.043612681367304,-4.043612681367304
1114,seleccion_recalculada,retiro_votacion:20634,2.3534937897417905,2.2825365408851463,2.2825365408851463
1116,seleccion_recalculada,retiro_votacion:20634,2.3534937897417905,2.2825365408851463,2.2825365408851463
1117,seleccion_recalculada,retiro_votacion:20634,2.3534937897417905,2.2825365408851463,2.2825365408851463
1118,seleccion_recalculada,retiro_votacion:20634,2.3534937897417905,2.2825365408851463,2.2825365408851463
1119,seleccion_recalculada,retiro_votacion:20634,0.7670164069249841,0.6189327592351914,0.6189327592351914
1120,seleccion_recalculada,retiro_votacion:20634,1.0515337236696587,0.9104477792511491,0.9104477792511491
1121,seleccion_recalculada,retiro_votacion:20634,-4.56515137778665,-4.342658353807273,-4.342658353807273
1122,seleccion_recalculada,retiro_votacion:20634,2.3534937897417905,2.2825365408851463,2.2825365408851463
1123,seleccion_recalculada,retiro_votacion:20634,-4.840979909801426,-4.6294117269745225,-4.6294117269745225
1125,seleccion_recalculada,retiro_votacion:20634,2.3534937897417905,2.2825365408851463,2.2825365408851463
1126,seleccion_recalculada,retiro_votacion:20634,-4.625880042251671,-4.404087587418903,-4.404087587418903
1127,seleccion_recalculada,retiro_votacion:20634,2.3534937897417905,2.2825365408851463,2.2825365408851463
1128,seleccion_recalculada,retiro_votacion:20634,2.3534937897417905,2.2825365408851463,2.2825365408851463
1129,seleccion_recalculada,retiro_votacion:20634,2.3534937897417905,2.2825365408851463,2.2825365408851463
1131,seleccion_recalculada,retiro_votacion:20634,-2.939606748724399,-3.23880707662231,-3.23880707662231
1132,seleccion_recalculada,retiro_votacion:20634,-0.3678137137578991,-0.5655994927324639,-0.5655994927324639
1133,seleccion_recalculada,retiro_votacion:20634,-4.840979909801426,-4.6294117269745225,-4.6294117269745225
1135,seleccion_recalculada,retiro_votacion:20634,-4.625880042251671,-4.404087587418903,-4.404087587418903
1136,seleccion_recalculada,retiro_votacion:20634,0.18941182141537924,0.012095420172707358,0.012095420172707358
1139,seleccion_recalculada,retiro_votacion:20634,-4.625880042251671,-4.404087587418903,-4.404087587418903
1140,seleccion_recalculada,retiro_votacion:20634,-4.625880042251671,-4.404087587418903,-4.404087587418903
1142,seleccion_recalculada,retiro_votacion:20634,2.3534937897417905,2.2825365408851463,2.2825365408851463
1143,seleccion_recalculada,retiro_votacion:20634,-3.7170416230169634,-3.4629257496066703,-3.4629257496066703
1144,seleccion_recalculada,retiro_votacion:20634,-4.625880042251671,-4.404087587418903,-4.404087587418903
1146,seleccion_recalculada,retiro_votacion:20634,-4.840979909801426,-4.6294117269745225,-4.6294117269745225
1147,seleccion_recalculada,retiro_votacion:20634,2.3534937897417905,2.2825365408851463,2.2825365408851463
1148,seleccion_recalculada,retiro_votacion:20634,2.3534937897417905,2.2825365408851463,2.2825365408851463
1149,seleccion_recalculada,retiro_votacion:20634,1.0515337236696587,0.9104477792511491,0.9104477792511491
1153,seleccion_recalculada,retiro_votacion:20634,2.3534937897417905,2.2825365408851463,2.2825365408851463
1155,seleccion_recalculada,retiro_votacion:20634,2.083226601170324,1.9972879869427862,1.9972879869427862
1156,seleccion_recalculada,retiro_votacion:20634,2.3534937897417905,2.2825365408851463,2.2825365408851463
1159,seleccion_recalculada,retiro_votacion:20634,2.3534937897417905,2.2825365408851463,2.2825365408851463
1160,seleccion_recalculada,retiro_votacion:20634,2.3534937897417905,2.2825365408851463,2.2825365408851463
1161,seleccion_recalculada,retiro_votacion:20634,2.3534937897417905,2.2825365408851463,2.2825365408851463
1162,seleccion_recalculada,retiro_votacion:20634,2.3534937897417905,2.2825365408851463,2.2825365408851463
1163,seleccion_recalculada,retiro_votacion:20634,0.47695345259952254,0.31249572590107866,0.31249572590107866
1165,seleccion_recalculada,retiro_votacion:20634,-4.840979909801426,-4.6294117269745225,-4.6294117269745225
1166,seleccion_recalculada,retiro_votacion:20634,1.231780970238065,1.704129488453307,1.704129488453307
1167,seleccion_recalculada,retiro_votacion:20634,2.3534937897417905,2.2825365408851463,2.2825365408851463
1168,seleccion_recalculada,retiro_votacion:20634,2.3534937897417905,2.2825365408851463,2.2825365408851463
1169,seleccion_recalculada,retiro_votacion:20634,2.3534937897417905,2.2825365408851463,2.2825365408851463
1170,seleccion_recalculada,retiro_votacion:20634,-4.840979909801426,-4.6294117269745225,-4.6294117269745225
1171,seleccion_recalculada,retiro_votacion:20634,2.3534937897417905,2.2825365408851463,2.2825365408851463
1172,seleccion_recalculada,retiro_votacion:20634,-4.840979909801426,-4.6294117269745225,-4.6294117269745225
1173,seleccion_recalculada,retiro_votacion:20634,2.3534937897417905,2.2825365408851463,2.2825365408851463
1174,seleccion_recalculada,retiro_votacion:20634,-4.625880042251671,-4.404087587418903,-4.404087587418903
1175,seleccion_recalculada,retiro_votacion:20634,2.138393922192036,2.0572124013295263,2.0572124013295263
1176,seleccion_recalculada,retiro_votacion:20634,-4.625880042251671,-4.404087587418903,-4.404087587418903
1178,seleccion_recalculada,retiro_votacion:20634,2.138393922192036,2.0572124013295263,2.0572124013295263
1179,seleccion_recalculada,retiro_votacion:20634,2.3534937897417905,2.2825365408851463,2.2825365408851463
1180,seleccion_recalculada,retiro_votacion:20634,2.3534937897417905,2.2825365408851463,2.2825365408851463
1182,seleccion_recalculada,retiro_votacion:20634,2.3534937897417905,2.2825365408851463,2.2825365408851463
1183,seleccion_recalculada,retiro_votacion:20634,-4.625880042251671,-4.404087587418903,-4.404087587418903
803,seleccion_recalculada,retiro_votacion:20635,1.9232940546422812,1.831505585680826,1.831505585680826
815,seleccion_recalculada,retiro_votacion:20635,-4.625880042251671,-4.4044513935768,-4.4044513935768
917,seleccion_recalculada,retiro_votacion:20635,-4.840979909801426,-4.629755678312313,-4.629755678312313
948,seleccion_recalculada,retiro_votacion:20635,2.138393922192036,2.0568098704163393,2.0568098704163393
953,seleccion_recalculada,retiro_votacion:20635,1.0515337236696587,0.9135312464795206,0.9135312464795206
971,seleccion_recalculada,retiro_votacion:20635,1.0515337236696587,0.9135312464795206,0.9135312464795206
975,seleccion_recalculada,retiro_votacion:20635,2.3534937897417905,2.2821141551518522,2.2821141551518522
976,seleccion_recalculada,retiro_votacion:20635,-4.840979909801426,-4.629755678312313,-4.629755678312313
991,seleccion_recalculada,retiro_votacion:20635,2.3534937897417905,2.2821141551518522,2.2821141551518522
999,seleccion_recalculada,retiro_votacion:20635,1.2666335912194133,1.1388355312150338,1.1388355312150338
1003,seleccion_recalculada,retiro_votacion:20635,-4.840979909801426,-4.629755678312313,-4.629755678312313
1009,seleccion_recalculada,retiro_votacion:20635,-4.840979909801426,-4.629755678312313,-4.629755678312313
1012,seleccion_recalculada,retiro_votacion:20635,2.3534937897417905,2.2821141551518522,2.2821141551518522
1013,seleccion_recalculada,retiro_votacion:20635,2.3534937897417905,2.2821141551518522,2.2821141551518522
1016,seleccion_recalculada,retiro_votacion:20635,2.3534937897417905,2.2821141551518522,2.2821141551518522
1019,seleccion_recalculada,retiro_votacion:20635,-0.01682205644914018,-0.20221206910639317,-0.20221206910639317
1025,seleccion_recalculada,retiro_votacion:20635,-4.840979909801426,-4.629755678312313,-4.629755678312313
1028,seleccion_recalculada,retiro_votacion:20635,-2.9399358215577327,-2.9439150481236016,-2.9439150481236016
1034,seleccion_recalculada,retiro_votacion:20635,2.3534937897417905,2.2821141551518522,2.2821141551518522
1035,seleccion_recalculada,retiro_votacion:20635,2.3534937897417905,2.2821141551518522,2.2821141551518522
1036,seleccion_recalculada,retiro_votacion:20635,2.3534937897417905,2.2821141551518522,2.2821141551518522
1037,seleccion_recalculada,retiro_votacion:20635,2.3534937897417905,2.2821141551518522,2.2821141551518522
1038,seleccion_recalculada,retiro_votacion:20635,2.3534937897417905,2.2821141551518522,2.2821141551518522
1044,seleccion_recalculada,retiro_votacion:20635,2.3534937897417905,2.2821141551518522,2.2821141551518522
1046,seleccion_recalculada,retiro_votacion:20635,1.0515337236696587,0.9135312464795206,0.9135312464795206
1048,seleccion_recalculada,retiro_votacion:20635,2.3534937897417905,2.2821141551518522,2.2821141551518522
1049,seleccion_recalculada,retiro_votacion:20635,2.3534937897417905,2.2821141551518522,2.2821141551518522
1054,seleccion_recalculada,retiro_votacion:20635,0.465580325547265,0.6044595912097269,0.6044595912097269
1056,seleccion_recalculada,retiro_votacion:20635,2.3534937897417905,2.2821141551518522,2.2821141551518522
1057,seleccion_recalculada,retiro_votacion:20635,2.3534937897417905,2.2821141551518522,2.2821141551518522
1059,seleccion_recalculada,retiro_votacion:20635,1.0515337236696587,0.9135312464795206,0.9135312464795206
1062,seleccion_recalculada,retiro_votacion:20635,2.3534937897417905,2.2821141551518522,2.2821141551518522
1065,seleccion_recalculada,retiro_votacion:20635,-4.556495778761317,-4.334525801666874,-4.334525801666874
1067,seleccion_recalculada,retiro_votacion:20635,1.0515337236696587,0.9135312464795206,0.9135312464795206
1068,seleccion_recalculada,retiro_votacion:20635,2.3534937897417905,2.2821141551518522,2.2821141551518522
1073,seleccion_recalculada,retiro_votacion:20635,2.3534937897417905,2.2821141551518522,2.2821141551518522
1081,seleccion_recalculada,retiro_votacion:20635,0.7092823082215971,0.5564792138384846,0.5564792138384846
1087,seleccion_recalculada,retiro_votacion:20635,2.3534937897417905,2.2821141551518522,2.2821141551518522
1094,seleccion_recalculada,retiro_votacion:20635,-4.266148143082215,-4.030375771115277,-4.030375771115277
1096,seleccion_recalculada,retiro_votacion:20635,2.3534937897417905,2.2821141551518522,2.2821141551518522
1097,seleccion_recalculada,retiro_votacion:20635,2.3534937897417905,2.2821141551518522,2.2821141551518522
1098,seleccion_recalculada,retiro_votacion:20635,-4.068528759253856,-3.822095076200251,-3.822095076200251
1099,seleccion_recalculada,retiro_votacion:20635,2.138393922192036,2.0568098704163393,2.0568098704163393
1100,seleccion_recalculada,retiro_votacion:20635,-4.840979909801426,-4.629755678312313,-4.629755678312313
1101,seleccion_recalculada,retiro_votacion:20635,2.3534937897417905,2.2821141551518522,2.2821141551518522
1103,seleccion_recalculada,retiro_votacion:20635,2.3534937897417905,2.2821141551518522,2.2821141551518522
1104,seleccion_recalculada,retiro_votacion:20635,-4.840979909801426,-4.629755678312313,-4.629755678312313
1105,seleccion_recalculada,retiro_votacion:20635,2.3534937897417905,2.2821141551518522,2.2821141551518522
1106,seleccion_recalculada,retiro_votacion:20635,-1.2067446678950722,-1.439167159279592,-1.439167159279592
1108,seleccion_recalculada,retiro_votacion:20635,1.0515337236696587,0.9135312464795206,0.9135312464795206
1109,seleccion_recalculada,retiro_votacion:20635,-3.9934481078374646,-3.7490447110741107,-3.7490447110741107
1110,seleccion_recalculada,retiro_votacion:20635,2.3534937897417905,2.2821141551518522,2.2821141551518522
1111,seleccion_recalculada,retiro_votacion:20635,-4.625880042251671,-4.4044513935768,-4.4044513935768
1113,seleccion_recalculada,retiro_votacion:20635,-4.277932238877575,-4.04427458771955,-4.04427458771955
1114,seleccion_recalculada,retiro_votacion:20635,2.3534937897417905,2.2821141551518522,2.2821141551518522
1116,seleccion_recalculada,retiro_votacion:20635,2.3534937897417905,2.2821141551518522,2.2821141551518522
1117,seleccion_recalculada,retiro_votacion:20635,2.3534937897417905,2.2821141551518522,2.2821141551518522
1118,seleccion_recalculada,retiro_votacion:20635,2.3534937897417905,2.2821141551518522,2.2821141551518522
1119,seleccion_recalculada,retiro_votacion:20635,0.7670164069249841,0.9141997035092065,0.9141997035092065
1120,seleccion_recalculada,retiro_votacion:20635,1.0515337236696587,0.9135312464795206,0.9135312464795206
1121,seleccion_recalculada,retiro_votacion:20635,-4.56515137778665,-4.342998757859181,-4.342998757859181
1122,seleccion_recalculada,retiro_votacion:20635,2.3534937897417905,2.2821141551518522,2.2821141551518522
1123,seleccion_recalculada,retiro_votacion:20635,-4.840979909801426,-4.629755678312313,-4.629755678312313
1125,seleccion_recalculada,retiro_votacion:20635,2.3534937897417905,2.2821141551518522,2.2821141551518522
1126,seleccion_recalculada,retiro_votacion:20635,-4.625880042251671,-4.4044513935768,-4.4044513935768
1127,seleccion_recalculada,retiro_votacion:20635,2.3534937897417905,2.2821141551518522,2.2821141551518522
1128,seleccion_recalculada,retiro_votacion:20635,2.3534937897417905,2.2821141551518522,2.2821141551518522
1129,seleccion_recalculada,retiro_votacion:20635,2.3534937897417905,2.2821141551518522,2.2821141551518522
1131,seleccion_recalculada,retiro_votacion:20635,-2.939606748724399,-2.650652171772065,-2.650652171772065
1132,seleccion_recalculada,retiro_votacion:20635,-0.3678137137578991,-0.5677758966576729,-0.5677758966576729
1133,seleccion_recalculada,retiro_votacion:20635,-4.840979909801426,-4.629755678312313,-4.629755678312313
1135,seleccion_recalculada,retiro_votacion:20635,-4.625880042251671,-4.4044513935768,-4.4044513935768
1136,seleccion_recalculada,retiro_votacion:20635,0.18941182141537924,0.01452090320142073,0.01452090320142073
1139,seleccion_recalculada,retiro_votacion:20635,-4.625880042251671,-4.4044513935768,-4.4044513935768
1140,seleccion_recalculada,retiro_votacion:20635,-4.625880042251671,-4.4044513935768,-4.4044513935768
1142,seleccion_recalculada,retiro_votacion:20635,2.3534937897417905,2.2821141551518522,2.2821141551518522
1143,seleccion_recalculada,retiro_votacion:20635,-3.7170416230169634,-4.0503397705539275,-4.0503397705539275
1144,seleccion_recalculada,retiro_votacion:20635,-4.625880042251671,-4.4044513935768,-4.4044513935768
1146,seleccion_recalculada,retiro_votacion:20635,-4.840979909801426,-4.629755678312313,-4.629755678312313
1147,seleccion_recalculada,retiro_votacion:20635,2.3534937897417905,2.2821141551518522,2.2821141551518522
1148,seleccion_recalculada,retiro_votacion:20635,2.3534937897417905,2.2821141551518522,2.2821141551518522
1149,seleccion_recalculada,retiro_votacion:20635,1.0515337236696587,0.9135312464795206,0.9135312464795206
1153,seleccion_recalculada,retiro_votacion:20635,2.3534937897417905,2.2821141551518522,2.2821141551518522
1155,seleccion_recalculada,retiro_votacion:20635,2.083226601170324,1.9979002206662613,1.9979002206662613
1156,seleccion_recalculada,retiro_votacion:20635,2.3534937897417905,2.2821141551518522,2.2821141551518522
1159,seleccion_recalculada,retiro_votacion:20635,2.3534937897417905,2.2821141551518522,2.2821141551518522
1160,seleccion_recalculada,retiro_votacion:20635,2.3534937897417905,2.2821141551518522,2.2821141551518522
1161,seleccion_recalculada,retiro_votacion:20635,2.3534937897417905,2.2821141551518522,2.2821141551518522
1162,seleccion_recalculada,retiro_votacion:20635,2.3534937897417905,2.2821141551518522,2.2821141551518522
1163,seleccion_recalculada,retiro_votacion:20635,0.47695345259952254,0.31427037431739463,0.31427037431739463
1165,seleccion_recalculada,retiro_votacion:20635,-4.840979909801426,-4.629755678312313,-4.629755678312313
1166,seleccion_recalculada,retiro_votacion:20635,1.231780970238065,1.1132320850722306,1.1132320850722306
1167,seleccion_recalculada,retiro_votacion:20635,2.3534937897417905,2.2821141551518522,2.2821141551518522
1168,seleccion_recalculada,retiro_votacion:20635,2.3534937897417905,2.2821141551518522,2.2821141551518522
1169,seleccion_recalculada,retiro_votacion:20635,2.3534937897417905,2.2821141551518522,2.2821141551518522
1170,seleccion_recalculada,retiro_votacion:20635,-4.840979909801426,-4.629755678312313,-4.629755678312313
1171,seleccion_recalculada,retiro_votacion:20635,2.3534937897417905,2.2821141551518522,2.2821141551518522
1172,seleccion_recalculada,retiro_votacion:20635,-4.840979909801426,-4.629755678312313,-4.629755678312313
1173,seleccion_recalculada,retiro_votacion:20635,2.3534937897417905,2.2821141551518522,2.2821141551518522
1174,seleccion_recalculada,retiro_votacion:20635,-4.625880042251671,-4.4044513935768,-4.4044513935768
1175,seleccion_recalculada,retiro_votacion:20635,2.138393922192036,2.0568098704163393,2.0568098704163393
1176,seleccion_recalculada,retiro_votacion:20635,-4.625880042251671,-4.4044513935768,-4.4044513935768
1178,seleccion_recalculada,retiro_votacion:20635,2.138393922192036,2.0568098704163393,2.0568098704163393
1179,seleccion_recalculada,retiro_votacion:20635,2.3534937897417905,2.2821141551518522,2.2821141551518522
1180,seleccion_recalculada,retiro_votacion:20635,2.3534937897417905,2.2821141551518522,2.2821141551518522
1182,seleccion_recalculada,retiro_votacion:20635,2.3534937897417905,2.2821141551518522,2.2821141551518522
1183,seleccion_recalculada,retiro_votacion:20635,-4.625880042251671,-4.4044513935768,-4.4044513935768
803,seleccion_recalculada,retiro_votacion:20636,1.9232940546422812,1.8310111023800204,1.8310111023800204
815,seleccion_recalculada,retiro_votacion:20636,-4.625880042251671,-4.40400719420863,-4.40400719420863
917,seleccion_recalculada,retiro_votacion:20636,-4.840979909801426,-4.629726457265075,-4.629726457265075
948,seleccion_recalculada,retiro_votacion:20636,2.138393922192036,2.056730365436466,2.056730365436466
953,seleccion_recalculada,retiro_votacion:20636,1.0515337236696587,0.9119552841739534,0.9119552841739534
971,seleccion_recalculada,retiro_votacion:20636,1.0515337236696587,0.9119552841739534,0.9119552841739534
975,seleccion_recalculada,retiro_votacion:20636,2.3534937897417905,2.282449628492911,2.282449628492911
976,seleccion_recalculada,retiro_votacion:20636,-4.840979909801426,-4.629726457265075,-4.629726457265075
991,seleccion_recalculada,retiro_votacion:20636,2.3534937897417905,2.282449628492911,2.282449628492911
999,seleccion_recalculada,retiro_votacion:20636,1.2666335912194133,1.1376745472303988,1.1376745472303988
1003,seleccion_recalculada,retiro_votacion:20636,-4.840979909801426,-4.629726457265075,-4.629726457265075
1009,seleccion_recalculada,retiro_votacion:20636,-4.840979909801426,-4.629726457265075,-4.629726457265075
1012,seleccion_recalculada,retiro_votacion:20636,2.3534937897417905,2.282449628492911,2.282449628492911
1013,seleccion_recalculada,retiro_votacion:20636,2.3534937897417905,2.282449628492911,2.282449628492911
1016,seleccion_recalculada,retiro_votacion:20636,2.3534937897417905,2.282449628492911,2.282449628492911
1019,seleccion_recalculada,retiro_votacion:20636,-0.01682205644914018,-0.2048006397215078,-0.2048006397215078
1025,seleccion_recalculada,retiro_votacion:20636,-4.840979909801426,-4.629726457265075,-4.629726457265075
1028,seleccion_recalculada,retiro_votacion:20636,-2.9399358215577327,-2.6485140760286763,-2.6485140760286763
1034,seleccion_recalculada,retiro_votacion:20636,2.3534937897417905,2.282449628492911,2.282449628492911
1035,seleccion_recalculada,retiro_votacion:20636,2.3534937897417905,2.282449628492911,2.282449628492911
1036,seleccion_recalculada,retiro_votacion:20636,2.3534937897417905,2.282449628492911,2.282449628492911
1037,seleccion_recalculada,retiro_votacion:20636,2.3534937897417905,2.282449628492911,2.282449628492911
1038,seleccion_recalculada,retiro_votacion:20636,2.3534937897417905,2.282449628492911,2.282449628492911
1044,seleccion_recalculada,retiro_votacion:20636,2.3534937897417905,2.282449628492911,2.282449628492911
1046,seleccion_recalculada,retiro_votacion:20636,1.0515337236696587,0.9119552841739534,0.9119552841739534
1048,seleccion_recalculada,retiro_votacion:20636,2.3534937897417905,2.282449628492911,2.282449628492911
1049,seleccion_recalculada,retiro_votacion:20636,2.3534937897417905,2.282449628492911,2.282449628492911
1054,seleccion_recalculada,retiro_votacion:20636,0.465580325547265,0.6064192198096198,0.6064192198096198
1056,seleccion_recalculada,retiro_votacion:20636,2.3534937897417905,2.282449628492911,2.282449628492911
1057,seleccion_recalculada,retiro_votacion:20636,2.3534937897417905,2.282449628492911,2.282449628492911
1059,seleccion_recalculada,retiro_votacion:20636,1.0515337236696587,0.9119552841739534,0.9119552841739534
1062,seleccion_recalculada,retiro_votacion:20636,2.3534937897417905,2.282449628492911,2.282449628492911
1065,seleccion_recalculada,retiro_votacion:20636,-4.556495778761317,-4.629726457265075,-4.629726457265075
1067,seleccion_recalculada,retiro_votacion:20636,1.0515337236696587,0.9119552841739534,0.9119552841739534
1068,seleccion_recalculada,retiro_votacion:20636,2.3534937897417905,2.282449628492911,2.282449628492911
1073,seleccion_recalculada,retiro_votacion:20636,2.3534937897417905,2.282449628492911,2.282449628492911
1081,seleccion_recalculada,retiro_votacion:20636,0.7092823082215971,0.5549400913193202,0.5549400913193202
1087,seleccion_recalculada,retiro_votacion:20636,2.3534937897417905,2.282449628492911,2.282449628492911
1094,seleccion_recalculada,retiro_votacion:20636,-4.266148143082215,-4.0306148152557775,-4.0306148152557775
1096,seleccion_recalculada,retiro_votacion:20636,2.3534937897417905,2.282449628492911,2.282449628492911
1097,seleccion_recalculada,retiro_votacion:20636,2.3534937897417905,2.282449628492911,2.282449628492911
1098,seleccion_recalculada,retiro_votacion:20636,-4.068528759253856,-3.8212727382975515,-3.8212727382975515
1099,seleccion_recalculada,retiro_votacion:20636,2.138393922192036,2.056730365436466,2.056730365436466
1100,seleccion_recalculada,retiro_votacion:20636,-4.840979909801426,-4.629726457265075,-4.629726457265075
1101,seleccion_recalculada,retiro_votacion:20636,2.3534937897417905,2.282449628492911,2.282449628492911
1103,seleccion_recalculada,retiro_votacion:20636,2.3534937897417905,2.282449628492911,2.282449628492911
1104,seleccion_recalculada,retiro_votacion:20636,-4.840979909801426,-4.629726457265075,-4.629726457265075
1105,seleccion_recalculada,retiro_votacion:20636,2.3534937897417905,2.282449628492911,2.282449628492911
1106,seleccion_recalculada,retiro_votacion:20636,-1.2067446678950722,-1.440240612127405,-1.440240612127405
1108,seleccion_recalculada,retiro_votacion:20636,1.0515337236696587,0.9119552841739534,0.9119552841739534
1109,seleccion_recalculada,retiro_votacion:20636,-3.9934481078374646,-4.044551558074583,-4.044551558074583
1110,seleccion_recalculada,retiro_votacion:20636,2.3534937897417905,2.282449628492911,2.282449628492911
1111,seleccion_recalculada,retiro_votacion:20636,-4.625880042251671,-4.40400719420863,-4.40400719420863
1113,seleccion_recalculada,retiro_votacion:20636,-4.277932238877575,-4.044551558074583,-4.044551558074583
1114,seleccion_recalculada,retiro_votacion:20636,2.3534937897417905,2.282449628492911,2.282449628492911
1116,seleccion_recalculada,retiro_votacion:20636,2.3534937897417905,2.282449628492911,2.282449628492911
1117,seleccion_recalculada,retiro_votacion:20636,2.3534937897417905,2.282449628492911,2.282449628492911
1118,seleccion_recalculada,retiro_votacion:20636,2.3534937897417905,2.282449628492911,2.282449628492911
1119,seleccion_recalculada,retiro_votacion:20636,0.7670164069249841,0.6199254744955635,0.6199254744955635
1120,seleccion_recalculada,retiro_votacion:20636,1.0515337236696587,0.9119552841739534,0.9119552841739534
1121,seleccion_recalculada,retiro_votacion:20636,-4.56515137778665,-4.342805709319564,-4.342805709319564
1122,seleccion_recalculada,retiro_votacion:20636,2.3534937897417905,2.282449628492911,2.282449628492911
1123,seleccion_recalculada,retiro_votacion:20636,-4.840979909801426,-4.629726457265075,-4.629726457265075
1125,seleccion_recalculada,retiro_votacion:20636,2.3534937897417905,2.282449628492911,2.282449628492911
1126,seleccion_recalculada,retiro_votacion:20636,-4.625880042251671,-4.40400719420863,-4.40400719420863
1127,seleccion_recalculada,retiro_votacion:20636,2.3534937897417905,2.282449628492911,2.282449628492911
1128,seleccion_recalculada,retiro_votacion:20636,2.3534937897417905,2.282449628492911,2.282449628492911
1129,seleccion_recalculada,retiro_votacion:20636,2.3534937897417905,2.282449628492911,2.282449628492911
1131,seleccion_recalculada,retiro_votacion:20636,-2.939606748724399,-2.6478194347360327,-2.6478194347360327
1132,seleccion_recalculada,retiro_votacion:20636,-0.3678137137578991,-0.5700044256252503,-0.5700044256252503
1133,seleccion_recalculada,retiro_votacion:20636,-4.840979909801426,-4.629726457265075,-4.629726457265075
1135,seleccion_recalculada,retiro_votacion:20636,-4.625880042251671,-4.40400719420863,-4.40400719420863
1136,seleccion_recalculada,retiro_votacion:20636,0.18941182141537924,0.013008925722917156,0.013008925722917156
1139,seleccion_recalculada,retiro_votacion:20636,-4.625880042251671,-4.40400719420863,-4.40400719420863
1140,seleccion_recalculada,retiro_votacion:20636,-4.625880042251671,-4.40400719420863,-4.40400719420863
1142,seleccion_recalculada,retiro_votacion:20636,2.3534937897417905,2.282449628492911,2.282449628492911
1143,seleccion_recalculada,retiro_votacion:20636,-3.7170416230169634,-3.46187229978623,-3.46187229978623
1144,seleccion_recalculada,retiro_votacion:20636,-4.625880042251671,-4.40400719420863,-4.40400719420863
1146,seleccion_recalculada,retiro_votacion:20636,-4.840979909801426,-4.629726457265075,-4.629726457265075
1147,seleccion_recalculada,retiro_votacion:20636,2.3534937897417905,2.282449628492911,2.282449628492911
1148,seleccion_recalculada,retiro_votacion:20636,2.3534937897417905,2.282449628492911,2.282449628492911
1149,seleccion_recalculada,retiro_votacion:20636,1.0515337236696587,0.9119552841739534,0.9119552841739534
1153,seleccion_recalculada,retiro_votacion:20636,2.3534937897417905,2.282449628492911,2.282449628492911
1155,seleccion_recalculada,retiro_votacion:20636,2.083226601170324,1.9977017319338746,1.9977017319338746
1156,seleccion_recalculada,retiro_votacion:20636,2.3534937897417905,2.282449628492911,2.282449628492911
1159,seleccion_recalculada,retiro_votacion:20636,2.3534937897417905,2.282449628492911,2.282449628492911
1160,seleccion_recalculada,retiro_votacion:20636,2.3534937897417905,2.282449628492911,2.282449628492911
1161,seleccion_recalculada,retiro_votacion:20636,2.3534937897417905,2.282449628492911,2.282449628492911
1162,seleccion_recalculada,retiro_votacion:20636,2.3534937897417905,2.282449628492911,2.282449628492911
1163,seleccion_recalculada,retiro_votacion:20636,0.47695345259952254,0.3122858512904765,0.3122858512904765
1165,seleccion_recalculada,retiro_votacion:20636,-4.840979909801426,-4.629726457265075,-4.629726457265075
1166,seleccion_recalculada,retiro_votacion:20636,1.231780970238065,1.112828478386348,1.112828478386348
1167,seleccion_recalculada,retiro_votacion:20636,2.3534937897417905,2.282449628492911,2.282449628492911
1168,seleccion_recalculada,retiro_votacion:20636,2.3534937897417905,2.282449628492911,2.282449628492911
1169,seleccion_recalculada,retiro_votacion:20636,2.3534937897417905,2.282449628492911,2.282449628492911
1170,seleccion_recalculada,retiro_votacion:20636,-4.840979909801426,-4.629726457265075,-4.629726457265075
1171,seleccion_recalculada,retiro_votacion:20636,2.3534937897417905,2.282449628492911,2.282449628492911
1172,seleccion_recalculada,retiro_votacion:20636,-4.840979909801426,-4.629726457265075,-4.629726457265075
1173,seleccion_recalculada,retiro_votacion:20636,2.3534937897417905,2.282449628492911,2.282449628492911
1174,seleccion_recalculada,retiro_votacion:20636,-4.625880042251671,-4.40400719420863,-4.40400719420863
1175,seleccion_recalculada,retiro_votacion:20636,2.138393922192036,2.056730365436466,2.056730365436466
1176,seleccion_recalculada,retiro_votacion:20636,-4.625880042251671,-4.40400719420863,-4.40400719420863
1178,seleccion_recalculada,retiro_votacion:20636,2.138393922192036,2.056730365436466,2.056730365436466
1179,seleccion_recalculada,retiro_votacion:20636,2.3534937897417905,2.282449628492911,2.282449628492911
1180,seleccion_recalculada,retiro_votacion:20636,2.3534937897417905,2.282449628492911,2.282449628492911
1182,seleccion_recalculada,retiro_votacion:20636,2.3534937897417905,2.282449628492911,2.282449628492911
1183,seleccion_recalculada,retiro_votacion:20636,-4.625880042251671,-4.40400719420863,-4.40400719420863
803,seleccion_recalculada,retiro_votacion:20637,1.9232940546422812,1.8249335631456192,1.8249335631456192
815,seleccion_recalculada,retiro_votacion:20637,-4.625880042251671,-4.409544399948637,-4.409544399948637
917,seleccion_recalculada,retiro_votacion:20637,-4.840979909801426,-4.635437910202219,-4.635437910202219
948,seleccion_recalculada,retiro_votacion:20637,2.138393922192036,2.0508270733992013,2.0508270733992013
953,seleccion_recalculada,retiro_votacion:20637,1.0515337236696587,0.9070885062524331,0.9070885062524331
971,seleccion_recalculada,retiro_votacion:20637,1.0515337236696587,0.9070885062524331,0.9070885062524331
975,seleccion_recalculada,retiro_votacion:20637,2.3534937897417905,2.276720583652783,2.276720583652783
976,seleccion_recalculada,retiro_votacion:20637,-4.840979909801426,-4.635437910202219,-4.635437910202219
991,seleccion_recalculada,retiro_votacion:20637,2.3534937897417905,2.276720583652783,2.276720583652783
999,seleccion_recalculada,retiro_votacion:20637,1.2666335912194133,1.1329820165060152,1.1329820165060152
1003,seleccion_recalculada,retiro_votacion:20637,-4.840979909801426,-4.635437910202219,-4.635437910202219
1009,seleccion_recalculada,retiro_votacion:20637,-4.840979909801426,-4.635437910202219,-4.635437910202219
1012,seleccion_recalculada,retiro_votacion:20637,2.3534937897417905,2.276720583652783,2.276720583652783
1013,seleccion_recalculada,retiro_votacion:20637,2.3534937897417905,2.276720583652783,2.276720583652783
1016,seleccion_recalculada,retiro_votacion:20637,2.3534937897417905,2.276720583652783,2.276720583652783
1019,seleccion_recalculada,retiro_votacion:20637,-0.01682205644914018,-0.21133633757549877,-0.21133633757549877
1025,seleccion_recalculada,retiro_votacion:20637,-4.840979909801426,-4.635437910202219,-4.635437910202219
1028,seleccion_recalculada,retiro_votacion:20637,-2.9399358215577327,-2.651608760257754,-2.651608760257754
1034,seleccion_recalculada,retiro_votacion:20637,2.3534937897417905,2.276720583652783,2.276720583652783
1035,seleccion_recalculada,retiro_votacion:20637,2.3534937897417905,2.276720583652783,2.276720583652783
1036,seleccion_recalculada,retiro_votacion:20637,2.3534937897417905,2.276720583652783,2.276720583652783
1037,seleccion_recalculada,retiro_votacion:20637,2.3534937897417905,2.276720583652783,2.276720583652783
1038,seleccion_recalculada,retiro_votacion:20637,2.3534937897417905,2.276720583652783,2.276720583652783
1044,seleccion_recalculada,retiro_votacion:20637,2.3534937897417905,2.276720583652783,2.276720583652783
1046,seleccion_recalculada,retiro_votacion:20637,1.0515337236696587,0.9070885062524331,0.9070885062524331
1048,seleccion_recalculada,retiro_votacion:20637,2.3534937897417905,2.276720583652783,2.276720583652783
1049,seleccion_recalculada,retiro_votacion:20637,2.3534937897417905,2.276720583652783,2.276720583652783
1054,seleccion_recalculada,retiro_votacion:20637,0.465580325547265,0.6035373079192641,0.6035373079192641
1056,seleccion_recalculada,retiro_votacion:20637,2.3534937897417905,2.276720583652783,2.276720583652783
1057,seleccion_recalculada,retiro_votacion:20637,2.3534937897417905,2.276720583652783,2.276720583652783
1059,seleccion_recalculada,retiro_votacion:20637,1.0515337236696587,0.9070885062524331,0.9070885062524331
1062,seleccion_recalculada,retiro_votacion:20637,2.3534937897417905,2.276720583652783,2.276720583652783
1065,seleccion_recalculada,retiro_votacion:20637,-4.556495778761317,-4.339800060938834,-4.339800060938834
1067,seleccion_recalculada,retiro_votacion:20637,1.0515337236696587,0.9070885062524331,0.9070885062524331
1068,seleccion_recalculada,retiro_votacion:20637,2.3534937897417905,2.276720583652783,2.276720583652783
1073,seleccion_recalculada,retiro_votacion:20637,2.3534937897417905,2.276720583652783,2.276720583652783
1081,seleccion_recalculada,retiro_votacion:20637,0.7092823082215971,0.5510497872972384,0.5510497872972384
1087,seleccion_recalculada,retiro_votacion:20637,2.3534937897417905,2.276720583652783,2.276720583652783
1094,seleccion_recalculada,retiro_votacion:20637,-4.266148143082215,-4.03713959685855,-4.03713959685855
1096,seleccion_recalculada,retiro_votacion:20637,2.3534937897417905,2.276720583652783,2.276720583652783
1097,seleccion_recalculada,retiro_votacion:20637,2.3534937897417905,2.276720583652783,2.276720583652783
1098,seleccion_recalculada,retiro_votacion:20637,-4.068528759253856,-3.8276121707398603,-3.8276121707398603
1099,seleccion_recalculada,retiro_votacion:20637,2.138393922192036,2.0508270733992013,2.0508270733992013
1100,seleccion_recalculada,retiro_votacion:20637,-4.840979909801426,-4.635437910202219,-4.635437910202219
1101,seleccion_recalculada,retiro_votacion:20637,2.3534937897417905,2.276720583652783,2.276720583652783
1103,seleccion_recalculada,retiro_votacion:20637,2.3534937897417905,2.276720583652783,2.276720583652783
1104,seleccion_recalculada,retiro_votacion:20637,-4.840979909801426,-4.635437910202219,-4.635437910202219
1105,seleccion_recalculada,retiro_votacion:20637,2.3534937897417905,2.276720583652783,2.276720583652783
1106,seleccion_recalculada,retiro_votacion:20637,-1.2067446678950722,-0.8454172762113499,-0.8454172762113499
1108,seleccion_recalculada,retiro_votacion:20637,1.0515337236696587,0.9070885062524331,0.9070885062524331
1109,seleccion_recalculada,retiro_votacion:20637,-3.9934481078374646,-4.053662440983165,-4.053662440983165
1110,seleccion_recalculada,retiro_votacion:20637,2.3534937897417905,2.276720583652783,2.276720583652783
1111,seleccion_recalculada,retiro_votacion:20637,-4.625880042251671,-4.409544399948637,-4.409544399948637
1113,seleccion_recalculada,retiro_votacion:20637,-4.277932238877575,-4.349300290246551,-4.349300290246551
1114,seleccion_recalculada,retiro_votacion:20637,2.3534937897417905,2.276720583652783,2.276720583652783
1116,seleccion_recalculada,retiro_votacion:20637,2.3534937897417905,2.276720583652783,2.276720583652783
1117,seleccion_recalculada,retiro_votacion:20637,2.3534937897417905,2.276720583652783,2.276720583652783
1118,seleccion_recalculada,retiro_votacion:20637,2.3534937897417905,2.276720583652783,2.276720583652783
1119,seleccion_recalculada,retiro_votacion:20637,0.7670164069249841,0.6146829017366149,0.6146829017366149
1120,seleccion_recalculada,retiro_votacion:20637,1.0515337236696587,0.9070885062524331,0.9070885062524331
1121,seleccion_recalculada,retiro_votacion:20637,-4.56515137778665,-4.349300290246551,-4.349300290246551
1122,seleccion_recalculada,retiro_votacion:20637,2.3534937897417905,2.276720583652783,2.276720583652783
1123,seleccion_recalculada,retiro_votacion:20637,-4.840979909801426,-4.635437910202219,-4.635437910202219
1125,seleccion_recalculada,retiro_votacion:20637,2.3534937897417905,2.276720583652783,2.276720583652783
1126,seleccion_recalculada,retiro_votacion:20637,-4.625880042251671,-4.409544399948637,-4.409544399948637
1127,seleccion_recalculada,retiro_votacion:20637,2.3534937897417905,2.276720583652783,2.276720583652783
1128,seleccion_recalculada,retiro_votacion:20637,2.3534937897417905,2.276720583652783,2.276720583652783
1129,seleccion_recalculada,retiro_votacion:20637,2.3534937897417905,2.276720583652783,2.276720583652783
1131,seleccion_recalculada,retiro_votacion:20637,-2.939606748724399,-2.650909108531012,-2.650909108531012
1132,seleccion_recalculada,retiro_votacion:20637,-0.3678137137578991,-0.5755580985981397,-0.5755580985981397
1133,seleccion_recalculada,retiro_votacion:20637,-4.840979909801426,-4.635437910202219,-4.635437910202219
1135,seleccion_recalculada,retiro_votacion:20637,-4.625880042251671,-4.409544399948637,-4.409544399948637
1136,seleccion_recalculada,retiro_votacion:20637,0.18941182141537924,0.008007583423782973,0.008007583423782973
1139,seleccion_recalculada,retiro_votacion:20637,-4.625880042251671,-4.409544399948637,-4.409544399948637
1140,seleccion_recalculada,retiro_votacion:20637,-4.625880042251671,-4.409544399948637,-4.409544399948637
1142,seleccion_recalculada,retiro_votacion:20637,2.3534937897417905,2.276720583652783,2.276720583652783
1143,seleccion_recalculada,retiro_votacion:20637,-3.7170416230169634,-3.46402864773901,-3.46402864773901
1144,seleccion_recalculada,retiro_votacion:20637,-4.625880042251671,-4.409544399948637,-4.409544399948637
1146,seleccion_recalculada,retiro_votacion:20637,-4.840979909801426,-4.635437910202219,-4.635437910202219
1147,seleccion_recalculada,retiro_votacion:20637,2.3534937897417905,2.276720583652783,2.276720583652783
1148,seleccion_recalculada,retiro_votacion:20637,2.3534937897417905,2.276720583652783,2.276720583652783
1149,seleccion_recalculada,retiro_votacion:20637,1.0515337236696587,0.9070885062524331,0.9070885062524331
1153,seleccion_recalculada,retiro_votacion:20637,2.3534937897417905,2.276720583652783,2.276720583652783
1155,seleccion_recalculada,retiro_votacion:20637,2.083226601170324,1.9922283282067483,1.9922283282067483
1156,seleccion_recalculada,retiro_votacion:20637,2.3534937897417905,2.276720583652783,2.276720583652783
1159,seleccion_recalculada,retiro_votacion:20637,2.3534937897417905,2.276720583652783,2.276720583652783
1160,seleccion_recalculada,retiro_votacion:20637,2.3534937897417905,2.276720583652783,2.276720583652783
1161,seleccion_recalculada,retiro_votacion:20637,2.3534937897417905,2.276720583652783,2.276720583652783
1162,seleccion_recalculada,retiro_votacion:20637,2.3534937897417905,2.276720583652783,2.276720583652783
1163,seleccion_recalculada,retiro_votacion:20637,0.47695345259952254,0.3055232872824715,0.3055232872824715
1165,seleccion_recalculada,retiro_votacion:20637,-4.840979909801426,-4.635437910202219,-4.635437910202219
1166,seleccion_recalculada,retiro_votacion:20637,1.231780970238065,1.1060990256155252,1.1060990256155252
1167,seleccion_recalculada,retiro_votacion:20637,2.3534937897417905,2.276720583652783,2.276720583652783
1168,seleccion_recalculada,retiro_votacion:20637,2.3534937897417905,2.276720583652783,2.276720583652783
1169,seleccion_recalculada,retiro_votacion:20637,2.3534937897417905,2.276720583652783,2.276720583652783
1170,seleccion_recalculada,retiro_votacion:20637,-4.840979909801426,-4.635437910202219,-4.635437910202219
1171,seleccion_recalculada,retiro_votacion:20637,2.3534937897417905,2.276720583652783,2.276720583652783
1172,seleccion_recalculada,retiro_votacion:20637,-4.840979909801426,-4.635437910202219,-4.635437910202219
1173,seleccion_recalculada,retiro_votacion:20637,2.3534937897417905,2.276720583652783,2.276720583652783
1174,seleccion_recalculada,retiro_votacion:20637,-4.625880042251671,-4.409544399948637,-4.409544399948637
1175,seleccion_recalculada,retiro_votacion:20637,2.138393922192036,2.0508270733992013,2.0508270733992013
1176,seleccion_recalculada,retiro_votacion:20637,-4.625880042251671,-4.409544399948637,-4.409544399948637
1178,seleccion_recalculada,retiro_votacion:20637,2.138393922192036,2.0508270733992013,2.0508270733992013
1179,seleccion_recalculada,retiro_votacion:20637,2.3534937897417905,2.276720583652783,2.276720583652783
1180,seleccion_recalculada,retiro_votacion:20637,2.3534937897417905,2.276720583652783,2.276720583652783
1182,seleccion_recalculada,retiro_votacion:20637,2.3534937897417905,2.276720583652783,2.276720583652783
1183,seleccion_recalculada,retiro_votacion:20637,-4.625880042251671,-4.409544399948637,-4.409544399948637
803,seleccion_recalculada,retiro_votacion:21217,1.9232940546422812,1.83155612709394,1.83155612709394
815,seleccion_recalculada,retiro_votacion:21217,-4.625880042251671,-4.405819448214479,-4.405819448214479
917,seleccion_recalculada,retiro_votacion:21217,-4.840979909801426,-4.630603762824371,-4.630603762824371
948,seleccion_recalculada,retiro_votacion:21217,2.138393922192036,2.056340441703832,2.056340441703832
953,seleccion_recalculada,retiro_votacion:21217,1.0515337236696587,0.9175480542934171,0.9175480542934171
971,seleccion_recalculada,retiro_votacion:21217,1.0515337236696587,0.9175480542934171,0.9175480542934171
975,seleccion_recalculada,retiro_votacion:21217,2.3534937897417905,2.2811247563137234,2.2811247563137234
976,seleccion_recalculada,retiro_votacion:21217,-4.840979909801426,-4.630603762824371,-4.630603762824371
991,seleccion_recalculada,retiro_votacion:21217,2.3534937897417905,2.2811247563137234,2.2811247563137234
999,seleccion_recalculada,retiro_votacion:21217,1.2666335912194133,1.142332368903309,1.142332368903309
1003,seleccion_recalculada,retiro_votacion:21217,-4.840979909801426,-4.630603762824371,-4.630603762824371
1009,seleccion_recalculada,retiro_votacion:21217,-4.840979909801426,-4.630603762824371,-4.630603762824371
1012,seleccion_recalculada,retiro_votacion:21217,2.3534937897417905,2.2811247563137234,2.2811247563137234
1013,seleccion_recalculada,retiro_votacion:21217,2.3534937897417905,2.2811247563137234,2.2811247563137234
1016,seleccion_recalculada,retiro_votacion:21217,2.3534937897417905,2.2811247563137234,2.2811247563137234
1019,seleccion_recalculada,retiro_votacion:21217,-0.01682205644914018,-0.1960982693239512,-0.1960982693239512
1025,seleccion_recalculada,retiro_votacion:21217,-4.840979909801426,-4.630603762824371,-4.630603762824371
1028,seleccion_recalculada,retiro_votacion:21217,-2.9399358215577327,-2.9400610446072712,-2.9400610446072712
1034,seleccion_recalculada,retiro_votacion:21217,2.3534937897417905,2.2811247563137234,2.2811247563137234
1035,seleccion_recalculada,retiro_votacion:21217,2.3534937897417905,2.2811247563137234,2.2811247563137234
1036,seleccion_recalculada,retiro_votacion:21217,2.3534937897417905,2.2811247563137234,2.2811247563137234
1037,seleccion_recalculada,retiro_votacion:21217,2.3534937897417905,2.2811247563137234,2.2811247563137234
1038,seleccion_recalculada,retiro_votacion:21217,2.3534937897417905,2.2811247563137234,2.2811247563137234
1044,seleccion_recalculada,retiro_votacion:21217,2.3534937897417905,2.2811247563137234,2.2811247563137234
1046,seleccion_recalculada,retiro_votacion:21217,1.0515337236696587,0.9175480542934171,0.9175480542934171
1048,seleccion_recalculada,retiro_votacion:21217,2.3534937897417905,2.2811247563137234,2.2811247563137234
1049,seleccion_recalculada,retiro_votacion:21217,2.3534937897417905,2.2811247563137234,2.2811247563137234
1054,seleccion_recalculada,retiro_votacion:21217,0.465580325547265,0.6021543916620601,0.6021543916620601
1056,seleccion_recalculada,retiro_votacion:21217,2.3534937897417905,2.2811247563137234,2.2811247563137234
1057,seleccion_recalculada,retiro_votacion:21217,2.3534937897417905,2.2811247563137234,2.2811247563137234
1059,seleccion_recalculada,retiro_votacion:21217,1.0515337236696587,0.9175480542934171,0.9175480542934171
1062,seleccion_recalculada,retiro_votacion:21217,2.3534937897417905,2.2811247563137234,2.2811247563137234
1065,seleccion_recalculada,retiro_votacion:21217,-4.556495778761317,-4.335418889188245,-4.335418889188245
1067,seleccion_recalculada,retiro_votacion:21217,1.0515337236696587,0.9175480542934171,0.9175480542934171
1068,seleccion_recalculada,retiro_votacion:21217,2.3534937897417905,2.2811247563137234,2.2811247563137234
1073,seleccion_recalculada,retiro_votacion:21217,2.3534937897417905,2.2811247563137234,2.2811247563137234
1081,seleccion_recalculada,retiro_votacion:21217,0.7092823082215971,0.562711028204855,0.562711028204855
1087,seleccion_recalculada,retiro_votacion:21217,2.3534937897417905,2.2811247563137234,2.2811247563137234
1094,seleccion_recalculada,retiro_votacion:21217,-4.266148143082215,-4.0333452570242985,-4.0333452570242985
1096,seleccion_recalculada,retiro_votacion:21217,2.3534937897417905,2.2811247563137234,2.2811247563137234
1097,seleccion_recalculada,retiro_votacion:21217,2.3534937897417905,2.2811247563137234,2.2811247563137234
1098,seleccion_recalculada,retiro_votacion:21217,-4.068528759253856,-3.8261981075160247,-3.8261981075160247
1099,seleccion_recalculada,retiro_votacion:21217,2.138393922192036,2.056340441703832,2.056340441703832
1100,seleccion_recalculada,retiro_votacion:21217,-4.840979909801426,-4.630603762824371,-4.630603762824371
1101,seleccion_recalculada,retiro_votacion:21217,2.3534937897417905,2.2811247563137234,2.2811247563137234
1103,seleccion_recalculada,retiro_votacion:21217,2.3534937897417905,2.2811247563137234,2.2811247563137234
1104,seleccion_recalculada,retiro_votacion:21217,-4.840979909801426,-4.630603762824371,-4.630603762824371
1105,seleccion_recalculada,retiro_votacion:21217,2.3534937897417905,2.2811247563137234,2.2811247563137234
1106,seleccion_recalculada,retiro_votacion:21217,-1.2067446678950722,-0.8534571333300082,-0.8534571333300082
1108,seleccion_recalculada,retiro_votacion:21217,1.0515337236696587,0.9175480542934171,0.9175480542934171
1109,seleccion_recalculada,retiro_votacion:21217,-3.9934481078374646,-4.038356218625794,-4.038356218625794
1110,seleccion_recalculada,retiro_votacion:21217,2.3534937897417905,2.2811247563137234,2.2811247563137234
1111,seleccion_recalculada,retiro_votacion:21217,-4.625880042251671,-4.405819448214479,-4.405819448214479
1113,seleccion_recalculada,retiro_votacion:21217,-4.277932238877575,-4.333541092261921,-4.333541092261921
1114,seleccion_recalculada,retiro_votacion:21217,2.3534937897417905,2.2811247563137234,2.2811247563137234
1116,seleccion_recalculada,retiro_votacion:21217,2.3534937897417905,2.2811247563137234,2.2811247563137234
1117,seleccion_recalculada,retiro_votacion:21217,2.3534937897417905,2.2811247563137234,2.2811247563137234
1118,seleccion_recalculada,retiro_votacion:21217,2.3534937897417905,2.2811247563137234,2.2811247563137234
1119,seleccion_recalculada,retiro_votacion:21217,0.7670164069249841,0.9113023735753827,0.9113023735753827
1120,seleccion_recalculada,retiro_votacion:21217,1.0515337236696587,0.9175480542934171,0.9175480542934171
1121,seleccion_recalculada,retiro_votacion:21217,-4.56515137778665,-4.630603762824371,-4.630603762824371
1122,seleccion_recalculada,retiro_votacion:21217,2.3534937897417905,2.2811247563137234,2.2811247563137234
1123,seleccion_recalculada,retiro_votacion:21217,-4.840979909801426,-4.630603762824371,-4.630603762824371
1125,seleccion_recalculada,retiro_votacion:21217,2.3534937897417905,2.2811247563137234,2.2811247563137234
1126,seleccion_recalculada,retiro_votacion:21217,-4.625880042251671,-4.405819448214479,-4.405819448214479
1127,seleccion_recalculada,retiro_votacion:21217,2.3534937897417905,2.2811247563137234,2.2811247563137234
1128,seleccion_recalculada,retiro_votacion:21217,2.3534937897417905,2.2811247563137234,2.2811247563137234
1129,seleccion_recalculada,retiro_votacion:21217,2.3534937897417905,2.2811247563137234,2.2811247563137234
1131,seleccion_recalculada,retiro_votacion:21217,-2.939606748724399,-2.9396986154764364,-2.9396986154764364
1132,seleccion_recalculada,retiro_votacion:21217,-0.3678137137578991,-0.5597538779633231,-0.5597538779633231
1133,seleccion_recalculada,retiro_votacion:21217,-4.840979909801426,-4.630603762824371,-4.630603762824371
1135,seleccion_recalculada,retiro_votacion:21217,-4.625880042251671,-4.405819448214479,-4.405819448214479
1136,seleccion_recalculada,retiro_votacion:21217,0.18941182141537924,0.020763879164219907,0.020763879164219907
1139,seleccion_recalculada,retiro_votacion:21217,-4.625880042251671,-4.405819448214479,-4.405819448214479
1140,seleccion_recalculada,retiro_votacion:21217,-4.625880042251671,-4.405819448214479,-4.405819448214479
1142,seleccion_recalculada,retiro_votacion:21217,2.3534937897417905,2.2811247563137234,2.2811247563137234
1143,seleccion_recalculada,retiro_votacion:21217,-3.7170416230169634,-3.4635691175043064,-3.4635691175043064
1144,seleccion_recalculada,retiro_votacion:21217,-4.625880042251671,-4.405819448214479,-4.405819448214479
1146,seleccion_recalculada,retiro_votacion:21217,-4.840979909801426,-4.630603762824371,-4.630603762824371
1147,seleccion_recalculada,retiro_votacion:21217,2.3534937897417905,2.2811247563137234,2.2811247563137234
1148,seleccion_recalculada,retiro_votacion:21217,2.3534937897417905,2.2811247563137234,2.2811247563137234
1149,seleccion_recalculada,retiro_votacion:21217,1.0515337236696587,0.9175480542934171,0.9175480542934171
1153,seleccion_recalculada,retiro_votacion:21217,2.3534937897417905,2.2811247563137234,2.2811247563137234
1155,seleccion_recalculada,retiro_votacion:21217,2.083226601170324,1.9980251940284701,1.9980251940284701
1156,seleccion_recalculada,retiro_votacion:21217,2.3534937897417905,2.2811247563137234,2.2811247563137234
1159,seleccion_recalculada,retiro_votacion:21217,2.3534937897417905,2.2811247563137234,2.2811247563137234
1160,seleccion_recalculada,retiro_votacion:21217,2.3534937897417905,2.2811247563137234,2.2811247563137234
1161,seleccion_recalculada,retiro_votacion:21217,2.3534937897417905,2.2811247563137234,2.2811247563137234
1162,seleccion_recalculada,retiro_votacion:21217,2.3534937897417905,2.2811247563137234,2.2811247563137234
1163,seleccion_recalculada,retiro_votacion:21217,0.47695345259952254,0.3184967156351674,0.3184967156351674
1165,seleccion_recalculada,retiro_votacion:21217,-4.840979909801426,-4.630603762824371,-4.630603762824371
1166,seleccion_recalculada,retiro_votacion:21217,1.231780970238065,1.115693933077622,1.115693933077622
1167,seleccion_recalculada,retiro_votacion:21217,2.3534937897417905,2.2811247563137234,2.2811247563137234
1168,seleccion_recalculada,retiro_votacion:21217,2.3534937897417905,2.2811247563137234,2.2811247563137234
1169,seleccion_recalculada,retiro_votacion:21217,2.3534937897417905,2.2811247563137234,2.2811247563137234
1170,seleccion_recalculada,retiro_votacion:21217,-4.840979909801426,-4.630603762824371,-4.630603762824371
1171,seleccion_recalculada,retiro_votacion:21217,2.3534937897417905,2.2811247563137234,2.2811247563137234
1172,seleccion_recalculada,retiro_votacion:21217,-4.840979909801426,-4.630603762824371,-4.630603762824371
1173,seleccion_recalculada,retiro_votacion:21217,2.3534937897417905,2.2811247563137234,2.2811247563137234
1174,seleccion_recalculada,retiro_votacion:21217,-4.625880042251671,-4.405819448214479,-4.405819448214479
1175,seleccion_recalculada,retiro_votacion:21217,2.138393922192036,2.056340441703832,2.056340441703832
1176,seleccion_recalculada,retiro_votacion:21217,-4.625880042251671,-4.405819448214479,-4.405819448214479
1178,seleccion_recalculada,retiro_votacion:21217,2.138393922192036,2.056340441703832,2.056340441703832
1179,seleccion_recalculada,retiro_votacion:21217,2.3534937897417905,2.2811247563137234,2.2811247563137234
1180,seleccion_recalculada,retiro_votacion:21217,2.3534937897417905,2.2811247563137234,2.2811247563137234
1182,seleccion_recalculada,retiro_votacion:21217,2.3534937897417905,2.2811247563137234,2.2811247563137234
1183,seleccion_recalculada,retiro_votacion:21217,-4.625880042251671,-4.405819448214479,-4.405819448214479
803,seleccion_recalculada,retiro_votacion:21218,1.9232940546422812,1.7432581350904812,1.7432581350904812
815,seleccion_recalculada,retiro_votacion:21218,-4.625880042251671,-4.505488251266495,-4.505488251266495
917,seleccion_recalculada,retiro_votacion:21218,-4.840979909801426,-4.725259068923562,-4.725259068923562
948,seleccion_recalculada,retiro_votacion:21218,2.138393922192036,1.963028952747548,1.963028952747548
953,seleccion_recalculada,retiro_votacion:21218,1.0515337236696587,1.4169656586191592,1.4169656586191592
971,seleccion_recalculada,retiro_votacion:21218,1.0515337236696587,1.4169656586191592,1.4169656586191592
975,seleccion_recalculada,retiro_votacion:21218,2.3534937897417905,2.182799770404615,2.182799770404615
976,seleccion_recalculada,retiro_votacion:21218,-4.840979909801426,-4.725259068923562,-4.725259068923562
991,seleccion_recalculada,retiro_votacion:21218,2.3534937897417905,2.182799770404615,2.182799770404615
999,seleccion_recalculada,retiro_votacion:21218,1.2666335912194133,1.6367364762762262,1.6367364762762262
1003,seleccion_recalculada,retiro_votacion:21218,-4.840979909801426,-4.725259068923562,-4.725259068923562
1009,seleccion_recalculada,retiro_votacion:21218,-4.840979909801426,-4.725259068923562,-4.725259068923562
1012,seleccion_recalculada,retiro_votacion:21218,2.3534937897417905,2.182799770404615,2.182799770404615
1013,seleccion_recalculada,retiro_votacion:21218,2.3534937897417905,2.182799770404615,2.182799770404615
1016,seleccion_recalculada,retiro_votacion:21218,2.3534937897417905,2.182799770404615,2.182799770404615
1019,seleccion_recalculada,retiro_votacion:21218,-0.01682205644914018,0.3115842621170919,0.3115842621170919
1025,seleccion_recalculada,retiro_votacion:21218,-4.840979909801426,-4.725259068923562,-4.725259068923562
1028,seleccion_recalculada,retiro_votacion:21218,-2.9399358215577327,-2.747024407453433,-2.747024407453433
1034,seleccion_recalculada,retiro_votacion:21218,2.3534937897417905,2.182799770404615,2.182799770404615
1035,seleccion_recalculada,retiro_votacion:21218,2.3534937897417905,2.182799770404615,2.182799770404615
1036,seleccion_recalculada,retiro_votacion:21218,2.3534937897417905,2.182799770404615,2.182799770404615
1037,seleccion_recalculada,retiro_votacion:21218,2.3534937897417905,2.182799770404615,2.182799770404615
1038,seleccion_recalculada,retiro_votacion:21218,2.3534937897417905,2.182799770404615,2.182799770404615
1044,seleccion_recalculada,retiro_votacion:21218,2.3534937897417905,2.182799770404615,2.182799770404615
1046,seleccion_recalculada,retiro_votacion:21218,1.0515337236696587,1.4169656586191592,1.4169656586191592
1048,seleccion_recalculada,retiro_votacion:21218,2.3534937897417905,2.182799770404615,2.182799770404615
1049,seleccion_recalculada,retiro_votacion:21218,2.3534937897417905,2.182799770404615,2.182799770404615
1054,seleccion_recalculada,retiro_votacion:21218,0.465580325547265,0.5110069743794338,0.5110069743794338
1056,seleccion_recalculada,retiro_votacion:21218,2.3534937897417905,2.182799770404615,2.182799770404615
1057,seleccion_recalculada,retiro_votacion:21218,2.3534937897417905,2.182799770404615,2.182799770404615
1059,seleccion_recalculada,retiro_votacion:21218,1.0515337236696587,1.4169656586191592,1.4169656586191592
1062,seleccion_recalculada,retiro_votacion:21218,2.3534937897417905,2.182799770404615,2.182799770404615
1065,seleccion_recalculada,retiro_votacion:21218,-4.556495778761317,-4.427941518401571,-4.427941518401571
1067,seleccion_recalculada,retiro_votacion:21218,1.0515337236696587,1.4169656586191592,1.4169656586191592
1068,seleccion_recalculada,retiro_votacion:21218,2.3534937897417905,2.182799770404615,2.182799770404615
1073,seleccion_recalculada,retiro_votacion:21218,2.3534937897417905,2.182799770404615,2.182799770404615
1081,seleccion_recalculada,retiro_votacion:21218,0.7092823082215971,1.057472619695907,1.057472619695907
1087,seleccion_recalculada,retiro_votacion:21218,2.3534937897417905,2.182799770404615,2.182799770404615
1094,seleccion_recalculada,retiro_votacion:21218,-4.266148143082215,-4.1275459745782115,-4.1275459745782115
1096,seleccion_recalculada,retiro_votacion:21218,2.3534937897417905,2.182799770404615,2.182799770404615
1097,seleccion_recalculada,retiro_votacion:21218,2.3534937897417905,2.182799770404615,2.182799770404615
1098,seleccion_recalculada,retiro_votacion:21218,-4.068528759253856,-3.926224394686176,-3.926224394686176
1099,seleccion_recalculada,retiro_votacion:21218,2.138393922192036,1.963028952747548,1.963028952747548
1100,seleccion_recalculada,retiro_votacion:21218,-4.840979909801426,-4.725259068923562,-4.725259068923562
1101,seleccion_recalculada,retiro_votacion:21218,2.3534937897417905,2.182799770404615,2.182799770404615
1103,seleccion_recalculada,retiro_votacion:21218,2.3534937897417905,2.182799770404615,2.182799770404615
1104,seleccion_recalculada,retiro_votacion:21218,-4.840979909801426,-4.725259068923562,-4.725259068923562
1105,seleccion_recalculada,retiro_votacion:21218,2.3534937897417905,2.182799770404615,2.182799770404615
1106,seleccion_recalculada,retiro_votacion:21218,-1.2067446678950722,-0.934594098001887,-0.934594098001887
1108,seleccion_recalculada,retiro_votacion:21218,1.0515337236696587,1.4169656586191592,1.4169656586191592
1109,seleccion_recalculada,retiro_votacion:21218,-3.9934481078374646,-3.840650115553883,-3.840650115553883
1110,seleccion_recalculada,retiro_votacion:21218,2.3534937897417905,2.182799770404615,2.182799770404615
1111,seleccion_recalculada,retiro_votacion:21218,-4.625880042251671,-4.505488251266495,-4.505488251266495
1113,seleccion_recalculada,retiro_votacion:21218,-4.277932238877575,-4.137967666075874,-4.137967666075874
1114,seleccion_recalculada,retiro_votacion:21218,2.3534937897417905,2.182799770404615,2.182799770404615
1116,seleccion_recalculada,retiro_votacion:21218,2.3534937897417905,2.182799770404615,2.182799770404615
1117,seleccion_recalculada,retiro_votacion:21218,2.3534937897417905,2.182799770404615,2.182799770404615
1118,seleccion_recalculada,retiro_votacion:21218,2.3534937897417905,2.182799770404615,2.182799770404615
1119,seleccion_recalculada,retiro_votacion:21218,0.7670164069249841,1.1080016145681209,1.1080016145681209
1120,seleccion_recalculada,retiro_votacion:21218,1.0515337236696587,1.4169656586191592,1.4169656586191592
1121,seleccion_recalculada,retiro_votacion:21218,-4.56515137778665,-4.4376447557425704,-4.4376447557425704
1122,seleccion_recalculada,retiro_votacion:21218,2.3534937897417905,2.182799770404615,2.182799770404615
1123,seleccion_recalculada,retiro_votacion:21218,-4.840979909801426,-4.725259068923562,-4.725259068923562
1125,seleccion_recalculada,retiro_votacion:21218,2.3534937897417905,2.182799770404615,2.182799770404615
1126,seleccion_recalculada,retiro_votacion:21218,-4.625880042251671,-4.505488251266495,-4.505488251266495
1127,seleccion_recalculada,retiro_votacion:21218,2.3534937897417905,2.182799770404615,2.182799770404615
1128,seleccion_recalculada,retiro_votacion:21218,2.3534937897417905,2.182799770404615,2.182799770404615
1129,seleccion_recalculada,retiro_votacion:21218,2.3534937897417905,2.182799770404615,2.182799770404615
1131,seleccion_recalculada,retiro_votacion:21218,-2.939606748724399,-2.7457090024010293,-2.7457090024010293
1132,seleccion_recalculada,retiro_votacion:21218,-0.3678137137578991,-0.05713339568867645,-0.05713339568867645
1133,seleccion_recalculada,retiro_votacion:21218,-4.840979909801426,-4.725259068923562,-4.725259068923562
1135,seleccion_recalculada,retiro_votacion:21218,-4.625880042251671,-4.505488251266495,-4.505488251266495
1136,seleccion_recalculada,retiro_votacion:21218,0.18941182141537924,0.521263238996388,0.521263238996388
1139,seleccion_recalculada,retiro_votacion:21218,-4.625880042251671,-4.505488251266495,-4.505488251266495
1140,seleccion_recalculada,retiro_votacion:21218,-4.625880042251671,-4.505488251266495,-4.505488251266495
1142,seleccion_recalculada,retiro_votacion:21218,2.3534937897417905,2.182799770404615,2.182799770404615
1143,seleccion_recalculada,retiro_votacion:21218,-3.7170416230169634,-3.5501960807678707,-3.5501960807678707
1144,seleccion_recalculada,retiro_votacion:21218,-4.625880042251671,-4.505488251266495,-4.505488251266495
1146,seleccion_recalculada,retiro_votacion:21218,-4.840979909801426,-4.725259068923562,-4.725259068923562
1147,seleccion_recalculada,retiro_votacion:21218,2.3534937897417905,2.182799770404615,2.182799770404615
1148,seleccion_recalculada,retiro_votacion:21218,2.3534937897417905,2.182799770404615,2.182799770404615
1149,seleccion_recalculada,retiro_votacion:21218,1.0515337236696587,1.4169656586191592,1.4169656586191592
1153,seleccion_recalculada,retiro_votacion:21218,2.3534937897417905,2.182799770404615,2.182799770404615
1155,seleccion_recalculada,retiro_votacion:21218,2.083226601170324,2.182799770404615,2.182799770404615
1156,seleccion_recalculada,retiro_votacion:21218,2.3534937897417905,2.182799770404615,2.182799770404615
1159,seleccion_recalculada,retiro_votacion:21218,2.3534937897417905,2.182799770404615,2.182799770404615
1160,seleccion_recalculada,retiro_votacion:21218,2.3534937897417905,2.182799770404615,2.182799770404615
1161,seleccion_recalculada,retiro_votacion:21218,2.3534937897417905,2.182799770404615,2.182799770404615
1162,seleccion_recalculada,retiro_votacion:21218,2.3534937897417905,2.182799770404615,2.182799770404615
1163,seleccion_recalculada,retiro_votacion:21218,0.47695345259952254,0.8209870080643183,0.8209870080643183
1165,seleccion_recalculada,retiro_votacion:21218,-4.840979909801426,-4.725259068923562,-4.725259068923562
1166,seleccion_recalculada,retiro_votacion:21218,1.231780970238065,1.0121423478510077,1.0121423478510077
1167,seleccion_recalculada,retiro_votacion:21218,2.3534937897417905,2.182799770404615,2.182799770404615
1168,seleccion_recalculada,retiro_votacion:21218,2.3534937897417905,2.182799770404615,2.182799770404615
1169,seleccion_recalculada,retiro_votacion:21218,2.3534937897417905,2.182799770404615,2.182799770404615
1170,seleccion_recalculada,retiro_votacion:21218,-4.840979909801426,-4.725259068923562,-4.725259068923562
1171,seleccion_recalculada,retiro_votacion:21218,2.3534937897417905,2.182799770404615,2.182799770404615
1172,seleccion_recalculada,retiro_votacion:21218,-4.840979909801426,-4.725259068923562,-4.725259068923562
1173,seleccion_recalculada,retiro_votacion:21218,2.3534937897417905,2.182799770404615,2.182799770404615
1174,seleccion_recalculada,retiro_votacion:21218,-4.625880042251671,-4.505488251266495,-4.505488251266495
1175,seleccion_recalculada,retiro_votacion:21218,2.138393922192036,1.963028952747548,1.963028952747548
1176,seleccion_recalculada,retiro_votacion:21218,-4.625880042251671,-4.505488251266495,-4.505488251266495
1178,seleccion_recalculada,retiro_votacion:21218,2.138393922192036,1.963028952747548,1.963028952747548
1179,seleccion_recalculada,retiro_votacion:21218,2.3534937897417905,2.182799770404615,2.182799770404615
1180,seleccion_recalculada,retiro_votacion:21218,2.3534937897417905,2.182799770404615,2.182799770404615
1182,seleccion_recalculada,retiro_votacion:21218,2.3534937897417905,2.182799770404615,2.182799770404615
1183,seleccion_recalculada,retiro_votacion:21218,-4.625880042251671,-4.505488251266495,-4.505488251266495
803,seleccion_recalculada,retiro_votacion:21219,1.9232940546422812,1.7468666098326686,1.7468666098326686
815,seleccion_recalculada,retiro_votacion:21219,-4.625880042251671,-4.500800214769502,-4.500800214769502
917,seleccion_recalculada,retiro_votacion:21219,-4.840979909801426,-4.720818697661158,-4.720818697661158
948,seleccion_recalculada,retiro_votacion:21219,2.138393922192036,1.9668850927243249,1.9668850927243249
953,seleccion_recalculada,retiro_votacion:21219,1.0515337236696587,1.4266010740834971,1.4266010740834971
971,seleccion_recalculada,retiro_votacion:21219,1.0515337236696587,1.4266010740834971,1.4266010740834971
975,seleccion_recalculada,retiro_votacion:21219,2.3534937897417905,2.186903575615981,2.186903575615981
976,seleccion_recalculada,retiro_votacion:21219,-4.840979909801426,-4.720818697661158,-4.720818697661158
991,seleccion_recalculada,retiro_votacion:21219,2.3534937897417905,2.186903575615981,2.186903575615981
999,seleccion_recalculada,retiro_votacion:21219,1.2666335912194133,1.6466195569751532,1.6466195569751532
1003,seleccion_recalculada,retiro_votacion:21219,-4.840979909801426,-4.720818697661158,-4.720818697661158
1009,seleccion_recalculada,retiro_votacion:21219,-4.840979909801426,-4.720818697661158,-4.720818697661158
1012,seleccion_recalculada,retiro_votacion:21219,2.3534937897417905,2.186903575615981,2.186903575615981
1013,seleccion_recalculada,retiro_votacion:21219,2.3534937897417905,2.186903575615981,2.186903575615981
1016,seleccion_recalculada,retiro_votacion:21219,2.3534937897417905,2.186903575615981,2.186903575615981
1019,seleccion_recalculada,retiro_votacion:21219,-0.01682205644914018,0.3205443268158946,0.3205443268158946
1025,seleccion_recalculada,retiro_votacion:21219,-4.840979909801426,-4.720818697661158,-4.720818697661158
1028,seleccion_recalculada,retiro_votacion:21219,-2.9399358215577327,-2.7406460188832242,-2.7406460188832242
1034,seleccion_recalculada,retiro_votacion:21219,2.3534937897417905,2.186903575615981,2.186903575615981
1035,seleccion_recalculada,retiro_votacion:21219,2.3534937897417905,2.186903575615981,2.186903575615981
1036,seleccion_recalculada,retiro_votacion:21219,2.3534937897417905,2.186903575615981,2.186903575615981
1037,seleccion_recalculada,retiro_votacion:21219,2.3534937897417905,2.186903575615981,2.186903575615981
1038,seleccion_recalculada,retiro_votacion:21219,2.3534937897417905,2.186903575615981,2.186903575615981
1044,seleccion_recalculada,retiro_votacion:21219,2.3534937897417905,2.186903575615981,2.186903575615981
1046,seleccion_recalculada,retiro_votacion:21219,1.0515337236696587,1.4266010740834971,1.4266010740834971
1048,seleccion_recalculada,retiro_votacion:21219,2.3534937897417905,2.186903575615981,2.186903575615981
1049,seleccion_recalculada,retiro_votacion:21219,2.3534937897417905,2.186903575615981,2.186903575615981
1054,seleccion_recalculada,retiro_votacion:21219,0.465580325547265,0.5163754128363408,0.5163754128363408
1056,seleccion_recalculada,retiro_votacion:21219,2.3534937897417905,2.186903575615981,2.186903575615981
1057,seleccion_recalculada,retiro_votacion:21219,2.3534937897417905,2.186903575615981,2.186903575615981
1059,seleccion_recalculada,retiro_votacion:21219,1.0515337236696587,1.4266010740834971,1.4266010740834971
1062,seleccion_recalculada,retiro_votacion:21219,2.3534937897417905,2.186903575615981,2.186903575615981
1065,seleccion_recalculada,retiro_votacion:21219,-4.556495778761317,-4.423295745892208,-4.423295745892208
1067,seleccion_recalculada,retiro_votacion:21219,1.0515337236696587,1.4266010740834971,1.4266010740834971
1068,seleccion_recalculada,retiro_votacion:21219,2.3534937897417905,2.186903575615981,2.186903575615981
1073,seleccion_recalculada,retiro_votacion:21219,2.3534937897417905,2.186903575615981,2.186903575615981
1081,seleccion_recalculada,retiro_votacion:21219,0.7092823082215971,1.0670828483124624,1.0670828483124624
1087,seleccion_recalculada,retiro_votacion:21219,2.3534937897417905,2.186903575615981,2.186903575615981
1094,seleccion_recalculada,retiro_votacion:21219,-4.266148143082215,-4.122771651992625,-4.122771651992625
1096,seleccion_recalculada,retiro_votacion:21219,2.3534937897417905,2.186903575615981,2.186903575615981
1097,seleccion_recalculada,retiro_votacion:21219,2.3534937897417905,2.186903575615981,2.186903575615981
1098,seleccion_recalculada,retiro_votacion:21219,-4.068528759253856,-3.921263506106811,-3.921263506106811
1099,seleccion_recalculada,retiro_votacion:21219,2.138393922192036,1.9668850927243249,1.9668850927243249
1100,seleccion_recalculada,retiro_votacion:21219,-4.840979909801426,-4.720818697661158,-4.720818697661158
1101,seleccion_recalculada,retiro_votacion:21219,2.3534937897417905,2.186903575615981,2.186903575615981
1103,seleccion_recalculada,retiro_votacion:21219,2.3534937897417905,2.186903575615981,2.186903575615981
1104,seleccion_recalculada,retiro_votacion:21219,-4.840979909801426,-4.720818697661158,-4.720818697661158
1105,seleccion_recalculada,retiro_votacion:21219,2.3534937897417905,2.186903575615981,2.186903575615981
1106,seleccion_recalculada,retiro_votacion:21219,-1.2067446678950722,-0.9269123824998652,-0.9269123824998652
1108,seleccion_recalculada,retiro_votacion:21219,1.0515337236696587,1.4266010740834971,1.4266010740834971
1109,seleccion_recalculada,retiro_votacion:21219,-3.9934481078374646,-3.8353308947661375,-3.8353308947661375
1110,seleccion_recalculada,retiro_votacion:21219,2.3534937897417905,2.186903575615981,2.186903575615981
1111,seleccion_recalculada,retiro_votacion:21219,-4.625880042251671,-4.500800214769502,-4.500800214769502
1113,seleccion_recalculada,retiro_votacion:21219,-4.277932238877575,-4.132853846535086,-4.132853846535086
1114,seleccion_recalculada,retiro_votacion:21219,2.3534937897417905,2.186903575615981,2.186903575615981
1116,seleccion_recalculada,retiro_votacion:21219,2.3534937897417905,2.186903575615981,2.186903575615981
1117,seleccion_recalculada,retiro_votacion:21219,2.3534937897417905,2.186903575615981,2.186903575615981
1118,seleccion_recalculada,retiro_votacion:21219,2.3534937897417905,2.186903575615981,2.186903575615981
1119,seleccion_recalculada,retiro_votacion:21219,0.7670164069249841,0.8436267824500736,0.8436267824500736
1120,seleccion_recalculada,retiro_votacion:21219,1.0515337236696587,1.4266010740834971,1.4266010740834971
1121,seleccion_recalculada,retiro_votacion:21219,-4.56515137778665,-4.432724273700285,-4.432724273700285
1122,seleccion_recalculada,retiro_votacion:21219,2.3534937897417905,2.186903575615981,2.186903575615981
1123,seleccion_recalculada,retiro_votacion:21219,-4.840979909801426,-4.720818697661158,-4.720818697661158
1125,seleccion_recalculada,retiro_votacion:21219,2.3534937897417905,2.186903575615981,2.186903575615981
1126,seleccion_recalculada,retiro_votacion:21219,-4.625880042251671,-4.500800214769502,-4.500800214769502
1127,seleccion_recalculada,retiro_votacion:21219,2.3534937897417905,2.186903575615981,2.186903575615981
1128,seleccion_recalculada,retiro_votacion:21219,2.3534937897417905,2.186903575615981,2.186903575615981
1129,seleccion_recalculada,retiro_votacion:21219,2.3534937897417905,2.186903575615981,2.186903575615981
1131,seleccion_recalculada,retiro_votacion:21219,-2.939606748724399,-2.7396187986605933,-2.7396187986605933
1132,seleccion_recalculada,retiro_votacion:21219,-0.3678137137578991,-0.04822906745806038,-0.04822906745806038
1133,seleccion_recalculada,retiro_votacion:21219,-4.840979909801426,-4.720818697661158,-4.720818697661158
1135,seleccion_recalculada,retiro_votacion:21219,-4.625880042251671,-4.500800214769502,-4.500800214769502
1136,seleccion_recalculada,retiro_votacion:21219,0.18941182141537924,0.5304190733926646,0.5304190733926646
1139,seleccion_recalculada,retiro_votacion:21219,-4.625880042251671,-4.500800214769502,-4.500800214769502
1140,seleccion_recalculada,retiro_votacion:21219,-4.625880042251671,-4.500800214769502,-4.500800214769502
1142,seleccion_recalculada,retiro_votacion:21219,2.3534937897417905,2.186903575615981,2.186903575615981
1143,seleccion_recalculada,retiro_votacion:21219,-3.7170416230169634,-3.544319948308005,-3.544319948308005
1144,seleccion_recalculada,retiro_votacion:21219,-4.625880042251671,-4.500800214769502,-4.500800214769502
1146,seleccion_recalculada,retiro_votacion:21219,-4.840979909801426,-4.720818697661158,-4.720818697661158
1147,seleccion_recalculada,retiro_votacion:21219,2.3534937897417905,2.186903575615981,2.186903575615981
1148,seleccion_recalculada,retiro_votacion:21219,2.3534937897417905,2.186903575615981,2.186903575615981
1149,seleccion_recalculada,retiro_votacion:21219,1.0515337236696587,1.4266010740834971,1.4266010740834971
1153,seleccion_recalculada,retiro_votacion:21219,2.3534937897417905,2.186903575615981,2.186903575615981
1155,seleccion_recalculada,retiro_votacion:21219,2.083226601170324,1.916761566295567,1.916761566295567
1156,seleccion_recalculada,retiro_votacion:21219,2.3534937897417905,2.186903575615981,2.186903575615981
1159,seleccion_recalculada,retiro_votacion:21219,2.3534937897417905,2.186903575615981,2.186903575615981
1160,seleccion_recalculada,retiro_votacion:21219,2.3534937897417905,2.186903575615981,2.186903575615981
1161,seleccion_recalculada,retiro_votacion:21219,2.3534937897417905,2.186903575615981,2.186903575615981
1162,seleccion_recalculada,retiro_votacion:21219,2.3534937897417905,2.186903575615981,2.186903575615981
1163,seleccion_recalculada,retiro_votacion:21219,0.47695345259952254,0.8303311640388962,0.8303311640388962
1165,seleccion_recalculada,retiro_votacion:21219,-4.840979909801426,-4.720818697661158,-4.720818697661158
1166,seleccion_recalculada,retiro_votacion:21219,1.231780970238065,1.0155526911629251,1.0155526911629251
1167,seleccion_recalculada,retiro_votacion:21219,2.3534937897417905,2.186903575615981,2.186903575615981
1168,seleccion_recalculada,retiro_votacion:21219,2.3534937897417905,2.186903575615981,2.186903575615981
1169,seleccion_recalculada,retiro_votacion:21219,2.3534937897417905,2.186903575615981,2.186903575615981
1170,seleccion_recalculada,retiro_votacion:21219,-4.840979909801426,-4.720818697661158,-4.720818697661158
1171,seleccion_recalculada,retiro_votacion:21219,2.3534937897417905,2.186903575615981,2.186903575615981
1172,seleccion_recalculada,retiro_votacion:21219,-4.840979909801426,-4.720818697661158,-4.720818697661158
1173,seleccion_recalculada,retiro_votacion:21219,2.3534937897417905,2.186903575615981,2.186903575615981
1174,seleccion_recalculada,retiro_votacion:21219,-4.625880042251671,-4.500800214769502,-4.500800214769502
1175,seleccion_recalculada,retiro_votacion:21219,2.138393922192036,1.9668850927243249,1.9668850927243249
1176,seleccion_recalculada,retiro_votacion:21219,-4.625880042251671,-4.500800214769502,-4.500800214769502
1178,seleccion_recalculada,retiro_votacion:21219,2.138393922192036,1.9668850927243249,1.9668850927243249
1179,seleccion_recalculada,retiro_votacion:21219,2.3534937897417905,2.186903575615981,2.186903575615981
1180,seleccion_recalculada,retiro_votacion:21219,2.3534937897417905,2.186903575615981,2.186903575615981
1182,seleccion_recalculada,retiro_votacion:21219,2.3534937897417905,2.186903575615981,2.186903575615981
1183,seleccion_recalculada,retiro_votacion:21219,-4.625880042251671,-4.500800214769502,-4.500800214769502
803,seleccion_recalculada,retiro_votacion:42724,1.9232940546422812,2.3019651271562216,2.3019651271562216
815,seleccion_recalculada,retiro_votacion:42724,-4.625880042251671,-4.623395035666012,-4.623395035666012
917,seleccion_recalculada,retiro_votacion:42724,-4.840979909801426,-4.623395035666012,-4.623395035666012
948,seleccion_recalculada,retiro_votacion:42724,2.138393922192036,2.3019651271562216,2.3019651271562216
953,seleccion_recalculada,retiro_votacion:42724,1.0515337236696587,1.19539619366822,1.19539619366822
971,seleccion_recalculada,retiro_votacion:42724,1.0515337236696587,1.19539619366822,1.19539619366822
975,seleccion_recalculada,retiro_votacion:42724,2.3534937897417905,2.3019651271562216,2.3019651271562216
976,seleccion_recalculada,retiro_votacion:42724,-4.840979909801426,-4.623395035666012,-4.623395035666012
991,seleccion_recalculada,retiro_votacion:42724,2.3534937897417905,2.3019651271562216,2.3019651271562216
999,seleccion_recalculada,retiro_votacion:42724,1.2666335912194133,1.19539619366822,1.19539619366822
1003,seleccion_recalculada,retiro_votacion:42724,-4.840979909801426,-4.623395035666012,-4.623395035666012
1009,seleccion_recalculada,retiro_votacion:42724,-4.840979909801426,-4.623395035666012,-4.623395035666012
1012,seleccion_recalculada,retiro_votacion:42724,2.3534937897417905,2.3019651271562216,2.3019651271562216
1013,seleccion_recalculada,retiro_votacion:42724,2.3534937897417905,2.3019651271562216,2.3019651271562216
1016,seleccion_recalculada,retiro_votacion:42724,2.3534937897417905,2.3019651271562216,2.3019651271562216
1019,seleccion_recalculada,retiro_votacion:42724,-0.01682205644914018,0.3428136066005155,0.3428136066005155
1025,seleccion_recalculada,retiro_votacion:42724,-4.840979909801426,-4.623395035666012,-4.623395035666012
1028,seleccion_recalculada,retiro_votacion:42724,-2.9399358215577327,-2.9028552112527852,-2.9028552112527852
1034,seleccion_recalculada,retiro_votacion:42724,2.3534937897417905,2.3019651271562216,2.3019651271562216
1035,seleccion_recalculada,retiro_votacion:42724,2.3534937897417905,2.3019651271562216,2.3019651271562216
1036,seleccion_recalculada,retiro_votacion:42724,2.3534937897417905,2.3019651271562216,2.3019651271562216
1037,seleccion_recalculada,retiro_votacion:42724,2.3534937897417905,2.3019651271562216,2.3019651271562216
1038,seleccion_recalculada,retiro_votacion:42724,2.3534937897417905,2.3019651271562216,2.3019651271562216
1044,seleccion_recalculada,retiro_votacion:42724,2.3534937897417905,2.3019651271562216,2.3019651271562216
1046,seleccion_recalculada,retiro_votacion:42724,1.0515337236696587,1.19539619366822,1.19539619366822
1048,seleccion_recalculada,retiro_votacion:42724,2.3534937897417905,2.3019651271562216,2.3019651271562216
1049,seleccion_recalculada,retiro_votacion:42724,2.3534937897417905,2.3019651271562216,2.3019651271562216
1054,seleccion_recalculada,retiro_votacion:42724,0.465580325547265,0.578025821296889,0.578025821296889
1056,seleccion_recalculada,retiro_votacion:42724,2.3534937897417905,2.3019651271562216,2.3019651271562216
1057,seleccion_recalculada,retiro_votacion:42724,2.3534937897417905,2.3019651271562216,2.3019651271562216
1059,seleccion_recalculada,retiro_votacion:42724,1.0515337236696587,1.19539619366822,1.19539619366822
1062,seleccion_recalculada,retiro_votacion:42724,2.3534937897417905,2.3019651271562216,2.3019651271562216
1065,seleccion_recalculada,retiro_votacion:42724,-4.556495778761317,-4.32896395601618,-4.32896395601618
1067,seleccion_recalculada,retiro_votacion:42724,1.0515337236696587,1.19539619366822,1.19539619366822
1068,seleccion_recalculada,retiro_votacion:42724,2.3534937897417905,2.3019651271562216,2.3019651271562216
1073,seleccion_recalculada,retiro_votacion:42724,2.3534937897417905,2.3019651271562216,2.3019651271562216
1081,seleccion_recalculada,retiro_votacion:42724,0.7092823082215971,0.6449330385515752,0.6449330385515752
1087,seleccion_recalculada,retiro_votacion:42724,2.3534937897417905,2.3019651271562216,2.3019651271562216
1094,seleccion_recalculada,retiro_votacion:42724,-4.266148143082215,-4.030564634869386,-4.030564634869386
1096,seleccion_recalculada,retiro_votacion:42724,2.3534937897417905,2.3019651271562216,2.3019651271562216
1097,seleccion_recalculada,retiro_votacion:42724,2.3534937897417905,2.3019651271562216,2.3019651271562216
1098,seleccion_recalculada,retiro_votacion:42724,-4.068528759253856,-4.072931880549367,-4.072931880549367
1099,seleccion_recalculada,retiro_votacion:42724,2.138393922192036,2.3019651271562216,2.3019651271562216
1100,seleccion_recalculada,retiro_votacion:42724,-4.840979909801426,-4.623395035666012,-4.623395035666012
1101,seleccion_recalculada,retiro_votacion:42724,2.3534937897417905,2.3019651271562216,2.3019651271562216
1103,seleccion_recalculada,retiro_votacion:42724,2.3534937897417905,2.3019651271562216,2.3019651271562216
1104,seleccion_recalculada,retiro_votacion:42724,-4.840979909801426,-4.623395035666012,-4.623395035666012
1105,seleccion_recalculada,retiro_votacion:42724,2.3534937897417905,2.3019651271562216,2.3019651271562216
1106,seleccion_recalculada,retiro_votacion:42724,-1.2067446678950722,-1.115798370752746,-1.115798370752746
1108,seleccion_recalculada,retiro_votacion:42724,1.0515337236696587,1.19539619366822,1.19539619366822
1109,seleccion_recalculada,retiro_votacion:42724,-3.9934481078374646,-3.7450134517623326,-3.7450134517623326
1110,seleccion_recalculada,retiro_votacion:42724,2.3534937897417905,2.3019651271562216,2.3019651271562216
1111,seleccion_recalculada,retiro_votacion:42724,-4.625880042251671,-4.623395035666012,-4.623395035666012
1113,seleccion_recalculada,retiro_votacion:42724,-4.277932238877575,-4.039444531412164,-4.039444531412164
1114,seleccion_recalculada,retiro_votacion:42724,2.3534937897417905,2.3019651271562216,2.3019651271562216
1116,seleccion_recalculada,retiro_votacion:42724,2.3534937897417905,2.3019651271562216,2.3019651271562216
1117,seleccion_recalculada,retiro_votacion:42724,2.3534937897417905,2.3019651271562216,2.3019651271562216
1118,seleccion_recalculada,retiro_votacion:42724,2.3534937897417905,2.3019651271562216,2.3019651271562216
1119,seleccion_recalculada,retiro_votacion:42724,0.7670164069249841,0.893505067354756,0.893505067354756
1120,seleccion_recalculada,retiro_votacion:42724,1.0515337236696587,1.19539619366822,1.19539619366822
1121,seleccion_recalculada,retiro_votacion:42724,-4.56515137778665,-4.335939630377526,-4.335939630377526
1122,seleccion_recalculada,retiro_votacion:42724,2.3534937897417905,2.3019651271562216,2.3019651271562216
1123,seleccion_recalculada,retiro_votacion:42724,-4.840979909801426,-4.623395035666012,-4.623395035666012
1125,seleccion_recalculada,retiro_votacion:42724,2.3534937897417905,2.3019651271562216,2.3019651271562216
1126,seleccion_recalculada,retiro_votacion:42724,-4.625880042251671,-4.623395035666012,-4.623395035666012
1127,seleccion_recalculada,retiro_votacion:42724,2.3534937897417905,2.3019651271562216,2.3019651271562216
1128,seleccion_recalculada,retiro_votacion:42724,2.3534937897417905,2.3019651271562216,2.3019651271562216
1129,seleccion_recalculada,retiro_votacion:42724,2.3534937897417905,2.3019651271562216,2.3019651271562216
1131,seleccion_recalculada,retiro_votacion:42724,-2.939606748724399,-2.909320532239442,-2.909320532239442
1132,seleccion_recalculada,retiro_votacion:42724,-0.3678137137578991,-0.22883317135611944,-0.22883317135611944
1133,seleccion_recalculada,retiro_votacion:42724,-4.840979909801426,-4.623395035666012,-4.623395035666012
1135,seleccion_recalculada,retiro_votacion:42724,-4.625880042251671,-4.623395035666012,-4.623395035666012
1136,seleccion_recalculada,retiro_votacion:42724,0.18941182141537924,0.3138902881169038,0.3138902881169038
1139,seleccion_recalculada,retiro_votacion:42724,-4.625880042251671,-4.623395035666012,-4.623395035666012
1140,seleccion_recalculada,retiro_votacion:42724,-4.625880042251671,-4.623395035666012,-4.623395035666012
1142,seleccion_recalculada,retiro_votacion:42724,2.3534937897417905,2.3019651271562216,2.3019651271562216
1143,seleccion_recalculada,retiro_votacion:42724,-3.7170416230169634,-3.4566562304925466,-3.4566562304925466
1144,seleccion_recalculada,retiro_votacion:42724,-4.625880042251671,-4.623395035666012,-4.623395035666012
1146,seleccion_recalculada,retiro_votacion:42724,-4.840979909801426,-4.623395035666012,-4.623395035666012
1147,seleccion_recalculada,retiro_votacion:42724,2.3534937897417905,2.3019651271562216,2.3019651271562216
1148,seleccion_recalculada,retiro_votacion:42724,2.3534937897417905,2.3019651271562216,2.3019651271562216
1149,seleccion_recalculada,retiro_votacion:42724,1.0515337236696587,1.19539619366822,1.19539619366822
1153,seleccion_recalculada,retiro_votacion:42724,2.3534937897417905,2.3019651271562216,2.3019651271562216
1155,seleccion_recalculada,retiro_votacion:42724,2.083226601170324,2.026518194598894,2.026518194598894
1156,seleccion_recalculada,retiro_votacion:42724,2.3534937897417905,2.3019651271562216,2.3019651271562216
1159,seleccion_recalculada,retiro_votacion:42724,2.3534937897417905,2.3019651271562216,2.3019651271562216
1160,seleccion_recalculada,retiro_votacion:42724,2.3534937897417905,2.3019651271562216,2.3019651271562216
1161,seleccion_recalculada,retiro_votacion:42724,2.3534937897417905,2.3019651271562216,2.3019651271562216
1162,seleccion_recalculada,retiro_votacion:42724,2.3534937897417905,2.3019651271562216,2.3019651271562216
1163,seleccion_recalculada,retiro_votacion:42724,0.47695345259952254,0.6180451841588379,0.6180451841588379
1165,seleccion_recalculada,retiro_votacion:42724,-4.840979909801426,-4.623395035666012,-4.623395035666012
1166,seleccion_recalculada,retiro_votacion:42724,1.231780970238065,1.1798861035895858,1.1798861035895858
1167,seleccion_recalculada,retiro_votacion:42724,2.3534937897417905,2.3019651271562216,2.3019651271562216
1168,seleccion_recalculada,retiro_votacion:42724,2.3534937897417905,2.3019651271562216,2.3019651271562216
1169,seleccion_recalculada,retiro_votacion:42724,2.3534937897417905,2.3019651271562216,2.3019651271562216
1170,seleccion_recalculada,retiro_votacion:42724,-4.840979909801426,-4.623395035666012,-4.623395035666012
1171,seleccion_recalculada,retiro_votacion:42724,2.3534937897417905,2.3019651271562216,2.3019651271562216
1172,seleccion_recalculada,retiro_votacion:42724,-4.840979909801426,-4.623395035666012,-4.623395035666012
1173,seleccion_recalculada,retiro_votacion:42724,2.3534937897417905,2.3019651271562216,2.3019651271562216
1174,seleccion_recalculada,retiro_votacion:42724,-4.625880042251671,-4.623395035666012,-4.623395035666012
1175,seleccion_recalculada,retiro_votacion:42724,2.138393922192036,2.3019651271562216,2.3019651271562216
1176,seleccion_recalculada,retiro_votacion:42724,-4.625880042251671,-4.623395035666012,-4.623395035666012
1178,seleccion_recalculada,retiro_votacion:42724,2.138393922192036,2.3019651271562216,2.3019651271562216
1179,seleccion_recalculada,retiro_votacion:42724,2.3534937897417905,2.3019651271562216,2.3019651271562216
1180,seleccion_recalculada,retiro_votacion:42724,2.3534937897417905,2.3019651271562216,2.3019651271562216
1182,seleccion_recalculada,retiro_votacion:42724,2.3534937897417905,2.3019651271562216,2.3019651271562216
1183,seleccion_recalculada,retiro_votacion:42724,-4.625880042251671,-4.623395035666012,-4.623395035666012
803,seleccion_recalculada,retiro_bloque:articulos_206xx,1.9232940546422812,0.7441953765427608,0.7441953765427608
815,seleccion_recalculada,retiro_bloque:articulos_206xx,-4.625880042251671,-1.9859064502282002,-1.9859064502282002
917,seleccion_recalculada,retiro_bloque:articulos_206xx,-4.840979909801426,-2.3954333645092674,-2.3954333645092674
948,seleccion_recalculada,retiro_bloque:articulos_206xx,2.138393922192036,1.153722290823828,1.153722290823828
953,seleccion_recalculada,retiro_bloque:articulos_206xx,1.0515337236696587,-1.1094509850402747,-1.1094509850402747
971,seleccion_recalculada,retiro_bloque:articulos_206xx,1.0515337236696587,-1.1094509850402747,-1.1094509850402747
975,seleccion_recalculada,retiro_bloque:articulos_206xx,2.3534937897417905,1.5632492051048952,1.5632492051048952
976,seleccion_recalculada,retiro_bloque:articulos_206xx,-4.840979909801426,-2.3954333645092674,-2.3954333645092674
991,seleccion_recalculada,retiro_bloque:articulos_206xx,2.3534937897417905,1.5632492051048952,1.5632492051048952
999,seleccion_recalculada,retiro_bloque:articulos_206xx,1.2666335912194133,-0.6999240707592076,-0.6999240707592076
1003,seleccion_recalculada,retiro_bloque:articulos_206xx,-4.840979909801426,-2.3954333645092674,-2.3954333645092674
1009,seleccion_recalculada,retiro_bloque:articulos_206xx,-4.840979909801426,-2.3954333645092674,-2.3954333645092674
1012,seleccion_recalculada,retiro_bloque:articulos_206xx,2.3534937897417905,1.5632492051048952,1.5632492051048952
1013,seleccion_recalculada,retiro_bloque:articulos_206xx,2.3534937897417905,1.5632492051048952,1.5632492051048952
1016,seleccion_recalculada,retiro_bloque:articulos_206xx,2.3534937897417905,1.5632492051048952,1.5632492051048952
1019,seleccion_recalculada,retiro_bloque:articulos_206xx,-0.01682205644914018,-1.5189778993213419,-1.5189778993213419
1025,seleccion_recalculada,retiro_bloque:articulos_206xx,-4.840979909801426,-2.3954333645092674,-2.3954333645092674
1028,seleccion_recalculada,retiro_bloque:articulos_206xx,-2.9399358215577327,-1.5476787176342375,-1.5476787176342375
1034,seleccion_recalculada,retiro_bloque:articulos_206xx,2.3534937897417905,1.5632492051048952,1.5632492051048952
1035,seleccion_recalculada,retiro_bloque:articulos_206xx,2.3534937897417905,1.5632492051048952,1.5632492051048952
1036,seleccion_recalculada,retiro_bloque:articulos_206xx,2.3534937897417905,1.5632492051048952,1.5632492051048952
1037,seleccion_recalculada,retiro_bloque:articulos_206xx,2.3534937897417905,1.5632492051048952,1.5632492051048952
1038,seleccion_recalculada,retiro_bloque:articulos_206xx,2.3534937897417905,1.5632492051048952,1.5632492051048952
1044,seleccion_recalculada,retiro_bloque:articulos_206xx,2.3534937897417905,1.5632492051048952,1.5632492051048952
1046,seleccion_recalculada,retiro_bloque:articulos_206xx,1.0515337236696587,-1.1094509850402747,-1.1094509850402747
1048,seleccion_recalculada,retiro_bloque:articulos_206xx,2.3534937897417905,1.5632492051048952,1.5632492051048952
1049,seleccion_recalculada,retiro_bloque:articulos_206xx,2.3534937897417905,1.5632492051048952,1.5632492051048952
1054,seleccion_recalculada,retiro_bloque:articulos_206xx,0.465580325547265,-0.41609207970218615,-0.41609207970218615
1056,seleccion_recalculada,retiro_bloque:articulos_206xx,2.3534937897417905,1.5632492051048952,1.5632492051048952
1057,seleccion_recalculada,retiro_bloque:articulos_206xx,2.3534937897417905,1.5632492051048952,1.5632492051048952
1059,seleccion_recalculada,retiro_bloque:articulos_206xx,1.0515337236696587,-1.1094509850402747,-1.1094509850402747
1062,seleccion_recalculada,retiro_bloque:articulos_206xx,2.3534937897417905,1.5632492051048952,1.5632492051048952
1065,seleccion_recalculada,retiro_bloque:articulos_206xx,-4.556495778761317,-2.3954333645092674,-2.3954333645092674
1067,seleccion_recalculada,retiro_bloque:articulos_206xx,1.0515337236696587,-1.1094509850402747,-1.1094509850402747
1068,seleccion_recalculada,retiro_bloque:articulos_206xx,2.3534937897417905,1.5632492051048952,1.5632492051048952
1073,seleccion_recalculada,retiro_bloque:articulos_206xx,2.3534937897417905,1.5632492051048952,1.5632492051048952
1081,seleccion_recalculada,retiro_bloque:articulos_206xx,0.7092823082215971,-0.6999240707592076,-0.6999240707592076
1087,seleccion_recalculada,retiro_bloque:articulos_206xx,2.3534937897417905,1.5632492051048952,1.5632492051048952
1094,seleccion_recalculada,retiro_bloque:articulos_206xx,-4.266148143082215,-2.3954333645092674,-2.3954333645092674
1096,seleccion_recalculada,retiro_bloque:articulos_206xx,2.3534937897417905,1.5632492051048952,1.5632492051048952
1097,seleccion_recalculada,retiro_bloque:articulos_206xx,2.3534937897417905,1.5632492051048952,1.5632492051048952
1098,seleccion_recalculada,retiro_bloque:articulos_206xx,-4.068528759253856,-1.9859064502282002,-1.9859064502282002
1099,seleccion_recalculada,retiro_bloque:articulos_206xx,2.138393922192036,1.153722290823828,1.153722290823828
1100,seleccion_recalculada,retiro_bloque:articulos_206xx,-4.840979909801426,-2.3954333645092674,-2.3954333645092674
1101,seleccion_recalculada,retiro_bloque:articulos_206xx,2.3534937897417905,1.5632492051048952,1.5632492051048952
1103,seleccion_recalculada,retiro_bloque:articulos_206xx,2.3534937897417905,1.5632492051048952,1.5632492051048952
1104,seleccion_recalculada,retiro_bloque:articulos_206xx,-4.840979909801426,-2.3954333645092674,-2.3954333645092674
1105,seleccion_recalculada,retiro_bloque:articulos_206xx,2.3534937897417905,1.5632492051048952,1.5632492051048952
1106,seleccion_recalculada,retiro_bloque:articulos_206xx,-1.2067446678950722,-1.9859064502282002,-1.9859064502282002
1108,seleccion_recalculada,retiro_bloque:articulos_206xx,1.0515337236696587,-1.1094509850402747,-1.1094509850402747
1109,seleccion_recalculada,retiro_bloque:articulos_206xx,-3.9934481078374646,-1.9572056319153046,-1.9572056319153046
1110,seleccion_recalculada,retiro_bloque:articulos_206xx,2.3534937897417905,1.5632492051048952,1.5632492051048952
1111,seleccion_recalculada,retiro_bloque:articulos_206xx,-4.625880042251671,-1.9859064502282002,-1.9859064502282002
1113,seleccion_recalculada,retiro_bloque:articulos_206xx,-4.277932238877575,-1.9572056319153046,-1.9572056319153046
1114,seleccion_recalculada,retiro_bloque:articulos_206xx,2.3534937897417905,1.5632492051048952,1.5632492051048952
1116,seleccion_recalculada,retiro_bloque:articulos_206xx,2.3534937897417905,1.5632492051048952,1.5632492051048952
1117,seleccion_recalculada,retiro_bloque:articulos_206xx,2.3534937897417905,1.5632492051048952,1.5632492051048952
1118,seleccion_recalculada,retiro_bloque:articulos_206xx,2.3534937897417905,1.5632492051048952,1.5632492051048952
1119,seleccion_recalculada,retiro_bloque:articulos_206xx,0.7670164069249841,-0.9818599841068347,-0.9818599841068347
1120,seleccion_recalculada,retiro_bloque:articulos_206xx,1.0515337236696587,-1.1094509850402747,-1.1094509850402747
1121,seleccion_recalculada,retiro_bloque:articulos_206xx,-4.56515137778665,-1.9572056319153046,-1.9572056319153046
1122,seleccion_recalculada,retiro_bloque:articulos_206xx,2.3534937897417905,1.5632492051048952,1.5632492051048952
1123,seleccion_recalculada,retiro_bloque:articulos_206xx,-4.840979909801426,-2.3954333645092674,-2.3954333645092674
1125,seleccion_recalculada,retiro_bloque:articulos_206xx,2.3534937897417905,1.5632492051048952,1.5632492051048952
1126,seleccion_recalculada,retiro_bloque:articulos_206xx,-4.625880042251671,-1.9859064502282002,-1.9859064502282002
1127,seleccion_recalculada,retiro_bloque:articulos_206xx,2.3534937897417905,1.5632492051048952,1.5632492051048952
1128,seleccion_recalculada,retiro_bloque:articulos_206xx,2.3534937897417905,1.5632492051048952,1.5632492051048952
1129,seleccion_recalculada,retiro_bloque:articulos_206xx,2.3534937897417905,1.5632492051048952,1.5632492051048952
1131,seleccion_recalculada,retiro_bloque:articulos_206xx,-2.939606748724399,-1.5476787176342375,-1.5476787176342375
1132,seleccion_recalculada,retiro_bloque:articulos_206xx,-0.3678137137578991,-1.1094509850402747,-1.1094509850402747
1133,seleccion_recalculada,retiro_bloque:articulos_206xx,-4.840979909801426,-2.3954333645092674,-2.3954333645092674
1135,seleccion_recalculada,retiro_bloque:articulos_206xx,-4.625880042251671,-1.9859064502282002,-1.9859064502282002
1136,seleccion_recalculada,retiro_bloque:articulos_206xx,0.18941182141537924,-1.1094509850402747,-1.1094509850402747
1139,seleccion_recalculada,retiro_bloque:articulos_206xx,-4.625880042251671,-1.9859064502282002,-1.9859064502282002
1140,seleccion_recalculada,retiro_bloque:articulos_206xx,-4.625880042251671,-1.9859064502282002,-1.9859064502282002
1142,seleccion_recalculada,retiro_bloque:articulos_206xx,2.3534937897417905,1.5632492051048952,1.5632492051048952
1143,seleccion_recalculada,retiro_bloque:articulos_206xx,-3.7170416230169634,-2.3954333645092674,-2.3954333645092674
1144,seleccion_recalculada,retiro_bloque:articulos_206xx,-4.625880042251671,-1.9859064502282002,-1.9859064502282002
1146,seleccion_recalculada,retiro_bloque:articulos_206xx,-4.840979909801426,-2.3954333645092674,-2.3954333645092674
1147,seleccion_recalculada,retiro_bloque:articulos_206xx,2.3534937897417905,1.5632492051048952,1.5632492051048952
1148,seleccion_recalculada,retiro_bloque:articulos_206xx,2.3534937897417905,1.5632492051048952,1.5632492051048952
1149,seleccion_recalculada,retiro_bloque:articulos_206xx,1.0515337236696587,-1.1094509850402747,-1.1094509850402747
1153,seleccion_recalculada,retiro_bloque:articulos_206xx,2.3534937897417905,1.5632492051048952,1.5632492051048952
1155,seleccion_recalculada,retiro_bloque:articulos_206xx,2.083226601170324,0.9974813007002467,0.9974813007002467
1156,seleccion_recalculada,retiro_bloque:articulos_206xx,2.3534937897417905,1.5632492051048952,1.5632492051048952
1159,seleccion_recalculada,retiro_bloque:articulos_206xx,2.3534937897417905,1.5632492051048952,1.5632492051048952
1160,seleccion_recalculada,retiro_bloque:articulos_206xx,2.3534937897417905,1.5632492051048952,1.5632492051048952
1161,seleccion_recalculada,retiro_bloque:articulos_206xx,2.3534937897417905,1.5632492051048952,1.5632492051048952
1162,seleccion_recalculada,retiro_bloque:articulos_206xx,2.3534937897417905,1.5632492051048952,1.5632492051048952
1163,seleccion_recalculada,retiro_bloque:articulos_206xx,0.47695345259952254,-1.1094509850402747,-1.1094509850402747
1165,seleccion_recalculada,retiro_bloque:articulos_206xx,-4.840979909801426,-2.3954333645092674,-2.3954333645092674
1166,seleccion_recalculada,retiro_bloque:articulos_206xx,1.231780970238065,1.5632492051048952,1.5632492051048952
1167,seleccion_recalculada,retiro_bloque:articulos_206xx,2.3534937897417905,1.5632492051048952,1.5632492051048952
1168,seleccion_recalculada,retiro_bloque:articulos_206xx,2.3534937897417905,1.5632492051048952,1.5632492051048952
1169,seleccion_recalculada,retiro_bloque:articulos_206xx,2.3534937897417905,1.5632492051048952,1.5632492051048952
1170,seleccion_recalculada,retiro_bloque:articulos_206xx,-4.840979909801426,-2.3954333645092674,-2.3954333645092674
1171,seleccion_recalculada,retiro_bloque:articulos_206xx,2.3534937897417905,1.5632492051048952,1.5632492051048952
1172,seleccion_recalculada,retiro_bloque:articulos_206xx,-4.840979909801426,-2.3954333645092674,-2.3954333645092674
1173,seleccion_recalculada,retiro_bloque:articulos_206xx,2.3534937897417905,1.5632492051048952,1.5632492051048952
1174,seleccion_recalculada,retiro_bloque:articulos_206xx,-4.625880042251671,-1.9859064502282002,-1.9859064502282002
1175,seleccion_recalculada,retiro_bloque:articulos_206xx,2.138393922192036,1.153722290823828,1.153722290823828
1176,seleccion_recalculada,retiro_bloque:articulos_206xx,-4.625880042251671,-1.9859064502282002,-1.9859064502282002
1178,seleccion_recalculada,retiro_bloque:articulos_206xx,2.138393922192036,1.153722290823828,1.153722290823828
1179,seleccion_recalculada,retiro_bloque:articulos_206xx,2.3534937897417905,1.5632492051048952,1.5632492051048952
1180,seleccion_recalculada,retiro_bloque:articulos_206xx,2.3534937897417905,1.5632492051048952,1.5632492051048952
1182,seleccion_recalculada,retiro_bloque:articulos_206xx,2.3534937897417905,1.5632492051048952,1.5632492051048952
1183,seleccion_recalculada,retiro_bloque:articulos_206xx,-4.625880042251671,-1.9859064502282002,-1.9859064502282002
